RESERVOIR node 5 TOPPSY
reservoir_init_fr= 0.90000  init_masl=647.006
Filling at HRW [Mm3] = 395.17000
Filling at LRW [Mm3] = 268.53000
Active reservoir capacity [Mm3] = 126.64000
yyyy mm dd hh [m3/s] [Euro/MWh] [fr] [m3/s] [Mm3] [masl] [fr] [Euro]         [m3/s]     [m3/s]    [m3/s]   [m3/s]    [m3/s]   [m3/s]    [m3/s]     [m3/s] 
yyyy mm dd hh Inflow Price Action Up_Inflow Res_Mm3 Res_masl Res_fr lrw_cost tunnelflow hatchflow overflow auto_qmin pump_in pump_out tot_inflow tot_outflow
2022 9 1 0 0.3100 495.0100 0.0000 1.8986 382.5140 647.0080 0.9001 0.0000 0.0000 0.0000 0.0000 0.0000 0.0000 0.0000 2.2086 0.0000 
2022 9 1 1 0.3000 494.9900 0.0000 1.1235 382.5191 647.0092 0.9001 0.0000 0.0000 0.0000 0.0000 0.0000 0.0000 0.0000 1.4235 0.0000 
2022 9 1 2 0.3000 490.5800 0.0000 1.2643 382.5247 647.0106 0.9001 0.0000 0.0000 0.0000 0.0000 0.0000 0.0000 0.0000 1.5643 0.0000 
2022 9 1 3 0.3000 501.0100 0.0000 1.7265 382.5320 647.0123 0.9002 0.0000 0.0000 0.0000 0.0000 0.0000 0.0000 0.0000 2.0265 0.0000 
2022 9 1 4 0.3000 568.4400 0.0000 2.1822 382.5409 647.0144 0.9003 0.0000 0.0000 0.0000 0.0000 0.0000 0.0000 0.0000 2.4822 0.0000 
2022 9 1 5 0.3000 590.4500 0.0000 2.5375 382.5512 647.0168 0.9004 0.0000 0.0000 0.0000 0.0000 0.0000 0.0000 0.0000 2.8375 0.0000 
2022 9 1 6 0.3000 643.5100 0.0000 2.7869 382.5623 647.0194 0.9004 0.0000 0.0000 0.0000 0.0000 0.0000 0.0000 0.0000 3.0869 0.0000 
2022 9 1 7 0.3000 639.9000 0.0000 2.9507 382.5740 647.0222 0.9005 0.0000 0.0000 0.0000 0.0000 0.0000 0.0000 0.0000 3.2507 0.0000 
2022 9 1 8 0.3000 595.2600 0.0000 3.0534 382.5860 647.0251 0.9006 0.0000 0.0000 0.0000 0.0000 0.0000 0.0000 0.0000 3.3534 0.0000 
2022 9 1 9 0.2900 577.0100 0.0000 3.1156 382.5983 647.0280 0.9007 0.0000 0.0000 0.0000 0.0000 0.0000 0.0000 0.0000 3.4056 0.0000 
2022 9 1 10 0.2900 534.6000 0.0000 3.1523 382.6107 647.0309 0.9008 0.0000 0.0000 0.0000 0.0000 0.0000 0.0000 0.0000 3.4423 0.0000 
2022 9 1 11 0.2900 507.1900 0.0000 3.1734 382.6232 647.0338 0.9009 0.0000 0.0000 0.0000 0.0000 0.0000 0.0000 0.0000 3.4634 0.0000 
2022 9 1 12 0.2900 503.4000 0.0000 3.1854 382.6357 647.0368 0.9010 0.0000 0.0000 0.0000 0.0000 0.0000 0.0000 0.0000 3.4754 0.0000 
2022 9 1 13 0.2900 523.5600 0.0000 3.1920 382.6482 647.0398 0.9011 0.0000 0.0000 0.0000 0.0000 0.0000 0.0000 0.0000 3.4820 0.0000 
2022 9 1 14 0.2900 552.6500 0.0000 3.1957 382.6608 647.0427 0.9012 0.0000 0.0000 0.0000 0.0000 0.0000 0.0000 0.0000 3.4857 0.0000 
2022 9 1 15 0.2900 575.6100 0.0000 3.1977 382.6733 647.0457 0.9013 0.0000 0.0000 0.0000 0.0000 0.0000 0.0000 0.0000 3.4877 0.0000 
2022 9 1 16 0.2900 615.1800 0.0000 3.1988 382.6859 647.0487 0.9014 0.0000 0.0000 0.0000 0.0000 0.0000 0.0000 0.0000 3.4888 0.0000 
2022 9 1 17 0.2800 649.8000 0.0000 3.1994 382.6984 647.0516 0.9015 0.0000 0.0000 0.0000 0.0000 0.0000 0.0000 0.0000 3.4794 0.0000 
2022 9 1 18 0.2800 673.7200 0.0000 3.1997 382.7109 647.0546 0.9016 0.0000 0.0000 0.0000 0.0000 0.0000 0.0000 0.0000 3.4797 0.0000 
2022 9 1 19 0.2800 658.0800 0.0000 3.1998 382.7235 647.0576 0.9017 0.0000 0.0000 0.0000 0.0000 0.0000 0.0000 0.0000 3.4798 0.0000 
2022 9 1 20 0.2800 627.5700 0.0000 3.1999 382.7360 647.0605 0.9018 0.0000 0.0000 0.0000 0.0000 0.0000 0.0000 0.0000 3.4799 0.0000 
2022 9 1 21 0.2800 560.7000 0.0000 3.2000 382.7485 647.0635 0.9019 0.0000 0.0000 0.0000 0.0000 0.0000 0.0000 0.0000 3.4800 0.0000 
2022 9 1 22 0.2800 507.1200 0.0000 3.2000 382.7610 647.0664 0.9020 0.0000 0.0000 0.0000 0.0000 0.0000 0.0000 0.0000 3.4800 0.0000 
2022 9 1 23 0.2800 471.8500 0.0000 3.2000 382.7736 647.0694 0.9021 0.0000 0.0000 0.0000 0.0000 0.0000 0.0000 0.0000 3.4800 0.0000 
2022 9 2 0 0.2800 433.2400 0.0000 3.2000 382.7861 647.0724 0.9022 0.0000 0.0000 0.0000 0.0000 0.0000 0.0000 0.0000 3.4800 0.0000 
2022 9 2 1 0.2800 409.0500 0.0000 3.2000 382.7986 647.0753 0.9023 0.0000 0.0000 0.0000 0.0000 0.0000 0.0000 0.0000 3.4800 0.0000 
2022 9 2 2 0.2800 375.2400 0.0000 3.2000 382.8111 647.0783 0.9024 0.0000 0.0000 0.0000 0.0000 0.0000 0.0000 0.0000 3.4800 0.0000 
2022 9 2 3 0.2700 406.1400 0.0000 3.2000 382.8236 647.0812 0.9025 0.0000 0.0000 0.0000 0.0000 0.0000 0.0000 0.0000 3.4700 0.0000 
2022 9 2 4 0.2700 448.6600 0.0000 3.2000 382.8361 647.0842 0.9026 0.0000 0.0000 0.0000 0.0000 0.0000 0.0000 0.0000 3.4700 0.0000 
2022 9 2 5 0.2700 533.3700 0.0000 3.2000 382.8486 647.0871 0.9027 0.0000 0.0000 0.0000 0.0000 0.0000 0.0000 0.0000 3.4700 0.0000 
2022 9 2 6 0.2700 567.7100 0.0000 3.2000 382.8611 647.0901 0.9028 0.0000 0.0000 0.0000 0.0000 0.0000 0.0000 0.0000 3.4700 0.0000 
2022 9 2 7 0.2700 584.6700 0.0000 3.2000 382.8736 647.0931 0.9029 0.0000 0.0000 0.0000 0.0000 0.0000 0.0000 0.0000 3.4700 0.0000 
2022 9 2 8 0.2700 549.3000 0.0000 3.2000 382.8861 647.0960 0.9030 0.0000 0.0000 0.0000 0.0000 0.0000 0.0000 0.0000 3.4700 0.0000 
2022 9 2 9 0.2700 514.7700 0.0000 3.2000 382.8986 647.0990 0.9031 0.0000 0.0000 0.0000 0.0000 0.0000 0.0000 0.0000 3.4700 0.0000 
2022 9 2 10 0.2600 428.5100 0.0000 3.2000 382.9110 647.1019 0.9032 0.0000 0.0000 0.0000 0.0000 0.0000 0.0000 0.0000 3.4600 0.0000 
2022 9 2 11 0.2600 292.7800 0.0000 3.2000 382.9235 647.1048 0.9033 0.0000 0.0000 0.0000 0.0000 0.0000 0.0000 0.0000 3.4600 0.0000 
2022 9 2 12 0.2600 271.2500 0.0000 3.2000 382.9360 647.1078 0.9034 0.0000 0.0000 0.0000 0.0000 0.0000 0.0000 0.0000 3.4600 0.0000 
2022 9 2 13 0.2600 273.1100 0.0000 3.2000 382.9484 647.1107 0.9035 0.0000 0.0000 0.0000 0.0000 0.0000 0.0000 0.0000 3.4600 0.0000 
2022 9 2 14 0.2600 321.3800 0.0000 3.2000 382.9609 647.1137 0.9036 0.0000 0.0000 0.0000 0.0000 0.0000 0.0000 0.0000 3.4600 0.0000 
2022 9 2 15 0.2600 396.6400 0.0000 3.2000 382.9733 647.1166 0.9037 0.0000 0.0000 0.0000 0.0000 0.0000 0.0000 0.0000 3.4600 0.0000 
2022 9 2 16 0.2600 491.8000 0.0000 3.2000 382.9858 647.1196 0.9038 0.0000 0.0000 0.0000 0.0000 0.0000 0.0000 0.0000 3.4600 0.0000 
2022 9 2 17 0.2600 552.5100 0.0000 3.2000 382.9982 647.1225 0.9039 0.0000 0.0000 0.0000 0.0000 0.0000 0.0000 0.0000 3.4600 0.0000 
2022 9 2 18 0.2600 572.7500 0.0000 3.2000 383.0107 647.1255 0.9040 0.0000 0.0000 0.0000 0.0000 0.0000 0.0000 0.0000 3.4600 0.0000 
2022 9 2 19 0.2600 545.0200 0.0000 3.2000 383.0232 647.1284 0.9041 0.0000 0.0000 0.0000 0.0000 0.0000 0.0000 0.0000 3.4600 0.0000 
2022 9 2 20 0.2500 440.6200 0.0000 3.2000 383.0356 647.1313 0.9042 0.0000 0.0000 0.0000 0.0000 0.0000 0.0000 0.0000 3.4500 0.0000 
2022 9 2 21 0.2500 355.8800 0.0000 3.2000 383.0480 647.1343 0.9043 0.0000 0.0000 0.0000 0.0000 0.0000 0.0000 0.0000 3.4500 0.0000 
2022 9 2 22 0.2500 217.7900 0.0000 3.2000 383.0604 647.1372 0.9044 0.0000 0.0000 0.0000 0.0000 0.0000 0.0000 0.0000 3.4500 0.0000 
2022 9 2 23 0.2500 238.2100 0.0000 3.2000 383.0728 647.1401 0.9045 0.0000 0.0000 0.0000 0.0000 0.0000 0.0000 0.0000 3.4500 0.0000 
2022 9 3 0 0.2500 253.5000 0.0000 3.2000 383.0853 647.1431 0.9046 0.0000 0.0000 0.0000 0.0000 0.0000 0.0000 0.0000 3.4500 0.0000 
2022 9 3 1 0.2500 271.6000 0.0000 3.2000 383.0977 647.1460 0.9047 0.0000 0.0000 0.0000 0.0000 0.0000 0.0000 0.0000 3.4500 0.0000 
2022 9 3 2 0.2500 258.7100 0.0000 3.2000 383.1101 647.1490 0.9048 0.0000 0.0000 0.0000 0.0000 0.0000 0.0000 0.0000 3.4500 0.0000 
2022 9 3 3 0.2500 243.5100 0.0000 3.2000 383.1225 647.1519 0.9049 0.0000 0.0000 0.0000 0.0000 0.0000 0.0000 0.0000 3.4500 0.0000 
2022 9 3 4 0.2500 301.8400 0.0000 3.2000 383.1349 647.1548 0.9050 0.0000 0.0000 0.0000 0.0000 0.0000 0.0000 0.0000 3.4500 0.0000 
2022 9 3 5 0.2500 284.0000 0.0000 3.2000 383.1474 647.1578 0.9051 0.0000 0.0000 0.0000 0.0000 0.0000 0.0000 0.0000 3.4500 0.0000 
2022 9 3 6 0.2500 382.1900 0.0000 3.2000 383.1598 647.1607 0.9052 0.0000 0.0000 0.0000 0.0000 0.0000 0.0000 0.0000 3.4500 0.0000 
2022 9 3 7 0.2500 413.5400 0.0000 3.2000 383.1722 647.1636 0.9053 0.0000 0.0000 0.0000 0.0000 0.0000 0.0000 0.0000 3.4500 0.0000 
2022 9 3 8 0.2500 393.5100 0.0000 3.2000 383.1846 647.1666 0.9054 0.0000 0.0000 0.0000 0.0000 0.0000 0.0000 0.0000 3.4500 0.0000 
2022 9 3 9 0.2500 442.1400 0.0000 3.2000 383.1970 647.1695 0.9055 0.0000 0.0000 0.0000 0.0000 0.0000 0.0000 0.0000 3.4500 0.0000 
2022 9 3 10 0.2400 453.6600 0.0000 3.2000 383.2094 647.1724 0.9056 0.0000 0.0000 0.0000 0.0000 0.0000 0.0000 0.0000 3.4400 0.0000 
2022 9 3 11 0.2400 468.9000 0.0000 3.2000 383.2218 647.1754 0.9057 0.0000 0.0000 0.0000 0.0000 0.0000 0.0000 0.0000 3.4400 0.0000 
2022 9 3 12 0.2400 456.4300 0.0000 3.2000 383.2342 647.1783 0.9058 0.0000 0.0000 0.0000 0.0000 0.0000 0.0000 0.0000 3.4400 0.0000 
2022 9 3 13 0.2400 459.8200 0.0000 3.2000 383.2466 647.1812 0.9058 0.0000 0.0000 0.0000 0.0000 0.0000 0.0000 0.0000 3.4400 0.0000 
2022 9 3 14 0.2400 431.0300 0.0000 3.2000 383.2590 647.1841 0.9059 0.0000 0.0000 0.0000 0.0000 0.0000 0.0000 0.0000 3.4400 0.0000 
2022 9 3 15 0.2400 387.1700 0.0000 3.2000 383.2713 647.1871 0.9060 0.0000 0.0000 0.0000 0.0000 0.0000 0.0000 0.0000 3.4400 0.0000 
2022 9 3 16 0.2400 414.6800 0.0000 3.2000 383.2837 647.1900 0.9061 0.0000 0.0000 0.0000 0.0000 0.0000 0.0000 0.0000 3.4400 0.0000 
2022 9 3 17 0.2300 468.4800 0.0000 3.2000 383.2961 647.1929 0.9062 0.0000 0.0000 0.0000 0.0000 0.0000 0.0000 0.0000 3.4300 0.0000 
2022 9 3 18 0.2300 531.4800 0.0000 3.2000 383.3084 647.1958 0.9063 0.0000 0.0000 0.0000 0.0000 0.0000 0.0000 0.0000 3.4300 0.0000 
2022 9 3 19 0.2400 513.1200 0.0000 3.2000 383.3208 647.1988 0.9064 0.0000 0.0000 0.0000 0.0000 0.0000 0.0000 0.0000 3.4400 0.0000 
2022 9 3 20 0.2400 443.1200 0.0000 3.2000 383.3332 647.2017 0.9065 0.0000 0.0000 0.0000 0.0000 0.0000 0.0000 0.0000 3.4400 0.0000 
2022 9 3 21 0.2500 395.0200 0.0000 3.2000 383.3456 647.2046 0.9066 0.0000 0.0000 0.0000 0.0000 0.0000 0.0000 0.0000 3.4500 0.0000 
2022 9 3 22 0.2500 330.8700 0.0000 3.2000 383.3580 647.2076 0.9067 0.0000 0.0000 0.0000 0.0000 0.0000 0.0000 0.0000 3.4500 0.0000 
2022 9 3 23 0.2500 215.7900 0.0000 3.2000 383.3704 647.2105 0.9068 0.0000 0.0000 0.0000 0.0000 0.0000 0.0000 0.0000 3.4500 0.0000 
2022 9 4 0 0.2700 210.1400 0.0000 3.2000 383.3829 647.2135 0.9069 0.0000 0.0000 0.0000 0.0000 0.0000 0.0000 0.0000 3.4700 0.0000 
2022 9 4 1 0.2900 205.3000 0.0000 3.2000 383.3955 647.2164 0.9070 0.0000 0.0000 0.0000 0.0000 0.0000 0.0000 0.0000 3.4900 0.0000 
2022 9 4 2 0.2800 209.5200 0.0000 3.2000 383.4080 647.2194 0.9071 0.0000 0.0000 0.0000 0.0000 0.0000 0.0000 0.0000 3.4800 0.0000 
2022 9 4 3 0.2800 225.8600 0.0000 3.2000 383.4206 647.2224 0.9072 0.0000 0.0000 0.0000 0.0000 0.0000 0.0000 0.0000 3.4800 0.0000 
2022 9 4 4 0.2900 228.5700 0.0000 3.2000 383.4331 647.2253 0.9073 0.0000 0.0000 0.0000 0.0000 0.0000 0.0000 0.0000 3.4900 0.0000 
2022 9 4 5 0.2900 216.1600 0.0000 3.2000 383.4287 647.2243 0.9073 0.0000 4.7200 0.0000 0.0000 0.0000 0.0000 0.0000 3.4900 4.7200 
2022 9 4 6 0.3000 231.8500 0.0000 3.2000 383.4243 647.2232 0.9073 0.0000 4.7200 0.0000 0.0000 0.0000 0.0000 0.0000 3.5000 4.7200 
2022 9 4 7 0.3000 215.0200 0.0000 3.2000 383.4199 647.2222 0.9072 0.0000 4.7200 0.0000 0.0000 0.0000 0.0000 0.0000 3.5000 4.7200 
2022 9 4 8 0.3000 188.9800 0.0000 3.2000 383.4155 647.2212 0.9072 0.0000 4.7200 0.0000 0.0000 0.0000 0.0000 0.0000 3.5000 4.7200 
2022 9 4 9 0.3000 298.2800 0.0000 3.2000 383.4111 647.2201 0.9071 0.0000 4.7200 0.0000 0.0000 0.0000 0.0000 0.0000 3.5000 4.7200 
2022 9 4 10 0.3000 200.4200 0.0000 3.2000 383.4067 647.2191 0.9071 0.0000 4.7200 0.0000 0.0000 0.0000 0.0000 0.0000 3.5000 4.7200 
2022 9 4 11 0.3000 248.6000 0.0000 3.2000 383.4023 647.2180 0.9071 0.0000 4.7200 0.0000 0.0000 0.0000 0.0000 0.0000 3.5000 4.7200 
2022 9 4 12 0.3000 404.7600 0.0000 3.2000 383.3979 647.2170 0.9070 0.0000 4.7200 0.0000 0.0000 0.0000 0.0000 0.0000 3.5000 4.7200 
2022 9 4 13 0.3000 404.3900 0.0000 3.2000 383.3936 647.2160 0.9070 0.0000 4.7200 0.0000 0.0000 0.0000 0.0000 0.0000 3.5000 4.7200 
2022 9 4 14 0.3000 364.4300 0.0000 3.2000 383.3892 647.2149 0.9070 0.0000 4.7200 0.0000 0.0000 0.0000 0.0000 0.0000 3.5000 4.7200 
2022 9 4 15 0.3000 248.5300 0.0000 3.2000 383.3848 647.2139 0.9069 0.0000 4.7200 0.0000 0.0000 0.0000 0.0000 0.0000 3.5000 4.7200 
2022 9 4 16 0.3000 410.2000 0.0000 3.2000 383.3804 647.2129 0.9069 0.0000 4.7200 0.0000 0.0000 0.0000 0.0000 0.0000 3.5000 4.7200 
2022 9 4 17 0.3000 442.0700 0.0000 3.2000 383.3760 647.2118 0.9069 0.0000 4.7200 0.0000 0.0000 0.0000 0.0000 0.0000 3.5000 4.7200 
2022 9 4 18 0.3000 501.0600 0.0000 3.2000 383.3716 647.2108 0.9068 0.0000 4.7200 0.0000 0.0000 0.0000 0.0000 0.0000 3.5000 4.7200 
2022 9 4 19 0.3000 500.6000 0.0000 3.2000 383.3672 647.2097 0.9068 0.0000 4.7200 0.0000 0.0000 0.0000 0.0000 0.0000 3.5000 4.7200 
2022 9 4 20 0.3000 449.0300 0.0000 3.2000 383.3628 647.2087 0.9068 0.0000 4.7200 0.0000 0.0000 0.0000 0.0000 0.0000 3.5000 4.7200 
2022 9 4 21 0.3000 418.8500 0.0000 3.2000 383.3584 647.2077 0.9067 0.0000 4.7200 0.0000 0.0000 0.0000 0.0000 0.0000 3.5000 4.7200 
2022 9 4 22 0.3000 344.0800 0.0000 3.2000 383.3540 647.2066 0.9067 0.0000 4.7200 0.0000 0.0000 0.0000 0.0000 0.0000 3.5000 4.7200 
2022 9 4 23 0.3000 275.7500 0.0000 3.2000 383.3496 647.2056 0.9067 0.0000 4.7200 0.0000 0.0000 0.0000 0.0000 0.0000 3.5000 4.7200 
2022 9 5 0 0.3000 225.3100 0.0000 3.2000 383.3452 647.2045 0.9066 0.0000 4.7200 0.0000 0.0000 0.0000 0.0000 0.0000 3.5000 4.7200 
2022 9 5 1 0.3000 217.5800 0.0000 3.2000 383.3409 647.2035 0.9066 0.0000 4.7200 0.0000 0.0000 0.0000 0.0000 0.0000 3.5000 4.7200 
2022 9 5 2 0.3000 228.2200 0.0000 3.2000 383.3365 647.2025 0.9066 0.0000 4.7200 0.0000 0.0000 0.0000 0.0000 0.0000 3.5000 4.7200 
2022 9 5 3 0.3000 245.1000 0.0000 3.2000 383.3321 647.2014 0.9065 0.0000 4.7200 0.0000 0.0000 0.0000 0.0000 0.0000 3.5000 4.7200 
2022 9 5 4 0.3000 376.3900 0.0000 3.2000 383.3277 647.2004 0.9065 0.0000 4.7200 0.0000 0.0000 0.0000 0.0000 0.0000 3.5000 4.7200 
2022 9 5 5 0.3000 457.3400 0.0000 3.2000 383.3233 647.1994 0.9065 0.0000 4.7200 0.0000 0.0000 0.0000 0.0000 0.0000 3.5000 4.7200 
2022 9 5 6 0.3000 503.6800 0.0000 3.2000 383.3189 647.1983 0.9064 0.0000 4.7200 0.0000 0.0000 0.0000 0.0000 0.0000 3.5000 4.7200 
2022 9 5 7 0.3000 517.0400 0.0000 3.2000 383.3145 647.1973 0.9064 0.0000 4.7200 0.0000 0.0000 0.0000 0.0000 0.0000 3.5000 4.7200 
2022 9 5 8 0.3000 476.2600 0.0000 3.2000 383.3101 647.1962 0.9063 0.0000 4.7200 0.0000 0.0000 0.0000 0.0000 0.0000 3.5000 4.7200 
2022 9 5 9 0.3000 429.2600 0.0000 3.2000 383.3057 647.1952 0.9063 0.0000 4.7200 0.0000 0.0000 0.0000 0.0000 0.0000 3.5000 4.7200 
2022 9 5 10 0.3000 385.8200 0.0000 3.2000 383.3013 647.1942 0.9063 0.0000 4.7200 0.0000 0.0000 0.0000 0.0000 0.0000 3.5000 4.7200 
2022 9 5 11 0.3000 402.6600 0.0000 3.2000 383.2969 647.1931 0.9062 0.0000 4.7200 0.0000 0.0000 0.0000 0.0000 0.0000 3.5000 4.7200 
2022 9 5 12 0.3000 398.7600 0.0000 3.2000 383.2925 647.1921 0.9062 0.0000 4.7200 0.0000 0.0000 0.0000 0.0000 0.0000 3.5000 4.7200 
2022 9 5 13 0.3000 291.4200 0.0000 3.2000 383.2881 647.1911 0.9062 0.0000 4.7200 0.0000 0.0000 0.0000 0.0000 0.0000 3.5000 4.7200 
2022 9 5 14 0.3000 402.6800 0.0000 3.2000 383.2838 647.1900 0.9061 0.0000 4.7200 0.0000 0.0000 0.0000 0.0000 0.0000 3.5000 4.7200 
2022 9 5 15 0.3000 401.9700 0.0000 3.2000 383.2794 647.1890 0.9061 0.0000 4.7200 0.0000 0.0000 0.0000 0.0000 0.0000 3.5000 4.7200 
2022 9 5 16 0.3000 484.3400 0.0000 3.2000 383.2750 647.1879 0.9061 0.0000 4.7200 0.0000 0.0000 0.0000 0.0000 0.0000 3.5000 4.7200 
2022 9 5 17 0.3000 546.8400 0.0000 3.2000 383.2706 647.1869 0.9060 0.0000 4.7200 0.0000 0.0000 0.0000 0.0000 0.0000 3.5000 4.7200 
2022 9 5 18 0.3000 579.7300 0.0000 3.2000 383.2662 647.1859 0.9060 0.0000 4.7200 0.0000 0.0000 0.0000 0.0000 0.0000 3.5000 4.7200 
2022 9 5 19 0.3000 504.0000 0.0000 3.2000 383.2618 647.1848 0.9060 0.0000 4.7200 0.0000 0.0000 0.0000 0.0000 0.0000 3.5000 4.7200 
2022 9 5 20 0.3000 417.8100 0.0000 3.2000 383.2574 647.1838 0.9059 0.0000 4.7200 0.0000 0.0000 0.0000 0.0000 0.0000 3.5000 4.7200 
2022 9 5 21 0.3000 329.4400 0.0000 3.2000 383.2530 647.1827 0.9059 0.0000 4.7200 0.0000 0.0000 0.0000 0.0000 0.0000 3.5000 4.7200 
2022 9 5 22 0.3000 230.8900 0.0000 3.2000 383.2486 647.1817 0.9059 0.0000 4.7200 0.0000 0.0000 0.0000 0.0000 0.0000 3.5000 4.7200 
2022 9 5 23 0.3000 279.5100 0.0000 3.2000 383.2442 647.1807 0.9058 0.0000 4.7200 0.0000 0.0000 0.0000 0.0000 0.0000 3.5000 4.7200 
2022 9 6 0 0.3000 305.4700 0.0000 3.2000 383.2398 647.1796 0.9058 0.0000 4.7200 0.0000 0.0000 0.0000 0.0000 0.0000 3.5000 4.7200 
2022 9 6 1 0.3000 282.3100 0.0000 3.2000 383.2354 647.1786 0.9058 0.0000 4.7200 0.0000 0.0000 0.0000 0.0000 0.0000 3.5000 4.7200 
2022 9 6 2 0.3100 289.6700 0.0000 3.2000 383.2311 647.1776 0.9057 0.0000 4.7200 0.0000 0.0000 0.0000 0.0000 0.0000 3.5100 4.7200 
2022 9 6 3 0.3100 293.6400 0.0000 3.2000 383.2267 647.1765 0.9057 0.0000 4.7200 0.0000 0.0000 0.0000 0.0000 0.0000 3.5100 4.7200 
2022 9 6 4 0.3100 393.0700 0.0000 3.2000 383.2224 647.1755 0.9057 0.0000 4.7200 0.0000 0.0000 0.0000 0.0000 0.0000 3.5100 4.7200 
2022 9 6 5 0.3100 462.0400 0.0000 3.2000 383.2180 647.1745 0.9056 0.0000 4.7200 0.0000 0.0000 0.0000 0.0000 0.0000 3.5100 4.7200 
2022 9 6 6 0.3100 521.0100 0.0000 3.2000 383.2137 647.1734 0.9056 0.0000 4.7200 0.0000 0.0000 0.0000 0.0000 0.0000 3.5100 4.7200 
2022 9 6 7 0.3100 540.1400 0.0000 3.2000 383.2093 647.1724 0.9056 0.0000 4.7200 0.0000 0.0000 0.0000 0.0000 0.0000 3.5100 4.7200 
2022 9 6 8 0.3100 474.4700 0.0000 3.2000 383.2050 647.1714 0.9055 0.0000 4.7200 0.0000 0.0000 0.0000 0.0000 0.0000 3.5100 4.7200 
2022 9 6 9 0.3100 441.4400 0.0000 3.2000 383.2006 647.1704 0.9055 0.0000 4.7200 0.0000 0.0000 0.0000 0.0000 0.0000 3.5100 4.7200 
2022 9 6 10 0.3100 311.8200 0.0000 3.2000 383.1962 647.1693 0.9055 0.0000 4.7200 0.0000 0.0000 0.0000 0.0000 0.0000 3.5100 4.7200 
2022 9 6 11 0.3100 261.3000 0.0000 3.2000 383.1919 647.1683 0.9054 0.0000 4.7200 0.0000 0.0000 0.0000 0.0000 0.0000 3.5100 4.7200 
2022 9 6 12 0.3100 273.5200 0.0000 3.2000 383.1875 647.1673 0.9054 0.0000 4.7200 0.0000 0.0000 0.0000 0.0000 0.0000 3.5100 4.7200 
2022 9 6 13 0.3100 286.6500 0.0000 3.2000 383.1832 647.1662 0.9053 0.0000 4.7200 0.0000 0.0000 0.0000 0.0000 0.0000 3.5100 4.7200 
2022 9 6 14 0.3200 386.9200 0.0000 3.2000 383.1789 647.1652 0.9053 0.0000 4.7200 0.0000 0.0000 0.0000 0.0000 0.0000 3.5200 4.7200 
2022 9 6 15 0.3200 472.2400 0.0000 3.2000 383.1745 647.1642 0.9053 0.0000 4.7200 0.0000 0.0000 0.0000 0.0000 0.0000 3.5200 4.7200 
2022 9 6 16 0.3200 481.7900 0.0000 3.2000 383.1702 647.1632 0.9052 0.0000 4.7200 0.0000 0.0000 0.0000 0.0000 0.0000 3.5200 4.7200 
2022 9 6 17 0.3200 525.8500 0.0000 3.2000 383.1659 647.1621 0.9052 0.0000 4.7200 0.0000 0.0000 0.0000 0.0000 0.0000 3.5200 4.7200 
2022 9 6 18 0.3200 549.4500 0.0000 3.2000 383.1616 647.1611 0.9052 0.0000 4.7200 0.0000 0.0000 0.0000 0.0000 0.0000 3.5200 4.7200 
2022 9 6 19 0.3200 541.0200 0.0000 3.2000 383.1573 647.1601 0.9051 0.0000 4.7200 0.0000 0.0000 0.0000 0.0000 0.0000 3.5200 4.7200 
2022 9 6 20 0.3100 509.6200 0.0000 3.2000 383.1529 647.1591 0.9051 0.0000 4.7200 0.0000 0.0000 0.0000 0.0000 0.0000 3.5100 4.7200 
2022 9 6 21 0.3100 466.2000 0.0000 3.2000 383.1485 647.1580 0.9051 0.0000 4.7200 0.0000 0.0000 0.0000 0.0000 0.0000 3.5100 4.7200 
2022 9 6 22 0.3100 453.1000 0.0000 3.2000 383.1442 647.1570 0.9050 0.0000 4.7200 0.0000 0.0000 0.0000 0.0000 0.0000 3.5100 4.7200 
2022 9 6 23 0.3100 421.7600 0.0000 3.2000 383.1398 647.1560 0.9050 0.0000 4.7200 0.0000 0.0000 0.0000 0.0000 0.0000 3.5100 4.7200 
2022 9 7 0 0.3100 391.3100 0.0000 3.2000 383.1355 647.1550 0.9050 0.0000 4.7200 0.0000 0.0000 0.0000 0.0000 0.0000 3.5100 4.7200 
2022 9 7 1 0.3100 374.3800 0.0000 3.2000 383.1311 647.1539 0.9049 0.0000 4.7200 0.0000 0.0000 0.0000 0.0000 0.0000 3.5100 4.7200 
2022 9 7 2 0.3100 373.0200 0.0000 3.2000 383.1268 647.1529 0.9049 0.0000 4.7200 0.0000 0.0000 0.0000 0.0000 0.0000 3.5100 4.7200 
2022 9 7 3 0.3100 394.9700 0.0000 3.2000 383.1224 647.1519 0.9049 0.0000 4.7200 0.0000 0.0000 0.0000 0.0000 0.0000 3.5100 4.7200 
2022 9 7 4 0.3100 402.2600 0.0000 3.2000 383.1180 647.1508 0.9048 0.0000 4.7200 0.0000 0.0000 0.0000 0.0000 0.0000 3.5100 4.7200 
2022 9 7 5 0.3100 467.0300 0.0000 3.2000 383.1137 647.1498 0.9048 0.0000 4.7200 0.0000 0.0000 0.0000 0.0000 0.0000 3.5100 4.7200 
2022 9 7 6 0.3100 498.4000 0.0000 3.2000 383.1093 647.1488 0.9048 0.0000 4.7200 0.0000 0.0000 0.0000 0.0000 0.0000 3.5100 4.7200 
2022 9 7 7 0.3100 502.5900 0.0000 3.2000 383.1050 647.1477 0.9047 0.0000 4.7200 0.0000 0.0000 0.0000 0.0000 0.0000 3.5100 4.7200 
2022 9 7 8 0.3100 494.7000 0.0000 3.2000 383.1006 647.1467 0.9047 0.0000 4.7200 0.0000 0.0000 0.0000 0.0000 0.0000 3.5100 4.7200 
2022 9 7 9 0.3100 464.9200 0.0000 3.2000 383.0963 647.1457 0.9047 0.0000 4.7200 0.0000 0.0000 0.0000 0.0000 0.0000 3.5100 4.7200 
2022 9 7 10 0.3100 445.5600 0.0000 3.2000 383.0919 647.1447 0.9046 0.0000 4.7200 0.0000 0.0000 0.0000 0.0000 0.0000 3.5100 4.7200 
2022 9 7 11 0.3100 401.2200 0.0000 3.2000 383.0876 647.1436 0.9046 0.0000 4.7200 0.0000 0.0000 0.0000 0.0000 0.0000 3.5100 4.7200 
2022 9 7 12 0.3100 397.7500 0.0000 3.2000 383.0832 647.1426 0.9046 0.0000 4.7200 0.0000 0.0000 0.0000 0.0000 0.0000 3.5100 4.7200 
2022 9 7 13 0.3100 404.9600 0.0000 3.2000 383.0788 647.1416 0.9045 0.0000 4.7200 0.0000 0.0000 0.0000 0.0000 0.0000 3.5100 4.7200 
2022 9 7 14 0.3000 408.3600 0.0000 3.2000 383.0745 647.1405 0.9045 0.0000 4.7200 0.0000 0.0000 0.0000 0.0000 0.0000 3.5000 4.7200 
2022 9 7 15 0.3000 466.8800 0.0000 3.2000 383.0701 647.1395 0.9045 0.0000 4.7200 0.0000 0.0000 0.0000 0.0000 0.0000 3.5000 4.7200 
2022 9 7 16 0.3000 499.4900 0.0000 3.2000 383.0657 647.1385 0.9044 0.0000 4.7200 0.0000 0.0000 0.0000 0.0000 0.0000 3.5000 4.7200 
2022 9 7 17 0.3000 520.7000 0.0000 3.2000 383.0613 647.1374 0.9044 0.0000 4.7200 0.0000 0.0000 0.0000 0.0000 0.0000 3.5000 4.7200 
2022 9 7 18 0.3000 544.1300 0.0000 3.2000 383.0569 647.1364 0.9044 0.0000 4.7200 0.0000 0.0000 0.0000 0.0000 0.0000 3.5000 4.7200 
2022 9 7 19 0.3000 524.2600 0.0000 3.2000 383.0525 647.1353 0.9043 0.0000 4.7200 0.0000 0.0000 0.0000 0.0000 0.0000 3.5000 4.7200 
2022 9 7 20 0.2900 502.1600 0.0000 3.2000 383.0481 647.1343 0.9043 0.0000 4.7200 0.0000 0.0000 0.0000 0.0000 0.0000 3.4900 4.7200 
2022 9 7 21 0.2900 484.5200 0.0000 3.2000 383.0436 647.1332 0.9042 0.0000 4.7200 0.0000 0.0000 0.0000 0.0000 0.0000 3.4900 4.7200 
2022 9 7 22 0.2900 434.1200 0.0000 3.2000 383.0392 647.1322 0.9042 0.0000 4.7200 0.0000 0.0000 0.0000 0.0000 0.0000 3.4900 4.7200 
2022 9 7 23 0.2900 439.0400 0.0000 3.2000 383.0348 647.1312 0.9042 0.0000 4.7200 0.0000 0.0000 0.0000 0.0000 0.0000 3.4900 4.7200 
2022 9 8 0 0.2900 405.0600 0.0000 3.2000 383.0304 647.1301 0.9041 0.0000 4.7200 0.0000 0.0000 0.0000 0.0000 0.0000 3.4900 4.7200 
2022 9 8 1 0.2900 397.6600 0.0000 3.2000 383.0259 647.1291 0.9041 0.0000 4.7200 0.0000 0.0000 0.0000 0.0000 0.0000 3.4900 4.7200 
2022 9 8 2 0.2900 379.4100 0.0000 3.2000 383.0215 647.1280 0.9041 0.0000 4.7200 0.0000 0.0000 0.0000 0.0000 0.0000 3.4900 4.7200 
2022 9 8 3 0.2900 376.7300 0.0000 3.2000 383.0171 647.1270 0.9040 0.0000 4.7200 0.0000 0.0000 0.0000 0.0000 0.0000 3.4900 4.7200 
2022 9 8 4 0.2900 439.1000 0.0000 3.2000 383.0126 647.1259 0.9040 0.0000 4.7200 0.0000 0.0000 0.0000 0.0000 0.0000 3.4900 4.7200 
2022 9 8 5 0.2900 459.8200 0.0000 3.2000 383.0082 647.1249 0.9040 0.0000 4.7200 0.0000 0.0000 0.0000 0.0000 0.0000 3.4900 4.7200 
2022 9 8 6 0.2800 486.0300 0.0000 3.2000 383.0037 647.1238 0.9039 0.0000 4.7200 0.0000 0.0000 0.0000 0.0000 0.0000 3.4800 4.7200 
2022 9 8 7 0.2800 504.4700 0.0000 3.2000 382.9993 647.1228 0.9039 0.0000 4.7200 0.0000 0.0000 0.0000 0.0000 0.0000 3.4800 4.7200 
2022 9 8 8 0.2800 473.3100 0.0000 3.2000 382.9948 647.1217 0.9039 0.0000 4.7200 0.0000 0.0000 0.0000 0.0000 0.0000 3.4800 4.7200 
2022 9 8 9 0.2800 465.6200 0.0000 3.2000 382.9904 647.1207 0.9038 0.0000 4.7200 0.0000 0.0000 0.0000 0.0000 0.0000 3.4800 4.7200 
2022 9 8 10 0.2800 438.5300 0.0000 3.2000 382.9859 647.1196 0.9038 0.0000 4.7200 0.0000 0.0000 0.0000 0.0000 0.0000 3.4800 4.7200 
2022 9 8 11 0.2800 426.1800 0.0000 3.2000 382.9814 647.1185 0.9038 0.0000 4.7200 0.0000 0.0000 0.0000 0.0000 0.0000 3.4800 4.7200 
2022 9 8 12 0.2800 407.0500 0.0000 3.2000 382.9770 647.1175 0.9037 0.0000 4.7200 0.0000 0.0000 0.0000 0.0000 0.0000 3.4800 4.7200 
2022 9 8 13 0.2800 397.2700 0.0000 3.2000 382.9725 647.1164 0.9037 0.0000 4.7200 0.0000 0.0000 0.0000 0.0000 0.0000 3.4800 4.7200 
2022 9 8 14 0.2800 402.0900 0.0000 3.2000 382.9680 647.1154 0.9036 0.0000 4.7200 0.0000 0.0000 0.0000 0.0000 0.0000 3.4800 4.7200 
2022 9 8 15 0.2700 413.1900 0.0000 3.2000 382.9635 647.1143 0.9036 0.0000 4.7200 0.0000 0.0000 0.0000 0.0000 0.0000 3.4700 4.7200 
2022 9 8 16 0.2700 452.1600 0.0000 3.2000 382.9590 647.1132 0.9036 0.0000 4.7200 0.0000 0.0000 0.0000 0.0000 0.0000 3.4700 4.7200 
2022 9 8 17 0.2700 467.2000 0.0000 3.2000 382.9545 647.1122 0.9035 0.0000 4.7200 0.0000 0.0000 0.0000 0.0000 0.0000 3.4700 4.7200 
2022 9 8 18 0.2700 478.3100 0.0000 3.2000 382.9500 647.1111 0.9035 0.0000 4.7200 0.0000 0.0000 0.0000 0.0000 0.0000 3.4700 4.7200 
2022 9 8 19 0.2700 484.0800 0.0000 3.2000 382.9455 647.1101 0.9035 0.0000 4.7200 0.0000 0.0000 0.0000 0.0000 0.0000 3.4700 4.7200 
2022 9 8 20 0.2700 450.0900 0.0000 3.2000 382.9410 647.1090 0.9034 0.0000 4.7200 0.0000 0.0000 0.0000 0.0000 0.0000 3.4700 4.7200 
2022 9 8 21 0.2600 391.6800 0.0000 3.2000 382.9365 647.1079 0.9034 0.0000 4.7200 0.0000 0.0000 0.0000 0.0000 0.0000 3.4600 4.7200 
2022 9 8 22 0.2600 332.2700 0.0000 3.2000 382.9320 647.1068 0.9034 0.0000 4.7200 0.0000 0.0000 0.0000 0.0000 0.0000 3.4600 4.7200 
2022 9 8 23 0.2600 310.0400 0.0000 3.2000 382.9274 647.1058 0.9033 0.0000 4.7200 0.0000 0.0000 0.0000 0.0000 0.0000 3.4600 4.7200 
2022 9 9 0 0.2600 246.1600 0.0000 3.2000 382.9229 647.1047 0.9033 0.0000 4.7200 0.0000 0.0000 0.0000 0.0000 0.0000 3.4600 4.7200 
2022 9 9 1 0.2600 211.8700 0.0000 3.2000 382.9184 647.1036 0.9033 0.0000 4.7200 0.0000 0.0000 0.0000 0.0000 0.0000 3.4600 4.7200 
2022 9 9 2 0.2600 199.4500 0.0000 3.2000 382.9138 647.1026 0.9032 0.0000 4.7200 0.0000 0.0000 0.0000 0.0000 0.0000 3.4600 4.7200 
2022 9 9 3 0.2700 234.9400 0.0000 3.2000 382.9093 647.1015 0.9032 0.0000 4.7200 0.0000 0.0000 0.0000 0.0000 0.0000 3.4700 4.7200 
2022 9 9 4 0.2700 288.6200 0.0000 3.2000 382.9048 647.1004 0.9031 0.0000 4.7200 0.0000 0.0000 0.0000 0.0000 0.0000 3.4700 4.7200 
2022 9 9 5 0.2700 371.2400 0.0000 3.2000 382.9003 647.0994 0.9031 0.0000 4.7200 0.0000 0.0000 0.0000 0.0000 0.0000 3.4700 4.7200 
2022 9 9 6 0.2700 419.0900 0.0000 3.2000 382.8958 647.0983 0.9031 0.0000 4.7200 0.0000 0.0000 0.0000 0.0000 0.0000 3.4700 4.7200 
2022 9 9 7 0.2600 419.5300 0.0000 3.2000 382.8913 647.0972 0.9030 0.0000 4.7200 0.0000 0.0000 0.0000 0.0000 0.0000 3.4600 4.7200 
2022 9 9 8 0.2700 404.5500 0.0000 3.2000 382.8868 647.0962 0.9030 0.0000 4.7200 0.0000 0.0000 0.0000 0.0000 0.0000 3.4700 4.7200 
2022 9 9 9 0.2700 376.5400 0.0000 3.2000 382.8823 647.0951 0.9030 0.0000 4.7200 0.0000 0.0000 0.0000 0.0000 0.0000 3.4700 4.7200 
2022 9 9 10 0.2600 341.6000 0.0000 3.2000 382.8777 647.0940 0.9029 0.0000 4.7200 0.0000 0.0000 0.0000 0.0000 0.0000 3.4600 4.7200 
2022 9 9 11 0.2600 351.8400 0.0000 3.2000 382.8732 647.0930 0.9029 0.0000 4.7200 0.0000 0.0000 0.0000 0.0000 0.0000 3.4600 4.7200 
2022 9 9 12 0.2600 302.8800 0.0000 3.2000 382.8687 647.0919 0.9029 0.0000 4.7200 0.0000 0.0000 0.0000 0.0000 0.0000 3.4600 4.7200 
2022 9 9 13 0.2600 304.3300 0.0000 3.2000 382.8641 647.0908 0.9028 0.0000 4.7200 0.0000 0.0000 0.0000 0.0000 0.0000 3.4600 4.7200 
2022 9 9 14 0.2600 301.3700 0.0000 3.2000 382.8596 647.0897 0.9028 0.0000 4.7200 0.0000 0.0000 0.0000 0.0000 0.0000 3.4600 4.7200 
2022 9 9 15 0.2600 377.1900 0.0000 3.2000 382.8551 647.0887 0.9028 0.0000 4.7200 0.0000 0.0000 0.0000 0.0000 0.0000 3.4600 4.7200 
2022 9 9 16 0.2600 403.7700 0.0000 3.2000 382.8505 647.0876 0.9027 0.0000 4.7200 0.0000 0.0000 0.0000 0.0000 0.0000 3.4600 4.7200 
2022 9 9 17 0.2500 423.2800 0.0000 3.2000 382.8460 647.0865 0.9027 0.0000 4.7200 0.0000 0.0000 0.0000 0.0000 0.0000 3.4500 4.7200 
2022 9 9 18 0.2500 454.4300 0.0000 3.2000 382.8414 647.0854 0.9026 0.0000 4.7200 0.0000 0.0000 0.0000 0.0000 0.0000 3.4500 4.7200 
2022 9 9 19 0.2500 452.1400 0.0000 3.2000 382.8368 647.0844 0.9026 0.0000 4.7200 0.0000 0.0000 0.0000 0.0000 0.0000 3.4500 4.7200 
2022 9 9 20 0.2500 408.3400 0.0000 3.2000 382.8322 647.0833 0.9026 0.0000 4.7200 0.0000 0.0000 0.0000 0.0000 0.0000 3.4500 4.7200 
2022 9 9 21 0.2400 388.4600 0.0000 3.2000 382.8276 647.0822 0.9025 0.0000 4.7200 0.0000 0.0000 0.0000 0.0000 0.0000 3.4400 4.7200 
2022 9 9 22 0.2400 388.7900 0.0000 3.2000 382.8230 647.0811 0.9025 0.0000 4.7200 0.0000 0.0000 0.0000 0.0000 0.0000 3.4400 4.7200 
2022 9 9 23 0.2400 399.9600 0.0000 3.2000 382.8184 647.0800 0.9025 0.0000 4.7200 0.0000 0.0000 0.0000 0.0000 0.0000 3.4400 4.7200 
2022 9 10 0 0.2400 369.7600 0.0000 3.2000 382.8138 647.0789 0.9024 0.0000 4.7200 0.0000 0.0000 0.0000 0.0000 0.0000 3.4400 4.7200 
2022 9 10 1 0.2400 361.7900 0.0000 3.2000 382.8092 647.0778 0.9024 0.0000 4.7200 0.0000 0.0000 0.0000 0.0000 0.0000 3.4400 4.7200 
2022 9 10 2 0.2400 357.6700 0.0000 3.2000 382.8046 647.0767 0.9024 0.0000 4.7200 0.0000 0.0000 0.0000 0.0000 0.0000 3.4400 4.7200 
2022 9 10 3 0.2400 357.6900 0.0000 3.2000 382.8000 647.0756 0.9023 0.0000 4.7200 0.0000 0.0000 0.0000 0.0000 0.0000 3.4400 4.7200 
2022 9 10 4 0.2400 366.6100 0.0000 3.2000 382.7954 647.0746 0.9023 0.0000 4.7200 0.0000 0.0000 0.0000 0.0000 0.0000 3.4400 4.7200 
2022 9 10 5 0.2400 392.6200 0.0000 3.2000 382.7908 647.0735 0.9022 0.0000 4.7200 0.0000 0.0000 0.0000 0.0000 0.0000 3.4400 4.7200 
2022 9 10 6 0.2400 405.5500 0.0000 3.2000 382.7862 647.0724 0.9022 0.0000 4.7200 0.0000 0.0000 0.0000 0.0000 0.0000 3.4400 4.7200 
2022 9 10 7 0.2400 422.6400 0.0000 3.2000 382.7816 647.0713 0.9022 0.0000 4.7200 0.0000 0.0000 0.0000 0.0000 0.0000 3.4400 4.7200 
2022 9 10 8 0.2400 420.7900 0.0000 3.2000 382.7769 647.0702 0.9021 0.0000 4.7200 0.0000 0.0000 0.0000 0.0000 0.0000 3.4400 4.7200 
2022 9 10 9 0.2400 441.6700 0.0000 3.2000 382.7723 647.0691 0.9021 0.0000 4.7200 0.0000 0.0000 0.0000 0.0000 0.0000 3.4400 4.7200 
2022 9 10 10 0.2500 430.7900 0.0000 3.2000 382.7678 647.0680 0.9021 0.0000 4.7200 0.0000 0.0000 0.0000 0.0000 0.0000 3.4500 4.7200 
2022 9 10 11 0.2500 411.8500 0.0000 3.2000 382.7632 647.0669 0.9020 0.0000 4.7200 0.0000 0.0000 0.0000 0.0000 0.0000 3.4500 4.7200 
2022 9 10 12 0.2600 365.5500 0.0000 3.2000 382.7587 647.0659 0.9020 0.0000 4.7200 0.0000 0.0000 0.0000 0.0000 0.0000 3.4600 4.7200 
2022 9 10 13 0.2600 359.3500 0.0000 3.2000 382.7541 647.0648 0.9020 0.0000 4.7200 0.0000 0.0000 0.0000 0.0000 0.0000 3.4600 4.7200 
2022 9 10 14 0.2600 363.8900 0.0000 3.2000 382.7496 647.0637 0.9019 0.0000 4.7200 0.0000 0.0000 0.0000 0.0000 0.0000 3.4600 4.7200 
2022 9 10 15 0.2700 394.0800 0.0000 3.2000 382.7451 647.0627 0.9019 0.0000 4.7200 0.0000 0.0000 0.0000 0.0000 0.0000 3.4700 4.7200 
2022 9 10 16 0.2600 457.2000 0.0000 3.2000 382.7406 647.0616 0.9019 0.0000 4.7200 0.0000 0.0000 0.0000 0.0000 0.0000 3.4600 4.7200 
2022 9 10 17 0.2600 441.1300 0.0000 3.2000 382.7360 647.0605 0.9018 0.0000 4.7200 0.0000 0.0000 0.0000 0.0000 0.0000 3.4600 4.7200 
2022 9 10 18 0.2700 478.8600 0.0000 3.2000 382.7315 647.0595 0.9018 0.0000 4.7200 0.0000 0.0000 0.0000 0.0000 0.0000 3.4700 4.7200 
2022 9 10 19 0.2700 478.7500 0.0000 3.2000 382.7270 647.0584 0.9017 0.0000 4.7200 0.0000 0.0000 0.0000 0.0000 0.0000 3.4700 4.7200 
2022 9 10 20 0.2700 453.0000 0.0000 3.2000 382.7225 647.0573 0.9017 0.0000 4.7200 0.0000 0.0000 0.0000 0.0000 0.0000 3.4700 4.7200 
2022 9 10 21 0.2700 448.9200 0.0000 3.2000 382.7180 647.0563 0.9017 0.0000 4.7200 0.0000 0.0000 0.0000 0.0000 0.0000 3.4700 4.7200 
2022 9 10 22 0.2700 447.8000 0.0000 3.2000 382.7135 647.0552 0.9016 0.0000 4.7200 0.0000 0.0000 0.0000 0.0000 0.0000 3.4700 4.7200 
2022 9 10 23 0.2700 434.5600 0.0000 3.2000 382.7090 647.0541 0.9016 0.0000 4.7200 0.0000 0.0000 0.0000 0.0000 0.0000 3.4700 4.7200 
2022 9 11 0 0.2700 397.0500 0.0000 3.2000 382.7045 647.0531 0.9016 0.0000 4.7200 0.0000 0.0000 0.0000 0.0000 0.0000 3.4700 4.7200 
2022 9 11 1 0.2700 397.0400 0.0000 3.2000 382.7000 647.0520 0.9015 0.0000 4.7200 0.0000 0.0000 0.0000 0.0000 0.0000 3.4700 4.7200 
2022 9 11 2 0.2700 380.7100 0.0000 3.2000 382.6955 647.0509 0.9015 0.0000 4.7200 0.0000 0.0000 0.0000 0.0000 0.0000 3.4700 4.7200 
2022 9 11 3 0.2700 369.7000 0.0000 3.2000 382.6910 647.0499 0.9015 0.0000 4.7200 0.0000 0.0000 0.0000 0.0000 0.0000 3.4700 4.7200 
2022 9 11 4 0.2700 380.5100 0.0000 3.2000 382.6865 647.0488 0.9014 0.0000 4.7200 0.0000 0.0000 0.0000 0.0000 0.0000 3.4700 4.7200 
2022 9 11 5 0.2700 390.0100 0.0000 3.2000 382.6820 647.0478 0.9014 0.0000 4.7200 0.0000 0.0000 0.0000 0.0000 0.0000 3.4700 4.7200 
2022 9 11 6 0.2700 396.1600 0.0000 3.2000 382.6775 647.0467 0.9014 0.0000 4.7200 0.0000 0.0000 0.0000 0.0000 0.0000 3.4700 4.7200 
2022 9 11 7 0.2700 413.7900 0.0000 3.2000 382.6730 647.0456 0.9013 0.0000 4.7200 0.0000 0.0000 0.0000 0.0000 0.0000 3.4700 4.7200 
2022 9 11 8 0.2700 414.6400 0.0000 3.2000 382.6685 647.0446 0.9013 0.0000 4.7200 0.0000 0.0000 0.0000 0.0000 0.0000 3.4700 4.7200 
2022 9 11 9 0.2800 400.5900 0.0000 3.2000 382.6641 647.0435 0.9012 0.0000 4.7200 0.0000 0.0000 0.0000 0.0000 0.0000 3.4800 4.7200 
2022 9 11 10 0.2800 391.8700 0.0000 3.2000 382.6596 647.0425 0.9012 0.0000 4.7200 0.0000 0.0000 0.0000 0.0000 0.0000 3.4800 4.7200 
2022 9 11 11 0.2800 371.2000 0.0000 3.2000 382.6551 647.0414 0.9012 0.0000 4.7200 0.0000 0.0000 0.0000 0.0000 0.0000 3.4800 4.7200 
2022 9 11 12 0.2700 344.8200 0.0000 3.2000 382.6506 647.0403 0.9011 0.0000 4.7200 0.0000 0.0000 0.0000 0.0000 0.0000 3.4700 4.7200 
2022 9 11 13 0.2700 284.3200 0.0000 3.2000 382.6461 647.0393 0.9011 0.0000 4.7200 0.0000 0.0000 0.0000 0.0000 0.0000 3.4700 4.7200 
2022 9 11 14 0.2700 306.2400 0.0000 3.2000 382.6416 647.0382 0.9011 0.0000 4.7200 0.0000 0.0000 0.0000 0.0000 0.0000 3.4700 4.7200 
2022 9 11 15 0.2700 376.2900 0.0000 3.2000 382.6371 647.0371 0.9010 0.0000 4.7200 0.0000 0.0000 0.0000 0.0000 0.0000 3.4700 4.7200 
2022 9 11 16 0.2700 426.0100 0.0000 3.2000 382.6326 647.0361 0.9010 0.0000 4.7200 0.0000 0.0000 0.0000 0.0000 0.0000 3.4700 4.7200 
2022 9 11 17 0.2700 465.2000 0.0000 3.2000 382.6281 647.0350 0.9010 0.0000 4.7200 0.0000 0.0000 0.0000 0.0000 0.0000 3.4700 4.7200 
2022 9 11 18 0.2700 493.3800 0.0000 3.2000 382.6236 647.0340 0.9009 0.0000 4.7200 0.0000 0.0000 0.0000 0.0000 0.0000 3.4700 4.7200 
2022 9 11 19 0.2700 504.5400 0.0000 3.2000 382.6191 647.0329 0.9009 0.0000 4.7200 0.0000 0.0000 0.0000 0.0000 0.0000 3.4700 4.7200 
2022 9 11 20 0.2700 484.5300 0.0000 3.2000 382.6146 647.0318 0.9009 0.0000 4.7200 0.0000 0.0000 0.0000 0.0000 0.0000 3.4700 4.7200 
2022 9 11 21 0.2700 450.8800 0.0000 3.2000 382.6101 647.0308 0.9008 0.0000 4.7200 0.0000 0.0000 0.0000 0.0000 0.0000 3.4700 4.7200 
2022 9 11 22 0.2600 403.6900 0.0000 3.2000 382.6056 647.0297 0.9008 0.0000 4.7200 0.0000 0.0000 0.0000 0.0000 0.0000 3.4600 4.7200 
2022 9 11 23 0.2600 357.1600 0.0000 3.2000 382.6011 647.0286 0.9008 0.0000 4.7200 0.0000 0.0000 0.0000 0.0000 0.0000 3.4600 4.7200 
2022 9 12 0 0.2600 365.7900 0.0000 3.2000 382.5965 647.0275 0.9007 0.0000 4.7200 0.0000 0.0000 0.0000 0.0000 0.0000 3.4600 4.7200 
2022 9 12 1 0.2600 365.2900 0.0000 3.2000 382.5920 647.0265 0.9007 0.0000 4.7200 0.0000 0.0000 0.0000 0.0000 0.0000 3.4600 4.7200 
2022 9 12 2 0.2600 360.0400 0.0000 3.2000 382.5874 647.0254 0.9006 0.0000 4.7200 0.0000 0.0000 0.0000 0.0000 0.0000 3.4600 4.7200 
2022 9 12 3 0.2600 363.6300 0.0000 3.2000 382.5829 647.0243 0.9006 0.0000 4.7200 0.0000 0.0000 0.0000 0.0000 0.0000 3.4600 4.7200 
2022 9 12 4 0.2600 401.1500 0.0000 3.2000 382.5784 647.0233 0.9006 0.0000 4.7200 0.0000 0.0000 0.0000 0.0000 0.0000 3.4600 4.7200 
2022 9 12 5 0.2600 454.5300 0.0000 3.2000 382.5738 647.0222 0.9005 0.0000 4.7200 0.0000 0.0000 0.0000 0.0000 0.0000 3.4600 4.7200 
2022 9 12 6 0.2600 486.6800 0.0000 3.2000 382.5693 647.0211 0.9005 0.0000 4.7200 0.0000 0.0000 0.0000 0.0000 0.0000 3.4600 4.7200 
2022 9 12 7 0.2600 489.8100 0.0000 3.2000 382.5648 647.0200 0.9005 0.0000 4.7200 0.0000 0.0000 0.0000 0.0000 0.0000 3.4600 4.7200 
2022 9 12 8 0.2500 458.5800 0.0000 3.2000 382.5602 647.0190 0.9004 0.0000 4.7200 0.0000 0.0000 0.0000 0.0000 0.0000 3.4500 4.7200 
2022 9 12 9 0.2500 417.6200 0.0000 3.2000 382.5556 647.0179 0.9004 0.0000 4.7200 0.0000 0.0000 0.0000 0.0000 0.0000 3.4500 4.7200 
2022 9 12 10 0.2500 370.5200 0.0000 3.2000 382.5510 647.0168 0.9004 0.0000 4.7200 0.0000 0.0000 0.0000 0.0000 0.0000 3.4500 4.7200 
2022 9 12 11 0.2500 362.2600 0.0000 3.2000 382.5465 647.0157 0.9003 0.0000 4.7200 0.0000 0.0000 0.0000 0.0000 0.0000 3.4500 4.7200 
2022 9 12 12 0.2600 339.4700 0.0000 3.2000 382.5419 647.0146 0.9003 0.0000 4.7200 0.0000 0.0000 0.0000 0.0000 0.0000 3.4600 4.7200 
2022 9 12 13 0.2600 347.4200 0.0000 3.2000 382.5374 647.0136 0.9002 0.0000 4.7200 0.0000 0.0000 0.0000 0.0000 0.0000 3.4600 4.7200 
2022 9 12 14 0.2700 354.9400 0.0000 3.2000 382.5329 647.0125 0.9002 0.0000 4.7200 0.0000 0.0000 0.0000 0.0000 0.0000 3.4700 4.7200 
2022 9 12 15 0.2800 407.2800 0.0000 3.2000 382.5284 647.0115 0.9002 0.0000 4.7200 0.0000 0.0000 0.0000 0.0000 0.0000 3.4800 4.7200 
2022 9 12 16 0.2900 457.5900 0.0000 3.2000 382.5240 647.0104 0.9001 0.0000 4.7200 0.0000 0.0000 0.0000 0.0000 0.0000 3.4900 4.7200 
2022 9 12 17 0.3000 490.3000 0.0000 3.2000 382.5196 647.0094 0.9001 0.0000 4.7200 0.0000 0.0000 0.0000 0.0000 0.0000 3.5000 4.7200 
2022 9 12 18 0.3400 495.5800 0.0000 3.2000 382.5154 647.0084 0.9001 0.0000 4.7200 0.0000 0.0000 0.0000 0.0000 0.0000 3.5400 4.7200 
2022 9 12 19 0.4800 486.8400 0.0000 3.2000 382.5116 647.0075 0.9000 0.0000 4.7200 0.0000 0.0000 0.0000 0.0000 0.0000 3.6800 4.7200 
2022 9 12 20 1.1200 449.5400 0.0000 3.2000 382.5102 647.0071 0.9000 0.0000 4.7200 0.0000 0.0000 0.0000 0.0000 0.0000 4.3200 4.7200 
2022 9 12 21 1.9100 375.1400 0.0000 3.2000 382.5116 647.0075 0.9000 0.0000 4.7200 0.0000 0.0000 0.0000 0.0000 0.0000 5.1100 4.7200 
2022 9 12 22 2.2600 341.6700 0.0000 3.2000 382.5143 647.0081 0.9001 0.0000 4.7200 0.0000 0.0000 0.0000 0.0000 0.0000 5.4600 4.7200 
2022 9 12 23 2.4000 349.1800 0.0000 3.2000 382.5174 647.0088 0.9001 0.0000 4.7200 0.0000 0.0000 0.0000 0.0000 0.0000 5.6000 4.7200 
2022 9 13 0 2.4300 302.8800 0.0000 3.2000 382.5207 647.0096 0.9001 0.0000 4.7200 0.0000 0.0000 0.0000 0.0000 0.0000 5.6300 4.7200 
2022 9 13 1 2.3700 289.9200 0.0000 3.2000 382.5238 647.0103 0.9001 0.0000 4.7200 0.0000 0.0000 0.0000 0.0000 0.0000 5.5700 4.7200 
2022 9 13 2 2.2700 303.0000 0.0000 3.2000 382.5265 647.0110 0.9002 0.0000 4.7200 0.0000 0.0000 0.0000 0.0000 0.0000 5.4700 4.7200 
2022 9 13 3 2.1700 311.0300 0.0000 3.2000 382.5288 647.0115 0.9002 0.0000 4.7200 0.0000 0.0000 0.0000 0.0000 0.0000 5.3700 4.7200 
2022 9 13 4 2.1100 308.9200 0.0000 3.2000 382.5309 647.0120 0.9002 0.0000 4.7200 0.0000 0.0000 0.0000 0.0000 0.0000 5.3100 4.7200 
2022 9 13 5 2.0600 394.8500 0.0000 3.2000 382.5329 647.0125 0.9002 0.0000 4.7200 0.0000 0.0000 0.0000 0.0000 0.0000 5.2600 4.7200 
2022 9 13 6 2.0400 444.2200 0.0000 3.2000 382.5347 647.0129 0.9002 0.0000 4.7200 0.0000 0.0000 0.0000 0.0000 0.0000 5.2400 4.7200 
2022 9 13 7 2.0400 454.6600 0.0000 3.2000 382.5366 647.0134 0.9002 0.0000 4.7200 0.0000 0.0000 0.0000 0.0000 0.0000 5.2400 4.7200 
2022 9 13 8 2.0400 445.1700 0.0000 3.2000 382.5385 647.0138 0.9003 0.0000 4.7200 0.0000 0.0000 0.0000 0.0000 0.0000 5.2400 4.7200 
2022 9 13 9 2.0400 434.5700 0.0000 3.2000 382.5404 647.0143 0.9003 0.0000 4.7200 0.0000 0.0000 0.0000 0.0000 0.0000 5.2400 4.7200 
2022 9 13 10 2.0400 442.0500 0.0000 3.2000 382.5422 647.0147 0.9003 0.0000 4.7200 0.0000 0.0000 0.0000 0.0000 0.0000 5.2400 4.7200 
2022 9 13 11 2.0200 345.7200 0.0000 3.2000 382.5440 647.0151 0.9003 0.0000 4.7200 0.0000 0.0000 0.0000 0.0000 0.0000 5.2200 4.7200 
2022 9 13 12 1.9900 334.8100 0.0000 3.2000 382.5457 647.0155 0.9003 0.0000 4.7200 0.0000 0.0000 0.0000 0.0000 0.0000 5.1900 4.7200 
2022 9 13 13 1.9600 340.6700 0.0000 3.2000 382.5473 647.0159 0.9003 0.0000 4.7200 0.0000 0.0000 0.0000 0.0000 0.0000 5.1600 4.7200 
2022 9 13 14 1.9200 354.9900 0.0000 3.2000 382.5487 647.0163 0.9003 0.0000 4.7200 0.0000 0.0000 0.0000 0.0000 0.0000 5.1200 4.7200 
2022 9 13 15 1.8800 372.5300 0.0000 3.2000 382.5500 647.0166 0.9003 0.0000 4.7200 0.0000 0.0000 0.0000 0.0000 0.0000 5.0800 4.7200 
2022 9 13 16 1.8200 414.6100 0.0000 3.2000 382.5511 647.0168 0.9004 0.0000 4.7200 0.0000 0.0000 0.0000 0.0000 0.0000 5.0200 4.7200 
2022 9 13 17 1.7700 449.3400 0.0000 3.2000 382.5520 647.0170 0.9004 0.0000 4.7200 0.0000 0.0000 0.0000 0.0000 0.0000 4.9700 4.7200 
2022 9 13 18 1.7200 468.8000 0.0000 3.2000 382.5527 647.0172 0.9004 0.0000 4.7200 0.0000 0.0000 0.0000 0.0000 0.0000 4.9200 4.7200 
2022 9 13 19 1.6800 465.7900 0.0000 3.2000 382.5533 647.0173 0.9004 0.0000 4.7200 0.0000 0.0000 0.0000 0.0000 0.0000 4.8800 4.7200 
2022 9 13 20 1.6400 425.4300 0.0000 3.2000 382.5537 647.0174 0.9004 0.0000 4.7200 0.0000 0.0000 0.0000 0.0000 0.0000 4.8400 4.7200 
2022 9 13 21 1.6000 388.8200 0.0000 3.2000 382.5540 647.0175 0.9004 0.0000 4.7200 0.0000 0.0000 0.0000 0.0000 0.0000 4.8000 4.7200 
2022 9 13 22 1.5600 333.2800 0.0000 3.2000 382.5542 647.0175 0.9004 0.0000 4.7200 0.0000 0.0000 0.0000 0.0000 0.0000 4.7600 4.7200 
2022 9 13 23 1.5300 355.7400 0.0000 3.2000 382.5542 647.0175 0.9004 0.0000 4.7200 0.0000 0.0000 0.0000 0.0000 0.0000 4.7300 4.7200 
2022 9 14 0 1.5000 319.5800 0.0000 3.2000 382.5541 647.0175 0.9004 0.0000 4.7200 0.0000 0.0000 0.0000 0.0000 0.0000 4.7000 4.7200 
2022 9 14 1 1.4700 329.7100 0.0000 3.2000 382.5540 647.0175 0.9004 0.0000 4.7200 0.0000 0.0000 0.0000 0.0000 0.0000 4.6700 4.7200 
2022 9 14 2 1.4400 325.5600 0.0000 3.2000 382.5537 647.0174 0.9004 0.0000 4.7200 0.0000 0.0000 0.0000 0.0000 0.0000 4.6400 4.7200 
2022 9 14 3 1.4100 337.0300 0.0000 3.2000 382.5533 647.0173 0.9004 0.0000 4.7200 0.0000 0.0000 0.0000 0.0000 0.0000 4.6100 4.7200 
2022 9 14 4 1.3800 363.8700 0.0000 3.2000 382.5528 647.0172 0.9004 0.0000 4.7200 0.0000 0.0000 0.0000 0.0000 0.0000 4.5800 4.7200 
2022 9 14 5 1.3500 413.8000 0.0000 3.2000 382.5522 647.0171 0.9004 0.0000 4.7200 0.0000 0.0000 0.0000 0.0000 0.0000 4.5500 4.7200 
2022 9 14 6 1.3400 460.5400 0.0000 3.2000 382.5515 647.0169 0.9004 0.0000 4.7200 0.0000 0.0000 0.0000 0.0000 0.0000 4.5400 4.7200 
2022 9 14 7 1.3200 478.9300 0.0000 3.2000 382.5508 647.0167 0.9004 0.0000 4.7200 0.0000 0.0000 0.0000 0.0000 0.0000 4.5200 4.7200 
2022 9 14 8 1.3000 486.6400 0.0000 3.2000 382.5500 647.0165 0.9003 0.0000 4.7200 0.0000 0.0000 0.0000 0.0000 0.0000 4.5000 4.7200 
2022 9 14 9 1.2900 478.5400 0.0000 3.2000 382.5492 647.0164 0.9003 0.0000 4.7200 0.0000 0.0000 0.0000 0.0000 0.0000 4.4900 4.7200 
2022 9 14 10 1.2700 476.0000 0.0000 3.2000 382.5483 647.0161 0.9003 0.0000 4.7200 0.0000 0.0000 0.0000 0.0000 0.0000 4.4700 4.7200 
2022 9 14 11 1.2500 460.8700 0.0000 3.2000 382.5473 647.0159 0.9003 0.0000 4.7200 0.0000 0.0000 0.0000 0.0000 0.0000 4.4500 4.7200 
2022 9 14 12 1.2400 450.3700 0.0000 3.2000 382.5463 647.0157 0.9003 0.0000 4.7200 0.0000 0.0000 0.0000 0.0000 0.0000 4.4400 4.7200 
2022 9 14 13 1.2300 422.0900 0.0000 3.2000 382.5453 647.0154 0.9003 0.0000 4.7200 0.0000 0.0000 0.0000 0.0000 0.0000 4.4300 4.7200 
2022 9 14 14 1.2100 440.4100 0.0000 3.2000 382.5441 647.0152 0.9003 0.0000 4.7200 0.0000 0.0000 0.0000 0.0000 0.0000 4.4100 4.7200 
2022 9 14 15 1.1900 447.2400 0.0000 3.2000 382.5429 647.0149 0.9003 0.0000 4.7200 0.0000 0.0000 0.0000 0.0000 0.0000 4.3900 4.7200 
2022 9 14 16 1.1800 461.9100 0.0000 3.2000 382.5417 647.0146 0.9003 0.0000 4.7200 0.0000 0.0000 0.0000 0.0000 0.0000 4.3800 4.7200 
2022 9 14 17 1.1700 466.8800 0.0000 3.2000 382.5405 647.0143 0.9003 0.0000 4.7200 0.0000 0.0000 0.0000 0.0000 0.0000 4.3700 4.7200 
2022 9 14 18 1.1600 474.3900 0.0000 3.2000 382.5392 647.0140 0.9003 0.0000 4.7200 0.0000 0.0000 0.0000 0.0000 0.0000 4.3600 4.7200 
2022 9 14 19 1.1500 474.1500 0.0000 3.2000 382.5378 647.0137 0.9003 0.0000 4.7200 0.0000 0.0000 0.0000 0.0000 0.0000 4.3500 4.7200 
2022 9 14 20 1.1300 460.8100 0.0000 3.2000 382.5364 647.0133 0.9002 0.0000 4.7200 0.0000 0.0000 0.0000 0.0000 0.0000 4.3300 4.7200 
2022 9 14 21 1.1200 419.9700 0.0000 3.2000 382.5350 647.0130 0.9002 0.0000 4.7200 0.0000 0.0000 0.0000 0.0000 0.0000 4.3200 4.7200 
2022 9 14 22 1.1100 355.9400 0.0000 3.2000 382.5335 647.0127 0.9002 0.0000 4.7200 0.0000 0.0000 0.0000 0.0000 0.0000 4.3100 4.7200 
2022 9 14 23 1.1000 406.7400 0.0000 3.2000 382.5320 647.0123 0.9002 0.0000 4.7200 0.0000 0.0000 0.0000 0.0000 0.0000 4.3000 4.7200 
2022 9 15 0 1.1000 353.2000 0.0000 3.2000 382.5305 647.0119 0.9002 0.0000 4.7200 0.0000 0.0000 0.0000 0.0000 0.0000 4.3000 4.7200 
2022 9 15 1 1.0900 330.0700 0.0000 3.2000 382.5289 647.0116 0.9002 0.0000 4.7200 0.0000 0.0000 0.0000 0.0000 0.0000 4.2900 4.7200 
2022 9 15 2 1.0800 314.7200 0.0000 3.2000 382.5274 647.0112 0.9002 0.0000 4.7200 0.0000 0.0000 0.0000 0.0000 0.0000 4.2800 4.7200 
2022 9 15 3 1.0700 283.5700 0.0000 3.2000 382.5257 647.0108 0.9002 0.0000 4.7200 0.0000 0.0000 0.0000 0.0000 0.0000 4.2700 4.7200 
2022 9 15 4 1.0600 381.1500 0.0000 3.2000 382.5241 647.0104 0.9001 0.0000 4.7200 0.0000 0.0000 0.0000 0.0000 0.0000 4.2600 4.7200 
2022 9 15 5 1.0500 396.4000 0.0000 3.2000 382.5224 647.0100 0.9001 0.0000 4.7200 0.0000 0.0000 0.0000 0.0000 0.0000 4.2500 4.7200 
2022 9 15 6 1.0500 430.1700 0.0000 3.2000 382.5207 647.0096 0.9001 0.0000 4.7200 0.0000 0.0000 0.0000 0.0000 0.0000 4.2500 4.7200 
2022 9 15 7 1.0400 431.7700 0.0000 3.2000 382.5190 647.0092 0.9001 0.0000 4.7200 0.0000 0.0000 0.0000 0.0000 0.0000 4.2400 4.7200 
2022 9 15 8 1.0300 433.2200 0.0000 3.2000 382.5172 647.0088 0.9001 0.0000 4.7200 0.0000 0.0000 0.0000 0.0000 0.0000 4.2300 4.7200 
2022 9 15 9 1.0200 411.8400 0.0000 3.2000 382.5154 647.0084 0.9001 0.0000 4.7200 0.0000 0.0000 0.0000 0.0000 0.0000 4.2200 4.7200 
2022 9 15 10 1.0200 388.5700 0.0000 3.2000 382.5136 647.0079 0.9001 0.0000 4.7200 0.0000 0.0000 0.0000 0.0000 0.0000 4.2200 4.7200 
2022 9 15 11 1.0100 344.9700 0.0000 3.2000 382.5118 647.0075 0.9000 0.0000 4.7200 0.0000 0.0000 0.0000 0.0000 0.0000 4.2100 4.7200 
2022 9 15 12 1.0100 315.3800 0.0000 3.2000 382.5099 647.0071 0.9000 0.0000 4.7200 0.0000 0.0000 0.0000 0.0000 0.0000 4.2100 4.7200 
2022 9 15 13 1.0000 309.6800 0.0000 3.2000 382.5081 647.0066 0.9000 0.0000 4.7200 0.0000 0.0000 0.0000 0.0000 0.0000 4.2000 4.7200 
2022 9 15 14 0.9900 271.9200 0.0000 3.2000 382.5062 647.0062 0.9000 0.0000 4.7200 0.0000 0.0000 0.0000 0.0000 0.0000 4.1900 4.7200 
2022 9 15 15 0.9900 302.7300 0.0000 3.2000 382.5042 647.0057 0.9000 0.0000 4.7200 0.0000 0.0000 0.0000 0.0000 0.0000 4.1900 4.7200 
2022 9 15 16 0.9800 364.8600 0.0000 3.2000 382.5023 647.0053 0.9000 0.0000 4.7200 0.0000 0.0000 0.0000 0.0000 0.0000 4.1800 4.7200 
2022 9 15 17 0.9700 414.9600 0.0000 3.2000 382.5003 647.0048 0.9000 0.0000 4.7200 0.0000 0.0000 0.0000 0.0000 0.0000 4.1700 4.7200 
2022 9 15 18 0.9600 422.8400 0.0000 3.2000 382.4983 647.0043 0.8999 0.0000 4.7200 0.0000 0.0000 0.0000 0.0000 0.0000 4.1600 4.7200 
2022 9 15 19 0.9500 428.2900 0.0000 3.2000 382.4963 647.0038 0.8999 0.0000 4.7200 0.0000 0.0000 0.0000 0.0000 0.0000 4.1500 4.7200 
2022 9 15 20 0.9400 397.2500 0.0000 3.2000 382.4942 647.0033 0.8999 0.0000 4.7200 0.0000 0.0000 0.0000 0.0000 0.0000 4.1400 4.7200 
2022 9 15 21 0.9300 356.7900 0.0000 3.2000 382.4920 647.0028 0.8999 0.0000 4.7200 0.0000 0.0000 0.0000 0.0000 0.0000 4.1300 4.7200 
2022 9 15 22 0.9200 264.9100 0.0000 3.2000 382.4899 647.0023 0.8999 0.0000 4.7200 0.0000 0.0000 0.0000 0.0000 0.0000 4.1200 4.7200 
2022 9 15 23 0.9100 190.4700 0.0000 3.2000 382.4877 647.0018 0.8999 0.0000 4.7200 0.0000 0.0000 0.0000 0.0000 0.0000 4.1100 4.7200 
2022 9 16 0 0.9000 170.7800 0.0000 3.2000 382.4855 647.0013 0.8998 0.0000 4.7200 0.0000 0.0000 0.0000 0.0000 0.0000 4.1000 4.7200 
2022 9 16 1 0.9000 228.1700 0.0000 3.2000 382.4832 647.0008 0.8998 0.0000 4.7200 0.0000 0.0000 0.0000 0.0000 0.0000 4.1000 4.7200 
2022 9 16 2 0.8900 181.9800 0.0000 3.2000 382.4810 647.0002 0.8998 0.0000 4.7200 0.0000 0.0000 0.0000 0.0000 0.0000 4.0900 4.7200 
2022 9 16 3 0.8800 148.7300 0.0000 3.2000 382.4787 646.9997 0.8998 0.0000 4.7200 0.0000 0.0000 0.0000 0.0000 0.0000 4.0800 4.7200 
2022 9 16 4 0.8800 220.6300 0.0000 3.2000 382.4763 646.9991 0.8998 0.0000 4.7200 0.0000 0.0000 0.0000 0.0000 0.0000 4.0800 4.7200 
2022 9 16 5 0.8700 369.3600 0.0000 3.2000 382.4740 646.9986 0.8997 0.0000 4.7200 0.0000 0.0000 0.0000 0.0000 0.0000 4.0700 4.7200 
2022 9 16 6 0.8600 424.4300 0.0000 3.2000 382.4716 646.9980 0.8997 0.0000 4.7200 0.0000 0.0000 0.0000 0.0000 0.0000 4.0600 4.7200 
2022 9 16 7 0.8600 418.4700 0.0000 3.2000 382.4693 646.9975 0.8997 0.0000 4.7200 0.0000 0.0000 0.0000 0.0000 0.0000 4.0600 4.7200 
2022 9 16 8 0.8500 405.9100 0.0000 3.2000 382.4668 646.9969 0.8997 0.0000 4.7200 0.0000 0.0000 0.0000 0.0000 0.0000 4.0500 4.7200 
2022 9 16 9 0.8400 408.1000 0.0000 3.2000 382.4644 646.9963 0.8997 0.0000 4.7200 0.0000 0.0000 0.0000 0.0000 0.0000 4.0400 4.7200 
2022 9 16 10 0.8300 406.6700 0.0000 3.2000 382.4619 646.9957 0.8997 0.0000 4.7200 0.0000 0.0000 0.0000 0.0000 0.0000 4.0300 4.7200 
2022 9 16 11 0.8300 411.1900 0.0000 3.2000 382.4594 646.9951 0.8996 0.0000 4.7200 0.0000 0.0000 0.0000 0.0000 0.0000 4.0300 4.7200 
2022 9 16 12 0.8200 409.4500 0.0000 3.2000 382.4569 646.9945 0.8996 0.0000 4.7200 0.0000 0.0000 0.0000 0.0000 0.0000 4.0200 4.7200 
2022 9 16 13 0.8100 409.3200 0.0000 3.2000 382.4544 646.9939 0.8996 0.0000 4.7200 0.0000 0.0000 0.0000 0.0000 0.0000 4.0100 4.7200 
2022 9 16 14 0.8000 408.1100 0.0000 3.2000 382.4518 646.9933 0.8996 0.0000 4.7200 0.0000 0.0000 0.0000 0.0000 0.0000 4.0000 4.7200 
2022 9 16 15 0.7900 404.2600 0.0000 3.2000 382.4491 646.9927 0.8996 0.0000 4.7200 0.0000 0.0000 0.0000 0.0000 0.0000 3.9900 4.7200 
2022 9 16 16 0.7900 266.5500 0.0000 3.2000 382.4465 646.9921 0.8995 0.0000 4.7200 0.0000 0.0000 0.0000 0.0000 0.0000 3.9900 4.7200 
2022 9 16 17 0.7800 327.2600 0.0000 3.2000 382.4438 646.9915 0.8995 0.0000 4.7200 0.0000 0.0000 0.0000 0.0000 0.0000 3.9800 4.7200 
2022 9 16 18 0.7800 379.6100 0.0000 3.2000 382.4412 646.9908 0.8995 0.0000 4.7200 0.0000 0.0000 0.0000 0.0000 0.0000 3.9800 4.7200 
2022 9 16 19 0.7700 365.0900 0.0000 3.2000 382.4385 646.9902 0.8995 0.0000 4.7200 0.0000 0.0000 0.0000 0.0000 0.0000 3.9700 4.7200 
2022 9 16 20 0.7700 235.6200 0.0000 3.2000 382.4358 646.9895 0.8994 0.0000 4.7200 0.0000 0.0000 0.0000 0.0000 0.0000 3.9700 4.7200 
2022 9 16 21 0.7600 276.7700 0.0000 3.2000 382.4330 646.9889 0.8994 0.0000 4.7200 0.0000 0.0000 0.0000 0.0000 0.0000 3.9600 4.7200 
2022 9 16 22 0.7500 237.2900 0.0000 3.2000 382.4303 646.9882 0.8994 0.0000 4.7200 0.0000 0.0000 0.0000 0.0000 0.0000 3.9500 4.7200 
2022 9 16 23 0.7400 391.6600 0.0000 3.2000 382.4275 646.9876 0.8994 0.0000 4.7200 0.0000 0.0000 0.0000 0.0000 0.0000 3.9400 4.7200 
2022 9 17 0 0.7300 365.8200 0.0000 3.2000 382.4246 646.9869 0.8994 0.0000 4.7200 0.0000 0.0000 0.0000 0.0000 0.0000 3.9300 4.7200 
2022 9 17 1 0.7300 247.5600 0.0000 3.2000 382.4218 646.9862 0.8993 0.0000 4.7200 0.0000 0.0000 0.0000 0.0000 0.0000 3.9300 4.7200 
2022 9 17 2 0.7200 245.9400 0.0000 3.2000 382.4189 646.9856 0.8993 0.0000 4.7200 0.0000 0.0000 0.0000 0.0000 0.0000 3.9200 4.7200 
2022 9 17 3 0.7200 245.1300 0.0000 3.2000 382.4160 646.9849 0.8993 0.0000 4.7200 0.0000 0.0000 0.0000 0.0000 0.0000 3.9200 4.7200 
2022 9 17 4 0.7100 199.1900 0.0000 3.2000 382.4131 646.9842 0.8993 0.0000 4.7200 0.0000 0.0000 0.0000 0.0000 0.0000 3.9100 4.7200 
2022 9 17 5 0.7100 86.6800 0.0000 3.2000 382.4102 646.9835 0.8992 0.0000 4.7200 0.0000 0.0000 0.0000 0.0000 0.0000 3.9100 4.7200 
2022 9 17 6 0.7000 250.7100 0.0000 3.2000 382.4072 646.9828 0.8992 0.0000 4.7200 0.0000 0.0000 0.0000 0.0000 0.0000 3.9000 4.7200 
2022 9 17 7 0.6900 235.5200 0.0000 3.2000 382.4042 646.9821 0.8992 0.0000 4.7200 0.0000 0.0000 0.0000 0.0000 0.0000 3.8900 4.7200 
2022 9 17 8 0.6900 390.9700 0.0000 3.2000 382.4013 646.9814 0.8992 0.0000 4.7200 0.0000 0.0000 0.0000 0.0000 0.0000 3.8900 4.7200 
2022 9 17 9 0.6800 396.4800 0.0000 3.2000 382.3982 646.9807 0.8991 0.0000 4.7200 0.0000 0.0000 0.0000 0.0000 0.0000 3.8800 4.7200 
2022 9 17 10 0.6800 389.6400 0.0000 3.2000 382.3952 646.9800 0.8991 0.0000 4.7200 0.0000 0.0000 0.0000 0.0000 0.0000 3.8800 4.7200 
2022 9 17 11 0.6700 390.5200 0.0000 3.2000 382.3921 646.9792 0.8991 0.0000 4.7200 0.0000 0.0000 0.0000 0.0000 0.0000 3.8700 4.7200 
2022 9 17 12 0.6600 234.7300 0.0000 3.2000 382.3890 646.9785 0.8991 0.0000 4.7200 0.0000 0.0000 0.0000 0.0000 0.0000 3.8600 4.7200 
2022 9 17 13 0.6600 187.4400 0.0000 3.2000 382.3860 646.9778 0.8991 0.0000 4.7200 0.0000 0.0000 0.0000 0.0000 0.0000 3.8600 4.7200 
2022 9 17 14 0.6500 192.7500 0.0000 3.2000 382.3828 646.9770 0.8990 0.0000 4.7200 0.0000 0.0000 0.0000 0.0000 0.0000 3.8500 4.7200 
2022 9 17 15 0.6500 37.0800 0.0000 3.2000 382.3797 646.9763 0.8990 0.0000 4.7200 0.0000 0.0000 0.0000 0.0000 0.0000 3.8500 4.7200 
2022 9 17 16 0.6400 70.3200 0.0000 3.2000 382.3765 646.9755 0.8990 0.0000 4.7200 0.0000 0.0000 0.0000 0.0000 0.0000 3.8400 4.7200 
2022 9 17 17 0.6300 240.0200 0.0000 3.2000 382.3733 646.9748 0.8990 0.0000 4.7200 0.0000 0.0000 0.0000 0.0000 0.0000 3.8300 4.7200 
2022 9 17 18 0.6200 229.7500 0.0000 3.2000 382.3701 646.9740 0.8989 0.0000 4.7200 0.0000 0.0000 0.0000 0.0000 0.0000 3.8200 4.7200 
2022 9 17 19 0.6200 343.6700 0.0000 3.2000 382.3668 646.9732 0.8989 0.0000 4.7200 0.0000 0.0000 0.0000 0.0000 0.0000 3.8200 4.7200 
2022 9 17 20 0.6100 398.4700 0.0000 3.2000 382.3636 646.9725 0.8989 0.0000 4.7200 0.0000 0.0000 0.0000 0.0000 0.0000 3.8100 4.7200 
2022 9 17 21 0.6000 250.8600 0.0000 3.2000 382.3602 646.9717 0.8988 0.0000 4.7200 0.0000 0.0000 0.0000 0.0000 0.0000 3.8000 4.7200 
2022 9 17 22 0.6000 269.7300 0.0000 3.2000 382.3569 646.9709 0.8988 0.0000 4.7200 0.0000 0.0000 0.0000 0.0000 0.0000 3.8000 4.7200 
2022 9 17 23 0.5900 28.1300 0.0000 3.2000 382.3536 646.9701 0.8988 0.0000 4.7200 0.0000 0.0000 0.0000 0.0000 0.0000 3.7900 4.7200 
2022 9 18 0 0.5900 28.5400 0.0000 3.2000 382.3502 646.9693 0.8988 0.0000 4.7200 0.0000 0.0000 0.0000 0.0000 0.0000 3.7900 4.7200 
2022 9 18 1 0.5800 23.4000 0.0000 3.2000 382.3469 646.9685 0.8987 0.0000 4.7200 0.0000 0.0000 0.0000 0.0000 0.0000 3.7800 4.7200 
2022 9 18 2 0.5700 28.6500 0.0000 3.2000 382.3434 646.9677 0.8987 0.0000 4.7200 0.0000 0.0000 0.0000 0.0000 0.0000 3.7700 4.7200 
2022 9 18 3 0.5700 35.8800 0.0000 3.2000 382.3400 646.9669 0.8987 0.0000 4.7200 0.0000 0.0000 0.0000 0.0000 0.0000 3.7700 4.7200 
2022 9 18 4 0.5800 32.3500 0.0000 3.2000 382.3366 646.9661 0.8987 0.0000 4.7200 0.0000 0.0000 0.0000 0.0000 0.0000 3.7800 4.7200 
2022 9 18 5 0.5800 25.2300 0.0000 3.2000 382.3332 646.9653 0.8986 0.0000 4.7200 0.0000 0.0000 0.0000 0.0000 0.0000 3.7800 4.7200 
2022 9 18 6 0.5700 63.4600 0.0000 3.2000 382.3298 646.9645 0.8986 0.0000 4.7200 0.0000 0.0000 0.0000 0.0000 0.0000 3.7700 4.7200 
2022 9 18 7 0.5700 78.8100 0.0000 3.2000 382.3264 646.9637 0.8986 0.0000 4.7200 0.0000 0.0000 0.0000 0.0000 0.0000 3.7700 4.7200 
2022 9 18 8 0.5600 71.8100 0.0000 3.2000 382.3230 646.9629 0.8986 0.0000 4.7200 0.0000 0.0000 0.0000 0.0000 0.0000 3.7600 4.7200 
2022 9 18 9 0.5500 229.0200 0.0000 3.2000 382.3195 646.9620 0.8985 0.0000 4.7200 0.0000 0.0000 0.0000 0.0000 0.0000 3.7500 4.7200 
2022 9 18 10 0.5500 363.4200 0.0000 3.2000 382.3160 646.9612 0.8985 0.0000 4.7200 0.0000 0.0000 0.0000 0.0000 0.0000 3.7500 4.7200 
2022 9 18 11 0.5400 85.3300 0.0000 3.2000 382.3124 646.9604 0.8985 0.0000 4.7200 0.0000 0.0000 0.0000 0.0000 0.0000 3.7400 4.7200 
2022 9 18 12 0.5400 244.1100 0.0000 3.2000 382.3089 646.9596 0.8984 0.0000 4.7200 0.0000 0.0000 0.0000 0.0000 0.0000 3.7400 4.7200 
2022 9 18 13 0.5300 34.0000 0.0000 3.2000 382.3053 646.9587 0.8984 0.0000 4.7200 0.0000 0.0000 0.0000 0.0000 0.0000 3.7300 4.7200 
2022 9 18 14 0.5300 35.8900 0.0000 3.2000 382.3018 646.9579 0.8984 0.0000 4.7200 0.0000 0.0000 0.0000 0.0000 0.0000 3.7300 4.7200 
2022 9 18 15 0.5300 163.3000 0.0000 3.2000 382.2982 646.9570 0.8984 0.0000 4.7200 0.0000 0.0000 0.0000 0.0000 0.0000 3.7300 4.7200 
2022 9 18 16 0.5200 86.3800 0.0000 3.2000 382.2946 646.9562 0.8983 0.0000 4.7200 0.0000 0.0000 0.0000 0.0000 0.0000 3.7200 4.7200 
2022 9 18 17 0.5200 192.8800 0.0000 3.2000 382.2910 646.9553 0.8983 0.0000 4.7200 0.0000 0.0000 0.0000 0.0000 0.0000 3.7200 4.7200 
2022 9 18 18 0.5100 213.4000 0.0000 3.2000 382.2874 646.9545 0.8983 0.0000 4.7200 0.0000 0.0000 0.0000 0.0000 0.0000 3.7100 4.7200 
2022 9 18 19 0.5100 226.8900 0.0000 3.2000 382.2837 646.9536 0.8982 0.0000 4.7200 0.0000 0.0000 0.0000 0.0000 0.0000 3.7100 4.7200 
2022 9 18 20 0.5000 193.1400 0.0000 3.2000 382.2801 646.9527 0.8982 0.0000 4.7200 0.0000 0.0000 0.0000 0.0000 0.0000 3.7000 4.7200 
2022 9 18 21 0.5000 158.0000 0.0000 3.2000 382.2764 646.9519 0.8982 0.0000 4.7200 0.0000 0.0000 0.0000 0.0000 0.0000 3.7000 4.7200 
2022 9 18 22 0.4900 119.7200 0.0000 3.2000 382.2727 646.9510 0.8982 0.0000 4.7200 0.0000 0.0000 0.0000 0.0000 0.0000 3.6900 4.7200 
2022 9 18 23 0.4900 88.5900 0.0000 3.2000 382.2690 646.9501 0.8981 0.0000 4.7200 0.0000 0.0000 0.0000 0.0000 0.0000 3.6900 4.7200 
2022 9 19 0 0.4800 102.5400 0.0000 3.2000 382.2652 646.9492 0.8981 0.0000 4.7200 0.0000 0.0000 0.0000 0.0000 0.0000 3.6800 4.7200 
2022 9 19 1 0.4800 97.3700 0.0000 3.2000 382.2615 646.9483 0.8981 0.0000 4.7200 0.0000 0.0000 0.0000 0.0000 0.0000 3.6800 4.7200 
2022 9 19 2 0.4700 91.7800 0.0000 3.2000 382.2577 646.9475 0.8980 0.0000 4.7200 0.0000 0.0000 0.0000 0.0000 0.0000 3.6700 4.7200 
2022 9 19 3 0.4700 103.9200 0.0000 3.2000 382.2539 646.9466 0.8980 0.0000 4.7200 0.0000 0.0000 0.0000 0.0000 0.0000 3.6700 4.7200 
2022 9 19 4 0.4700 184.3000 0.0000 3.2000 382.2502 646.9457 0.8980 0.0000 4.7200 0.0000 0.0000 0.0000 0.0000 0.0000 3.6700 4.7200 
2022 9 19 5 0.4600 359.2200 0.0000 3.2000 382.2463 646.9448 0.8979 0.0000 4.7200 0.0000 0.0000 0.0000 0.0000 0.0000 3.6600 4.7200 
2022 9 19 6 0.4600 408.3800 0.0000 3.2000 382.2425 646.9439 0.8979 0.0000 4.7200 0.0000 0.0000 0.0000 0.0000 0.0000 3.6600 4.7200 
2022 9 19 7 0.4600 415.1800 0.0000 3.2000 382.2387 646.9430 0.8979 0.0000 4.7200 0.0000 0.0000 0.0000 0.0000 0.0000 3.6600 4.7200 
2022 9 19 8 0.4600 375.1800 0.0000 3.2000 382.2349 646.9421 0.8979 0.0000 4.7200 0.0000 0.0000 0.0000 0.0000 0.0000 3.6600 4.7200 
2022 9 19 9 0.4500 347.8600 0.0000 3.2000 382.2310 646.9411 0.8978 0.0000 4.7200 0.0000 0.0000 0.0000 0.0000 0.0000 3.6500 4.7200 
2022 9 19 10 0.4500 248.9800 0.0000 3.2000 382.2272 646.9402 0.8978 0.0000 4.7200 0.0000 0.0000 0.0000 0.0000 0.0000 3.6500 4.7200 
2022 9 19 11 0.4500 230.2800 0.0000 3.2000 382.2233 646.9393 0.8978 0.0000 4.7200 0.0000 0.0000 0.0000 0.0000 0.0000 3.6500 4.7200 
2022 9 19 12 0.4500 242.5600 0.0000 3.2000 382.2195 646.9384 0.8977 0.0000 4.7200 0.0000 0.0000 0.0000 0.0000 0.0000 3.6500 4.7200 
2022 9 19 13 0.4500 243.1200 0.0000 3.2000 382.2156 646.9375 0.8977 0.0000 4.7200 0.0000 0.0000 0.0000 0.0000 0.0000 3.6500 4.7200 
2022 9 19 14 0.4500 227.6600 0.0000 3.2000 382.2118 646.9366 0.8977 0.0000 4.7200 0.0000 0.0000 0.0000 0.0000 0.0000 3.6500 4.7200 
2022 9 19 15 0.4500 263.4200 0.0000 3.2000 382.2079 646.9357 0.8976 0.0000 4.7200 0.0000 0.0000 0.0000 0.0000 0.0000 3.6500 4.7200 
2022 9 19 16 0.4500 369.9000 0.0000 3.2000 382.2041 646.9348 0.8976 0.0000 4.7200 0.0000 0.0000 0.0000 0.0000 0.0000 3.6500 4.7200 
2022 9 19 17 0.4400 407.0800 0.0000 3.2000 382.2002 646.9339 0.8976 0.0000 4.7200 0.0000 0.0000 0.0000 0.0000 0.0000 3.6400 4.7200 
2022 9 19 18 0.4400 438.6700 0.0000 3.2000 382.1963 646.9329 0.8976 0.0000 4.7200 0.0000 0.0000 0.0000 0.0000 0.0000 3.6400 4.7200 
2022 9 19 19 0.4400 419.6500 0.0000 3.2000 382.1924 646.9320 0.8975 0.0000 4.7200 0.0000 0.0000 0.0000 0.0000 0.0000 3.6400 4.7200 
2022 9 19 20 0.4400 390.6100 0.0000 3.2000 382.1885 646.9311 0.8975 0.0000 4.7200 0.0000 0.0000 0.0000 0.0000 0.0000 3.6400 4.7200 
2022 9 19 21 0.4300 362.1600 0.0000 3.2000 382.1846 646.9302 0.8975 0.0000 4.7200 0.0000 0.0000 0.0000 0.0000 0.0000 3.6300 4.7200 
2022 9 19 22 0.4300 312.9200 0.0000 3.2000 382.1807 646.9292 0.8974 0.0000 4.7200 0.0000 0.0000 0.0000 0.0000 0.0000 3.6300 4.7200 
2022 9 19 23 0.4300 277.2800 0.0000 3.2000 382.1768 646.9283 0.8974 0.0000 4.7200 0.0000 0.0000 0.0000 0.0000 0.0000 3.6300 4.7200 
2022 9 20 0 0.4300 274.9500 0.0000 3.2000 382.1728 646.9274 0.8974 0.0000 4.7200 0.0000 0.0000 0.0000 0.0000 0.0000 3.6300 4.7200 
2022 9 20 1 0.4300 291.1200 0.0000 3.2000 382.1689 646.9265 0.8973 0.0000 4.7200 0.0000 0.0000 0.0000 0.0000 0.0000 3.6300 4.7200 
2022 9 20 2 0.4200 278.0300 0.0000 3.2000 382.1649 646.9255 0.8973 0.0000 4.7200 0.0000 0.0000 0.0000 0.0000 0.0000 3.6200 4.7200 
2022 9 20 3 0.4200 275.5200 0.0000 3.2000 382.1610 646.9246 0.8973 0.0000 4.7200 0.0000 0.0000 0.0000 0.0000 0.0000 3.6200 4.7200 
2022 9 20 4 0.4200 310.0400 0.0000 3.2000 382.1570 646.9236 0.8972 0.0000 4.7200 0.0000 0.0000 0.0000 0.0000 0.0000 3.6200 4.7200 
2022 9 20 5 0.4200 368.4200 0.0000 3.2000 382.1531 646.9227 0.8972 0.0000 4.7200 0.0000 0.0000 0.0000 0.0000 0.0000 3.6200 4.7200 
2022 9 20 6 0.4200 421.1600 0.0000 3.2000 382.1491 646.9218 0.8972 0.0000 4.7200 0.0000 0.0000 0.0000 0.0000 0.0000 3.6200 4.7200 
2022 9 20 7 0.4200 438.4000 0.0000 3.2000 382.1451 646.9208 0.8972 0.0000 4.7200 0.0000 0.0000 0.0000 0.0000 0.0000 3.6200 4.7200 
2022 9 20 8 0.4100 422.8200 0.0000 3.2000 382.1412 646.9199 0.8971 0.0000 4.7200 0.0000 0.0000 0.0000 0.0000 0.0000 3.6100 4.7200 
2022 9 20 9 0.4100 389.4100 0.0000 3.2000 382.1372 646.9189 0.8971 0.0000 4.7200 0.0000 0.0000 0.0000 0.0000 0.0000 3.6100 4.7200 
2022 9 20 10 0.4100 374.1200 0.0000 3.2000 382.1332 646.9180 0.8971 0.0000 4.7200 0.0000 0.0000 0.0000 0.0000 0.0000 3.6100 4.7200 
2022 9 20 11 0.4100 375.1700 0.0000 3.2000 382.1292 646.9171 0.8970 0.0000 4.7200 0.0000 0.0000 0.0000 0.0000 0.0000 3.6100 4.7200 
2022 9 20 12 0.4100 375.1400 0.0000 3.2000 382.1252 646.9161 0.8970 0.0000 4.7200 0.0000 0.0000 0.0000 0.0000 0.0000 3.6100 4.7200 
2022 9 20 13 0.4000 373.0600 0.0000 3.2000 382.1211 646.9152 0.8970 0.0000 4.7200 0.0000 0.0000 0.0000 0.0000 0.0000 3.6000 4.7200 
2022 9 20 14 0.4000 374.0800 0.0000 3.2000 382.1171 646.9142 0.8969 0.0000 4.7200 0.0000 0.0000 0.0000 0.0000 0.0000 3.6000 4.7200 
2022 9 20 15 0.4000 379.6800 0.0000 3.2000 382.1131 646.9133 0.8969 0.0000 4.7200 0.0000 0.0000 0.0000 0.0000 0.0000 3.6000 4.7200 
2022 9 20 16 0.4000 422.5800 0.0000 3.2000 382.1090 646.9123 0.8969 0.0000 4.7200 0.0000 0.0000 0.0000 0.0000 0.0000 3.6000 4.7200 
2022 9 20 17 0.4000 466.5300 0.0000 3.2000 382.1050 646.9113 0.8968 0.0000 4.7200 0.0000 0.0000 0.0000 0.0000 0.0000 3.6000 4.7200 
2022 9 20 18 0.4000 498.0000 0.0000 3.2000 382.1010 646.9104 0.8968 0.0000 4.7200 0.0000 0.0000 0.0000 0.0000 0.0000 3.6000 4.7200 
2022 9 20 19 0.4000 492.6500 0.0000 3.2000 382.0969 646.9094 0.8968 0.0000 4.7200 0.0000 0.0000 0.0000 0.0000 0.0000 3.6000 4.7200 
2022 9 20 20 0.4000 430.6900 0.0000 3.2000 382.0929 646.9085 0.8967 0.0000 4.7200 0.0000 0.0000 0.0000 0.0000 0.0000 3.6000 4.7200 
2022 9 20 21 0.3900 398.4700 0.0000 3.2000 382.0888 646.9075 0.8967 0.0000 4.7200 0.0000 0.0000 0.0000 0.0000 0.0000 3.5900 4.7200 
2022 9 20 22 0.3900 363.1400 0.0000 3.2000 382.0848 646.9066 0.8967 0.0000 4.7200 0.0000 0.0000 0.0000 0.0000 0.0000 3.5900 4.7200 
2022 9 20 23 0.3900 346.4900 0.0000 3.2000 382.0807 646.9056 0.8966 0.0000 4.7200 0.0000 0.0000 0.0000 0.0000 0.0000 3.5900 4.7200 
2022 9 21 0 0.3900 317.5400 0.0000 3.2000 382.0766 646.9046 0.8966 0.0000 4.7200 0.0000 0.0000 0.0000 0.0000 0.0000 3.5900 4.7200 
2022 9 21 1 0.3900 316.8500 0.0000 3.2000 382.0726 646.9037 0.8966 0.0000 4.7200 0.0000 0.0000 0.0000 0.0000 0.0000 3.5900 4.7200 
2022 9 21 2 0.3900 316.8800 0.0000 3.2000 382.0685 646.9027 0.8965 0.0000 4.7200 0.0000 0.0000 0.0000 0.0000 0.0000 3.5900 4.7200 
2022 9 21 3 0.3900 315.1000 0.0000 3.2000 382.0644 646.9018 0.8965 0.0000 4.7200 0.0000 0.0000 0.0000 0.0000 0.0000 3.5900 4.7200 
2022 9 21 4 0.3900 368.5600 0.0000 3.2000 382.0604 646.9008 0.8965 0.0000 4.7200 0.0000 0.0000 0.0000 0.0000 0.0000 3.5900 4.7200 
2022 9 21 5 0.3800 428.0500 0.0000 3.2000 382.0563 646.8998 0.8964 0.0000 4.7200 0.0000 0.0000 0.0000 0.0000 0.0000 3.5800 4.7200 
2022 9 21 6 0.3800 501.9500 0.0000 3.2000 382.0522 646.8989 0.8964 0.0000 4.7200 0.0000 0.0000 0.0000 0.0000 0.0000 3.5800 4.7200 
2022 9 21 7 0.3800 513.4500 0.0000 3.2000 382.0481 646.8979 0.8964 0.0000 4.7200 0.0000 0.0000 0.0000 0.0000 0.0000 3.5800 4.7200 
2022 9 21 8 0.3800 438.6700 0.0000 3.2000 382.0440 646.8969 0.8964 0.0000 4.7200 0.0000 0.0000 0.0000 0.0000 0.0000 3.5800 4.7200 
2022 9 21 9 0.3800 379.6200 0.0000 3.2000 382.0398 646.8959 0.8963 0.0000 4.7200 0.0000 0.0000 0.0000 0.0000 0.0000 3.5800 4.7200 
2022 9 21 10 0.3800 340.9000 0.0000 3.2000 382.0357 646.8950 0.8963 0.0000 4.7200 0.0000 0.0000 0.0000 0.0000 0.0000 3.5800 4.7200 
2022 9 21 11 0.3800 316.2600 0.0000 3.2000 382.0316 646.8940 0.8963 0.0000 4.7200 0.0000 0.0000 0.0000 0.0000 0.0000 3.5800 4.7200 
2022 9 21 12 0.3700 320.3800 0.0000 3.2000 382.0275 646.8930 0.8962 0.0000 4.7200 0.0000 0.0000 0.0000 0.0000 0.0000 3.5700 4.7200 
2022 9 21 13 0.3700 330.0600 0.0000 3.2000 382.0234 646.8920 0.8962 0.0000 4.7200 0.0000 0.0000 0.0000 0.0000 0.0000 3.5700 4.7200 
2022 9 21 14 0.3700 359.5200 0.0000 3.2000 382.0192 646.8911 0.8962 0.0000 4.7200 0.0000 0.0000 0.0000 0.0000 0.0000 3.5700 4.7200 
2022 9 21 15 0.3700 393.8200 0.0000 3.2000 382.0151 646.8901 0.8961 0.0000 4.7200 0.0000 0.0000 0.0000 0.0000 0.0000 3.5700 4.7200 
2022 9 21 16 0.3700 417.7600 0.0000 3.2000 382.0109 646.8891 0.8961 0.0000 4.7200 0.0000 0.0000 0.0000 0.0000 0.0000 3.5700 4.7200 
2022 9 21 17 0.3700 467.7700 0.0000 3.2000 382.0068 646.8881 0.8961 0.0000 4.7200 0.0000 0.0000 0.0000 0.0000 0.0000 3.5700 4.7200 
2022 9 21 18 0.3700 484.9700 0.0000 3.2000 382.0027 646.8872 0.8960 0.0000 4.7200 0.0000 0.0000 0.0000 0.0000 0.0000 3.5700 4.7200 
2022 9 21 19 0.3700 457.3800 0.0000 3.2000 381.9985 646.8862 0.8960 0.0000 4.7200 0.0000 0.0000 0.0000 0.0000 0.0000 3.5700 4.7200 
2022 9 21 20 0.3700 413.8600 0.0000 3.2000 381.9944 646.8852 0.8960 0.0000 4.7200 0.0000 0.0000 0.0000 0.0000 0.0000 3.5700 4.7200 
2022 9 21 21 0.3600 378.9100 0.0000 3.2000 381.9902 646.8842 0.8959 0.0000 4.7200 0.0000 0.0000 0.0000 0.0000 0.0000 3.5600 4.7200 
2022 9 21 22 0.3600 369.5000 0.0000 3.2000 381.9860 646.8832 0.8959 0.0000 4.7200 0.0000 0.0000 0.0000 0.0000 0.0000 3.5600 4.7200 
2022 9 21 23 0.3600 384.0500 0.0000 3.2000 381.9819 646.8822 0.8959 0.0000 4.7200 0.0000 0.0000 0.0000 0.0000 0.0000 3.5600 4.7200 
2022 9 22 0 0.3600 358.8600 0.0000 3.2000 381.9777 646.8812 0.8958 0.0000 4.7200 0.0000 0.0000 0.0000 0.0000 0.0000 3.5600 4.7200 
2022 9 22 1 0.3600 348.9900 0.0000 3.2000 381.9735 646.8803 0.8958 0.0000 4.7200 0.0000 0.0000 0.0000 0.0000 0.0000 3.5600 4.7200 
2022 9 22 2 0.3600 328.7500 0.0000 3.2000 381.9693 646.8793 0.8958 0.0000 4.7200 0.0000 0.0000 0.0000 0.0000 0.0000 3.5600 4.7200 
2022 9 22 3 0.3600 338.6800 0.0000 3.2000 381.9651 646.8783 0.8957 0.0000 4.7200 0.0000 0.0000 0.0000 0.0000 0.0000 3.5600 4.7200 
2022 9 22 4 0.3600 383.1700 0.0000 3.2000 381.9610 646.8773 0.8957 0.0000 4.7200 0.0000 0.0000 0.0000 0.0000 0.0000 3.5600 4.7200 
2022 9 22 5 0.3600 420.6000 0.0000 3.2000 381.9568 646.8763 0.8957 0.0000 4.7200 0.0000 0.0000 0.0000 0.0000 0.0000 3.5600 4.7200 
2022 9 22 6 0.3600 482.1400 0.0000 3.2000 381.9526 646.8753 0.8956 0.0000 4.7200 0.0000 0.0000 0.0000 0.0000 0.0000 3.5600 4.7200 
2022 9 22 7 0.3500 487.7100 0.0000 3.2000 381.9484 646.8743 0.8956 0.0000 4.7200 0.0000 0.0000 0.0000 0.0000 0.0000 3.5500 4.7200 
2022 9 22 8 0.3500 398.2100 0.0000 3.2000 381.9442 646.8733 0.8956 0.0000 4.7200 0.0000 0.0000 0.0000 0.0000 0.0000 3.5500 4.7200 
2022 9 22 9 0.3500 360.7400 0.0000 3.2000 381.9400 646.8723 0.8955 0.0000 4.7200 0.0000 0.0000 0.0000 0.0000 0.0000 3.5500 4.7200 
2022 9 22 10 0.3500 318.8900 0.0000 3.2000 381.9358 646.8713 0.8955 0.0000 4.7200 0.0000 0.0000 0.0000 0.0000 0.0000 3.5500 4.7200 
2022 9 22 11 0.3500 311.8700 0.0000 3.2000 381.9316 646.8703 0.8955 0.0000 4.7200 0.0000 0.0000 0.0000 0.0000 0.0000 3.5500 4.7200 
2022 9 22 12 0.3500 299.0500 0.0000 3.2000 381.9273 646.8693 0.8954 0.0000 4.7200 0.0000 0.0000 0.0000 0.0000 0.0000 3.5500 4.7200 
2022 9 22 13 0.3500 327.5900 0.0000 3.2000 381.9231 646.8684 0.8954 0.0000 4.7200 0.0000 0.0000 0.0000 0.0000 0.0000 3.5500 4.7200 
2022 9 22 14 0.3500 364.4500 0.0000 3.2000 381.9189 646.8674 0.8954 0.0000 4.7200 0.0000 0.0000 0.0000 0.0000 0.0000 3.5500 4.7200 
2022 9 22 15 0.3500 380.5200 0.0000 3.2000 381.9147 646.8664 0.8953 0.0000 4.7200 0.0000 0.0000 0.0000 0.0000 0.0000 3.5500 4.7200 
2022 9 22 16 0.3500 419.7600 0.0000 3.2000 381.9105 646.8654 0.8953 0.0000 4.7200 0.0000 0.0000 0.0000 0.0000 0.0000 3.5500 4.7200 
2022 9 22 17 0.3500 419.9100 0.0000 3.2000 381.9063 646.8644 0.8953 0.0000 4.7200 0.0000 0.0000 0.0000 0.0000 0.0000 3.5500 4.7200 
2022 9 22 18 0.3400 416.8000 0.0000 3.2000 381.9020 646.8634 0.8952 0.0000 4.7200 0.0000 0.0000 0.0000 0.0000 0.0000 3.5400 4.7200 
2022 9 22 19 0.3400 415.2000 0.0000 3.2000 381.8978 646.8624 0.8952 0.0000 4.7200 0.0000 0.0000 0.0000 0.0000 0.0000 3.5400 4.7200 
2022 9 22 20 0.3400 394.3000 0.0000 3.2000 381.8935 646.8614 0.8952 0.0000 4.7200 0.0000 0.0000 0.0000 0.0000 0.0000 3.5400 4.7200 
2022 9 22 21 0.3400 390.0500 0.0000 3.2000 381.8893 646.8604 0.8951 0.0000 4.7200 0.0000 0.0000 0.0000 0.0000 0.0000 3.5400 4.7200 
2022 9 22 22 0.3400 377.5000 0.0000 3.2000 381.8850 646.8593 0.8951 0.0000 4.7200 0.0000 0.0000 0.0000 0.0000 0.0000 3.5400 4.7200 
2022 9 22 23 0.3400 349.7700 0.0000 3.2000 381.8808 646.8583 0.8951 0.0000 4.7200 0.0000 0.0000 0.0000 0.0000 0.0000 3.5400 4.7200 
2022 9 23 0 0.3500 317.7000 0.0000 3.2000 381.8766 646.8573 0.8950 0.0000 4.7200 0.0000 0.0000 0.0000 0.0000 0.0000 3.5500 4.7200 
2022 9 23 1 0.3500 310.1000 0.0000 3.2000 381.8724 646.8564 0.8950 0.0000 4.7200 0.0000 0.0000 0.0000 0.0000 0.0000 3.5500 4.7200 
2022 9 23 2 0.3500 298.1100 0.0000 3.2000 381.8682 646.8554 0.8950 0.0000 4.7200 0.0000 0.0000 0.0000 0.0000 0.0000 3.5500 4.7200 
2022 9 23 3 0.3500 308.5300 0.0000 3.2000 381.8640 646.8544 0.8949 0.0000 4.7200 0.0000 0.0000 0.0000 0.0000 0.0000 3.5500 4.7200 
2022 9 23 4 0.3500 353.4800 0.0000 3.2000 381.8597 646.8534 0.8949 0.0000 4.7200 0.0000 0.0000 0.0000 0.0000 0.0000 3.5500 4.7200 
2022 9 23 5 0.3500 368.1400 0.0000 3.2000 381.8555 646.8524 0.8949 0.0000 4.7200 0.0000 0.0000 0.0000 0.0000 0.0000 3.5500 4.7200 
2022 9 23 6 0.3500 394.3400 0.0000 3.2000 381.8513 646.8514 0.8948 0.0000 4.7200 0.0000 0.0000 0.0000 0.0000 0.0000 3.5500 4.7200 
2022 9 23 7 0.3500 409.1700 0.0000 3.2000 381.8471 646.8504 0.8948 0.0000 4.7200 0.0000 0.0000 0.0000 0.0000 0.0000 3.5500 4.7200 
2022 9 23 8 0.3600 382.7100 0.0000 3.2000 381.8429 646.8494 0.8948 0.0000 4.7200 0.0000 0.0000 0.0000 0.0000 0.0000 3.5600 4.7200 
2022 9 23 9 0.3600 370.0100 0.0000 3.2000 381.8388 646.8484 0.8947 0.0000 4.7200 0.0000 0.0000 0.0000 0.0000 0.0000 3.5600 4.7200 
2022 9 23 10 0.3700 357.8600 0.0000 3.2000 381.8346 646.8474 0.8947 0.0000 4.7200 0.0000 0.0000 0.0000 0.0000 0.0000 3.5700 4.7200 
2022 9 23 11 0.3700 349.4700 0.0000 3.2000 381.8305 646.8464 0.8947 0.0000 4.7200 0.0000 0.0000 0.0000 0.0000 0.0000 3.5700 4.7200 
2022 9 23 12 0.3800 337.2800 0.0000 3.2000 381.8264 646.8455 0.8946 0.0000 4.7200 0.0000 0.0000 0.0000 0.0000 0.0000 3.5800 4.7200 
2022 9 23 13 0.3800 342.6000 0.0000 3.2000 381.8223 646.8445 0.8946 0.0000 4.7200 0.0000 0.0000 0.0000 0.0000 0.0000 3.5800 4.7200 
2022 9 23 14 0.3800 348.7600 0.0000 3.2000 381.8182 646.8435 0.8946 0.0000 4.7200 0.0000 0.0000 0.0000 0.0000 0.0000 3.5800 4.7200 
2022 9 23 15 0.3900 368.4300 0.0000 3.2000 381.8141 646.8426 0.8945 0.0000 4.7200 0.0000 0.0000 0.0000 0.0000 0.0000 3.5900 4.7200 
2022 9 23 16 0.3900 372.4400 0.0000 3.2000 381.8100 646.8416 0.8945 0.0000 4.7200 0.0000 0.0000 0.0000 0.0000 0.0000 3.5900 4.7200 
2022 9 23 17 0.3900 385.1400 0.0000 3.2000 381.8060 646.8407 0.8945 0.0000 4.7200 0.0000 0.0000 0.0000 0.0000 0.0000 3.5900 4.7200 
2022 9 23 18 0.3900 394.3100 0.0000 3.2000 381.8019 646.8397 0.8944 0.0000 4.7200 0.0000 0.0000 0.0000 0.0000 0.0000 3.5900 4.7200 
2022 9 23 19 0.3900 394.3100 0.0000 3.2000 381.7978 646.8387 0.8944 0.0000 4.7200 0.0000 0.0000 0.0000 0.0000 0.0000 3.5900 4.7200 
2022 9 23 20 0.3900 378.4500 0.0000 3.2000 381.7938 646.8378 0.8944 0.0000 4.7200 0.0000 0.0000 0.0000 0.0000 0.0000 3.5900 4.7200 
2022 9 23 21 0.4000 375.1800 0.0000 3.2000 381.7897 646.8368 0.8943 0.0000 4.7200 0.0000 0.0000 0.0000 0.0000 0.0000 3.6000 4.7200 
2022 9 23 22 0.4000 358.7500 0.0000 3.2000 381.7857 646.8359 0.8943 0.0000 4.7200 0.0000 0.0000 0.0000 0.0000 0.0000 3.6000 4.7200 
2022 9 23 23 0.4000 364.1800 0.0000 3.2000 381.7817 646.8349 0.8943 0.0000 4.7200 0.0000 0.0000 0.0000 0.0000 0.0000 3.6000 4.7200 
2022 9 24 0 0.4000 354.9500 0.0000 3.2000 381.7776 646.8340 0.8942 0.0000 4.7200 0.0000 0.0000 0.0000 0.0000 0.0000 3.6000 4.7200 
2022 9 24 1 0.4000 312.8900 0.0000 3.2000 381.7736 646.8330 0.8942 0.0000 4.7200 0.0000 0.0000 0.0000 0.0000 0.0000 3.6000 4.7200 
2022 9 24 2 0.4000 306.6100 0.0000 3.2000 381.7696 646.8320 0.8942 0.0000 4.7200 0.0000 0.0000 0.0000 0.0000 0.0000 3.6000 4.7200 
2022 9 24 3 0.4000 305.6800 0.0000 3.2000 381.7655 646.8311 0.8942 0.0000 4.7200 0.0000 0.0000 0.0000 0.0000 0.0000 3.6000 4.7200 
2022 9 24 4 0.4000 313.8000 0.0000 3.2000 381.7615 646.8301 0.8941 0.0000 4.7200 0.0000 0.0000 0.0000 0.0000 0.0000 3.6000 4.7200 
2022 9 24 5 0.4000 351.7300 0.0000 3.2000 381.7575 646.8292 0.8941 0.0000 4.7200 0.0000 0.0000 0.0000 0.0000 0.0000 3.6000 4.7200 
2022 9 24 6 0.4000 362.3300 0.0000 3.2000 381.7534 646.8282 0.8941 0.0000 4.7200 0.0000 0.0000 0.0000 0.0000 0.0000 3.6000 4.7200 
2022 9 24 7 0.4000 369.1600 0.0000 3.2000 381.7494 646.8273 0.8940 0.0000 4.7200 0.0000 0.0000 0.0000 0.0000 0.0000 3.6000 4.7200 
2022 9 24 8 0.4000 373.6300 0.0000 3.2000 381.7454 646.8263 0.8940 0.0000 4.7200 0.0000 0.0000 0.0000 0.0000 0.0000 3.6000 4.7200 
2022 9 24 9 0.4000 368.4300 0.0000 3.2000 381.7413 646.8254 0.8940 0.0000 4.7200 0.0000 0.0000 0.0000 0.0000 0.0000 3.6000 4.7200 
2022 9 24 10 0.4000 362.0100 0.0000 3.2000 381.7373 646.8244 0.8939 0.0000 4.7200 0.0000 0.0000 0.0000 0.0000 0.0000 3.6000 4.7200 
2022 9 24 11 0.3900 350.0300 0.0000 3.2000 381.7332 646.8235 0.8939 0.0000 4.7200 0.0000 0.0000 0.0000 0.0000 0.0000 3.5900 4.7200 
2022 9 24 12 0.3900 316.4000 0.0000 3.2000 381.7292 646.8225 0.8939 0.0000 4.7200 0.0000 0.0000 0.0000 0.0000 0.0000 3.5900 4.7200 
2022 9 24 13 0.3900 317.1500 0.0000 3.2000 381.7251 646.8215 0.8938 0.0000 4.7200 0.0000 0.0000 0.0000 0.0000 0.0000 3.5900 4.7200 
2022 9 24 14 0.3900 338.9500 0.0000 3.2000 381.7210 646.8206 0.8938 0.0000 4.7200 0.0000 0.0000 0.0000 0.0000 0.0000 3.5900 4.7200 
2022 9 24 15 0.3900 356.3500 0.0000 3.2000 381.7170 646.8196 0.8938 0.0000 4.7200 0.0000 0.0000 0.0000 0.0000 0.0000 3.5900 4.7200 
2022 9 24 16 0.3900 369.6400 0.0000 3.2000 381.7129 646.8187 0.8937 0.0000 4.7200 0.0000 0.0000 0.0000 0.0000 0.0000 3.5900 4.7200 
2022 9 24 17 0.4000 389.7200 0.0000 3.2000 381.7089 646.8177 0.8937 0.0000 4.7200 0.0000 0.0000 0.0000 0.0000 0.0000 3.6000 4.7200 
2022 9 24 18 0.4000 403.6200 0.0000 3.2000 381.7048 646.8167 0.8937 0.0000 4.7200 0.0000 0.0000 0.0000 0.0000 0.0000 3.6000 4.7200 
2022 9 24 19 0.4000 393.8700 0.0000 3.2000 381.7008 646.8158 0.8936 0.0000 4.7200 0.0000 0.0000 0.0000 0.0000 0.0000 3.6000 4.7200 
2022 9 24 20 0.4000 370.0400 0.0000 3.2000 381.6968 646.8148 0.8936 0.0000 4.7200 0.0000 0.0000 0.0000 0.0000 0.0000 3.6000 4.7200 
2022 9 24 21 0.4000 356.1100 0.0000 3.2000 381.6927 646.8139 0.8936 0.0000 4.7200 0.0000 0.0000 0.0000 0.0000 0.0000 3.6000 4.7200 
2022 9 24 22 0.4000 333.9800 0.0000 3.2000 381.6887 646.8129 0.8935 0.0000 4.7200 0.0000 0.0000 0.0000 0.0000 0.0000 3.6000 4.7200 
2022 9 24 23 0.4000 339.9900 0.0000 3.2000 381.6847 646.8120 0.8935 0.0000 4.7200 0.0000 0.0000 0.0000 0.0000 0.0000 3.6000 4.7200 
2022 9 25 0 0.4100 322.7200 0.0000 3.2000 381.6807 646.8110 0.8935 0.0000 4.7200 0.0000 0.0000 0.0000 0.0000 0.0000 3.6100 4.7200 
2022 9 25 1 0.4100 295.1700 0.0000 3.2000 381.6767 646.8101 0.8935 0.0000 4.7200 0.0000 0.0000 0.0000 0.0000 0.0000 3.6100 4.7200 
2022 9 25 2 0.4200 277.6900 0.0000 3.2000 381.6727 646.8092 0.8934 0.0000 4.7200 0.0000 0.0000 0.0000 0.0000 0.0000 3.6200 4.7200 
2022 9 25 3 0.4200 207.4000 0.0000 3.2000 381.6688 646.8082 0.8934 0.0000 4.7200 0.0000 0.0000 0.0000 0.0000 0.0000 3.6200 4.7200 
2022 9 25 4 0.4200 210.8100 0.0000 3.2000 381.6648 646.8073 0.8934 0.0000 4.7200 0.0000 0.0000 0.0000 0.0000 0.0000 3.6200 4.7200 
2022 9 25 5 0.4400 246.3600 0.0000 3.2000 381.6609 646.8064 0.8933 0.0000 4.7200 0.0000 0.0000 0.0000 0.0000 0.0000 3.6400 4.7200 
2022 9 25 6 0.4600 255.9400 0.0000 3.2000 381.6571 646.8055 0.8933 0.0000 4.7200 0.0000 0.0000 0.0000 0.0000 0.0000 3.6600 4.7200 
2022 9 25 7 0.4800 297.3800 0.0000 3.2000 381.6534 646.8046 0.8933 0.0000 4.7200 0.0000 0.0000 0.0000 0.0000 0.0000 3.6800 4.7200 
2022 9 25 8 0.5200 311.0900 0.0000 3.2000 381.6498 646.8037 0.8932 0.0000 4.7200 0.0000 0.0000 0.0000 0.0000 0.0000 3.7200 4.7200 
2022 9 25 9 0.5700 309.9700 0.0000 3.2000 381.6463 646.8029 0.8932 0.0000 4.7200 0.0000 0.0000 0.0000 0.0000 0.0000 3.7700 4.7200 
2022 9 25 10 0.6500 331.6600 0.0000 3.2000 381.6432 646.8022 0.8932 0.0000 4.7200 0.0000 0.0000 0.0000 0.0000 0.0000 3.8500 4.7200 
2022 9 25 11 0.7500 284.3100 0.0000 3.2000 381.6404 646.8015 0.8932 0.0000 4.7200 0.0000 0.0000 0.0000 0.0000 0.0000 3.9500 4.7200 
2022 9 25 12 0.8600 254.2800 0.0000 3.2000 381.6381 646.8010 0.8931 0.0000 4.7200 0.0000 0.0000 0.0000 0.0000 0.0000 4.0600 4.7200 
2022 9 25 13 0.9700 240.8700 0.0000 3.2000 381.6361 646.8005 0.8931 0.0000 4.7200 0.0000 0.0000 0.0000 0.0000 0.0000 4.1700 4.7200 
2022 9 25 14 1.0700 271.8500 0.0000 3.2000 381.6345 646.8001 0.8931 0.0000 4.7200 0.0000 0.0000 0.0000 0.0000 0.0000 4.2700 4.7200 
2022 9 25 15 1.1800 324.3400 0.0000 3.2000 381.6332 646.7998 0.8931 0.0000 4.7200 0.0000 0.0000 0.0000 0.0000 0.0000 4.3800 4.7200 
2022 9 25 16 1.2600 355.2400 0.0000 3.2000 381.6323 646.7996 0.8931 0.0000 4.7200 0.0000 0.0000 0.0000 0.0000 0.0000 4.4600 4.7200 
2022 9 25 17 1.3400 363.0100 0.0000 3.2000 381.6316 646.7994 0.8931 0.0000 4.7200 0.0000 0.0000 0.0000 0.0000 0.0000 4.5400 4.7200 
2022 9 25 18 1.3900 369.6700 0.0000 3.2000 381.6312 646.7993 0.8931 0.0000 4.7200 0.0000 0.0000 0.0000 0.0000 0.0000 4.5900 4.7200 
2022 9 25 19 1.4200 374.4700 0.0000 3.2000 381.6308 646.7992 0.8931 0.0000 4.7200 0.0000 0.0000 0.0000 0.0000 0.0000 4.6200 4.7200 
2022 9 25 20 1.4500 366.3400 0.0000 3.2000 381.6306 646.7992 0.8931 0.0000 4.7200 0.0000 0.0000 0.0000 0.0000 0.0000 4.6500 4.7200 
2022 9 25 21 1.4700 353.0700 0.0000 3.2000 381.6304 646.7991 0.8931 0.0000 4.7200 0.0000 0.0000 0.0000 0.0000 0.0000 4.6700 4.7200 
2022 9 25 22 1.4800 297.0400 0.0000 3.2000 381.6302 646.7991 0.8931 0.0000 4.7200 0.0000 0.0000 0.0000 0.0000 0.0000 4.6800 4.7200 
2022 9 25 23 1.4700 257.1800 0.0000 3.2000 381.6301 646.7991 0.8931 0.0000 4.7200 0.0000 0.0000 0.0000 0.0000 0.0000 4.6700 4.7200 
2022 9 26 0 1.4500 187.6300 0.0000 3.2000 381.6298 646.7990 0.8931 0.0000 4.7200 0.0000 0.0000 0.0000 0.0000 0.0000 4.6500 4.7200 
2022 9 26 1 1.4500 162.1400 0.0000 3.2000 381.6296 646.7989 0.8931 0.0000 4.7200 0.0000 0.0000 0.0000 0.0000 0.0000 4.6500 4.7200 
2022 9 26 2 1.4400 129.0800 0.0000 3.2000 381.6293 646.7989 0.8931 0.0000 4.7200 0.0000 0.0000 0.0000 0.0000 0.0000 4.6400 4.7200 
2022 9 26 3 1.4400 104.5700 0.0000 3.2000 381.6290 646.7988 0.8931 0.0000 4.7200 0.0000 0.0000 0.0000 0.0000 0.0000 4.6400 4.7200 
2022 9 26 4 1.4500 166.3500 0.0000 3.2000 381.6287 646.7988 0.8931 0.0000 4.7200 0.0000 0.0000 0.0000 0.0000 0.0000 4.6500 4.7200 
2022 9 26 5 1.4500 268.6000 0.0000 3.2000 381.6285 646.7987 0.8931 0.0000 4.7200 0.0000 0.0000 0.0000 0.0000 0.0000 4.6500 4.7200 
2022 9 26 6 1.4600 336.9000 0.0000 3.2000 381.6283 646.7986 0.8931 0.0000 4.7200 0.0000 0.0000 0.0000 0.0000 0.0000 4.6600 4.7200 
2022 9 26 7 1.4800 341.1500 0.0000 3.2000 381.6281 646.7986 0.8931 0.0000 4.7200 0.0000 0.0000 0.0000 0.0000 0.0000 4.6800 4.7200 
2022 9 26 8 1.5200 312.9300 0.0000 3.2000 381.6281 646.7986 0.8931 0.0000 4.7200 0.0000 0.0000 0.0000 0.0000 0.0000 4.7200 4.7200 
2022 9 26 9 1.6200 276.5500 0.0000 3.2000 381.6285 646.7987 0.8931 0.0000 4.7200 0.0000 0.0000 0.0000 0.0000 0.0000 4.8200 4.7200 
2022 9 26 10 1.7900 231.5400 0.0000 3.2000 381.6294 646.7989 0.8931 0.0000 4.7200 0.0000 0.0000 0.0000 0.0000 0.0000 4.9900 4.7200 
2022 9 26 11 2.0100 215.6000 0.0000 3.2000 381.6312 646.7993 0.8931 0.0000 4.7200 0.0000 0.0000 0.0000 0.0000 0.0000 5.2100 4.7200 
2022 9 26 12 2.1400 206.7900 0.0000 3.2000 381.6334 646.7999 0.8931 0.0000 4.7200 0.0000 0.0000 0.0000 0.0000 0.0000 5.3400 4.7200 
2022 9 26 13 2.1500 164.2200 0.0000 3.2000 381.6357 646.8004 0.8931 0.0000 4.7200 0.0000 0.0000 0.0000 0.0000 0.0000 5.3500 4.7200 
2022 9 26 14 2.1200 239.4100 0.0000 3.2000 381.6379 646.8009 0.8931 0.0000 4.7200 0.0000 0.0000 0.0000 0.0000 0.0000 5.3200 4.7200 
2022 9 26 15 2.0700 302.2400 0.0000 3.2000 381.6399 646.8014 0.8932 0.0000 4.7200 0.0000 0.0000 0.0000 0.0000 0.0000 5.2700 4.7200 
2022 9 26 16 2.0100 318.1000 0.0000 3.2000 381.6416 646.8018 0.8932 0.0000 4.7200 0.0000 0.0000 0.0000 0.0000 0.0000 5.2100 4.7200 
2022 9 26 17 1.9500 336.0100 0.0000 3.2000 381.6432 646.8022 0.8932 0.0000 4.7200 0.0000 0.0000 0.0000 0.0000 0.0000 5.1500 4.7200 
2022 9 26 18 1.9200 343.0200 0.0000 3.2000 381.6446 646.8025 0.8932 0.0000 4.7200 0.0000 0.0000 0.0000 0.0000 0.0000 5.1200 4.7200 
2022 9 26 19 1.8800 348.7100 0.0000 3.2000 381.6459 646.8028 0.8932 0.0000 4.7200 0.0000 0.0000 0.0000 0.0000 0.0000 5.0800 4.7200 
2022 9 26 20 1.8800 335.5400 0.0000 3.2000 381.6472 646.8031 0.8932 0.0000 4.7200 0.0000 0.0000 0.0000 0.0000 0.0000 5.0800 4.7200 
2022 9 26 21 1.9000 301.4200 0.0000 3.2000 381.6486 646.8034 0.8932 0.0000 4.7200 0.0000 0.0000 0.0000 0.0000 0.0000 5.1000 4.7200 
2022 9 26 22 1.9600 290.0600 0.0000 3.2000 381.6501 646.8038 0.8932 0.0000 4.7200 0.0000 0.0000 0.0000 0.0000 0.0000 5.1600 4.7200 
2022 9 26 23 2.0300 306.9800 0.0000 3.2000 381.6520 646.8043 0.8933 0.0000 4.7200 0.0000 0.0000 0.0000 0.0000 0.0000 5.2300 4.7200 
2022 9 27 0 2.0800 245.1800 0.0000 3.2000 381.6540 646.8047 0.8933 0.0000 4.7200 0.0000 0.0000 0.0000 0.0000 0.0000 5.2800 4.7200 
2022 9 27 1 2.0900 181.0000 0.0000 3.2000 381.6561 646.8052 0.8933 0.0000 4.7200 0.0000 0.0000 0.0000 0.0000 0.0000 5.2900 4.7200 
2022 9 27 2 2.0900 161.2800 0.0000 3.2000 381.6581 646.8057 0.8933 0.0000 4.7200 0.0000 0.0000 0.0000 0.0000 0.0000 5.2900 4.7200 
2022 9 27 3 2.0800 214.3300 0.0000 3.2000 381.6601 646.8062 0.8933 0.0000 4.7200 0.0000 0.0000 0.0000 0.0000 0.0000 5.2800 4.7200 
2022 9 27 4 2.0700 301.7700 0.0000 3.2000 381.6621 646.8066 0.8933 0.0000 4.7200 0.0000 0.0000 0.0000 0.0000 0.0000 5.2700 4.7200 
2022 9 27 5 2.0800 314.5900 0.0000 3.2000 381.6641 646.8071 0.8934 0.0000 4.7200 0.0000 0.0000 0.0000 0.0000 0.0000 5.2800 4.7200 
2022 9 27 6 2.0900 331.8400 0.0000 3.2000 381.6662 646.8076 0.8934 0.0000 4.7200 0.0000 0.0000 0.0000 0.0000 0.0000 5.2900 4.7200 
2022 9 27 7 2.1100 340.3900 0.0000 3.2000 381.6683 646.8081 0.8934 0.0000 4.7200 0.0000 0.0000 0.0000 0.0000 0.0000 5.3100 4.7200 
2022 9 27 8 2.1400 338.7400 0.0000 3.2000 381.6705 646.8086 0.8934 0.0000 4.7200 0.0000 0.0000 0.0000 0.0000 0.0000 5.3400 4.7200 
2022 9 27 9 2.1700 338.6300 0.0000 3.2000 381.6729 646.8092 0.8934 0.0000 4.7200 0.0000 0.0000 0.0000 0.0000 0.0000 5.3700 4.7200 
2022 9 27 10 2.1900 335.6900 0.0000 3.2000 381.6753 646.8098 0.8934 0.0000 4.7200 0.0000 0.0000 0.0000 0.0000 0.0000 5.3900 4.7200 
2022 9 27 11 2.2000 330.8600 0.0000 3.2000 381.6777 646.8103 0.8935 0.0000 4.7200 0.0000 0.0000 0.0000 0.0000 0.0000 5.4000 4.7200 
2022 9 27 12 2.2200 314.3700 0.0000 3.2000 381.6802 646.8109 0.8935 0.0000 4.7200 0.0000 0.0000 0.0000 0.0000 0.0000 5.4200 4.7200 
2022 9 27 13 2.2400 307.7000 0.0000 3.2000 381.6828 646.8115 0.8935 0.0000 4.7200 0.0000 0.0000 0.0000 0.0000 0.0000 5.4400 4.7200 
2022 9 27 14 2.2800 322.1100 0.0000 3.2000 381.6856 646.8122 0.8935 0.0000 4.7200 0.0000 0.0000 0.0000 0.0000 0.0000 5.4800 4.7200 
2022 9 27 15 2.3400 326.6400 0.0000 3.2000 381.6885 646.8129 0.8935 0.0000 4.7200 0.0000 0.0000 0.0000 0.0000 0.0000 5.5400 4.7200 
2022 9 27 16 2.4800 333.7800 0.0000 3.2000 381.6920 646.8137 0.8936 0.0000 4.7200 0.0000 0.0000 0.0000 0.0000 0.0000 5.6800 4.7200 
2022 9 27 17 2.7500 341.4300 0.0000 3.2000 381.6964 646.8148 0.8936 0.0000 4.7200 0.0000 0.0000 0.0000 0.0000 0.0000 5.9500 4.7200 
2022 9 27 18 3.2100 344.4400 0.0000 3.2000 381.7025 646.8162 0.8937 0.0000 4.7200 0.0000 0.0000 0.0000 0.0000 0.0000 6.4100 4.7200 
2022 9 27 19 3.7300 346.9500 0.0000 3.2000 381.7104 646.8181 0.8937 0.0000 4.7200 0.0000 0.0000 0.0000 0.0000 0.0000 6.9300 4.7200 
2022 9 27 20 4.1700 337.8300 0.0000 3.2000 381.7200 646.8203 0.8938 0.0000 4.7200 0.0000 0.0000 0.0000 0.0000 0.0000 7.3700 4.7200 
2022 9 27 21 4.5900 327.3200 0.0000 3.2000 381.7310 646.8229 0.8939 0.0000 4.7200 0.0000 0.0000 0.0000 0.0000 0.0000 7.7900 4.7200 
2022 9 27 22 5.0300 321.3200 0.0000 3.2000 381.7437 646.8259 0.8940 0.0000 4.7200 0.0000 0.0000 0.0000 0.0000 0.0000 8.2300 4.7200 
2022 9 27 23 5.3300 307.0600 0.0000 3.2000 381.7574 646.8292 0.8941 0.0000 4.7200 0.0000 0.0000 0.0000 0.0000 0.0000 8.5300 4.7200 
2022 9 28 0 5.4600 276.3500 0.0000 3.2000 381.7716 646.8325 0.8942 0.0000 4.7200 0.0000 0.0000 0.0000 0.0000 0.0000 8.6600 4.7200 
2022 9 28 1 5.5200 246.4400 0.0000 3.2000 381.7860 646.8359 0.8943 0.0000 4.7200 0.0000 0.0000 0.0000 0.0000 0.0000 8.7200 4.7200 
2022 9 28 2 5.5300 243.4900 0.0000 3.2000 381.8004 646.8393 0.8944 0.0000 4.7200 0.0000 0.0000 0.0000 0.0000 0.0000 8.7300 4.7200 
2022 9 28 3 5.5200 274.3400 0.0000 3.2000 381.8148 646.8427 0.8945 0.0000 4.7200 0.0000 0.0000 0.0000 0.0000 0.0000 8.7200 4.7200 
2022 9 28 4 5.4900 306.6800 0.0000 3.2000 381.8291 646.8461 0.8947 0.0000 4.7200 0.0000 0.0000 0.0000 0.0000 0.0000 8.6900 4.7200 
2022 9 28 5 5.4600 312.1100 0.0000 3.2000 381.8433 646.8495 0.8948 0.0000 4.7200 0.0000 0.0000 0.0000 0.0000 0.0000 8.6600 4.7200 
2022 9 28 6 5.4400 312.6200 0.0000 3.2000 381.8574 646.8528 0.8949 0.0000 4.7200 0.0000 0.0000 0.0000 0.0000 0.0000 8.6400 4.7200 
2022 9 28 7 5.4500 324.8100 0.0000 3.2000 381.8715 646.8562 0.8950 0.0000 4.7200 0.0000 0.0000 0.0000 0.0000 0.0000 8.6500 4.7200 
2022 9 28 8 5.4700 333.1500 0.0000 3.2000 381.8858 646.8595 0.8951 0.0000 4.7200 0.0000 0.0000 0.0000 0.0000 0.0000 8.6700 4.7200 
2022 9 28 9 5.4600 328.0300 0.0000 3.2000 381.9000 646.8629 0.8952 0.0000 4.7200 0.0000 0.0000 0.0000 0.0000 0.0000 8.6600 4.7200 
2022 9 28 10 5.4400 323.9500 0.0000 3.2000 381.9141 646.8662 0.8953 0.0000 4.7200 0.0000 0.0000 0.0000 0.0000 0.0000 8.6400 4.7200 
2022 9 28 11 5.3900 325.5900 0.0000 3.2000 381.9280 646.8695 0.8954 0.0000 4.7200 0.0000 0.0000 0.0000 0.0000 0.0000 8.5900 4.7200 
2022 9 28 12 5.3100 328.8300 0.0000 3.2000 381.9416 646.8727 0.8955 0.0000 4.7200 0.0000 0.0000 0.0000 0.0000 0.0000 8.5100 4.7200 
2022 9 28 13 5.2100 330.2400 0.0000 3.2000 381.9549 646.8759 0.8956 0.0000 4.7200 0.0000 0.0000 0.0000 0.0000 0.0000 8.4100 4.7200 
2022 9 28 14 5.1000 329.7100 0.0000 3.2000 381.9678 646.8789 0.8958 0.0000 4.7200 0.0000 0.0000 0.0000 0.0000 0.0000 8.3000 4.7200 
2022 9 28 15 5.0000 320.1000 0.0000 3.2000 381.9803 646.8819 0.8958 0.0000 4.7200 0.0000 0.0000 0.0000 0.0000 0.0000 8.2000 4.7200 
2022 9 28 16 4.9000 315.4400 0.0000 3.2000 381.9925 646.8848 0.8959 0.0000 4.7200 0.0000 0.0000 0.0000 0.0000 0.0000 8.1000 4.7200 
2022 9 28 17 4.8000 320.0600 0.0000 3.2000 382.0043 646.8875 0.8960 0.0000 4.7200 0.0000 0.0000 0.0000 0.0000 0.0000 8.0000 4.7200 
2022 9 28 18 4.7000 320.7100 0.0000 3.2000 382.0158 646.8903 0.8961 0.0000 4.7200 0.0000 0.0000 0.0000 0.0000 0.0000 7.9000 4.7200 
2022 9 28 19 4.6100 316.6600 0.0000 3.2000 382.0269 646.8929 0.8962 0.0000 4.7200 0.0000 0.0000 0.0000 0.0000 0.0000 7.8100 4.7200 
2022 9 28 20 4.5200 312.1300 0.0000 3.2000 382.0377 646.8954 0.8963 0.0000 4.7200 0.0000 0.0000 0.0000 0.0000 0.0000 7.7200 4.7200 
2022 9 28 21 4.4400 293.6400 0.0000 3.2000 382.0482 646.8979 0.8964 0.0000 4.7200 0.0000 0.0000 0.0000 0.0000 0.0000 7.6400 4.7200 
2022 9 28 22 4.3500 292.4600 0.0000 3.2000 382.0584 646.9003 0.8965 0.0000 4.7200 0.0000 0.0000 0.0000 0.0000 0.0000 7.5500 4.7200 
2022 9 28 23 4.2800 316.9900 0.0000 3.2000 382.0683 646.9027 0.8965 0.0000 4.7200 0.0000 0.0000 0.0000 0.0000 0.0000 7.4800 4.7200 
2022 9 29 0 4.2000 314.0000 0.0000 3.2000 382.0780 646.9050 0.8966 0.0000 4.7200 0.0000 0.0000 0.0000 0.0000 0.0000 7.4000 4.7200 
2022 9 29 1 4.1200 313.9700 0.0000 3.2000 382.0873 646.9072 0.8967 0.0000 4.7200 0.0000 0.0000 0.0000 0.0000 0.0000 7.3200 4.7200 
2022 9 29 2 4.0600 313.9600 0.0000 3.2000 382.0965 646.9093 0.8968 0.0000 4.7200 0.0000 0.0000 0.0000 0.0000 0.0000 7.2600 4.7200 
2022 9 29 3 4.0000 314.5600 0.0000 3.2000 382.1054 646.9114 0.8968 0.0000 4.7200 0.0000 0.0000 0.0000 0.0000 0.0000 7.2000 4.7200 
2022 9 29 4 3.9300 320.6300 0.0000 3.2000 382.1141 646.9135 0.8969 0.0000 4.7200 0.0000 0.0000 0.0000 0.0000 0.0000 7.1300 4.7200 
2022 9 29 5 3.8700 326.5500 0.0000 3.2000 382.1225 646.9155 0.8970 0.0000 4.7200 0.0000 0.0000 0.0000 0.0000 0.0000 7.0700 4.7200 
2022 9 29 6 3.8100 329.3000 0.0000 3.2000 382.1308 646.9174 0.8970 0.0000 4.7200 0.0000 0.0000 0.0000 0.0000 0.0000 7.0100 4.7200 
2022 9 29 7 3.7500 348.4400 0.0000 3.2000 382.1388 646.9193 0.8971 0.0000 4.7200 0.0000 0.0000 0.0000 0.0000 0.0000 6.9500 4.7200 
2022 9 29 8 3.7000 371.5900 0.0000 3.2000 382.1467 646.9212 0.8972 0.0000 4.7200 0.0000 0.0000 0.0000 0.0000 0.0000 6.9000 4.7200 
2022 9 29 9 3.6400 377.8600 0.0000 3.2000 382.1543 646.9230 0.8972 0.0000 4.7200 0.0000 0.0000 0.0000 0.0000 0.0000 6.8400 4.7200 
2022 9 29 10 3.5800 354.6500 0.0000 3.2000 382.1617 646.9248 0.8973 0.0000 4.7200 0.0000 0.0000 0.0000 0.0000 0.0000 6.7800 4.7200 
2022 9 29 11 3.5400 339.8800 0.0000 3.2000 382.1690 646.9265 0.8973 0.0000 4.7200 0.0000 0.0000 0.0000 0.0000 0.0000 6.7400 4.7200 
2022 9 29 12 3.4800 349.1900 0.0000 3.2000 382.1760 646.9281 0.8974 0.0000 4.7200 0.0000 0.0000 0.0000 0.0000 0.0000 6.6800 4.7200 
2022 9 29 13 3.4300 340.8000 0.0000 3.2000 382.1829 646.9298 0.8974 0.0000 4.7200 0.0000 0.0000 0.0000 0.0000 0.0000 6.6300 4.7200 
2022 9 29 14 3.3800 355.7500 0.0000 3.2000 382.1896 646.9313 0.8975 0.0000 4.7200 0.0000 0.0000 0.0000 0.0000 0.0000 6.5800 4.7200 
2022 9 29 15 3.3300 371.6800 0.0000 3.2000 382.1961 646.9329 0.8976 0.0000 4.7200 0.0000 0.0000 0.0000 0.0000 0.0000 6.5300 4.7200 
2022 9 29 16 3.2900 378.1500 0.0000 3.2000 382.2025 646.9344 0.8976 0.0000 4.7200 0.0000 0.0000 0.0000 0.0000 0.0000 6.4900 4.7200 
2022 9 29 17 3.2500 382.6500 0.0000 3.2000 382.2087 646.9359 0.8977 0.0000 4.7200 0.0000 0.0000 0.0000 0.0000 0.0000 6.4500 4.7200 
2022 9 29 18 3.2100 376.7800 0.0000 3.2000 382.2148 646.9373 0.8977 0.0000 4.7200 0.0000 0.0000 0.0000 0.0000 0.0000 6.4100 4.7200 
2022 9 29 19 3.1700 373.9000 0.0000 3.2000 382.2207 646.9387 0.8977 0.0000 4.7200 0.0000 0.0000 0.0000 0.0000 0.0000 6.3700 4.7200 
2022 9 29 20 3.1200 359.2700 0.0000 3.2000 382.2265 646.9401 0.8978 0.0000 4.7200 0.0000 0.0000 0.0000 0.0000 0.0000 6.3200 4.7200 
2022 9 29 21 3.0900 339.6900 0.0000 3.2000 382.2322 646.9414 0.8978 0.0000 4.7200 0.0000 0.0000 0.0000 0.0000 0.0000 6.2900 4.7200 
2022 9 29 22 3.0500 335.5400 0.0000 3.2000 382.2377 646.9427 0.8979 0.0000 4.7200 0.0000 0.0000 0.0000 0.0000 0.0000 6.2500 4.7200 
2022 9 29 23 3.0100 341.5400 0.0000 3.2000 382.2430 646.9440 0.8979 0.0000 4.7200 0.0000 0.0000 0.0000 0.0000 0.0000 6.2100 4.7200 
2022 9 30 0 2.9800 324.5500 0.0000 3.2000 382.2483 646.9452 0.8980 0.0000 4.7200 0.0000 0.0000 0.0000 0.0000 0.0000 6.1800 4.7200 
2022 9 30 1 2.9500 322.1200 0.0000 3.2000 382.2534 646.9464 0.8980 0.0000 4.7200 0.0000 0.0000 0.0000 0.0000 0.0000 6.1500 4.7200 
2022 9 30 2 2.9200 320.8600 0.0000 3.2000 382.2585 646.9476 0.8980 0.0000 4.7200 0.0000 0.0000 0.0000 0.0000 0.0000 6.1200 4.7200 
2022 9 30 3 2.8800 320.8000 0.0000 3.2000 382.2634 646.9488 0.8981 0.0000 4.7200 0.0000 0.0000 0.0000 0.0000 0.0000 6.0800 4.7200 
2022 9 30 4 2.8500 321.3000 0.0000 3.2000 382.2682 646.9499 0.8981 0.0000 4.7200 0.0000 0.0000 0.0000 0.0000 0.0000 6.0500 4.7200 
2022 9 30 5 2.8200 327.7000 0.0000 3.2000 382.2728 646.9510 0.8982 0.0000 4.7200 0.0000 0.0000 0.0000 0.0000 0.0000 6.0200 4.7200 
2022 9 30 6 2.7900 355.5300 0.0000 3.2000 382.2774 646.9521 0.8982 0.0000 4.7200 0.0000 0.0000 0.0000 0.0000 0.0000 5.9900 4.7200 
2022 9 30 7 2.7600 370.8800 0.0000 3.2000 382.2819 646.9532 0.8982 0.0000 4.7200 0.0000 0.0000 0.0000 0.0000 0.0000 5.9600 4.7200 
2022 9 30 8 2.7400 365.2600 0.0000 3.2000 382.2863 646.9542 0.8983 0.0000 4.7200 0.0000 0.0000 0.0000 0.0000 0.0000 5.9400 4.7200 
2022 9 30 9 2.7100 354.3600 0.0000 3.2000 382.2906 646.9552 0.8983 0.0000 4.7200 0.0000 0.0000 0.0000 0.0000 0.0000 5.9100 4.7200 
2022 9 30 10 2.6800 331.2900 0.0000 3.2000 382.2947 646.9562 0.8983 0.0000 4.7200 0.0000 0.0000 0.0000 0.0000 0.0000 5.8800 4.7200 
2022 9 30 11 2.6500 292.1500 0.0000 3.2000 382.2988 646.9572 0.8984 0.0000 4.7200 0.0000 0.0000 0.0000 0.0000 0.0000 5.8500 4.7200 
2022 9 30 12 2.6200 264.0800 0.0000 3.2000 382.3028 646.9581 0.8984 0.0000 4.7200 0.0000 0.0000 0.0000 0.0000 0.0000 5.8200 4.7200 
2022 9 30 13 2.6000 209.4500 0.0000 3.2000 382.3066 646.9590 0.8984 0.0000 4.7200 0.0000 0.0000 0.0000 0.0000 0.0000 5.8000 4.7200 
2022 9 30 14 2.5800 204.5600 0.0000 3.2000 382.3105 646.9599 0.8985 0.0000 4.7200 0.0000 0.0000 0.0000 0.0000 0.0000 5.7800 4.7200 
2022 9 30 15 2.5600 225.8600 0.0000 3.2000 382.3142 646.9608 0.8985 0.0000 4.7200 0.0000 0.0000 0.0000 0.0000 0.0000 5.7600 4.7200 
2022 9 30 16 2.5500 307.7600 0.0000 3.2000 382.3179 646.9617 0.8985 0.0000 4.7200 0.0000 0.0000 0.0000 0.0000 0.0000 5.7500 4.7200 
2022 9 30 17 2.5300 293.1200 0.0000 3.2000 382.3215 646.9625 0.8985 0.0000 4.7200 0.0000 0.0000 0.0000 0.0000 0.0000 5.7300 4.7200 
2022 9 30 18 2.5100 316.2800 0.0000 3.2000 382.3251 646.9634 0.8986 0.0000 4.7200 0.0000 0.0000 0.0000 0.0000 0.0000 5.7100 4.7200 
2022 9 30 19 2.5100 306.5000 0.0000 3.2000 382.3287 646.9642 0.8986 0.0000 4.7200 0.0000 0.0000 0.0000 0.0000 0.0000 5.7100 4.7200 
2022 9 30 20 2.5000 201.5000 0.0000 3.2000 382.3322 646.9651 0.8986 0.0000 4.7200 0.0000 0.0000 0.0000 0.0000 0.0000 5.7000 4.7200 
2022 9 30 21 2.4900 176.8500 0.0000 3.2000 382.3357 646.9659 0.8987 0.0000 4.7200 0.0000 0.0000 0.0000 0.0000 0.0000 5.6900 4.7200 
2022 9 30 22 2.4900 99.1600 0.0000 3.2000 382.3392 646.9667 0.8987 0.0000 4.7200 0.0000 0.0000 0.0000 0.0000 0.0000 5.6900 4.7200 
2022 9 30 23 2.4800 83.4300 0.0000 3.2000 382.3426 646.9675 0.8987 0.0000 4.7200 0.0000 0.0000 0.0000 0.0000 0.0000 5.6800 4.7200 
2022 10 1 0 2.4800 69.2000 0.0000 3.2000 382.3461 646.9683 0.8987 0.0000 4.7200 0.0000 0.0000 0.0000 0.0000 0.0000 5.6800 4.7200 
2022 10 1 1 2.4700 54.4200 0.0000 3.2000 382.3495 646.9692 0.8988 0.0000 4.7200 0.0000 0.0000 0.0000 0.0000 0.0000 5.6700 4.7200 
2022 10 1 2 2.4800 23.3800 0.0000 3.2000 382.3530 646.9700 0.8988 0.0000 4.7200 0.0000 0.0000 0.0000 0.0000 0.0000 5.6800 4.7200 
2022 10 1 3 2.5300 18.4000 0.0000 3.2000 382.3566 646.9708 0.8988 0.0000 4.7200 0.0000 0.0000 0.0000 0.0000 0.0000 5.7300 4.7200 
2022 10 1 4 2.6300 17.4200 0.0000 3.2000 382.3606 646.9718 0.8989 0.0000 4.7200 0.0000 0.0000 0.0000 0.0000 0.0000 5.8300 4.7200 
2022 10 1 5 2.8600 17.0300 0.0000 3.2000 382.3654 646.9729 0.8989 0.0000 4.7200 0.0000 0.0000 0.0000 0.0000 0.0000 6.0600 4.7200 
2022 10 1 6 3.3200 25.9500 0.0000 3.2000 382.3719 646.9744 0.8989 0.0000 4.7200 0.0000 0.0000 0.0000 0.0000 0.0000 6.5200 4.7200 
2022 10 1 7 4.1400 48.9000 0.0000 3.2000 382.3813 646.9767 0.8990 0.0000 4.7200 0.0000 0.0000 0.0000 0.0000 0.0000 7.3400 4.7200 
2022 10 1 8 5.1600 79.6000 0.0000 3.2000 382.3944 646.9798 0.8991 0.0000 4.7200 0.0000 0.0000 0.0000 0.0000 0.0000 8.3600 4.7200 
2022 10 1 9 6.1100 119.5500 0.0000 3.2000 382.4110 646.9837 0.8992 0.0000 4.7200 0.0000 0.0000 0.0000 0.0000 0.0000 9.3100 4.7200 
2022 10 1 10 6.7900 116.2000 0.0000 3.2000 382.4299 646.9882 0.8994 0.0000 4.7200 0.0000 0.0000 0.0000 0.0000 0.0000 9.9900 4.7200 
2022 10 1 11 7.1500 97.9500 0.0000 3.2000 382.4502 646.9930 0.8996 0.0000 4.7200 0.0000 0.0000 0.0000 0.0000 0.0000 10.3500 4.7200 
2022 10 1 12 7.3200 80.5800 0.0000 3.2000 382.4711 646.9979 0.8997 0.0000 4.7200 0.0000 0.0000 0.0000 0.0000 0.0000 10.5200 4.7200 
2022 10 1 13 7.4300 72.0100 0.0000 3.2000 382.4924 647.0029 0.8999 0.0000 4.7200 0.0000 0.0000 0.0000 0.0000 0.0000 10.6300 4.7200 
2022 10 1 14 7.5200 72.8100 0.0000 3.2000 382.5140 647.0080 0.9001 0.0000 4.7200 0.0000 0.0000 0.0000 0.0000 0.0000 10.7200 4.7200 
2022 10 1 15 7.5500 75.9900 0.0000 3.2000 382.5357 647.0132 0.9002 0.0000 4.7200 0.0000 0.0000 0.0000 0.0000 0.0000 10.7500 4.7200 
2022 10 1 16 7.5200 149.9700 0.0000 3.2000 382.5573 647.0183 0.9004 0.0000 4.7200 0.0000 0.0000 0.0000 0.0000 0.0000 10.7200 4.7200 
2022 10 1 17 7.4000 184.2700 0.0000 3.2000 382.5784 647.0233 0.9006 0.0000 4.7200 0.0000 0.0000 0.0000 0.0000 0.0000 10.6000 4.7200 
2022 10 1 18 7.2300 213.0600 0.0000 3.2000 382.5990 647.0281 0.9007 0.0000 4.7200 0.0000 0.0000 0.0000 0.0000 0.0000 10.4300 4.7200 
2022 10 1 19 7.0600 196.2000 0.0000 3.2000 382.6189 647.0328 0.9009 0.0000 4.7200 0.0000 0.0000 0.0000 0.0000 0.0000 10.2600 4.7200 
2022 10 1 20 6.9000 157.6900 0.0000 3.2000 382.6383 647.0374 0.9010 0.0000 4.7200 0.0000 0.0000 0.0000 0.0000 0.0000 10.1000 4.7200 
2022 10 1 21 6.7500 120.0200 0.0000 3.2000 382.6571 647.0419 0.9012 0.0000 4.7200 0.0000 0.0000 0.0000 0.0000 0.0000 9.9500 4.7200 
2022 10 1 22 6.6200 84.2900 0.0000 3.2000 382.6755 647.0462 0.9013 0.0000 4.7200 0.0000 0.0000 0.0000 0.0000 0.0000 9.8200 4.7200 
2022 10 1 23 6.5000 70.8700 0.0000 3.2000 382.6934 647.0505 0.9015 0.0000 4.7200 0.0000 0.0000 0.0000 0.0000 0.0000 9.7000 4.7200 
2022 10 2 0 6.3800 70.3200 0.0000 3.2000 382.7109 647.0546 0.9016 0.0000 4.7200 0.0000 0.0000 0.0000 0.0000 0.0000 9.5800 4.7200 
2022 10 2 1 6.2700 63.9500 0.0000 3.2000 382.7280 647.0586 0.9018 0.0000 4.7200 0.0000 0.0000 0.0000 0.0000 0.0000 9.4700 4.7200 
2022 10 2 2 6.1800 68.0300 0.0000 3.2000 382.7448 647.0626 0.9019 0.0000 4.7200 0.0000 0.0000 0.0000 0.0000 0.0000 9.3800 4.7200 
2022 10 2 3 6.1100 64.9900 0.0000 3.2000 382.7613 647.0665 0.9020 0.0000 4.7200 0.0000 0.0000 0.0000 0.0000 0.0000 9.3100 4.7200 
2022 10 2 4 6.0400 65.3600 0.0000 3.2000 382.7776 647.0704 0.9021 0.0000 4.7200 0.0000 0.0000 0.0000 0.0000 0.0000 9.2400 4.7200 
2022 10 2 5 5.9800 65.2000 0.0000 3.2000 382.7937 647.0741 0.9023 0.0000 4.7200 0.0000 0.0000 0.0000 0.0000 0.0000 9.1800 4.7200 
2022 10 2 6 5.9100 127.7400 0.0000 3.2000 382.8095 647.0779 0.9024 0.0000 4.7200 0.0000 0.0000 0.0000 0.0000 0.0000 9.1100 4.7200 
2022 10 2 7 5.8600 93.3700 0.0000 3.2000 382.8251 647.0816 0.9025 0.0000 4.7200 0.0000 0.0000 0.0000 0.0000 0.0000 9.0600 4.7200 
2022 10 2 8 5.8100 212.7600 0.0000 3.2000 382.8405 647.0852 0.9026 0.0000 4.7200 0.0000 0.0000 0.0000 0.0000 0.0000 9.0100 4.7200 
2022 10 2 9 5.7700 232.8900 0.0000 3.2000 382.8558 647.0888 0.9028 0.0000 4.7200 0.0000 0.0000 0.0000 0.0000 0.0000 8.9700 4.7200 
2022 10 2 10 5.7200 233.2600 0.0000 3.2000 382.8709 647.0924 0.9029 0.0000 4.7200 0.0000 0.0000 0.0000 0.0000 0.0000 8.9200 4.7200 
2022 10 2 11 5.6800 253.5800 0.0000 3.2000 382.8859 647.0960 0.9030 0.0000 4.7200 0.0000 0.0000 0.0000 0.0000 0.0000 8.8800 4.7200 
2022 10 2 12 5.6400 287.3600 0.0000 3.2000 382.9008 647.0995 0.9031 0.0000 4.7200 0.0000 0.0000 0.0000 0.0000 0.0000 8.8400 4.7200 
2022 10 2 13 5.6000 254.1600 0.0000 3.2000 382.9154 647.1029 0.9032 0.0000 4.7200 0.0000 0.0000 0.0000 0.0000 0.0000 8.8000 4.7200 
2022 10 2 14 5.5400 224.5500 0.0000 3.2000 382.9299 647.1064 0.9033 0.0000 4.7200 0.0000 0.0000 0.0000 0.0000 0.0000 8.7400 4.7200 
2022 10 2 15 5.4800 107.4000 0.0000 3.2000 382.9442 647.1097 0.9035 0.0000 4.7200 0.0000 0.0000 0.0000 0.0000 0.0000 8.6800 4.7200 
2022 10 2 16 5.4400 220.4100 0.0000 3.2000 382.9583 647.1131 0.9036 0.0000 4.7200 0.0000 0.0000 0.0000 0.0000 0.0000 8.6400 4.7200 
2022 10 2 17 5.3800 297.9300 0.0000 3.2000 382.9722 647.1164 0.9037 0.0000 4.7200 0.0000 0.0000 0.0000 0.0000 0.0000 8.5800 4.7200 
2022 10 2 18 5.3300 331.6800 0.0000 3.2000 382.9859 647.1196 0.9038 0.0000 4.7200 0.0000 0.0000 0.0000 0.0000 0.0000 8.5300 4.7200 
2022 10 2 19 5.2700 318.4200 0.0000 3.2000 382.9994 647.1228 0.9039 0.0000 4.7200 0.0000 0.0000 0.0000 0.0000 0.0000 8.4700 4.7200 
2022 10 2 20 5.2100 253.0800 0.0000 3.2000 383.0127 647.1259 0.9040 0.0000 4.7200 0.0000 0.0000 0.0000 0.0000 0.0000 8.4100 4.7200 
2022 10 2 21 5.1500 178.6600 0.0000 3.2000 383.0257 647.1290 0.9041 0.0000 4.7200 0.0000 0.0000 0.0000 0.0000 0.0000 8.3500 4.7200 
2022 10 2 22 5.0800 165.3800 0.0000 3.2000 383.0386 647.1320 0.9042 0.0000 4.7200 0.0000 0.0000 0.0000 0.0000 0.0000 8.2800 4.7200 
2022 10 2 23 5.0200 194.7300 0.0000 3.2000 383.0512 647.1350 0.9043 0.0000 4.7200 0.0000 0.0000 0.0000 0.0000 0.0000 8.2200 4.7200 
2022 10 3 0 4.9600 179.9000 0.0000 3.2000 383.0635 647.1380 0.9044 0.0000 4.7200 0.0000 0.0000 0.0000 0.0000 0.0000 8.1600 4.7200 
2022 10 3 1 4.8900 171.6000 0.0000 3.2000 383.0757 647.1408 0.9045 0.0000 4.7200 0.0000 0.0000 0.0000 0.0000 0.0000 8.0900 4.7200 
2022 10 3 2 4.8200 100.4500 0.0000 3.2000 383.0876 647.1436 0.9046 0.0000 4.7200 0.0000 0.0000 0.0000 0.0000 0.0000 8.0200 4.7200 
2022 10 3 3 4.7800 104.5500 0.0000 3.2000 383.0993 647.1464 0.9047 0.0000 4.7200 0.0000 0.0000 0.0000 0.0000 0.0000 7.9800 4.7200 
2022 10 3 4 4.7400 140.4600 0.0000 3.2000 383.1109 647.1491 0.9048 0.0000 4.7200 0.0000 0.0000 0.0000 0.0000 0.0000 7.9400 4.7200 
2022 10 3 5 4.6900 212.7100 0.0000 3.2000 383.1223 647.1518 0.9049 0.0000 4.7200 0.0000 0.0000 0.0000 0.0000 0.0000 7.8900 4.7200 
2022 10 3 6 4.6400 305.1800 0.0000 3.2000 383.1335 647.1545 0.9050 0.0000 4.7200 0.0000 0.0000 0.0000 0.0000 0.0000 7.8400 4.7200 
2022 10 3 7 4.6000 323.5700 0.0000 3.2000 383.1446 647.1571 0.9050 0.0000 4.7200 0.0000 0.0000 0.0000 0.0000 0.0000 7.8000 4.7200 
2022 10 3 8 4.5500 275.9600 0.0000 3.2000 383.1555 647.1597 0.9051 0.0000 4.7200 0.0000 0.0000 0.0000 0.0000 0.0000 7.7500 4.7200 
2022 10 3 9 4.5100 212.7300 0.0000 3.2000 383.1663 647.1622 0.9052 0.0000 4.7200 0.0000 0.0000 0.0000 0.0000 0.0000 7.7100 4.7200 
2022 10 3 10 4.4800 156.7600 0.0000 3.2000 383.1769 647.1648 0.9053 0.0000 4.7200 0.0000 0.0000 0.0000 0.0000 0.0000 7.6800 4.7200 
2022 10 3 11 4.4400 126.7100 0.0000 3.2000 383.1875 647.1672 0.9054 0.0000 4.7200 0.0000 0.0000 0.0000 0.0000 0.0000 7.6400 4.7200 
2022 10 3 12 4.4000 137.5900 0.0000 3.2000 383.1978 647.1697 0.9055 0.0000 4.7200 0.0000 0.0000 0.0000 0.0000 0.0000 7.6000 4.7200 
2022 10 3 13 4.3500 154.3700 0.0000 3.2000 383.2080 647.1721 0.9055 0.0000 4.7200 0.0000 0.0000 0.0000 0.0000 0.0000 7.5500 4.7200 
2022 10 3 14 4.3200 196.1100 0.0000 3.2000 383.2181 647.1745 0.9056 0.0000 4.7200 0.0000 0.0000 0.0000 0.0000 0.0000 7.5200 4.7200 
2022 10 3 15 4.2900 238.2900 0.0000 3.2000 383.2281 647.1768 0.9057 0.0000 4.7200 0.0000 0.0000 0.0000 0.0000 0.0000 7.4900 4.7200 
2022 10 3 16 4.2600 332.4800 0.0000 3.2000 383.2379 647.1792 0.9058 0.0000 4.7200 0.0000 0.0000 0.0000 0.0000 0.0000 7.4600 4.7200 
2022 10 3 17 4.2200 367.0800 0.0000 3.2000 383.2476 647.1815 0.9059 0.0000 4.7200 0.0000 0.0000 0.0000 0.0000 0.0000 7.4200 4.7200 
2022 10 3 18 4.2000 373.7600 0.0000 3.2000 383.2573 647.1838 0.9059 0.0000 4.7200 0.0000 0.0000 0.0000 0.0000 0.0000 7.4000 4.7200 
2022 10 3 19 4.1600 364.8600 0.0000 3.2000 383.2668 647.1860 0.9060 0.0000 4.7200 0.0000 0.0000 0.0000 0.0000 0.0000 7.3600 4.7200 
2022 10 3 20 4.1300 326.4700 0.0000 3.2000 383.2762 647.1882 0.9061 0.0000 4.7200 0.0000 0.0000 0.0000 0.0000 0.0000 7.3300 4.7200 
2022 10 3 21 4.1100 319.0700 0.0000 3.2000 383.2855 647.1904 0.9062 0.0000 4.7200 0.0000 0.0000 0.0000 0.0000 0.0000 7.3100 4.7200 
2022 10 3 22 4.0700 297.8500 0.0000 3.2000 383.2947 647.1926 0.9062 0.0000 4.7200 0.0000 0.0000 0.0000 0.0000 0.0000 7.2700 4.7200 
2022 10 3 23 4.0500 211.7700 0.0000 3.2000 383.3038 647.1948 0.9063 0.0000 4.7200 0.0000 0.0000 0.0000 0.0000 0.0000 7.2500 4.7200 
2022 10 4 0 4.0100 193.6000 0.0000 3.2000 383.3128 647.1969 0.9064 0.0000 4.7200 0.0000 0.0000 0.0000 0.0000 0.0000 7.2100 4.7200 
2022 10 4 1 3.9900 193.0400 0.0000 3.2000 383.3217 647.1990 0.9064 0.0000 4.7200 0.0000 0.0000 0.0000 0.0000 0.0000 7.1900 4.7200 
2022 10 4 2 3.9800 173.9500 0.0000 3.2000 383.3305 647.2011 0.9065 0.0000 4.7200 0.0000 0.0000 0.0000 0.0000 0.0000 7.1800 4.7200 
2022 10 4 3 3.9700 192.6700 0.0000 3.2000 383.3393 647.2032 0.9066 0.0000 4.7200 0.0000 0.0000 0.0000 0.0000 0.0000 7.1700 4.7200 
2022 10 4 4 3.9400 202.5600 0.0000 3.2000 383.3481 647.2052 0.9066 0.0000 4.7200 0.0000 0.0000 0.0000 0.0000 0.0000 7.1400 4.7200 
2022 10 4 5 3.9200 252.2900 0.0000 3.2000 383.3567 647.2073 0.9067 0.0000 4.7200 0.0000 0.0000 0.0000 0.0000 0.0000 7.1200 4.7200 
2022 10 4 6 3.9000 299.2900 0.0000 3.2000 383.3653 647.2093 0.9068 0.0000 4.7200 0.0000 0.0000 0.0000 0.0000 0.0000 7.1000 4.7200 
2022 10 4 7 3.8600 308.4300 0.0000 3.2000 383.3737 647.2113 0.9069 0.0000 4.7200 0.0000 0.0000 0.0000 0.0000 0.0000 7.0600 4.7200 
2022 10 4 8 3.8400 303.3300 0.0000 3.2000 383.3820 647.2132 0.9069 0.0000 4.7200 0.0000 0.0000 0.0000 0.0000 0.0000 7.0400 4.7200 
2022 10 4 9 3.8200 266.3100 0.0000 3.2000 383.3903 647.2152 0.9070 0.0000 4.7200 0.0000 0.0000 0.0000 0.0000 0.0000 7.0200 4.7200 
2022 10 4 10 3.8000 223.4600 0.0000 3.2000 383.3985 647.2171 0.9070 0.0000 4.7200 0.0000 0.0000 0.0000 0.0000 0.0000 7.0000 4.7200 
2022 10 4 11 3.7800 171.5200 0.0000 3.2000 383.4067 647.2191 0.9071 0.0000 4.7200 0.0000 0.0000 0.0000 0.0000 0.0000 6.9800 4.7200 
2022 10 4 12 3.7500 159.6400 0.0000 3.2000 383.4147 647.2210 0.9072 0.0000 4.7200 0.0000 0.0000 0.0000 0.0000 0.0000 6.9500 4.7200 
2022 10 4 13 3.7400 148.3800 0.0000 3.2000 383.4227 647.2229 0.9072 0.0000 4.7200 0.0000 0.0000 0.0000 0.0000 0.0000 6.9400 4.7200 
2022 10 4 14 3.7300 152.6300 0.0000 3.2000 383.4306 647.2247 0.9073 0.0000 4.7200 0.0000 0.0000 0.0000 0.0000 0.0000 6.9300 4.7200 
2022 10 4 15 3.7200 187.8200 0.0000 3.2000 383.4386 647.2266 0.9074 0.0000 4.7200 0.0000 0.0000 0.0000 0.0000 0.0000 6.9200 4.7200 
2022 10 4 16 3.7000 211.9200 0.0000 3.2000 383.4464 647.2285 0.9074 0.0000 4.7200 0.0000 0.0000 0.0000 0.0000 0.0000 6.9000 4.7200 
2022 10 4 17 3.6800 236.0900 0.0000 3.2000 383.4542 647.2303 0.9075 0.0000 4.7200 0.0000 0.0000 0.0000 0.0000 0.0000 6.8800 4.7200 
2022 10 4 18 3.6800 212.0100 0.0000 3.2000 383.4620 647.2321 0.9075 0.0000 4.7200 0.0000 0.0000 0.0000 0.0000 0.0000 6.8800 4.7200 
2022 10 4 19 3.6800 178.5700 0.0000 3.2000 383.4697 647.2340 0.9076 0.0000 4.7200 0.0000 0.0000 0.0000 0.0000 0.0000 6.8800 4.7200 
2022 10 4 20 3.6700 159.3100 0.0000 3.2000 383.4775 647.2358 0.9077 0.0000 4.7200 0.0000 0.0000 0.0000 0.0000 0.0000 6.8700 4.7200 
2022 10 4 21 3.6700 161.8500 0.0000 3.2000 383.4852 647.2376 0.9077 0.0000 4.7200 0.0000 0.0000 0.0000 0.0000 0.0000 6.8700 4.7200 
2022 10 4 22 3.6600 141.6400 0.0000 3.2000 383.4929 647.2395 0.9078 0.0000 4.7200 0.0000 0.0000 0.0000 0.0000 0.0000 6.8600 4.7200 
2022 10 4 23 3.6700 45.8400 0.0000 3.2000 383.5007 647.2413 0.9079 0.0000 4.7200 0.0000 0.0000 0.0000 0.0000 0.0000 6.8700 4.7200 
2022 10 5 0 3.6800 87.4300 0.0000 3.2000 383.5084 647.2431 0.9079 0.0000 4.7200 0.0000 0.0000 0.0000 0.0000 0.0000 6.8800 4.7200 
2022 10 5 1 3.7000 56.7800 0.0000 3.2000 383.5163 647.2450 0.9080 0.0000 4.7200 0.0000 0.0000 0.0000 0.0000 0.0000 6.9000 4.7200 
2022 10 5 2 3.7200 48.3100 0.0000 3.2000 383.5242 647.2469 0.9080 0.0000 4.7200 0.0000 0.0000 0.0000 0.0000 0.0000 6.9200 4.7200 
2022 10 5 3 3.7500 44.0500 0.0000 3.2000 383.5322 647.2488 0.9081 0.0000 4.7200 0.0000 0.0000 0.0000 0.0000 0.0000 6.9500 4.7200 
2022 10 5 4 3.7700 42.4300 0.0000 3.2000 383.5403 647.2507 0.9082 0.0000 4.7200 0.0000 0.0000 0.0000 0.0000 0.0000 6.9700 4.7200 
2022 10 5 5 3.7800 97.9500 0.0000 3.2000 383.5485 647.2526 0.9082 0.0000 4.7200 0.0000 0.0000 0.0000 0.0000 0.0000 6.9800 4.7200 
2022 10 5 6 3.8000 156.5100 0.0000 3.2000 383.5567 647.2545 0.9083 0.0000 4.7200 0.0000 0.0000 0.0000 0.0000 0.0000 7.0000 4.7200 
2022 10 5 7 3.8300 163.2100 0.0000 3.2000 383.5650 647.2565 0.9084 0.0000 4.7200 0.0000 0.0000 0.0000 0.0000 0.0000 7.0300 4.7200 
2022 10 5 8 3.8700 110.0400 0.0000 3.2000 383.5734 647.2585 0.9084 0.0000 4.7200 0.0000 0.0000 0.0000 0.0000 0.0000 7.0700 4.7200 
2022 10 5 9 3.8900 100.8000 0.0000 3.2000 383.5820 647.2605 0.9085 0.0000 4.7200 0.0000 0.0000 0.0000 0.0000 0.0000 7.0900 4.7200 
2022 10 5 10 3.9200 57.5400 0.0000 3.2000 383.5906 647.2626 0.9086 0.0000 4.7200 0.0000 0.0000 0.0000 0.0000 0.0000 7.1200 4.7200 
2022 10 5 11 3.9600 40.8600 0.0000 3.2000 383.5994 647.2646 0.9086 0.0000 4.7200 0.0000 0.0000 0.0000 0.0000 0.0000 7.1600 4.7200 
2022 10 5 12 4.0200 24.7000 0.0000 3.2000 383.6084 647.2668 0.9087 0.0000 4.7200 0.0000 0.0000 0.0000 0.0000 0.0000 7.2200 4.7200 
2022 10 5 13 4.1000 18.0200 0.0000 3.2000 383.6177 647.2690 0.9088 0.0000 4.7200 0.0000 0.0000 0.0000 0.0000 0.0000 7.3000 4.7200 
2022 10 5 14 4.2200 20.4400 0.0000 3.2000 383.6274 647.2713 0.9089 0.0000 4.7200 0.0000 0.0000 0.0000 0.0000 0.0000 7.4200 4.7200 
2022 10 5 15 4.4300 37.6900 0.0000 3.2000 383.6379 647.2737 0.9089 0.0000 4.7200 0.0000 0.0000 0.0000 0.0000 0.0000 7.6300 4.7200 
2022 10 5 16 4.8000 26.9600 0.0000 3.2000 383.6497 647.2765 0.9090 0.0000 4.7200 0.0000 0.0000 0.0000 0.0000 0.0000 8.0000 4.7200 
2022 10 5 17 5.4500 21.1800 0.0000 3.2000 383.6638 647.2799 0.9091 0.0000 4.7200 0.0000 0.0000 0.0000 0.0000 0.0000 8.6500 4.7200 
2022 10 5 18 6.5200 16.7800 0.0000 3.2000 383.6818 647.2841 0.9093 0.0000 4.7200 0.0000 0.0000 0.0000 0.0000 0.0000 9.7200 4.7200 
2022 10 5 19 8.0700 11.5800 0.0000 3.2000 383.7054 647.2897 0.9095 0.0000 4.7200 0.0000 0.0000 0.0000 0.0000 0.0000 11.2700 4.7200 
2022 10 5 20 9.6100 18.3700 0.0000 3.2000 383.7345 647.2966 0.9097 0.0000 4.7200 0.0000 0.0000 0.0000 0.0000 0.0000 12.8100 4.7200 
2022 10 5 21 10.6600 21.8600 0.0000 3.2000 383.7675 647.3044 0.9100 0.0000 4.7200 0.0000 0.0000 0.0000 0.0000 0.0000 13.8600 4.7200 
2022 10 5 22 11.3100 2.0500 0.0000 3.2000 383.8027 647.3127 0.9102 0.0000 4.7200 0.0000 0.0000 0.0000 0.0000 0.0000 14.5100 4.7200 
2022 10 5 23 11.5100 1.0000 0.0000 3.2000 383.8387 647.3212 0.9105 0.0000 4.7200 0.0000 0.0000 0.0000 0.0000 0.0000 14.7100 4.7200 
2022 10 6 0 11.4900 0.4200 0.0000 3.2000 383.8746 647.3297 0.9108 0.0000 4.7200 0.0000 0.0000 0.0000 0.0000 0.0000 14.6900 4.7200 
2022 10 6 1 11.2600 0.0900 0.0000 3.2000 383.9096 647.3380 0.9111 0.0000 4.7200 0.0000 0.0000 0.0000 0.0000 0.0000 14.4600 4.7200 
2022 10 6 2 10.9500 0.0800 0.0000 3.2000 383.9436 647.3460 0.9114 0.0000 4.7200 0.0000 0.0000 0.0000 0.0000 0.0000 14.1500 4.7200 
2022 10 6 3 10.5900 0.0700 0.0000 3.2000 383.9762 647.3537 0.9116 0.0000 4.7200 0.0000 0.0000 0.0000 0.0000 0.0000 13.7900 4.7200 
2022 10 6 4 10.2200 0.6100 0.0000 3.2000 384.0075 647.3611 0.9119 0.0000 4.7200 0.0000 0.0000 0.0000 0.0000 0.0000 13.4200 4.7200 
2022 10 6 5 9.7000 21.7200 0.0000 3.2000 384.0370 647.3681 0.9121 0.0000 4.7200 0.0000 0.0000 0.0000 0.0000 0.0000 12.9000 4.7200 
2022 10 6 6 9.2100 53.6700 0.0000 3.2000 384.0647 647.3746 0.9123 0.0000 4.7200 0.0000 0.0000 0.0000 0.0000 0.0000 12.4100 4.7200 
2022 10 6 7 8.7300 62.8000 0.0000 3.2000 384.0906 647.3808 0.9125 0.0000 4.7200 0.0000 0.0000 0.0000 0.0000 0.0000 11.9300 4.7200 
2022 10 6 8 8.2700 45.2800 0.0000 3.2000 384.1149 647.3865 0.9127 0.0000 4.7200 0.0000 0.0000 0.0000 0.0000 0.0000 11.4700 4.7200 
2022 10 6 9 7.8400 40.1800 0.0000 3.2000 384.1377 647.3919 0.9129 0.0000 4.7200 0.0000 0.0000 0.0000 0.0000 0.0000 11.0400 4.7200 
2022 10 6 10 7.4300 9.3600 0.0000 3.2000 384.1590 647.3969 0.9131 0.0000 4.7200 0.0000 0.0000 0.0000 0.0000 0.0000 10.6300 4.7200 
2022 10 6 11 7.0800 5.9500 0.0000 3.2000 384.1790 647.4016 0.9132 0.0000 4.7200 0.0000 0.0000 0.0000 0.0000 0.0000 10.2800 4.7200 
2022 10 6 12 6.7600 4.6000 0.0000 3.2000 384.1978 647.4061 0.9134 0.0000 4.7200 0.0000 0.0000 0.0000 0.0000 0.0000 9.9600 4.7200 
2022 10 6 13 6.5000 4.2200 0.0000 3.2000 384.2158 647.4103 0.9135 0.0000 4.7200 0.0000 0.0000 0.0000 0.0000 0.0000 9.7000 4.7200 
2022 10 6 14 6.2600 15.6000 0.0000 3.2000 384.2328 647.4144 0.9136 0.0000 4.7200 0.0000 0.0000 0.0000 0.0000 0.0000 9.4600 4.7200 
2022 10 6 15 6.0300 19.1800 0.0000 3.2000 384.2491 647.4182 0.9138 0.0000 4.7200 0.0000 0.0000 0.0000 0.0000 0.0000 9.2300 4.7200 
2022 10 6 16 5.8400 25.5800 0.0000 3.2000 384.2646 647.4219 0.9139 0.0000 4.7200 0.0000 0.0000 0.0000 0.0000 0.0000 9.0400 4.7200 
2022 10 6 17 5.6700 42.8600 0.0000 3.2000 384.2796 647.4254 0.9140 0.0000 4.7200 0.0000 0.0000 0.0000 0.0000 0.0000 8.8700 4.7200 
2022 10 6 18 5.5100 47.0300 0.0000 3.2000 384.2939 647.4288 0.9141 0.0000 4.7200 0.0000 0.0000 0.0000 0.0000 0.0000 8.7100 4.7200 
2022 10 6 19 5.3800 46.6000 0.0000 3.2000 384.3078 647.4321 0.9142 0.0000 4.7200 0.0000 0.0000 0.0000 0.0000 0.0000 8.5800 4.7200 
2022 10 6 20 5.2400 42.9500 0.0000 3.2000 384.3212 647.4353 0.9143 0.0000 4.7200 0.0000 0.0000 0.0000 0.0000 0.0000 8.4400 4.7200 
2022 10 6 21 5.1200 37.9000 0.0000 3.2000 384.3342 647.4383 0.9144 0.0000 4.7200 0.0000 0.0000 0.0000 0.0000 0.0000 8.3200 4.7200 
2022 10 6 22 5.0000 27.9100 0.0000 3.2000 384.3467 647.4413 0.9145 0.0000 4.7200 0.0000 0.0000 0.0000 0.0000 0.0000 8.2000 4.7200 
2022 10 6 23 4.9000 18.2500 0.0000 3.2000 384.3589 647.4442 0.9146 0.0000 4.7200 0.0000 0.0000 0.0000 0.0000 0.0000 8.1000 4.7200 
2022 10 7 0 4.8100 5.0700 0.0000 3.2000 384.3707 647.4470 0.9147 0.0000 4.7200 0.0000 0.0000 0.0000 0.0000 0.0000 8.0100 4.7200 
2022 10 7 1 4.7200 1.4100 0.0000 3.2000 384.3822 647.4497 0.9148 0.0000 4.7200 0.0000 0.0000 0.0000 0.0000 0.0000 7.9200 4.7200 
2022 10 7 2 4.6300 0.4700 0.0000 3.2000 384.3934 647.4523 0.9149 0.0000 4.7200 0.0000 0.0000 0.0000 0.0000 0.0000 7.8300 4.7200 
2022 10 7 3 4.5600 0.1000 0.0000 3.2000 384.4044 647.4549 0.9150 0.0000 4.7200 0.0000 0.0000 0.0000 0.0000 0.0000 7.7600 4.7200 
2022 10 7 4 4.5000 0.8400 0.0000 3.2000 384.4151 647.4575 0.9151 0.0000 4.7200 0.0000 0.0000 0.0000 0.0000 0.0000 7.7000 4.7200 
2022 10 7 5 4.4600 6.2000 0.0000 3.2000 384.4257 647.4600 0.9152 0.0000 4.7200 0.0000 0.0000 0.0000 0.0000 0.0000 7.6600 4.7200 
2022 10 7 6 4.4400 52.1500 0.0000 3.2000 384.4362 647.4625 0.9152 0.0000 4.7200 0.0000 0.0000 0.0000 0.0000 0.0000 7.6400 4.7200 
2022 10 7 7 4.4200 53.4600 0.0000 3.2000 384.4466 647.4649 0.9153 0.0000 4.7200 0.0000 0.0000 0.0000 0.0000 0.0000 7.6200 4.7200 
2022 10 7 8 4.4400 50.7000 0.0000 3.2000 384.4571 647.4674 0.9154 0.0000 4.7200 0.0000 0.0000 0.0000 0.0000 0.0000 7.6400 4.7200 
2022 10 7 9 4.4600 41.6200 0.0000 3.2000 384.4677 647.4699 0.9155 0.0000 4.7200 0.0000 0.0000 0.0000 0.0000 0.0000 7.6600 4.7200 
2022 10 7 10 4.4900 22.0600 0.0000 3.2000 384.4784 647.4724 0.9156 0.0000 4.7200 0.0000 0.0000 0.0000 0.0000 0.0000 7.6900 4.7200 
2022 10 7 11 4.5100 14.6600 0.0000 3.2000 384.4892 647.4750 0.9157 0.0000 4.7200 0.0000 0.0000 0.0000 0.0000 0.0000 7.7100 4.7200 
2022 10 7 12 4.5900 14.7600 0.0000 3.2000 384.5002 647.4776 0.9157 0.0000 4.7200 0.0000 0.0000 0.0000 0.0000 0.0000 7.7900 4.7200 
2022 10 7 13 4.7300 20.9900 0.0000 3.2000 384.5118 647.4803 0.9158 0.0000 4.7200 0.0000 0.0000 0.0000 0.0000 0.0000 7.9300 4.7200 
2022 10 7 14 4.9200 19.3400 0.0000 3.2000 384.5240 647.4832 0.9159 0.0000 4.7200 0.0000 0.0000 0.0000 0.0000 0.0000 8.1200 4.7200 
2022 10 7 15 5.0900 24.8400 0.0000 3.2000 384.5369 647.4863 0.9160 0.0000 4.7200 0.0000 0.0000 0.0000 0.0000 0.0000 8.2900 4.7200 
2022 10 7 16 5.2300 36.4200 0.0000 3.2000 384.5502 647.4894 0.9161 0.0000 4.7200 0.0000 0.0000 0.0000 0.0000 0.0000 8.4300 4.7200 
2022 10 7 17 5.3200 55.8200 0.0000 3.2000 384.5639 647.4927 0.9163 0.0000 4.7200 0.0000 0.0000 0.0000 0.0000 0.0000 8.5200 4.7200 
2022 10 7 18 5.4000 53.6500 0.0000 3.2000 384.5779 647.4960 0.9164 0.0000 4.7200 0.0000 0.0000 0.0000 0.0000 0.0000 8.6000 4.7200 
2022 10 7 19 5.4600 41.8400 0.0000 3.2000 384.5921 647.4993 0.9165 0.0000 4.7200 0.0000 0.0000 0.0000 0.0000 0.0000 8.6600 4.7200 
2022 10 7 20 5.5000 53.6400 0.0000 3.2000 384.6064 647.5027 0.9166 0.0000 4.7200 0.0000 0.0000 0.0000 0.0000 0.0000 8.7000 4.7200 
2022 10 7 21 5.5200 54.9800 0.0000 3.2000 384.6208 647.5061 0.9167 0.0000 4.7200 0.0000 0.0000 0.0000 0.0000 0.0000 8.7200 4.7200 
2022 10 7 22 5.5200 53.6100 0.0000 3.2000 384.6352 647.5095 0.9168 0.0000 4.7200 0.0000 0.0000 0.0000 0.0000 0.0000 8.7200 4.7200 
2022 10 7 23 5.5100 48.2200 0.0000 3.2000 384.6496 647.5129 0.9169 0.0000 4.7200 0.0000 0.0000 0.0000 0.0000 0.0000 8.7100 4.7200 
2022 10 8 0 5.4800 48.6400 0.0000 3.2000 384.6638 647.5163 0.9170 0.0000 4.7200 0.0000 0.0000 0.0000 0.0000 0.0000 8.6800 4.7200 
2022 10 8 1 5.4400 48.9600 0.0000 3.2000 384.6779 647.5196 0.9172 0.0000 4.7200 0.0000 0.0000 0.0000 0.0000 0.0000 8.6400 4.7200 
2022 10 8 2 5.3900 49.1500 0.0000 3.2000 384.6919 647.5229 0.9173 0.0000 4.7200 0.0000 0.0000 0.0000 0.0000 0.0000 8.5900 4.7200 
2022 10 8 3 5.3300 49.1200 0.0000 3.2000 384.7056 647.5261 0.9174 0.0000 4.7200 0.0000 0.0000 0.0000 0.0000 0.0000 8.5300 4.7200 
2022 10 8 4 5.2700 49.4900 0.0000 3.2000 384.7191 647.5293 0.9175 0.0000 4.7200 0.0000 0.0000 0.0000 0.0000 0.0000 8.4700 4.7200 
2022 10 8 5 5.2100 50.1000 0.0000 3.2000 384.7324 647.5325 0.9176 0.0000 4.7200 0.0000 0.0000 0.0000 0.0000 0.0000 8.4100 4.7200 
2022 10 8 6 5.1400 64.2600 0.0000 3.2000 384.7454 647.5356 0.9177 0.0000 4.7200 0.0000 0.0000 0.0000 0.0000 0.0000 8.3400 4.7200 
2022 10 8 7 5.0700 71.4500 0.0000 3.2000 384.7582 647.5386 0.9178 0.0000 4.7200 0.0000 0.0000 0.0000 0.0000 0.0000 8.2700 4.7200 
2022 10 8 8 5.0000 71.4800 0.0000 3.2000 384.7707 647.5415 0.9179 0.0000 4.7200 0.0000 0.0000 0.0000 0.0000 0.0000 8.2000 4.7200 
2022 10 8 9 4.9500 55.0100 0.0000 3.2000 384.7830 647.5445 0.9180 0.0000 4.7200 0.0000 0.0000 0.0000 0.0000 0.0000 8.1500 4.7200 
2022 10 8 10 4.8900 49.0400 0.0000 3.2000 384.7952 647.5473 0.9181 0.0000 4.7200 0.0000 0.0000 0.0000 0.0000 0.0000 8.0900 4.7200 
2022 10 8 11 4.8400 39.7700 0.0000 3.2000 384.8071 647.5501 0.9182 0.0000 4.7200 0.0000 0.0000 0.0000 0.0000 0.0000 8.0400 4.7200 
2022 10 8 12 4.7900 37.7800 0.0000 3.2000 384.8189 647.5529 0.9183 0.0000 4.7200 0.0000 0.0000 0.0000 0.0000 0.0000 7.9900 4.7200 
2022 10 8 13 4.7300 32.3100 0.0000 3.2000 384.8305 647.5557 0.9184 0.0000 4.7200 0.0000 0.0000 0.0000 0.0000 0.0000 7.9300 4.7200 
2022 10 8 14 4.6900 32.2800 0.0000 3.2000 384.8419 647.5584 0.9184 0.0000 4.7200 0.0000 0.0000 0.0000 0.0000 0.0000 7.8900 4.7200 
2022 10 8 15 4.6400 45.2300 0.0000 3.2000 384.8531 647.5610 0.9185 0.0000 4.7200 0.0000 0.0000 0.0000 0.0000 0.0000 7.8400 4.7200 
2022 10 8 16 4.5900 49.0200 0.0000 3.2000 384.8642 647.5636 0.9186 0.0000 4.7200 0.0000 0.0000 0.0000 0.0000 0.0000 7.7900 4.7200 
2022 10 8 17 4.5500 54.9800 0.0000 3.2000 384.8751 647.5662 0.9187 0.0000 4.7200 0.0000 0.0000 0.0000 0.0000 0.0000 7.7500 4.7200 
2022 10 8 18 4.5100 51.4900 0.0000 3.2000 384.8858 647.5688 0.9188 0.0000 4.7200 0.0000 0.0000 0.0000 0.0000 0.0000 7.7100 4.7200 
2022 10 8 19 4.4800 49.7900 0.0000 3.2000 384.8965 647.5713 0.9189 0.0000 4.7200 0.0000 0.0000 0.0000 0.0000 0.0000 7.6800 4.7200 
2022 10 8 20 4.4400 50.2500 0.0000 3.2000 384.9070 647.5738 0.9190 0.0000 4.7200 0.0000 0.0000 0.0000 0.0000 0.0000 7.6400 4.7200 
2022 10 8 21 4.4000 61.8100 0.0000 3.2000 384.9174 647.5762 0.9190 0.0000 4.7200 0.0000 0.0000 0.0000 0.0000 0.0000 7.6000 4.7200 
2022 10 8 22 4.3600 67.7700 0.0000 3.2000 384.9276 647.5786 0.9191 0.0000 4.7200 0.0000 0.0000 0.0000 0.0000 0.0000 7.5600 4.7200 
2022 10 8 23 4.3200 101.8400 0.0000 3.2000 384.9377 647.5810 0.9192 0.0000 4.7200 0.0000 0.0000 0.0000 0.0000 0.0000 7.5200 4.7200 
2022 10 9 0 4.2800 101.4500 0.0000 3.2000 384.9476 647.5834 0.9193 0.0000 4.7200 0.0000 0.0000 0.0000 0.0000 0.0000 7.4800 4.7200 
2022 10 9 1 4.2300 102.2400 0.0000 3.2000 384.9574 647.5857 0.9194 0.0000 4.7200 0.0000 0.0000 0.0000 0.0000 0.0000 7.4300 4.7200 
2022 10 9 2 4.1900 102.7000 0.0000 3.2000 384.9670 647.5879 0.9194 0.0000 4.7200 0.0000 0.0000 0.0000 0.0000 0.0000 7.3900 4.7200 
2022 10 9 3 4.1500 102.7700 0.0000 3.2000 384.9764 647.5902 0.9195 0.0000 4.7200 0.0000 0.0000 0.0000 0.0000 0.0000 7.3500 4.7200 
2022 10 9 4 4.1100 102.2400 0.0000 3.2000 384.9858 647.5924 0.9196 0.0000 4.7200 0.0000 0.0000 0.0000 0.0000 0.0000 7.3100 4.7200 
2022 10 9 5 4.0700 102.7200 0.0000 3.2000 384.9949 647.5945 0.9197 0.0000 4.7200 0.0000 0.0000 0.0000 0.0000 0.0000 7.2700 4.7200 
2022 10 9 6 4.0300 99.4200 0.0000 3.2000 385.0040 647.5967 0.9197 0.0000 4.7200 0.0000 0.0000 0.0000 0.0000 0.0000 7.2300 4.7200 
2022 10 9 7 3.9900 103.4500 0.0000 3.2000 385.0129 647.5988 0.9198 0.0000 4.7200 0.0000 0.0000 0.0000 0.0000 0.0000 7.1900 4.7200 
2022 10 9 8 3.9400 104.4300 0.0000 3.2000 385.0216 647.6008 0.9199 0.0000 4.7200 0.0000 0.0000 0.0000 0.0000 0.0000 7.1400 4.7200 
2022 10 9 9 3.9100 101.2600 0.0000 3.2000 385.0302 647.6029 0.9199 0.0000 4.7200 0.0000 0.0000 0.0000 0.0000 0.0000 7.1100 4.7200 
2022 10 9 10 3.8700 91.5900 0.0000 3.2000 385.0386 647.6049 0.9200 0.0000 4.7200 0.0000 0.0000 0.0000 0.0000 0.0000 7.0700 4.7200 
2022 10 9 11 3.8400 60.8200 0.0000 3.2000 385.0470 647.6069 0.9201 0.0000 4.7200 0.0000 0.0000 0.0000 0.0000 0.0000 7.0400 4.7200 
2022 10 9 12 3.8000 52.2200 0.0000 3.2000 385.0552 647.6088 0.9201 0.0000 4.7200 0.0000 0.0000 0.0000 0.0000 0.0000 7.0000 4.7200 
2022 10 9 13 3.7700 57.1900 0.0000 3.2000 385.0633 647.6107 0.9202 0.0000 4.7200 0.0000 0.0000 0.0000 0.0000 0.0000 6.9700 4.7200 
2022 10 9 14 3.7300 84.2000 0.0000 3.2000 385.0713 647.6126 0.9203 0.0000 4.7200 0.0000 0.0000 0.0000 0.0000 0.0000 6.9300 4.7200 
2022 10 9 15 3.6900 100.5700 0.0000 3.2000 385.0791 647.6144 0.9203 0.0000 4.7200 0.0000 0.0000 0.0000 0.0000 0.0000 6.8900 4.7200 
2022 10 9 16 3.6600 103.3400 0.0000 3.2000 385.0868 647.6163 0.9204 0.0000 4.7200 0.0000 0.0000 0.0000 0.0000 0.0000 6.8600 4.7200 
2022 10 9 17 3.6300 103.9300 0.0000 3.2000 385.0944 647.6181 0.9204 0.0000 4.7200 0.0000 0.0000 0.0000 0.0000 0.0000 6.8300 4.7200 
2022 10 9 18 3.6000 104.3000 0.0000 3.2000 385.1019 647.6198 0.9205 0.0000 4.7200 0.0000 0.0000 0.0000 0.0000 0.0000 6.8000 4.7200 
2022 10 9 19 3.5600 100.5600 0.0000 3.2000 385.1092 647.6216 0.9206 0.0000 4.7200 0.0000 0.0000 0.0000 0.0000 0.0000 6.7600 4.7200 
2022 10 9 20 3.5300 96.1400 0.0000 3.2000 385.1164 647.6233 0.9206 0.0000 4.7200 0.0000 0.0000 0.0000 0.0000 0.0000 6.7300 4.7200 
2022 10 9 21 3.5000 94.0000 0.0000 3.2000 385.1236 647.6250 0.9207 0.0000 4.7200 0.0000 0.0000 0.0000 0.0000 0.0000 6.7000 4.7200 
2022 10 9 22 3.4800 62.7200 0.0000 3.2000 385.1306 647.6266 0.9207 0.0000 4.7200 0.0000 0.0000 0.0000 0.0000 0.0000 6.6800 4.7200 
2022 10 9 23 3.4500 72.3700 0.0000 3.2000 385.1376 647.6283 0.9208 0.0000 4.7200 0.0000 0.0000 0.0000 0.0000 0.0000 6.6500 4.7200 
2022 10 10 0 3.4200 71.7400 0.0000 3.2000 385.1444 647.6299 0.9208 0.0000 4.7200 0.0000 0.0000 0.0000 0.0000 0.0000 6.6200 4.7200 
2022 10 10 1 3.4000 69.5500 0.0000 3.2000 385.1512 647.6315 0.9209 0.0000 4.7200 0.0000 0.0000 0.0000 0.0000 0.0000 6.6000 4.7200 
2022 10 10 2 3.3900 71.7600 0.0000 3.2000 385.1579 647.6331 0.9209 0.0000 4.7200 0.0000 0.0000 0.0000 0.0000 0.0000 6.5900 4.7200 
2022 10 10 3 3.3700 81.6400 0.0000 3.2000 385.1646 647.6347 0.9210 0.0000 4.7200 0.0000 0.0000 0.0000 0.0000 0.0000 6.5700 4.7200 
2022 10 10 4 3.3400 102.5800 0.0000 3.2000 385.1711 647.6362 0.9210 0.0000 4.7200 0.0000 0.0000 0.0000 0.0000 0.0000 6.5400 4.7200 
2022 10 10 5 3.3100 133.4400 0.0000 3.2000 385.1776 647.6377 0.9211 0.0000 4.7200 0.0000 0.0000 0.0000 0.0000 0.0000 6.5100 4.7200 
2022 10 10 6 3.2900 162.5600 0.0000 3.2000 385.1839 647.6392 0.9211 0.0000 4.7200 0.0000 0.0000 0.0000 0.0000 0.0000 6.4900 4.7200 
2022 10 10 7 3.2500 173.7700 0.0000 3.2000 385.1902 647.6407 0.9212 0.0000 4.7200 0.0000 0.0000 0.0000 0.0000 0.0000 6.4500 4.7200 
2022 10 10 8 3.2200 178.8300 0.0000 3.2000 385.1963 647.6421 0.9212 0.0000 4.7200 0.0000 0.0000 0.0000 0.0000 0.0000 6.4200 4.7200 
2022 10 10 9 3.2100 167.0200 0.0000 3.2000 385.2024 647.6436 0.9213 0.0000 4.7200 0.0000 0.0000 0.0000 0.0000 0.0000 6.4100 4.7200 
2022 10 10 10 3.1800 161.4700 0.0000 3.2000 385.2084 647.6450 0.9213 0.0000 4.7200 0.0000 0.0000 0.0000 0.0000 0.0000 6.3800 4.7200 
2022 10 10 11 3.1900 136.1400 0.0000 3.2000 385.2144 647.6464 0.9214 0.0000 4.7200 0.0000 0.0000 0.0000 0.0000 0.0000 6.3900 4.7200 
2022 10 10 12 3.2300 132.9400 0.0000 3.2000 385.2205 647.6479 0.9214 0.0000 4.7200 0.0000 0.0000 0.0000 0.0000 0.0000 6.4300 4.7200 
2022 10 10 13 3.2700 133.0400 0.0000 3.2000 385.2268 647.6494 0.9215 0.0000 4.7200 0.0000 0.0000 0.0000 0.0000 0.0000 6.4700 4.7200 
2022 10 10 14 3.3100 141.3400 0.0000 3.2000 385.2333 647.6509 0.9215 0.0000 4.7200 0.0000 0.0000 0.0000 0.0000 0.0000 6.5100 4.7200 
2022 10 10 15 3.3700 160.4900 0.0000 3.2000 385.2399 647.6525 0.9216 0.0000 4.7200 0.0000 0.0000 0.0000 0.0000 0.0000 6.5700 4.7200 
2022 10 10 16 3.4200 165.5600 0.0000 3.2000 385.2468 647.6541 0.9216 0.0000 4.7200 0.0000 0.0000 0.0000 0.0000 0.0000 6.6200 4.7200 
2022 10 10 17 3.4600 168.6200 0.0000 3.2000 385.2537 647.6557 0.9217 0.0000 4.7200 0.0000 0.0000 0.0000 0.0000 0.0000 6.6600 4.7200 
2022 10 10 18 3.4900 162.6800 0.0000 3.2000 385.2608 647.6574 0.9218 0.0000 4.7200 0.0000 0.0000 0.0000 0.0000 0.0000 6.6900 4.7200 
2022 10 10 19 3.5100 160.5200 0.0000 3.2000 385.2680 647.6591 0.9218 0.0000 4.7200 0.0000 0.0000 0.0000 0.0000 0.0000 6.7100 4.7200 
2022 10 10 20 3.5300 160.1700 0.0000 3.2000 385.2752 647.6608 0.9219 0.0000 4.7200 0.0000 0.0000 0.0000 0.0000 0.0000 6.7300 4.7200 
2022 10 10 21 3.5400 157.6000 0.0000 3.2000 385.2825 647.6625 0.9219 0.0000 4.7200 0.0000 0.0000 0.0000 0.0000 0.0000 6.7400 4.7200 
2022 10 10 22 3.5400 126.3100 0.0000 3.2000 385.2898 647.6643 0.9220 0.0000 4.7200 0.0000 0.0000 0.0000 0.0000 0.0000 6.7400 4.7200 
2022 10 10 23 3.5300 125.2100 0.0000 3.2000 385.2970 647.6660 0.9220 0.0000 4.7200 0.0000 0.0000 0.0000 0.0000 0.0000 6.7300 4.7200 
2022 10 11 0 3.5300 119.9400 0.0000 3.2000 385.3043 647.6677 0.9221 0.0000 4.7200 0.0000 0.0000 0.0000 0.0000 0.0000 6.7300 4.7200 
2022 10 11 1 3.5100 111.4600 0.0000 3.2000 385.3114 647.6694 0.9222 0.0000 4.7200 0.0000 0.0000 0.0000 0.0000 0.0000 6.7100 4.7200 
2022 10 11 2 3.4900 113.5700 0.0000 3.2000 385.3185 647.6710 0.9222 0.0000 4.7200 0.0000 0.0000 0.0000 0.0000 0.0000 6.6900 4.7200 
2022 10 11 3 3.4700 124.1800 0.0000 3.2000 385.3255 647.6727 0.9223 0.0000 4.7200 0.0000 0.0000 0.0000 0.0000 0.0000 6.6700 4.7200 
2022 10 11 4 3.4500 135.4700 0.0000 3.2000 385.3325 647.6743 0.9223 0.0000 4.7200 0.0000 0.0000 0.0000 0.0000 0.0000 6.6500 4.7200 
2022 10 11 5 3.4300 162.6600 0.0000 3.2000 385.3394 647.6760 0.9224 0.0000 4.7200 0.0000 0.0000 0.0000 0.0000 0.0000 6.6300 4.7200 
2022 10 11 6 3.4100 183.1300 0.0000 3.2000 385.3462 647.6776 0.9224 0.0000 4.7200 0.0000 0.0000 0.0000 0.0000 0.0000 6.6100 4.7200 
2022 10 11 7 3.3900 189.7600 0.0000 3.2000 385.3529 647.6792 0.9225 0.0000 4.7200 0.0000 0.0000 0.0000 0.0000 0.0000 6.5900 4.7200 
2022 10 11 8 3.3600 210.0800 0.0000 3.2000 385.3595 647.6807 0.9225 0.0000 4.7200 0.0000 0.0000 0.0000 0.0000 0.0000 6.5600 4.7200 
2022 10 11 9 3.3400 217.8500 0.0000 3.2000 385.3661 647.6823 0.9226 0.0000 4.7200 0.0000 0.0000 0.0000 0.0000 0.0000 6.5400 4.7200 
2022 10 11 10 3.3100 214.9500 0.0000 3.2000 385.3725 647.6838 0.9226 0.0000 4.7200 0.0000 0.0000 0.0000 0.0000 0.0000 6.5100 4.7200 
2022 10 11 11 3.2900 187.4400 0.0000 3.2000 385.3789 647.6853 0.9227 0.0000 4.7200 0.0000 0.0000 0.0000 0.0000 0.0000 6.4900 4.7200 
2022 10 11 12 3.2600 184.0200 0.0000 3.2000 385.3851 647.6868 0.9227 0.0000 4.7200 0.0000 0.0000 0.0000 0.0000 0.0000 6.4600 4.7200 
2022 10 11 13 3.2400 182.3900 0.0000 3.2000 385.3913 647.6883 0.9228 0.0000 4.7200 0.0000 0.0000 0.0000 0.0000 0.0000 6.4400 4.7200 
2022 10 11 14 3.2100 181.7100 0.0000 3.2000 385.3974 647.6897 0.9228 0.0000 4.7200 0.0000 0.0000 0.0000 0.0000 0.0000 6.4100 4.7200 
2022 10 11 15 3.2000 185.6900 0.0000 3.2000 385.4035 647.6911 0.9229 0.0000 4.7200 0.0000 0.0000 0.0000 0.0000 0.0000 6.4000 4.7200 
2022 10 11 16 3.1700 189.7600 0.0000 3.2000 385.4094 647.6925 0.9229 0.0000 4.7200 0.0000 0.0000 0.0000 0.0000 0.0000 6.3700 4.7200 
2022 10 11 17 3.1600 194.2900 0.0000 3.2000 385.4153 647.6939 0.9230 0.0000 4.7200 0.0000 0.0000 0.0000 0.0000 0.0000 6.3600 4.7200 
2022 10 11 18 3.1400 189.3400 0.0000 3.2000 385.4211 647.6953 0.9230 0.0000 4.7200 0.0000 0.0000 0.0000 0.0000 0.0000 6.3400 4.7200 
2022 10 11 19 3.1200 185.5600 0.0000 3.2000 385.4269 647.6967 0.9231 0.0000 4.7200 0.0000 0.0000 0.0000 0.0000 0.0000 6.3200 4.7200 
2022 10 11 20 3.1000 183.9100 0.0000 3.2000 385.4326 647.6980 0.9231 0.0000 4.7200 0.0000 0.0000 0.0000 0.0000 0.0000 6.3000 4.7200 
2022 10 11 21 3.0800 169.1700 0.0000 3.2000 385.4382 647.6993 0.9232 0.0000 4.7200 0.0000 0.0000 0.0000 0.0000 0.0000 6.2800 4.7200 
2022 10 11 22 3.0600 158.2600 0.0000 3.2000 385.4438 647.7007 0.9232 0.0000 4.7200 0.0000 0.0000 0.0000 0.0000 0.0000 6.2600 4.7200 
2022 10 11 23 3.0400 209.0800 0.0000 3.2000 385.4492 647.7019 0.9232 0.0000 4.7200 0.0000 0.0000 0.0000 0.0000 0.0000 6.2400 4.7200 
2022 10 12 0 3.0200 194.2600 0.0000 3.2000 385.4546 647.7032 0.9233 0.0000 4.7200 0.0000 0.0000 0.0000 0.0000 0.0000 6.2200 4.7200 
2022 10 12 1 2.9900 209.5300 0.0000 3.2000 385.4599 647.7045 0.9233 0.0000 4.7200 0.0000 0.0000 0.0000 0.0000 0.0000 6.1900 4.7200 
2022 10 12 2 2.9700 201.3000 0.0000 3.2000 385.4651 647.7057 0.9234 0.0000 4.7200 0.0000 0.0000 0.0000 0.0000 0.0000 6.1700 4.7200 
2022 10 12 3 2.9400 208.1100 0.0000 3.2000 385.4703 647.7069 0.9234 0.0000 4.7200 0.0000 0.0000 0.0000 0.0000 0.0000 6.1400 4.7200 
2022 10 12 4 2.9200 186.0500 0.0000 3.2000 385.4753 647.7081 0.9234 0.0000 4.7200 0.0000 0.0000 0.0000 0.0000 0.0000 6.1200 4.7200 
2022 10 12 5 2.9000 188.4800 0.0000 3.2000 385.4803 647.7093 0.9235 0.0000 4.7200 0.0000 0.0000 0.0000 0.0000 0.0000 6.1000 4.7200 
2022 10 12 6 2.8700 209.5200 0.0000 3.2000 385.4851 647.7104 0.9235 0.0000 4.7200 0.0000 0.0000 0.0000 0.0000 0.0000 6.0700 4.7200 
2022 10 12 7 2.8500 213.0300 0.0000 3.2000 385.4899 647.7116 0.9236 0.0000 4.7200 0.0000 0.0000 0.0000 0.0000 0.0000 6.0500 4.7200 
2022 10 12 8 2.8400 218.9800 0.0000 3.2000 385.4947 647.7127 0.9236 0.0000 4.7200 0.0000 0.0000 0.0000 0.0000 0.0000 6.0400 4.7200 
2022 10 12 9 2.8100 233.6000 0.0000 3.2000 385.4993 647.7138 0.9236 0.0000 4.7200 0.0000 0.0000 0.0000 0.0000 0.0000 6.0100 4.7200 
2022 10 12 10 2.7900 211.0600 0.0000 3.2000 385.5039 647.7149 0.9237 0.0000 4.7200 0.0000 0.0000 0.0000 0.0000 0.0000 5.9900 4.7200 
2022 10 12 11 2.7700 201.2700 0.0000 3.2000 385.5084 647.7159 0.9237 0.0000 4.7200 0.0000 0.0000 0.0000 0.0000 0.0000 5.9700 4.7200 
2022 10 12 12 2.7500 195.1400 0.0000 3.2000 385.5128 647.7170 0.9237 0.0000 4.7200 0.0000 0.0000 0.0000 0.0000 0.0000 5.9500 4.7200 
2022 10 12 13 2.7300 192.6400 0.0000 3.2000 385.5172 647.7180 0.9238 0.0000 4.7200 0.0000 0.0000 0.0000 0.0000 0.0000 5.9300 4.7200 
2022 10 12 14 2.7100 194.1400 0.0000 3.2000 385.5214 647.7190 0.9238 0.0000 4.7200 0.0000 0.0000 0.0000 0.0000 0.0000 5.9100 4.7200 
2022 10 12 15 2.6800 193.5200 0.0000 3.2000 385.5256 647.7200 0.9238 0.0000 4.7200 0.0000 0.0000 0.0000 0.0000 0.0000 5.8800 4.7200 
2022 10 12 16 2.6700 212.2600 0.0000 3.2000 385.5298 647.7210 0.9239 0.0000 4.7200 0.0000 0.0000 0.0000 0.0000 0.0000 5.8700 4.7200 
2022 10 12 17 2.6500 213.9600 0.0000 3.2000 385.5338 647.7219 0.9239 0.0000 4.7200 0.0000 0.0000 0.0000 0.0000 0.0000 5.8500 4.7200 
2022 10 12 18 2.6400 210.9600 0.0000 3.2000 385.5379 647.7229 0.9239 0.0000 4.7200 0.0000 0.0000 0.0000 0.0000 0.0000 5.8400 4.7200 
2022 10 12 19 2.6200 192.8800 0.0000 3.2000 385.5418 647.7238 0.9240 0.0000 4.7200 0.0000 0.0000 0.0000 0.0000 0.0000 5.8200 4.7200 
2022 10 12 20 2.6000 191.7300 0.0000 3.2000 385.5457 647.7248 0.9240 0.0000 4.7200 0.0000 0.0000 0.0000 0.0000 0.0000 5.8000 4.7200 
2022 10 12 21 2.5900 188.9600 0.0000 3.2000 385.5496 647.7257 0.9240 0.0000 4.7200 0.0000 0.0000 0.0000 0.0000 0.0000 5.7900 4.7200 
2022 10 12 22 2.5700 159.1400 0.0000 3.2000 385.5533 647.7266 0.9241 0.0000 4.7200 0.0000 0.0000 0.0000 0.0000 0.0000 5.7700 4.7200 
2022 10 12 23 2.5500 179.3000 0.0000 3.2000 385.5570 647.7274 0.9241 0.0000 4.7200 0.0000 0.0000 0.0000 0.0000 0.0000 5.7500 4.7200 
2022 10 13 0 2.5300 168.1100 0.0000 3.2000 385.5607 647.7283 0.9241 0.0000 4.7200 0.0000 0.0000 0.0000 0.0000 0.0000 5.7300 4.7200 
2022 10 13 1 2.5200 169.5400 0.0000 3.2000 385.5643 647.7291 0.9241 0.0000 4.7200 0.0000 0.0000 0.0000 0.0000 0.0000 5.7200 4.7200 
2022 10 13 2 2.5100 179.7400 0.0000 3.2000 385.5678 647.7300 0.9242 0.0000 4.7200 0.0000 0.0000 0.0000 0.0000 0.0000 5.7100 4.7200 
2022 10 13 3 2.5000 181.1800 0.0000 3.2000 385.5714 647.7308 0.9242 0.0000 4.7200 0.0000 0.0000 0.0000 0.0000 0.0000 5.7000 4.7200 
2022 10 13 4 2.5100 194.6600 0.0000 3.2000 385.5749 647.7317 0.9242 0.0000 4.7200 0.0000 0.0000 0.0000 0.0000 0.0000 5.7100 4.7200 
2022 10 13 5 2.5200 216.5500 0.0000 3.2000 385.5785 647.7325 0.9243 0.0000 4.7200 0.0000 0.0000 0.0000 0.0000 0.0000 5.7200 4.7200 
2022 10 13 6 2.5400 251.2000 0.0000 3.2000 385.5822 647.7334 0.9243 0.0000 4.7200 0.0000 0.0000 0.0000 0.0000 0.0000 5.7400 4.7200 
2022 10 13 7 2.5600 269.5900 0.0000 3.2000 385.5860 647.7343 0.9243 0.0000 4.7200 0.0000 0.0000 0.0000 0.0000 0.0000 5.7600 4.7200 
2022 10 13 8 2.5800 268.6000 0.0000 3.2000 385.5898 647.7352 0.9244 0.0000 4.7200 0.0000 0.0000 0.0000 0.0000 0.0000 5.7800 4.7200 
2022 10 13 9 2.5900 266.3600 0.0000 3.2000 385.5936 647.7361 0.9244 0.0000 4.7200 0.0000 0.0000 0.0000 0.0000 0.0000 5.7900 4.7200 
2022 10 13 10 2.6000 264.9000 0.0000 3.2000 385.5975 647.7370 0.9244 0.0000 4.7200 0.0000 0.0000 0.0000 0.0000 0.0000 5.8000 4.7200 
2022 10 13 11 2.6100 260.9200 0.0000 3.2000 385.6014 647.7379 0.9244 0.0000 4.7200 0.0000 0.0000 0.0000 0.0000 0.0000 5.8100 4.7200 
2022 10 13 12 2.6100 257.7600 0.0000 3.2000 385.6054 647.7389 0.9245 0.0000 4.7200 0.0000 0.0000 0.0000 0.0000 0.0000 5.8100 4.7200 
2022 10 13 13 2.6000 245.6900 0.0000 3.2000 385.6092 647.7398 0.9245 0.0000 4.7200 0.0000 0.0000 0.0000 0.0000 0.0000 5.8000 4.7200 
2022 10 13 14 2.5900 236.4000 0.0000 3.2000 385.6131 647.7407 0.9245 0.0000 4.7200 0.0000 0.0000 0.0000 0.0000 0.0000 5.7900 4.7200 
2022 10 13 15 2.5800 234.6800 0.0000 3.2000 385.6169 647.7416 0.9246 0.0000 4.7200 0.0000 0.0000 0.0000 0.0000 0.0000 5.7800 4.7200 
2022 10 13 16 2.5700 261.7300 0.0000 3.2000 385.6207 647.7425 0.9246 0.0000 4.7200 0.0000 0.0000 0.0000 0.0000 0.0000 5.7700 4.7200 
2022 10 13 17 2.5600 270.7500 0.0000 3.2000 385.6244 647.7434 0.9246 0.0000 4.7200 0.0000 0.0000 0.0000 0.0000 0.0000 5.7600 4.7200 
2022 10 13 18 2.5500 268.1500 0.0000 3.2000 385.6281 647.7442 0.9247 0.0000 4.7200 0.0000 0.0000 0.0000 0.0000 0.0000 5.7500 4.7200 
2022 10 13 19 2.5400 263.5000 0.0000 3.2000 385.6318 647.7451 0.9247 0.0000 4.7200 0.0000 0.0000 0.0000 0.0000 0.0000 5.7400 4.7200 
2022 10 13 20 2.5100 246.4800 0.0000 3.2000 385.6354 647.7460 0.9247 0.0000 4.7200 0.0000 0.0000 0.0000 0.0000 0.0000 5.7100 4.7200 
2022 10 13 21 2.5000 220.6200 0.0000 3.2000 385.6389 647.7468 0.9247 0.0000 4.7200 0.0000 0.0000 0.0000 0.0000 0.0000 5.7000 4.7200 
2022 10 13 22 2.4800 200.5300 0.0000 3.2000 385.6424 647.7476 0.9248 0.0000 4.7200 0.0000 0.0000 0.0000 0.0000 0.0000 5.6800 4.7200 
2022 10 13 23 2.4600 208.8300 0.0000 3.2000 385.6458 647.7484 0.9248 0.0000 4.7200 0.0000 0.0000 0.0000 0.0000 0.0000 5.6600 4.7200 
2022 10 14 0 2.4400 197.2900 0.0000 3.2000 385.6491 647.7492 0.9248 0.0000 4.7200 0.0000 0.0000 0.0000 0.0000 0.0000 5.6400 4.7200 
2022 10 14 1 2.4200 197.2800 0.0000 3.2000 385.6523 647.7500 0.9248 0.0000 4.7200 0.0000 0.0000 0.0000 0.0000 0.0000 5.6200 4.7200 
2022 10 14 2 2.4000 200.3200 0.0000 3.2000 385.6555 647.7507 0.9249 0.0000 4.7200 0.0000 0.0000 0.0000 0.0000 0.0000 5.6000 4.7200 
2022 10 14 3 2.3800 197.5500 0.0000 3.2000 385.6586 647.7514 0.9249 0.0000 4.7200 0.0000 0.0000 0.0000 0.0000 0.0000 5.5800 4.7200 
2022 10 14 4 2.3600 199.2300 0.0000 3.2000 385.6616 647.7521 0.9249 0.0000 4.7200 0.0000 0.0000 0.0000 0.0000 0.0000 5.5600 4.7200 
2022 10 14 5 2.3400 200.2800 0.0000 3.2000 385.6645 647.7528 0.9249 0.0000 4.7200 0.0000 0.0000 0.0000 0.0000 0.0000 5.5400 4.7200 
2022 10 14 6 2.3300 228.2900 0.0000 3.2000 385.6675 647.7535 0.9250 0.0000 4.7200 0.0000 0.0000 0.0000 0.0000 0.0000 5.5300 4.7200 
2022 10 14 7 2.3100 231.4800 0.0000 3.2000 385.6703 647.7542 0.9250 0.0000 4.7200 0.0000 0.0000 0.0000 0.0000 0.0000 5.5100 4.7200 
2022 10 14 8 2.2900 267.1400 0.0000 3.2000 385.6731 647.7549 0.9250 0.0000 4.7200 0.0000 0.0000 0.0000 0.0000 0.0000 5.4900 4.7200 
2022 10 14 9 2.2700 268.3000 0.0000 3.2000 385.6758 647.7555 0.9250 0.0000 4.7200 0.0000 0.0000 0.0000 0.0000 0.0000 5.4700 4.7200 
2022 10 14 10 2.2600 258.6000 0.0000 3.2000 385.6784 647.7561 0.9251 0.0000 4.7200 0.0000 0.0000 0.0000 0.0000 0.0000 5.4600 4.7200 
2022 10 14 11 2.2400 227.2000 0.0000 3.2000 385.6810 647.7567 0.9251 0.0000 4.7200 0.0000 0.0000 0.0000 0.0000 0.0000 5.4400 4.7200 
2022 10 14 12 2.2200 221.0200 0.0000 3.2000 385.6836 647.7573 0.9251 0.0000 4.7200 0.0000 0.0000 0.0000 0.0000 0.0000 5.4200 4.7200 
2022 10 14 13 2.2100 207.6800 0.0000 3.2000 385.6860 647.7579 0.9251 0.0000 4.7200 0.0000 0.0000 0.0000 0.0000 0.0000 5.4100 4.7200 
2022 10 14 14 2.1900 188.1700 0.0000 3.2000 385.6884 647.7585 0.9251 0.0000 4.7200 0.0000 0.0000 0.0000 0.0000 0.0000 5.3900 4.7200 
2022 10 14 15 2.1900 201.9800 0.0000 3.2000 385.6909 647.7591 0.9251 0.0000 4.7200 0.0000 0.0000 0.0000 0.0000 0.0000 5.3900 4.7200 
2022 10 14 16 2.1700 213.1800 0.0000 3.2000 385.6932 647.7596 0.9252 0.0000 4.7200 0.0000 0.0000 0.0000 0.0000 0.0000 5.3700 4.7200 
2022 10 14 17 2.1700 245.8800 0.0000 3.2000 385.6955 647.7602 0.9252 0.0000 4.7200 0.0000 0.0000 0.0000 0.0000 0.0000 5.3700 4.7200 
2022 10 14 18 2.1600 248.4600 0.0000 3.2000 385.6978 647.7607 0.9252 0.0000 4.7200 0.0000 0.0000 0.0000 0.0000 0.0000 5.3600 4.7200 
2022 10 14 19 2.1500 224.9100 0.0000 3.2000 385.7001 647.7613 0.9252 0.0000 4.7200 0.0000 0.0000 0.0000 0.0000 0.0000 5.3500 4.7200 
2022 10 14 20 2.1400 205.4800 0.0000 3.2000 385.7023 647.7618 0.9252 0.0000 4.7200 0.0000 0.0000 0.0000 0.0000 0.0000 5.3400 4.7200 
2022 10 14 21 2.1400 203.1300 0.0000 3.2000 385.7046 647.7623 0.9253 0.0000 4.7200 0.0000 0.0000 0.0000 0.0000 0.0000 5.3400 4.7200 
2022 10 14 22 2.1700 188.8400 0.0000 3.2000 385.7069 647.7629 0.9253 0.0000 4.7200 0.0000 0.0000 0.0000 0.0000 0.0000 5.3700 4.7200 
2022 10 14 23 2.2300 192.0200 0.0000 3.2000 385.7095 647.7635 0.9253 0.0000 4.7200 0.0000 0.0000 0.0000 0.0000 0.0000 5.4300 4.7200 
2022 10 15 0 2.4100 173.8800 0.0000 3.2000 385.7127 647.7642 0.9253 0.0000 4.7200 0.0000 0.0000 0.0000 0.0000 0.0000 5.6100 4.7200 
2022 10 15 1 2.8100 164.3800 0.0000 3.2000 385.7173 647.7653 0.9254 0.0000 4.7200 0.0000 0.0000 0.0000 0.0000 0.0000 6.0100 4.7200 
2022 10 15 2 3.3900 149.2600 0.0000 3.2000 385.7241 647.7669 0.9254 0.0000 4.7200 0.0000 0.0000 0.0000 0.0000 0.0000 6.5900 4.7200 
2022 10 15 3 3.8500 144.2700 0.0000 3.2000 385.7324 647.7689 0.9255 0.0000 4.7200 0.0000 0.0000 0.0000 0.0000 0.0000 7.0500 4.7200 
2022 10 15 4 4.0800 137.5300 0.0000 3.2000 385.7417 647.7711 0.9256 0.0000 4.7200 0.0000 0.0000 0.0000 0.0000 0.0000 7.2800 4.7200 
2022 10 15 5 4.1700 148.4000 0.0000 3.2000 385.7512 647.7733 0.9256 0.0000 4.7200 0.0000 0.0000 0.0000 0.0000 0.0000 7.3700 4.7200 
2022 10 15 6 4.2100 159.3200 0.0000 3.2000 385.7609 647.7756 0.9257 0.0000 4.7200 0.0000 0.0000 0.0000 0.0000 0.0000 7.4100 4.7200 
2022 10 15 7 4.2300 186.4900 0.0000 3.2000 385.7706 647.7779 0.9258 0.0000 4.7200 0.0000 0.0000 0.0000 0.0000 0.0000 7.4300 4.7200 
2022 10 15 8 4.2400 199.1900 0.0000 3.2000 385.7804 647.7802 0.9259 0.0000 4.7200 0.0000 0.0000 0.0000 0.0000 0.0000 7.4400 4.7200 
2022 10 15 9 4.2200 185.0200 0.0000 3.2000 385.7901 647.7825 0.9259 0.0000 4.7200 0.0000 0.0000 0.0000 0.0000 0.0000 7.4200 4.7200 
2022 10 15 10 4.1700 160.5400 0.0000 3.2000 385.7997 647.7848 0.9260 0.0000 4.7200 0.0000 0.0000 0.0000 0.0000 0.0000 7.3700 4.7200 
2022 10 15 11 4.1000 153.9000 0.0000 3.2000 385.8090 647.7870 0.9261 0.0000 4.7200 0.0000 0.0000 0.0000 0.0000 0.0000 7.3000 4.7200 
2022 10 15 12 4.0100 144.7800 0.0000 3.2000 385.8179 647.7891 0.9262 0.0000 4.7200 0.0000 0.0000 0.0000 0.0000 0.0000 7.2100 4.7200 
2022 10 15 13 3.9200 126.4100 0.0000 3.2000 385.8266 647.7912 0.9262 0.0000 4.7200 0.0000 0.0000 0.0000 0.0000 0.0000 7.1200 4.7200 
2022 10 15 14 3.8300 127.4400 0.0000 3.2000 385.8349 647.7931 0.9263 0.0000 4.7200 0.0000 0.0000 0.0000 0.0000 0.0000 7.0300 4.7200 
2022 10 15 15 3.7400 141.7700 0.0000 3.2000 385.8429 647.7950 0.9263 0.0000 4.7200 0.0000 0.0000 0.0000 0.0000 0.0000 6.9400 4.7200 
2022 10 15 16 3.6700 169.3200 0.0000 3.2000 385.8506 647.7968 0.9264 0.0000 4.7200 0.0000 0.0000 0.0000 0.0000 0.0000 6.8700 4.7200 
2022 10 15 17 3.6700 185.0800 0.0000 3.2000 385.8584 647.7987 0.9265 0.0000 4.7200 0.0000 0.0000 0.0000 0.0000 0.0000 6.8700 4.7200 
2022 10 15 18 3.8400 190.4600 0.0000 3.2000 385.8667 647.8006 0.9265 0.0000 4.7200 0.0000 0.0000 0.0000 0.0000 0.0000 7.0400 4.7200 
2022 10 15 19 4.1200 157.9300 0.0000 3.2000 385.8761 647.8029 0.9266 0.0000 4.7200 0.0000 0.0000 0.0000 0.0000 0.0000 7.3200 4.7200 
2022 10 15 20 4.3500 143.2900 0.0000 3.2000 385.8863 647.8053 0.9267 0.0000 4.7200 0.0000 0.0000 0.0000 0.0000 0.0000 7.5500 4.7200 
2022 10 15 21 4.4800 144.4600 0.0000 3.2000 385.8969 647.8078 0.9268 0.0000 4.7200 0.0000 0.0000 0.0000 0.0000 0.0000 7.6800 4.7200 
2022 10 15 22 4.5400 136.9800 0.0000 3.2000 385.9078 647.8104 0.9269 0.0000 4.7200 0.0000 0.0000 0.0000 0.0000 0.0000 7.7400 4.7200 
2022 10 15 23 4.5600 81.8400 0.0000 3.2000 385.9187 647.8129 0.9269 0.0000 4.7200 0.0000 0.0000 0.0000 0.0000 0.0000 7.7600 4.7200 
2022 10 16 0 4.5800 72.4500 0.0000 3.2000 385.9298 647.8155 0.9270 0.0000 4.7200 0.0000 0.0000 0.0000 0.0000 0.0000 7.7800 4.7200 
2022 10 16 1 4.5800 70.4100 0.0000 3.2000 385.9408 647.8181 0.9271 0.0000 4.7200 0.0000 0.0000 0.0000 0.0000 0.0000 7.7800 4.7200 
2022 10 16 2 4.5700 74.0900 0.0000 3.2000 385.9518 647.8207 0.9272 0.0000 4.7200 0.0000 0.0000 0.0000 0.0000 0.0000 7.7700 4.7200 
2022 10 16 3 4.5500 84.4200 0.0000 3.2000 385.9627 647.8233 0.9273 0.0000 4.7200 0.0000 0.0000 0.0000 0.0000 0.0000 7.7500 4.7200 
2022 10 16 4 4.5000 80.6100 0.0000 3.2000 385.9734 647.8259 0.9274 0.0000 4.7200 0.0000 0.0000 0.0000 0.0000 0.0000 7.7000 4.7200 
2022 10 16 5 4.4500 76.1900 0.0000 3.2000 385.9839 647.8284 0.9275 0.0000 4.7200 0.0000 0.0000 0.0000 0.0000 0.0000 7.6500 4.7200 
2022 10 16 6 4.3900 81.0400 0.0000 3.2000 385.9943 647.8308 0.9275 0.0000 4.7200 0.0000 0.0000 0.0000 0.0000 0.0000 7.5900 4.7200 
2022 10 16 7 4.3500 93.2500 0.0000 3.2000 386.0045 647.8332 0.9276 0.0000 4.7200 0.0000 0.0000 0.0000 0.0000 0.0000 7.5500 4.7200 
2022 10 16 8 4.3300 90.7000 0.0000 3.2000 386.0146 647.8356 0.9277 0.0000 4.7200 0.0000 0.0000 0.0000 0.0000 0.0000 7.5300 4.7200 
2022 10 16 9 4.3100 80.3600 0.0000 3.2000 386.0246 647.8380 0.9278 0.0000 4.7200 0.0000 0.0000 0.0000 0.0000 0.0000 7.5100 4.7200 
2022 10 16 10 4.3400 89.8900 0.0000 3.2000 386.0348 647.8404 0.9279 0.0000 4.7200 0.0000 0.0000 0.0000 0.0000 0.0000 7.5400 4.7200 
2022 10 16 11 4.4400 114.0600 0.0000 3.2000 386.0453 647.8429 0.9279 0.0000 4.7200 0.0000 0.0000 0.0000 0.0000 0.0000 7.6400 4.7200 
2022 10 16 12 4.6100 117.9700 0.0000 3.2000 386.0564 647.8455 0.9280 0.0000 4.7200 0.0000 0.0000 0.0000 0.0000 0.0000 7.8100 4.7200 
2022 10 16 13 4.7800 113.5800 0.0000 3.2000 386.0681 647.8483 0.9281 0.0000 4.7200 0.0000 0.0000 0.0000 0.0000 0.0000 7.9800 4.7200 
2022 10 16 14 4.9300 100.1400 0.0000 3.2000 386.0804 647.8512 0.9282 0.0000 4.7200 0.0000 0.0000 0.0000 0.0000 0.0000 8.1300 4.7200 
2022 10 16 15 5.0200 120.3600 0.0000 3.2000 386.0930 647.8541 0.9283 0.0000 4.7200 0.0000 0.0000 0.0000 0.0000 0.0000 8.2200 4.7200 
2022 10 16 16 5.1000 131.0700 0.0000 3.2000 386.1059 647.8572 0.9284 0.0000 4.7200 0.0000 0.0000 0.0000 0.0000 0.0000 8.3000 4.7200 
2022 10 16 17 5.1600 181.6100 0.0000 3.2000 386.1190 647.8603 0.9285 0.0000 4.7200 0.0000 0.0000 0.0000 0.0000 0.0000 8.3600 4.7200 
2022 10 16 18 5.2000 195.9800 0.0000 3.2000 386.1323 647.8634 0.9286 0.0000 4.7200 0.0000 0.0000 0.0000 0.0000 0.0000 8.4000 4.7200 
2022 10 16 19 5.2100 181.2600 0.0000 3.2000 386.1455 647.8666 0.9287 0.0000 4.7200 0.0000 0.0000 0.0000 0.0000 0.0000 8.4100 4.7200 
2022 10 16 20 5.1900 150.1800 0.0000 3.2000 386.1588 647.8697 0.9288 0.0000 4.7200 0.0000 0.0000 0.0000 0.0000 0.0000 8.3900 4.7200 
2022 10 16 21 5.1700 140.8800 0.0000 3.2000 386.1719 647.8728 0.9289 0.0000 4.7200 0.0000 0.0000 0.0000 0.0000 0.0000 8.3700 4.7200 
2022 10 16 22 5.1200 139.4000 0.0000 3.2000 386.1849 647.8759 0.9290 0.0000 4.7200 0.0000 0.0000 0.0000 0.0000 0.0000 8.3200 4.7200 
2022 10 16 23 5.0800 137.1900 0.0000 3.2000 386.1977 647.8789 0.9292 0.0000 4.7200 0.0000 0.0000 0.0000 0.0000 0.0000 8.2800 4.7200 
2022 10 17 0 5.0200 122.0800 0.0000 3.2000 386.2103 647.8819 0.9293 0.0000 4.7200 0.0000 0.0000 0.0000 0.0000 0.0000 8.2200 4.7200 
2022 10 17 1 4.9600 109.4600 0.0000 3.2000 386.2227 647.8848 0.9293 0.0000 4.7200 0.0000 0.0000 0.0000 0.0000 0.0000 8.1600 4.7200 
2022 10 17 2 4.9100 92.8700 0.0000 3.2000 386.2349 647.8877 0.9294 0.0000 4.7200 0.0000 0.0000 0.0000 0.0000 0.0000 8.1100 4.7200 
2022 10 17 3 4.8500 89.2400 0.0000 3.2000 386.2468 647.8905 0.9295 0.0000 4.7200 0.0000 0.0000 0.0000 0.0000 0.0000 8.0500 4.7200 
2022 10 17 4 4.7900 112.3500 0.0000 3.2000 386.2586 647.8933 0.9296 0.0000 4.7200 0.0000 0.0000 0.0000 0.0000 0.0000 7.9900 4.7200 
2022 10 17 5 4.7300 133.9400 0.0000 3.2000 386.2702 647.8960 0.9297 0.0000 4.7200 0.0000 0.0000 0.0000 0.0000 0.0000 7.9300 4.7200 
2022 10 17 6 4.6700 159.2600 0.0000 3.2000 386.2815 647.8987 0.9298 0.0000 4.7200 0.0000 0.0000 0.0000 0.0000 0.0000 7.8700 4.7200 
2022 10 17 7 4.6100 183.1300 0.0000 3.2000 386.2926 647.9013 0.9299 0.0000 4.7200 0.0000 0.0000 0.0000 0.0000 0.0000 7.8100 4.7200 
2022 10 17 8 4.5500 161.8900 0.0000 3.2000 386.3035 647.9039 0.9300 0.0000 4.7200 0.0000 0.0000 0.0000 0.0000 0.0000 7.7500 4.7200 
2022 10 17 9 4.4900 137.1900 0.0000 3.2000 386.3142 647.9064 0.9301 0.0000 4.7200 0.0000 0.0000 0.0000 0.0000 0.0000 7.6900 4.7200 
2022 10 17 10 4.4200 137.8400 0.0000 3.2000 386.3247 647.9089 0.9302 0.0000 4.7200 0.0000 0.0000 0.0000 0.0000 0.0000 7.6200 4.7200 
2022 10 17 11 4.3700 125.3500 0.0000 3.2000 386.3349 647.9113 0.9302 0.0000 4.7200 0.0000 0.0000 0.0000 0.0000 0.0000 7.5700 4.7200 
2022 10 17 12 4.3300 125.7700 0.0000 3.2000 386.3451 647.9137 0.9303 0.0000 4.7200 0.0000 0.0000 0.0000 0.0000 0.0000 7.5300 4.7200 
2022 10 17 13 4.3000 131.8000 0.0000 3.2000 386.3551 647.9161 0.9304 0.0000 4.7200 0.0000 0.0000 0.0000 0.0000 0.0000 7.5000 4.7200 
2022 10 17 14 4.2800 146.5900 0.0000 3.2000 386.3650 647.9184 0.9305 0.0000 4.7200 0.0000 0.0000 0.0000 0.0000 0.0000 7.4800 4.7200 
2022 10 17 15 4.2700 173.6400 0.0000 3.2000 386.3749 647.9208 0.9306 0.0000 4.7200 0.0000 0.0000 0.0000 0.0000 0.0000 7.4700 4.7200 
2022 10 17 16 4.2700 185.5200 0.0000 3.2000 386.3848 647.9231 0.9306 0.0000 4.7200 0.0000 0.0000 0.0000 0.0000 0.0000 7.4700 4.7200 
2022 10 17 17 4.2800 186.2000 0.0000 3.2000 386.3947 647.9255 0.9307 0.0000 4.7200 0.0000 0.0000 0.0000 0.0000 0.0000 7.4800 4.7200 
2022 10 17 18 4.2900 187.5200 0.0000 3.2000 386.4047 647.9278 0.9308 0.0000 4.7200 0.0000 0.0000 0.0000 0.0000 0.0000 7.4900 4.7200 
2022 10 17 19 4.3000 190.5500 0.0000 3.2000 386.4147 647.9302 0.9309 0.0000 4.7200 0.0000 0.0000 0.0000 0.0000 0.0000 7.5000 4.7200 
2022 10 17 20 4.3100 165.8300 0.0000 3.2000 386.4248 647.9326 0.9309 0.0000 4.7200 0.0000 0.0000 0.0000 0.0000 0.0000 7.5100 4.7200 
2022 10 17 21 4.3200 163.6300 0.0000 3.2000 386.4348 647.9349 0.9310 0.0000 4.7200 0.0000 0.0000 0.0000 0.0000 0.0000 7.5200 4.7200 
2022 10 17 22 4.3200 145.8900 0.0000 3.2000 386.4449 647.9373 0.9311 0.0000 4.7200 0.0000 0.0000 0.0000 0.0000 0.0000 7.5200 4.7200 
2022 10 17 23 4.3200 141.6500 0.0000 3.2000 386.4550 647.9397 0.9312 0.0000 4.7200 0.0000 0.0000 0.0000 0.0000 0.0000 7.5200 4.7200 
2022 10 18 0 4.3200 135.8300 0.0000 3.2000 386.4651 647.9421 0.9313 0.0000 4.7200 0.0000 0.0000 0.0000 0.0000 0.0000 7.5200 4.7200 
2022 10 18 1 4.3100 140.4700 0.0000 3.2000 386.4751 647.9445 0.9313 0.0000 4.7200 0.0000 0.0000 0.0000 0.0000 0.0000 7.5100 4.7200 
2022 10 18 2 4.3000 140.0500 0.0000 3.2000 386.4851 647.9468 0.9314 0.0000 4.7200 0.0000 0.0000 0.0000 0.0000 0.0000 7.5000 4.7200 
2022 10 18 3 4.2800 140.0900 0.0000 3.2000 386.4951 647.9492 0.9315 0.0000 4.7200 0.0000 0.0000 0.0000 0.0000 0.0000 7.4800 4.7200 
2022 10 18 4 4.2800 144.1500 0.0000 3.2000 386.5050 647.9515 0.9316 0.0000 4.7200 0.0000 0.0000 0.0000 0.0000 0.0000 7.4800 4.7200 
2022 10 18 5 4.2700 150.2300 0.0000 3.2000 386.5149 647.9539 0.9317 0.0000 4.7200 0.0000 0.0000 0.0000 0.0000 0.0000 7.4700 4.7200 
2022 10 18 6 4.2800 181.4600 0.0000 3.2000 386.5248 647.9562 0.9317 0.0000 4.7200 0.0000 0.0000 0.0000 0.0000 0.0000 7.4800 4.7200 
2022 10 18 7 4.2800 224.2200 0.0000 3.2000 386.5348 647.9586 0.9318 0.0000 4.7200 0.0000 0.0000 0.0000 0.0000 0.0000 7.4800 4.7200 
2022 10 18 8 4.2900 204.1500 0.0000 3.2000 386.5447 647.9609 0.9319 0.0000 4.7200 0.0000 0.0000 0.0000 0.0000 0.0000 7.4900 4.7200 
2022 10 18 9 4.3000 193.5100 0.0000 3.2000 386.5548 647.9633 0.9320 0.0000 4.7200 0.0000 0.0000 0.0000 0.0000 0.0000 7.5000 4.7200 
2022 10 18 10 4.3100 180.3500 0.0000 3.2000 386.5648 647.9657 0.9320 0.0000 4.7200 0.0000 0.0000 0.0000 0.0000 0.0000 7.5100 4.7200 
2022 10 18 11 4.3200 134.4600 0.0000 3.2000 386.5749 647.9681 0.9321 0.0000 4.7200 0.0000 0.0000 0.0000 0.0000 0.0000 7.5200 4.7200 
2022 10 18 12 4.3200 143.2500 0.0000 3.2000 386.5850 647.9704 0.9322 0.0000 4.7200 0.0000 0.0000 0.0000 0.0000 0.0000 7.5200 4.7200 
2022 10 18 13 4.3200 126.1500 0.0000 3.2000 386.5950 647.9728 0.9323 0.0000 4.7200 0.0000 0.0000 0.0000 0.0000 0.0000 7.5200 4.7200 
2022 10 18 14 4.3200 139.8200 0.0000 3.2000 386.6051 647.9752 0.9324 0.0000 4.7200 0.0000 0.0000 0.0000 0.0000 0.0000 7.5200 4.7200 
2022 10 18 15 4.3100 159.1400 0.0000 3.2000 386.6152 647.9776 0.9324 0.0000 4.7200 0.0000 0.0000 0.0000 0.0000 0.0000 7.5100 4.7200 
2022 10 18 16 4.2900 189.0700 0.0000 3.2000 386.6251 647.9799 0.9325 0.0000 4.7200 0.0000 0.0000 0.0000 0.0000 0.0000 7.4900 4.7200 
2022 10 18 17 4.2600 203.0900 0.0000 3.2000 386.6350 647.9823 0.9326 0.0000 4.7200 0.0000 0.0000 0.0000 0.0000 0.0000 7.4600 4.7200 
2022 10 18 18 4.2300 195.7600 0.0000 3.2000 386.6448 647.9846 0.9327 0.0000 4.7200 0.0000 0.0000 0.0000 0.0000 0.0000 7.4300 4.7200 
2022 10 18 19 4.2000 189.7800 0.0000 3.2000 386.6544 647.9869 0.9328 0.0000 4.7200 0.0000 0.0000 0.0000 0.0000 0.0000 7.4000 4.7200 
2022 10 18 20 4.1700 166.3300 0.0000 3.2000 386.6639 647.9891 0.9328 0.0000 4.7200 0.0000 0.0000 0.0000 0.0000 0.0000 7.3700 4.7200 
2022 10 18 21 4.1400 163.6000 0.0000 3.2000 386.6734 647.9913 0.9329 0.0000 4.7200 0.0000 0.0000 0.0000 0.0000 0.0000 7.3400 4.7200 
2022 10 18 22 4.1100 154.2100 0.0000 3.2000 386.6827 647.9935 0.9330 0.0000 4.7200 0.0000 0.0000 0.0000 0.0000 0.0000 7.3100 4.7200 
2022 10 18 23 4.0800 132.4800 0.0000 3.2000 386.6919 647.9957 0.9331 0.0000 4.7200 0.0000 0.0000 0.0000 0.0000 0.0000 7.2800 4.7200 
2022 10 19 0 4.0400 125.9900 0.0000 3.2000 386.7010 647.9979 0.9331 0.0000 4.7200 0.0000 0.0000 0.0000 0.0000 0.0000 7.2400 4.7200 
2022 10 19 1 4.0100 122.2000 0.0000 3.2000 386.7099 648.0000 0.9332 0.0000 4.7200 0.0000 0.0000 0.0000 0.0000 0.0000 7.2100 4.7200 
2022 10 19 2 3.9700 125.9300 0.0000 3.2000 386.7188 648.0021 0.9333 0.0000 4.7200 0.0000 0.0000 0.0000 0.0000 0.0000 7.1700 4.7200 
2022 10 19 3 3.9300 134.0400 0.0000 3.2000 386.7274 648.0041 0.9333 0.0000 4.7200 0.0000 0.0000 0.0000 0.0000 0.0000 7.1300 4.7200 
2022 10 19 4 3.9000 149.5700 0.0000 3.2000 386.7360 648.0061 0.9334 0.0000 4.7200 0.0000 0.0000 0.0000 0.0000 0.0000 7.1000 4.7200 
2022 10 19 5 3.8700 162.9300 0.0000 3.2000 386.7445 648.0081 0.9335 0.0000 4.7200 0.0000 0.0000 0.0000 0.0000 0.0000 7.0700 4.7200 
2022 10 19 6 3.8300 192.5700 0.0000 3.2000 386.7528 648.0101 0.9335 0.0000 4.7200 0.0000 0.0000 0.0000 0.0000 0.0000 7.0300 4.7200 
2022 10 19 7 3.8000 207.3200 0.0000 3.2000 386.7610 648.0121 0.9336 0.0000 4.7200 0.0000 0.0000 0.0000 0.0000 0.0000 7.0000 4.7200 
2022 10 19 8 3.7700 202.6000 0.0000 3.2000 386.7691 648.0140 0.9337 0.0000 4.7200 0.0000 0.0000 0.0000 0.0000 0.0000 6.9700 4.7200 
2022 10 19 9 3.7400 188.9100 0.0000 3.2000 386.7771 648.0159 0.9337 0.0000 4.7200 0.0000 0.0000 0.0000 0.0000 0.0000 6.9400 4.7200 
2022 10 19 10 3.7100 175.4400 0.0000 3.2000 386.7850 648.0177 0.9338 0.0000 4.7200 0.0000 0.0000 0.0000 0.0000 0.0000 6.9100 4.7200 
2022 10 19 11 3.6800 154.7400 0.0000 3.2000 386.7927 648.0196 0.9338 0.0000 4.7200 0.0000 0.0000 0.0000 0.0000 0.0000 6.8800 4.7200 
2022 10 19 12 3.6500 150.2400 0.0000 3.2000 386.8004 648.0214 0.9339 0.0000 4.7200 0.0000 0.0000 0.0000 0.0000 0.0000 6.8500 4.7200 
2022 10 19 13 3.6200 144.4400 0.0000 3.2000 386.8080 648.0232 0.9340 0.0000 4.7200 0.0000 0.0000 0.0000 0.0000 0.0000 6.8200 4.7200 
2022 10 19 14 3.5900 153.3400 0.0000 3.2000 386.8154 648.0249 0.9340 0.0000 4.7200 0.0000 0.0000 0.0000 0.0000 0.0000 6.7900 4.7200 
2022 10 19 15 3.5600 171.2500 0.0000 3.2000 386.8228 648.0267 0.9341 0.0000 4.7200 0.0000 0.0000 0.0000 0.0000 0.0000 6.7600 4.7200 
2022 10 19 16 3.5300 186.9500 0.0000 3.2000 386.8300 648.0284 0.9341 0.0000 4.7200 0.0000 0.0000 0.0000 0.0000 0.0000 6.7300 4.7200 
2022 10 19 17 3.5000 183.5600 0.0000 3.2000 386.8371 648.0301 0.9342 0.0000 4.7200 0.0000 0.0000 0.0000 0.0000 0.0000 6.7000 4.7200 
2022 10 19 18 3.4700 175.2900 0.0000 3.2000 386.8442 648.0317 0.9343 0.0000 4.7200 0.0000 0.0000 0.0000 0.0000 0.0000 6.6700 4.7200 
2022 10 19 19 3.4400 163.3600 0.0000 3.2000 386.8511 648.0333 0.9343 0.0000 4.7200 0.0000 0.0000 0.0000 0.0000 0.0000 6.6400 4.7200 
2022 10 19 20 3.4200 151.6000 0.0000 3.2000 386.8579 648.0350 0.9344 0.0000 4.7200 0.0000 0.0000 0.0000 0.0000 0.0000 6.6200 4.7200 
2022 10 19 21 3.3900 149.1100 0.0000 3.2000 386.8646 648.0366 0.9344 0.0000 4.7200 0.0000 0.0000 0.0000 0.0000 0.0000 6.5900 4.7200 
2022 10 19 22 3.3600 133.0000 0.0000 3.2000 386.8713 648.0381 0.9345 0.0000 4.7200 0.0000 0.0000 0.0000 0.0000 0.0000 6.5600 4.7200 
2022 10 19 23 3.3300 128.4400 0.0000 3.2000 386.8778 648.0397 0.9345 0.0000 4.7200 0.0000 0.0000 0.0000 0.0000 0.0000 6.5300 4.7200 
2022 10 20 0 3.3000 116.2000 0.0000 3.2000 386.8842 648.0412 0.9346 0.0000 4.7200 0.0000 0.0000 0.0000 0.0000 0.0000 6.5000 4.7200 
2022 10 20 1 3.2700 80.4300 0.0000 3.2000 386.8905 648.0427 0.9346 0.0000 4.7200 0.0000 0.0000 0.0000 0.0000 0.0000 6.4700 4.7200 
2022 10 20 2 3.2400 79.0100 0.0000 3.2000 386.8967 648.0441 0.9347 0.0000 4.7200 0.0000 0.0000 0.0000 0.0000 0.0000 6.4400 4.7200 
2022 10 20 3 3.2100 74.8000 0.0000 3.2000 386.9028 648.0456 0.9347 0.0000 4.7200 0.0000 0.0000 0.0000 0.0000 0.0000 6.4100 4.7200 
2022 10 20 4 3.1800 113.3700 0.0000 3.2000 386.9087 648.0470 0.9348 0.0000 4.7200 0.0000 0.0000 0.0000 0.0000 0.0000 6.3800 4.7200 
2022 10 20 5 3.1600 151.6700 0.0000 3.2000 386.9146 648.0484 0.9348 0.0000 4.7200 0.0000 0.0000 0.0000 0.0000 0.0000 6.3600 4.7200 
2022 10 20 6 3.1300 173.5200 0.0000 3.2000 386.9204 648.0497 0.9349 0.0000 4.7200 0.0000 0.0000 0.0000 0.0000 0.0000 6.3300 4.7200 
2022 10 20 7 3.1000 187.5100 0.0000 3.2000 386.9261 648.0511 0.9349 0.0000 4.7200 0.0000 0.0000 0.0000 0.0000 0.0000 6.3000 4.7200 
2022 10 20 8 3.0700 174.2400 0.0000 3.2000 386.9317 648.0524 0.9349 0.0000 4.7200 0.0000 0.0000 0.0000 0.0000 0.0000 6.2700 4.7200 
2022 10 20 9 3.0500 173.9900 0.0000 3.2000 386.9372 648.0537 0.9350 0.0000 4.7200 0.0000 0.0000 0.0000 0.0000 0.0000 6.2500 4.7200 
2022 10 20 10 3.0200 161.0300 0.0000 3.2000 386.9426 648.0550 0.9350 0.0000 4.7200 0.0000 0.0000 0.0000 0.0000 0.0000 6.2200 4.7200 
2022 10 20 11 2.9900 137.9900 0.0000 3.2000 386.9479 648.0562 0.9351 0.0000 4.7200 0.0000 0.0000 0.0000 0.0000 0.0000 6.1900 4.7200 
2022 10 20 12 2.9700 134.9900 0.0000 3.2000 386.9531 648.0575 0.9351 0.0000 4.7200 0.0000 0.0000 0.0000 0.0000 0.0000 6.1700 4.7200 
2022 10 20 13 2.9500 135.1900 0.0000 3.2000 386.9583 648.0587 0.9352 0.0000 4.7200 0.0000 0.0000 0.0000 0.0000 0.0000 6.1500 4.7200 
2022 10 20 14 2.9200 139.6000 0.0000 3.2000 386.9633 648.0599 0.9352 0.0000 4.7200 0.0000 0.0000 0.0000 0.0000 0.0000 6.1200 4.7200 
2022 10 20 15 2.9000 150.1900 0.0000 3.2000 386.9683 648.0611 0.9352 0.0000 4.7200 0.0000 0.0000 0.0000 0.0000 0.0000 6.1000 4.7200 
2022 10 20 16 2.8800 170.5400 0.0000 3.2000 386.9732 648.0622 0.9353 0.0000 4.7200 0.0000 0.0000 0.0000 0.0000 0.0000 6.0800 4.7200 
2022 10 20 17 2.8600 178.9400 0.0000 3.2000 386.9780 648.0634 0.9353 0.0000 4.7200 0.0000 0.0000 0.0000 0.0000 0.0000 6.0600 4.7200 
2022 10 20 18 2.8400 183.6400 0.0000 3.2000 386.9828 648.0645 0.9354 0.0000 4.7200 0.0000 0.0000 0.0000 0.0000 0.0000 6.0400 4.7200 
2022 10 20 19 2.8200 159.7600 0.0000 3.2000 386.9874 648.0656 0.9354 0.0000 4.7200 0.0000 0.0000 0.0000 0.0000 0.0000 6.0200 4.7200 
2022 10 20 20 2.7900 142.4900 0.0000 3.2000 386.9920 648.0667 0.9354 0.0000 4.7200 0.0000 0.0000 0.0000 0.0000 0.0000 5.9900 4.7200 
2022 10 20 21 2.7800 133.6800 0.0000 3.2000 386.9965 648.0677 0.9355 0.0000 4.7200 0.0000 0.0000 0.0000 0.0000 0.0000 5.9800 4.7200 
2022 10 20 22 2.7600 124.9900 0.0000 3.2000 387.0010 648.0688 0.9355 0.0000 4.7200 0.0000 0.0000 0.0000 0.0000 0.0000 5.9600 4.7200 
2022 10 20 23 2.7400 132.9100 0.0000 3.2000 387.0054 648.0698 0.9355 0.0000 4.7200 0.0000 0.0000 0.0000 0.0000 0.0000 5.9400 4.7200 
2022 10 21 0 2.7200 121.1300 0.0000 3.2000 387.0097 648.0709 0.9356 0.0000 4.7200 0.0000 0.0000 0.0000 0.0000 0.0000 5.9200 4.7200 
2022 10 21 1 2.7000 117.7000 0.0000 3.2000 387.0140 648.0719 0.9356 0.0000 4.7200 0.0000 0.0000 0.0000 0.0000 0.0000 5.9000 4.7200 
2022 10 21 2 2.6800 114.0500 0.0000 3.2000 387.0181 648.0728 0.9356 0.0000 4.7200 0.0000 0.0000 0.0000 0.0000 0.0000 5.8800 4.7200 
2022 10 21 3 2.6600 120.1500 0.0000 3.2000 387.0222 648.0738 0.9357 0.0000 4.7200 0.0000 0.0000 0.0000 0.0000 0.0000 5.8600 4.7200 
2022 10 21 4 2.6400 134.8700 0.0000 3.2000 387.0263 648.0748 0.9357 0.0000 4.7200 0.0000 0.0000 0.0000 0.0000 0.0000 5.8400 4.7200 
2022 10 21 5 2.6300 155.8800 0.0000 3.2000 387.0303 648.0757 0.9357 0.0000 4.7200 0.0000 0.0000 0.0000 0.0000 0.0000 5.8300 4.7200 
2022 10 21 6 2.6100 179.8100 0.0000 3.2000 387.0342 648.0766 0.9358 0.0000 4.7200 0.0000 0.0000 0.0000 0.0000 0.0000 5.8100 4.7200 
2022 10 21 7 2.5900 193.8900 0.0000 3.2000 387.0381 648.0776 0.9358 0.0000 4.7200 0.0000 0.0000 0.0000 0.0000 0.0000 5.7900 4.7200 
2022 10 21 8 2.5700 195.9600 0.0000 3.2000 387.0418 648.0784 0.9358 0.0000 4.7200 0.0000 0.0000 0.0000 0.0000 0.0000 5.7700 4.7200 
2022 10 21 9 2.5600 182.9800 0.0000 3.2000 387.0456 648.0793 0.9358 0.0000 4.7200 0.0000 0.0000 0.0000 0.0000 0.0000 5.7600 4.7200 
2022 10 21 10 2.5400 179.1800 0.0000 3.2000 387.0492 648.0802 0.9359 0.0000 4.7200 0.0000 0.0000 0.0000 0.0000 0.0000 5.7400 4.7200 
2022 10 21 11 2.5200 168.8000 0.0000 3.2000 387.0528 648.0811 0.9359 0.0000 4.7200 0.0000 0.0000 0.0000 0.0000 0.0000 5.7200 4.7200 
2022 10 21 12 2.5100 165.8800 0.0000 3.2000 387.0564 648.0819 0.9359 0.0000 4.7200 0.0000 0.0000 0.0000 0.0000 0.0000 5.7100 4.7200 
2022 10 21 13 2.4900 162.9600 0.0000 3.2000 387.0599 648.0827 0.9360 0.0000 4.7200 0.0000 0.0000 0.0000 0.0000 0.0000 5.6900 4.7200 
2022 10 21 14 2.4800 159.7900 0.0000 3.2000 387.0634 648.0835 0.9360 0.0000 4.7200 0.0000 0.0000 0.0000 0.0000 0.0000 5.6800 4.7200 
2022 10 21 15 2.4600 164.4300 0.0000 3.2000 387.0667 648.0843 0.9360 0.0000 4.7200 0.0000 0.0000 0.0000 0.0000 0.0000 5.6600 4.7200 
2022 10 21 16 2.4500 173.7300 0.0000 3.2000 387.0701 648.0851 0.9360 0.0000 4.7200 0.0000 0.0000 0.0000 0.0000 0.0000 5.6500 4.7200 
2022 10 21 17 2.4300 176.2900 0.0000 3.2000 387.0734 648.0859 0.9361 0.0000 4.7200 0.0000 0.0000 0.0000 0.0000 0.0000 5.6300 4.7200 
2022 10 21 18 2.4200 161.5800 0.0000 3.2000 387.0766 648.0867 0.9361 0.0000 4.7200 0.0000 0.0000 0.0000 0.0000 0.0000 5.6200 4.7200 
2022 10 21 19 2.4000 150.1600 0.0000 3.2000 387.0798 648.0874 0.9361 0.0000 4.7200 0.0000 0.0000 0.0000 0.0000 0.0000 5.6000 4.7200 
2022 10 21 20 2.3900 152.4500 0.0000 3.2000 387.0829 648.0882 0.9361 0.0000 4.7200 0.0000 0.0000 0.0000 0.0000 0.0000 5.5900 4.7200 
2022 10 21 21 2.3800 154.1400 0.0000 3.2000 387.0860 648.0889 0.9362 0.0000 4.7200 0.0000 0.0000 0.0000 0.0000 0.0000 5.5800 4.7200 
2022 10 21 22 2.3600 144.4900 0.0000 3.2000 387.0890 648.0896 0.9362 0.0000 4.7200 0.0000 0.0000 0.0000 0.0000 0.0000 5.5600 4.7200 
2022 10 21 23 2.3500 149.1900 0.0000 3.2000 387.0920 648.0903 0.9362 0.0000 4.7200 0.0000 0.0000 0.0000 0.0000 0.0000 5.5500 4.7200 
2022 10 22 0 2.3300 134.2800 0.0000 3.2000 387.0949 648.0910 0.9362 0.0000 4.7200 0.0000 0.0000 0.0000 0.0000 0.0000 5.5300 4.7200 
2022 10 22 1 2.3200 130.5100 0.0000 3.2000 387.0978 648.0917 0.9363 0.0000 4.7200 0.0000 0.0000 0.0000 0.0000 0.0000 5.5200 4.7200 
2022 10 22 2 2.3100 134.0100 0.0000 3.2000 387.1007 648.0924 0.9363 0.0000 4.7200 0.0000 0.0000 0.0000 0.0000 0.0000 5.5100 4.7200 
2022 10 22 3 2.3000 134.2600 0.0000 3.2000 387.1035 648.0930 0.9363 0.0000 4.7200 0.0000 0.0000 0.0000 0.0000 0.0000 5.5000 4.7200 
2022 10 22 4 2.2800 136.4500 0.0000 3.2000 387.1062 648.0937 0.9363 0.0000 4.7200 0.0000 0.0000 0.0000 0.0000 0.0000 5.4800 4.7200 
2022 10 22 5 2.2700 135.3400 0.0000 3.2000 387.1089 648.0943 0.9363 0.0000 4.7200 0.0000 0.0000 0.0000 0.0000 0.0000 5.4700 4.7200 
2022 10 22 6 2.2500 142.5200 0.0000 3.2000 387.1115 648.0949 0.9364 0.0000 4.7200 0.0000 0.0000 0.0000 0.0000 0.0000 5.4500 4.7200 
2022 10 22 7 2.2400 146.7000 0.0000 3.2000 387.1141 648.0955 0.9364 0.0000 4.7200 0.0000 0.0000 0.0000 0.0000 0.0000 5.4400 4.7200 
2022 10 22 8 2.2300 148.0300 0.0000 3.2000 387.1167 648.0961 0.9364 0.0000 4.7200 0.0000 0.0000 0.0000 0.0000 0.0000 5.4300 4.7200 
2022 10 22 9 2.2200 145.8500 0.0000 3.2000 387.1192 648.0967 0.9364 0.0000 4.7200 0.0000 0.0000 0.0000 0.0000 0.0000 5.4200 4.7200 
2022 10 22 10 2.2000 137.8700 0.0000 3.2000 387.1216 648.0973 0.9364 0.0000 4.7200 0.0000 0.0000 0.0000 0.0000 0.0000 5.4000 4.7200 
2022 10 22 11 2.1900 134.5200 0.0000 3.2000 387.1241 648.0979 0.9365 0.0000 4.7200 0.0000 0.0000 0.0000 0.0000 0.0000 5.3900 4.7200 
2022 10 22 12 2.1700 126.2200 0.0000 3.2000 387.1264 648.0984 0.9365 0.0000 4.7200 0.0000 0.0000 0.0000 0.0000 0.0000 5.3700 4.7200 
2022 10 22 13 2.1600 119.6400 0.0000 3.2000 387.1287 648.0990 0.9365 0.0000 4.7200 0.0000 0.0000 0.0000 0.0000 0.0000 5.3600 4.7200 
2022 10 22 14 2.1600 121.6700 0.0000 3.2000 387.1310 648.0995 0.9365 0.0000 4.7200 0.0000 0.0000 0.0000 0.0000 0.0000 5.3600 4.7200 
2022 10 22 15 2.1500 141.4300 0.0000 3.2000 387.1333 648.1001 0.9365 0.0000 4.7200 0.0000 0.0000 0.0000 0.0000 0.0000 5.3500 4.7200 
2022 10 22 16 2.1400 161.3200 0.0000 3.2000 387.1355 648.1006 0.9366 0.0000 4.7200 0.0000 0.0000 0.0000 0.0000 0.0000 5.3400 4.7200 
2022 10 22 17 2.1400 180.8100 0.0000 3.2000 387.1377 648.1011 0.9366 0.0000 4.7200 0.0000 0.0000 0.0000 0.0000 0.0000 5.3400 4.7200 
2022 10 22 18 2.1400 184.9500 0.0000 3.2000 387.1400 648.1016 0.9366 0.0000 4.7200 0.0000 0.0000 0.0000 0.0000 0.0000 5.3400 4.7200 
2022 10 22 19 2.1500 165.1100 0.0000 3.2000 387.1422 648.1022 0.9366 0.0000 4.7200 0.0000 0.0000 0.0000 0.0000 0.0000 5.3500 4.7200 
2022 10 22 20 2.1600 146.1200 0.0000 3.2000 387.1445 648.1027 0.9366 0.0000 4.7200 0.0000 0.0000 0.0000 0.0000 0.0000 5.3600 4.7200 
2022 10 22 21 2.1900 145.5600 0.0000 3.2000 387.1470 648.1033 0.9366 0.0000 4.7200 0.0000 0.0000 0.0000 0.0000 0.0000 5.3900 4.7200 
2022 10 22 22 2.2400 137.9400 0.0000 3.2000 387.1495 648.1039 0.9367 0.0000 4.7200 0.0000 0.0000 0.0000 0.0000 0.0000 5.4400 4.7200 
2022 10 22 23 2.2900 118.5100 0.0000 3.2000 387.1523 648.1046 0.9367 0.0000 4.7200 0.0000 0.0000 0.0000 0.0000 0.0000 5.4900 4.7200 
2022 10 23 0 2.3500 106.1800 0.0000 3.2000 387.1553 648.1053 0.9367 0.0000 4.7200 0.0000 0.0000 0.0000 0.0000 0.0000 5.5500 4.7200 
2022 10 23 1 2.4000 99.9600 0.0000 3.2000 387.1585 648.1060 0.9367 0.0000 4.7200 0.0000 0.0000 0.0000 0.0000 0.0000 5.6000 4.7200 
2022 10 23 2 2.4700 96.1900 0.0000 3.2000 387.1619 648.1068 0.9368 0.0000 4.7200 0.0000 0.0000 0.0000 0.0000 0.0000 5.6700 4.7200 
2022 10 23 3 2.5300 98.5400 0.0000 3.2000 387.1655 648.1077 0.9368 0.0000 4.7200 0.0000 0.0000 0.0000 0.0000 0.0000 5.7300 4.7200 
2022 10 23 4 2.5800 94.6300 0.0000 3.2000 387.1693 648.1086 0.9368 0.0000 4.7200 0.0000 0.0000 0.0000 0.0000 0.0000 5.7800 4.7200 
2022 10 23 5 2.6300 112.0000 0.0000 3.2000 387.1733 648.1095 0.9369 0.0000 4.7200 0.0000 0.0000 0.0000 0.0000 0.0000 5.8300 4.7200 
2022 10 23 6 2.6800 117.5600 0.0000 3.2000 387.1775 648.1105 0.9369 0.0000 4.7200 0.0000 0.0000 0.0000 0.0000 0.0000 5.8800 4.7200 
2022 10 23 7 2.7200 126.0400 0.0000 3.2000 387.1818 648.1115 0.9369 0.0000 4.7200 0.0000 0.0000 0.0000 0.0000 0.0000 5.9200 4.7200 
2022 10 23 8 2.7500 122.9000 0.0000 3.2000 387.1863 648.1126 0.9370 0.0000 4.7200 0.0000 0.0000 0.0000 0.0000 0.0000 5.9500 4.7200 
2022 10 23 9 2.7900 102.9100 0.0000 3.2000 387.1908 648.1137 0.9370 0.0000 4.7200 0.0000 0.0000 0.0000 0.0000 0.0000 5.9900 4.7200 
2022 10 23 10 2.8100 99.9000 0.0000 3.2000 387.1955 648.1148 0.9370 0.0000 4.7200 0.0000 0.0000 0.0000 0.0000 0.0000 6.0100 4.7200 
2022 10 23 11 2.8300 89.3900 0.0000 3.2000 387.2002 648.1159 0.9371 0.0000 4.7200 0.0000 0.0000 0.0000 0.0000 0.0000 6.0300 4.7200 
2022 10 23 12 2.8300 81.6600 0.0000 3.2000 387.2049 648.1170 0.9371 0.0000 4.7200 0.0000 0.0000 0.0000 0.0000 0.0000 6.0300 4.7200 
2022 10 23 13 2.8400 83.9400 0.0000 3.2000 387.2097 648.1181 0.9371 0.0000 4.7200 0.0000 0.0000 0.0000 0.0000 0.0000 6.0400 4.7200 
2022 10 23 14 2.8500 85.6100 0.0000 3.2000 387.2145 648.1193 0.9372 0.0000 4.7200 0.0000 0.0000 0.0000 0.0000 0.0000 6.0500 4.7200 
2022 10 23 15 2.8600 95.2700 0.0000 3.2000 387.2193 648.1204 0.9372 0.0000 4.7200 0.0000 0.0000 0.0000 0.0000 0.0000 6.0600 4.7200 
2022 10 23 16 2.8800 111.0200 0.0000 3.2000 387.2242 648.1216 0.9373 0.0000 4.7200 0.0000 0.0000 0.0000 0.0000 0.0000 6.0800 4.7200 
2022 10 23 17 2.9100 119.9200 0.0000 3.2000 387.2292 648.1227 0.9373 0.0000 4.7200 0.0000 0.0000 0.0000 0.0000 0.0000 6.1100 4.7200 
2022 10 23 18 2.9400 123.6900 0.0000 3.2000 387.2343 648.1239 0.9373 0.0000 4.7200 0.0000 0.0000 0.0000 0.0000 0.0000 6.1400 4.7200 
2022 10 23 19 3.0000 110.0600 0.0000 3.2000 387.2396 648.1252 0.9374 0.0000 4.7200 0.0000 0.0000 0.0000 0.0000 0.0000 6.2000 4.7200 
2022 10 23 20 3.0700 93.3300 0.0000 3.2000 387.2452 648.1265 0.9374 0.0000 4.7200 0.0000 0.0000 0.0000 0.0000 0.0000 6.2700 4.7200 
2022 10 23 21 3.1400 86.2600 0.0000 3.2000 387.2510 648.1279 0.9375 0.0000 4.7200 0.0000 0.0000 0.0000 0.0000 0.0000 6.3400 4.7200 
2022 10 23 22 3.2300 78.5900 0.0000 3.2000 387.2572 648.1294 0.9375 0.0000 4.7200 0.0000 0.0000 0.0000 0.0000 0.0000 6.4300 4.7200 
2022 10 23 23 3.3200 56.4400 0.0000 3.2000 387.2637 648.1309 0.9376 0.0000 4.7200 0.0000 0.0000 0.0000 0.0000 0.0000 6.5200 4.7200 
2022 10 24 0 3.4000 53.2400 0.0000 3.2000 387.2704 648.1325 0.9376 0.0000 4.7200 0.0000 0.0000 0.0000 0.0000 0.0000 6.6000 4.7200 
2022 10 24 1 3.4400 40.7000 0.0000 3.2000 387.2773 648.1341 0.9377 0.0000 4.7200 0.0000 0.0000 0.0000 0.0000 0.0000 6.6400 4.7200 
2022 10 24 2 3.4700 26.8000 0.0000 3.2000 387.2844 648.1358 0.9377 0.0000 4.7200 0.0000 0.0000 0.0000 0.0000 0.0000 6.6700 4.7200 
2022 10 24 3 3.4800 40.6900 0.0000 3.2000 387.2914 648.1375 0.9378 0.0000 4.7200 0.0000 0.0000 0.0000 0.0000 0.0000 6.6800 4.7200 
2022 10 24 4 3.4700 55.9300 0.0000 3.2000 387.2984 648.1391 0.9378 0.0000 4.7200 0.0000 0.0000 0.0000 0.0000 0.0000 6.6700 4.7200 
2022 10 24 5 3.4400 73.1300 0.0000 3.2000 387.3054 648.1407 0.9379 0.0000 4.7200 0.0000 0.0000 0.0000 0.0000 0.0000 6.6400 4.7200 
2022 10 24 6 3.4100 110.6600 0.0000 3.2000 387.3122 648.1424 0.9380 0.0000 4.7200 0.0000 0.0000 0.0000 0.0000 0.0000 6.6100 4.7200 
2022 10 24 7 3.3800 126.7000 0.0000 3.2000 387.3189 648.1439 0.9380 0.0000 4.7200 0.0000 0.0000 0.0000 0.0000 0.0000 6.5800 4.7200 
2022 10 24 8 3.3500 120.1800 0.0000 3.2000 387.3254 648.1455 0.9381 0.0000 4.7200 0.0000 0.0000 0.0000 0.0000 0.0000 6.5500 4.7200 
2022 10 24 9 3.3200 112.1800 0.0000 3.2000 387.3319 648.1470 0.9381 0.0000 4.7200 0.0000 0.0000 0.0000 0.0000 0.0000 6.5200 4.7200 
2022 10 24 10 3.3100 87.2600 0.0000 3.2000 387.3384 648.1485 0.9382 0.0000 4.7200 0.0000 0.0000 0.0000 0.0000 0.0000 6.5100 4.7200 
2022 10 24 11 3.3300 72.9300 0.0000 3.2000 387.3449 648.1501 0.9382 0.0000 4.7200 0.0000 0.0000 0.0000 0.0000 0.0000 6.5300 4.7200 
2022 10 24 12 3.3500 72.6300 0.0000 3.2000 387.3515 648.1516 0.9383 0.0000 4.7200 0.0000 0.0000 0.0000 0.0000 0.0000 6.5500 4.7200 
2022 10 24 13 3.3600 73.0400 0.0000 3.2000 387.3581 648.1532 0.9383 0.0000 4.7200 0.0000 0.0000 0.0000 0.0000 0.0000 6.5600 4.7200 
2022 10 24 14 3.3700 81.5500 0.0000 3.2000 387.3648 648.1548 0.9384 0.0000 4.7200 0.0000 0.0000 0.0000 0.0000 0.0000 6.5700 4.7200 
2022 10 24 15 3.3700 88.3500 0.0000 3.2000 387.3714 648.1564 0.9384 0.0000 4.7200 0.0000 0.0000 0.0000 0.0000 0.0000 6.5700 4.7200 
2022 10 24 16 3.3500 114.1300 0.0000 3.2000 387.3780 648.1579 0.9385 0.0000 4.7200 0.0000 0.0000 0.0000 0.0000 0.0000 6.5500 4.7200 
2022 10 24 17 3.3300 123.8400 0.0000 3.2000 387.3845 648.1595 0.9385 0.0000 4.7200 0.0000 0.0000 0.0000 0.0000 0.0000 6.5300 4.7200 
2022 10 24 18 3.3100 130.7400 0.0000 3.2000 387.3910 648.1610 0.9386 0.0000 4.7200 0.0000 0.0000 0.0000 0.0000 0.0000 6.5100 4.7200 
2022 10 24 19 3.3000 111.0900 0.0000 3.2000 387.3974 648.1625 0.9386 0.0000 4.7200 0.0000 0.0000 0.0000 0.0000 0.0000 6.5000 4.7200 
2022 10 24 20 3.2800 92.6900 0.0000 3.2000 387.4037 648.1640 0.9387 0.0000 4.7200 0.0000 0.0000 0.0000 0.0000 0.0000 6.4800 4.7200 
2022 10 24 21 3.2700 91.7400 0.0000 3.2000 387.4100 648.1655 0.9387 0.0000 4.7200 0.0000 0.0000 0.0000 0.0000 0.0000 6.4700 4.7200 
2022 10 24 22 3.2600 83.6000 0.0000 3.2000 387.4163 648.1670 0.9388 0.0000 4.7200 0.0000 0.0000 0.0000 0.0000 0.0000 6.4600 4.7200 
2022 10 24 23 3.2600 61.0300 0.0000 3.2000 387.4225 648.1684 0.9388 0.0000 4.7200 0.0000 0.0000 0.0000 0.0000 0.0000 6.4600 4.7200 
2022 10 25 0 3.2700 54.2400 0.0000 3.2000 387.4288 648.1699 0.9389 0.0000 4.7200 0.0000 0.0000 0.0000 0.0000 0.0000 6.4700 4.7200 
2022 10 25 1 3.2800 60.5500 0.0000 3.2000 387.4352 648.1714 0.9389 0.0000 4.7200 0.0000 0.0000 0.0000 0.0000 0.0000 6.4800 4.7200 
2022 10 25 2 3.2900 60.2400 0.0000 3.2000 387.4415 648.1729 0.9390 0.0000 4.7200 0.0000 0.0000 0.0000 0.0000 0.0000 6.4900 4.7200 
2022 10 25 3 3.2900 72.2600 0.0000 3.2000 387.4479 648.1744 0.9390 0.0000 4.7200 0.0000 0.0000 0.0000 0.0000 0.0000 6.4900 4.7200 
2022 10 25 4 3.2900 75.7600 0.0000 3.2000 387.4543 648.1760 0.9391 0.0000 4.7200 0.0000 0.0000 0.0000 0.0000 0.0000 6.4900 4.7200 
2022 10 25 5 3.3000 92.5200 0.0000 3.2000 387.4607 648.1775 0.9391 0.0000 4.7200 0.0000 0.0000 0.0000 0.0000 0.0000 6.5000 4.7200 
2022 10 25 6 3.3000 121.1600 0.0000 3.2000 387.4671 648.1790 0.9392 0.0000 4.7200 0.0000 0.0000 0.0000 0.0000 0.0000 6.5000 4.7200 
2022 10 25 7 3.3200 131.5800 0.0000 3.2000 387.4736 648.1805 0.9392 0.0000 4.7200 0.0000 0.0000 0.0000 0.0000 0.0000 6.5200 4.7200 
2022 10 25 8 3.3400 131.0700 0.0000 3.2000 387.4801 648.1821 0.9393 0.0000 4.7200 0.0000 0.0000 0.0000 0.0000 0.0000 6.5400 4.7200 
2022 10 25 9 3.3600 113.2600 0.0000 3.2000 387.4868 648.1836 0.9393 0.0000 4.7200 0.0000 0.0000 0.0000 0.0000 0.0000 6.5600 4.7200 
2022 10 25 10 3.3800 107.0900 0.0000 3.2000 387.4935 648.1852 0.9394 0.0000 4.7200 0.0000 0.0000 0.0000 0.0000 0.0000 6.5800 4.7200 
2022 10 25 11 3.3800 100.1800 0.0000 3.2000 387.5001 648.1868 0.9394 0.0000 4.7200 0.0000 0.0000 0.0000 0.0000 0.0000 6.5800 4.7200 
2022 10 25 12 3.3900 84.3800 0.0000 3.2000 387.5069 648.1884 0.9395 0.0000 4.7200 0.0000 0.0000 0.0000 0.0000 0.0000 6.5900 4.7200 
2022 10 25 13 3.3900 85.7400 0.0000 3.2000 387.5136 648.1900 0.9395 0.0000 4.7200 0.0000 0.0000 0.0000 0.0000 0.0000 6.5900 4.7200 
2022 10 25 14 3.3800 103.6100 0.0000 3.2000 387.5203 648.1916 0.9396 0.0000 4.7200 0.0000 0.0000 0.0000 0.0000 0.0000 6.5800 4.7200 
2022 10 25 15 3.3700 120.0900 0.0000 3.2000 387.5270 648.1931 0.9396 0.0000 4.7200 0.0000 0.0000 0.0000 0.0000 0.0000 6.5700 4.7200 
2022 10 25 16 3.3600 154.7800 0.0000 3.2000 387.5336 648.1947 0.9397 0.0000 4.7200 0.0000 0.0000 0.0000 0.0000 0.0000 6.5600 4.7200 
2022 10 25 17 3.3400 177.6700 0.0000 3.2000 387.5401 648.1963 0.9398 0.0000 4.7200 0.0000 0.0000 0.0000 0.0000 0.0000 6.5400 4.7200 
2022 10 25 18 3.3100 184.2700 0.0000 3.2000 387.5466 648.1978 0.9398 0.0000 4.7200 0.0000 0.0000 0.0000 0.0000 0.0000 6.5100 4.7200 
2022 10 25 19 3.2900 154.0300 0.0000 3.2000 387.5530 648.1993 0.9399 0.0000 4.7200 0.0000 0.0000 0.0000 0.0000 0.0000 6.4900 4.7200 
2022 10 25 20 3.2600 131.2900 0.0000 3.2000 387.5592 648.2008 0.9399 0.0000 4.7200 0.0000 0.0000 0.0000 0.0000 0.0000 6.4600 4.7200 
2022 10 25 21 3.2300 121.4600 0.0000 3.2000 387.5654 648.2022 0.9400 0.0000 4.7200 0.0000 0.0000 0.0000 0.0000 0.0000 6.4300 4.7200 
2022 10 25 22 3.2100 116.2600 0.0000 3.2000 387.5715 648.2037 0.9400 0.0000 4.7200 0.0000 0.0000 0.0000 0.0000 0.0000 6.4100 4.7200 
2022 10 25 23 3.1900 98.6900 0.0000 3.2000 387.5775 648.2051 0.9400 0.0000 4.7200 0.0000 0.0000 0.0000 0.0000 0.0000 6.3900 4.7200 
2022 10 26 0 3.1800 94.2900 0.0000 3.2000 387.5835 648.2065 0.9401 0.0000 4.7200 0.0000 0.0000 0.0000 0.0000 0.0000 6.3800 4.7200 
2022 10 26 1 3.1700 91.3300 0.0000 3.2000 387.5894 648.2079 0.9401 0.0000 4.7200 0.0000 0.0000 0.0000 0.0000 0.0000 6.3700 4.7200 
2022 10 26 2 3.2000 89.6800 0.0000 3.2000 387.5954 648.2093 0.9402 0.0000 4.7200 0.0000 0.0000 0.0000 0.0000 0.0000 6.4000 4.7200 
2022 10 26 3 3.2900 97.6000 0.0000 3.2000 387.6018 648.2108 0.9402 0.0000 4.7200 0.0000 0.0000 0.0000 0.0000 0.0000 6.4900 4.7200 
2022 10 26 4 3.6100 108.9800 0.0000 3.2000 387.6093 648.2126 0.9403 0.0000 4.7200 0.0000 0.0000 0.0000 0.0000 0.0000 6.8100 4.7200 
2022 10 26 5 3.9700 129.2000 0.0000 3.2000 387.6182 648.2147 0.9404 0.0000 4.7200 0.0000 0.0000 0.0000 0.0000 0.0000 7.1700 4.7200 
2022 10 26 6 4.4200 156.7000 0.0000 3.2000 387.6286 648.2172 0.9405 0.0000 4.7200 0.0000 0.0000 0.0000 0.0000 0.0000 7.6200 4.7200 
2022 10 26 7 5.0000 163.5600 0.0000 3.2000 387.6411 648.2201 0.9405 0.0000 4.7200 0.0000 0.0000 0.0000 0.0000 0.0000 8.2000 4.7200 
2022 10 26 8 5.6700 151.4200 0.0000 3.2000 387.6561 648.2237 0.9407 0.0000 4.7200 0.0000 0.0000 0.0000 0.0000 0.0000 8.8700 4.7200 
2022 10 26 9 6.2500 134.7900 0.0000 3.2000 387.6731 648.2277 0.9408 0.0000 4.7200 0.0000 0.0000 0.0000 0.0000 0.0000 9.4500 4.7200 
2022 10 26 10 6.6100 119.9000 0.0000 3.2000 387.6914 648.2320 0.9409 0.0000 4.7200 0.0000 0.0000 0.0000 0.0000 0.0000 9.8100 4.7200 
2022 10 26 11 6.7700 117.1400 0.0000 3.2000 387.7103 648.2365 0.9411 0.0000 4.7200 0.0000 0.0000 0.0000 0.0000 0.0000 9.9700 4.7200 
2022 10 26 12 6.7800 117.2200 0.0000 3.2000 387.7293 648.2410 0.9412 0.0000 4.7200 0.0000 0.0000 0.0000 0.0000 0.0000 9.9800 4.7200 
2022 10 26 13 6.6900 120.4200 0.0000 3.2000 387.7479 648.2454 0.9414 0.0000 4.7200 0.0000 0.0000 0.0000 0.0000 0.0000 9.8900 4.7200 
2022 10 26 14 6.5300 130.0700 0.0000 3.2000 387.7659 648.2496 0.9415 0.0000 4.7200 0.0000 0.0000 0.0000 0.0000 0.0000 9.7300 4.7200 
2022 10 26 15 6.3300 144.2800 0.0000 3.2000 387.7832 648.2537 0.9417 0.0000 4.7200 0.0000 0.0000 0.0000 0.0000 0.0000 9.5300 4.7200 
2022 10 26 16 6.0900 144.4000 0.0000 3.2000 387.7997 648.2576 0.9418 0.0000 4.7200 0.0000 0.0000 0.0000 0.0000 0.0000 9.2900 4.7200 
2022 10 26 17 5.8400 140.8600 0.0000 3.2000 387.8152 648.2613 0.9419 0.0000 4.7200 0.0000 0.0000 0.0000 0.0000 0.0000 9.0400 4.7200 
2022 10 26 18 5.6100 140.5200 0.0000 3.2000 387.8299 648.2648 0.9420 0.0000 4.7200 0.0000 0.0000 0.0000 0.0000 0.0000 8.8100 4.7200 
2022 10 26 19 5.3800 128.8000 0.0000 3.2000 387.8438 648.2680 0.9421 0.0000 4.7200 0.0000 0.0000 0.0000 0.0000 0.0000 8.5800 4.7200 
2022 10 26 20 5.1600 111.7400 0.0000 3.2000 387.8569 648.2711 0.9423 0.0000 4.7200 0.0000 0.0000 0.0000 0.0000 0.0000 8.3600 4.7200 
2022 10 26 21 4.9700 99.5600 0.0000 3.2000 387.8694 648.2741 0.9424 0.0000 4.7200 0.0000 0.0000 0.0000 0.0000 0.0000 8.1700 4.7200 
2022 10 26 22 4.7900 91.1100 0.0000 3.2000 387.8811 648.2769 0.9424 0.0000 4.7200 0.0000 0.0000 0.0000 0.0000 0.0000 7.9900 4.7200 
2022 10 26 23 4.6400 92.2500 0.0000 3.2000 387.8924 648.2795 0.9425 0.0000 4.7200 0.0000 0.0000 0.0000 0.0000 0.0000 7.8400 4.7200 
2022 10 27 0 4.5000 96.4600 0.0000 3.2000 387.9031 648.2821 0.9426 0.0000 4.7200 0.0000 0.0000 0.0000 0.0000 0.0000 7.7000 4.7200 
2022 10 27 1 4.3800 98.5000 0.0000 3.2000 387.9134 648.2845 0.9427 0.0000 4.7200 0.0000 0.0000 0.0000 0.0000 0.0000 7.5800 4.7200 
2022 10 27 2 4.2700 96.3600 0.0000 3.2000 387.9233 648.2868 0.9428 0.0000 4.7200 0.0000 0.0000 0.0000 0.0000 0.0000 7.4700 4.7200 
2022 10 27 3 4.1600 98.7000 0.0000 3.2000 387.9328 648.2891 0.9429 0.0000 4.7200 0.0000 0.0000 0.0000 0.0000 0.0000 7.3600 4.7200 
2022 10 27 4 4.0800 109.7800 0.0000 3.2000 387.9420 648.2913 0.9429 0.0000 4.7200 0.0000 0.0000 0.0000 0.0000 0.0000 7.2800 4.7200 
2022 10 27 5 4.0000 124.4500 0.0000 3.2000 387.9509 648.2934 0.9430 0.0000 4.7200 0.0000 0.0000 0.0000 0.0000 0.0000 7.2000 4.7200 
2022 10 27 6 3.9000 161.5500 0.0000 3.2000 387.9595 648.2954 0.9431 0.0000 4.7200 0.0000 0.0000 0.0000 0.0000 0.0000 7.1000 4.7200 
2022 10 27 7 3.8200 142.8300 0.0000 3.2000 387.9678 648.2973 0.9431 0.0000 4.7200 0.0000 0.0000 0.0000 0.0000 0.0000 7.0200 4.7200 
2022 10 27 8 3.7400 135.2100 0.0000 3.2000 387.9758 648.2992 0.9432 0.0000 4.7200 0.0000 0.0000 0.0000 0.0000 0.0000 6.9400 4.7200 
2022 10 27 9 3.6800 130.7300 0.0000 3.2000 387.9836 648.3011 0.9433 0.0000 4.7200 0.0000 0.0000 0.0000 0.0000 0.0000 6.8800 4.7200 
2022 10 27 10 3.6100 119.3600 0.0000 3.2000 387.9911 648.3029 0.9433 0.0000 4.7200 0.0000 0.0000 0.0000 0.0000 0.0000 6.8100 4.7200 
2022 10 27 11 3.5400 108.3600 0.0000 3.2000 387.9984 648.3046 0.9434 0.0000 4.7200 0.0000 0.0000 0.0000 0.0000 0.0000 6.7400 4.7200 
2022 10 27 12 3.4800 101.4400 0.0000 3.2000 388.0054 648.3062 0.9434 0.0000 4.7200 0.0000 0.0000 0.0000 0.0000 0.0000 6.6800 4.7200 
2022 10 27 13 3.4200 106.3200 0.0000 3.2000 388.0122 648.3079 0.9435 0.0000 4.7200 0.0000 0.0000 0.0000 0.0000 0.0000 6.6200 4.7200 
2022 10 27 14 3.3700 120.2800 0.0000 3.2000 388.0189 648.3094 0.9435 0.0000 4.7200 0.0000 0.0000 0.0000 0.0000 0.0000 6.5700 4.7200 
2022 10 27 15 3.3100 128.8300 0.0000 3.2000 388.0254 648.3110 0.9436 0.0000 4.7200 0.0000 0.0000 0.0000 0.0000 0.0000 6.5100 4.7200 
2022 10 27 16 3.2600 124.8800 0.0000 3.2000 388.0316 648.3124 0.9436 0.0000 4.7200 0.0000 0.0000 0.0000 0.0000 0.0000 6.4600 4.7200 
2022 10 27 17 3.2100 126.5800 0.0000 3.2000 388.0377 648.3139 0.9437 0.0000 4.7200 0.0000 0.0000 0.0000 0.0000 0.0000 6.4100 4.7200 
2022 10 27 18 3.1700 127.9400 0.0000 3.2000 388.0436 648.3153 0.9437 0.0000 4.7200 0.0000 0.0000 0.0000 0.0000 0.0000 6.3700 4.7200 
2022 10 27 19 3.1300 125.3200 0.0000 3.2000 388.0494 648.3167 0.9438 0.0000 4.7200 0.0000 0.0000 0.0000 0.0000 0.0000 6.3300 4.7200 
2022 10 27 20 3.0800 128.3400 0.0000 3.2000 388.0551 648.3180 0.9438 0.0000 4.7200 0.0000 0.0000 0.0000 0.0000 0.0000 6.2800 4.7200 
2022 10 27 21 3.0500 118.7100 0.0000 3.2000 388.0606 648.3193 0.9439 0.0000 4.7200 0.0000 0.0000 0.0000 0.0000 0.0000 6.2500 4.7200 
2022 10 27 22 3.0200 101.7200 0.0000 3.2000 388.0660 648.3206 0.9439 0.0000 4.7200 0.0000 0.0000 0.0000 0.0000 0.0000 6.2200 4.7200 
2022 10 27 23 2.9900 91.1400 0.0000 3.2000 388.0713 648.3218 0.9439 0.0000 4.7200 0.0000 0.0000 0.0000 0.0000 0.0000 6.1900 4.7200 
2022 10 28 0 2.9700 91.4600 0.0000 3.2000 388.0765 648.3230 0.9440 0.0000 4.7200 0.0000 0.0000 0.0000 0.0000 0.0000 6.1700 4.7200 
2022 10 28 1 2.9400 91.1400 0.0000 3.2000 388.0816 648.3243 0.9440 0.0000 4.7200 0.0000 0.0000 0.0000 0.0000 0.0000 6.1400 4.7200 
2022 10 28 2 2.9200 91.0000 0.0000 3.2000 388.0866 648.3254 0.9441 0.0000 4.7200 0.0000 0.0000 0.0000 0.0000 0.0000 6.1200 4.7200 
2022 10 28 3 2.9000 92.2100 0.0000 3.2000 388.0916 648.3266 0.9441 0.0000 4.7200 0.0000 0.0000 0.0000 0.0000 0.0000 6.1000 4.7200 
2022 10 28 4 2.8800 100.1900 0.0000 3.2000 388.0965 648.3278 0.9441 0.0000 4.7200 0.0000 0.0000 0.0000 0.0000 0.0000 6.0800 4.7200 
2022 10 28 5 2.8600 106.6800 0.0000 3.2000 388.1013 648.3289 0.9442 0.0000 4.7200 0.0000 0.0000 0.0000 0.0000 0.0000 6.0600 4.7200 
2022 10 28 6 2.8400 118.6700 0.0000 3.2000 388.1061 648.3300 0.9442 0.0000 4.7200 0.0000 0.0000 0.0000 0.0000 0.0000 6.0400 4.7200 
2022 10 28 7 2.8400 122.1100 0.0000 3.2000 388.1108 648.3312 0.9443 0.0000 4.7200 0.0000 0.0000 0.0000 0.0000 0.0000 6.0400 4.7200 
2022 10 28 8 2.8400 123.5800 0.0000 3.2000 388.1156 648.3323 0.9443 0.0000 4.7200 0.0000 0.0000 0.0000 0.0000 0.0000 6.0400 4.7200 
2022 10 28 9 2.8400 111.6000 0.0000 3.2000 388.1203 648.3334 0.9443 0.0000 4.7200 0.0000 0.0000 0.0000 0.0000 0.0000 6.0400 4.7200 
2022 10 28 10 2.8500 105.3800 0.0000 3.2000 388.1251 648.3345 0.9444 0.0000 4.7200 0.0000 0.0000 0.0000 0.0000 0.0000 6.0500 4.7200 
2022 10 28 11 2.8700 100.3100 0.0000 3.2000 388.1300 648.3357 0.9444 0.0000 4.7200 0.0000 0.0000 0.0000 0.0000 0.0000 6.0700 4.7200 
2022 10 28 12 2.8800 89.2200 0.0000 3.2000 388.1349 648.3368 0.9444 0.0000 4.7200 0.0000 0.0000 0.0000 0.0000 0.0000 6.0800 4.7200 
2022 10 28 13 2.8800 92.5200 0.0000 3.2000 388.1398 648.3380 0.9445 0.0000 4.7200 0.0000 0.0000 0.0000 0.0000 0.0000 6.0800 4.7200 
2022 10 28 14 2.8900 96.5200 0.0000 3.2000 388.1447 648.3392 0.9445 0.0000 4.7200 0.0000 0.0000 0.0000 0.0000 0.0000 6.0900 4.7200 
2022 10 28 15 2.9000 105.8900 0.0000 3.2000 388.1497 648.3403 0.9446 0.0000 4.7200 0.0000 0.0000 0.0000 0.0000 0.0000 6.1000 4.7200 
2022 10 28 16 2.9100 108.7200 0.0000 3.2000 388.1547 648.3415 0.9446 0.0000 4.7200 0.0000 0.0000 0.0000 0.0000 0.0000 6.1100 4.7200 
2022 10 28 17 2.9200 117.8800 0.0000 3.2000 388.1597 648.3427 0.9446 0.0000 4.7200 0.0000 0.0000 0.0000 0.0000 0.0000 6.1200 4.7200 
2022 10 28 18 2.9200 124.8000 0.0000 3.2000 388.1647 648.3439 0.9447 0.0000 4.7200 0.0000 0.0000 0.0000 0.0000 0.0000 6.1200 4.7200 
2022 10 28 19 2.9400 111.7800 0.0000 3.2000 388.1699 648.3451 0.9447 0.0000 4.7200 0.0000 0.0000 0.0000 0.0000 0.0000 6.1400 4.7200 
2022 10 28 20 2.9600 102.3700 0.0000 3.2000 388.1750 648.3463 0.9448 0.0000 4.7200 0.0000 0.0000 0.0000 0.0000 0.0000 6.1600 4.7200 
2022 10 28 21 3.0000 94.5000 0.0000 3.2000 388.1804 648.3476 0.9448 0.0000 4.7200 0.0000 0.0000 0.0000 0.0000 0.0000 6.2000 4.7200 
2022 10 28 22 3.0300 85.8800 0.0000 3.2000 388.1858 648.3489 0.9448 0.0000 4.7200 0.0000 0.0000 0.0000 0.0000 0.0000 6.2300 4.7200 
2022 10 28 23 3.0800 92.7900 0.0000 3.2000 388.1914 648.3502 0.9449 0.0000 4.7200 0.0000 0.0000 0.0000 0.0000 0.0000 6.2800 4.7200 
2022 10 29 0 3.1000 92.2500 0.0000 3.2000 388.1971 648.3516 0.9449 0.0000 4.7200 0.0000 0.0000 0.0000 0.0000 0.0000 6.3000 4.7200 
2022 10 29 1 3.1000 89.9100 0.0000 3.2000 388.2028 648.3529 0.9450 0.0000 4.7200 0.0000 0.0000 0.0000 0.0000 0.0000 6.3000 4.7200 
2022 10 29 2 3.1000 89.7900 0.0000 3.2000 388.2085 648.3543 0.9450 0.0000 4.7200 0.0000 0.0000 0.0000 0.0000 0.0000 6.3000 4.7200 
2022 10 29 3 3.1000 87.8600 0.0000 3.2000 388.2142 648.3556 0.9451 0.0000 4.7200 0.0000 0.0000 0.0000 0.0000 0.0000 6.3000 4.7200 
2022 10 29 4 3.1000 86.1900 0.0000 3.2000 388.2199 648.3569 0.9451 0.0000 4.7200 0.0000 0.0000 0.0000 0.0000 0.0000 6.3000 4.7200 
2022 10 29 5 3.1100 90.8800 0.0000 3.2000 388.2256 648.3583 0.9452 0.0000 4.7200 0.0000 0.0000 0.0000 0.0000 0.0000 6.3100 4.7200 
2022 10 29 6 3.1200 100.7500 0.0000 3.2000 388.2313 648.3597 0.9452 0.0000 4.7200 0.0000 0.0000 0.0000 0.0000 0.0000 6.3200 4.7200 
2022 10 29 7 3.1400 114.2300 0.0000 3.2000 388.2372 648.3610 0.9453 0.0000 4.7200 0.0000 0.0000 0.0000 0.0000 0.0000 6.3400 4.7200 
2022 10 29 8 3.1500 108.5600 0.0000 3.2000 388.2430 648.3624 0.9453 0.0000 4.7200 0.0000 0.0000 0.0000 0.0000 0.0000 6.3500 4.7200 
2022 10 29 9 3.1700 98.4600 0.0000 3.2000 388.2490 648.3638 0.9453 0.0000 4.7200 0.0000 0.0000 0.0000 0.0000 0.0000 6.3700 4.7200 
2022 10 29 10 3.1900 89.2800 0.0000 3.2000 388.2550 648.3652 0.9454 0.0000 4.7200 0.0000 0.0000 0.0000 0.0000 0.0000 6.3900 4.7200 
2022 10 29 11 3.2200 87.0800 0.0000 3.2000 388.2611 648.3667 0.9454 0.0000 4.7200 0.0000 0.0000 0.0000 0.0000 0.0000 6.4200 4.7200 
2022 10 29 12 3.2600 83.6000 0.0000 3.2000 388.2674 648.3682 0.9455 0.0000 4.7200 0.0000 0.0000 0.0000 0.0000 0.0000 6.4600 4.7200 
2022 10 29 13 3.3000 86.7300 0.0000 3.2000 388.2738 648.3697 0.9455 0.0000 4.7200 0.0000 0.0000 0.0000 0.0000 0.0000 6.5000 4.7200 
2022 10 29 14 3.3500 92.3200 0.0000 3.2000 388.2804 648.3712 0.9456 0.0000 4.7200 0.0000 0.0000 0.0000 0.0000 0.0000 6.5500 4.7200 
2022 10 29 15 3.4000 109.4300 0.0000 3.2000 388.2871 648.3728 0.9457 0.0000 4.7200 0.0000 0.0000 0.0000 0.0000 0.0000 6.6000 4.7200 
2022 10 29 16 3.4500 120.6600 0.0000 3.2000 388.2941 648.3745 0.9457 0.0000 4.7200 0.0000 0.0000 0.0000 0.0000 0.0000 6.6500 4.7200 
2022 10 29 17 3.4900 139.1200 0.0000 3.2000 388.3012 648.3762 0.9458 0.0000 4.7200 0.0000 0.0000 0.0000 0.0000 0.0000 6.6900 4.7200 
2022 10 29 18 3.5200 137.4600 0.0000 3.2000 388.3084 648.3779 0.9458 0.0000 4.7200 0.0000 0.0000 0.0000 0.0000 0.0000 6.7200 4.7200 
2022 10 29 19 3.5300 120.6200 0.0000 3.2000 388.3156 648.3796 0.9459 0.0000 4.7200 0.0000 0.0000 0.0000 0.0000 0.0000 6.7300 4.7200 
2022 10 29 20 3.5400 109.8000 0.0000 3.2000 388.3229 648.3813 0.9459 0.0000 4.7200 0.0000 0.0000 0.0000 0.0000 0.0000 6.7400 4.7200 
2022 10 29 21 3.5400 103.6700 0.0000 3.2000 388.3302 648.3830 0.9460 0.0000 4.7200 0.0000 0.0000 0.0000 0.0000 0.0000 6.7400 4.7200 
2022 10 29 22 3.5200 97.1400 0.0000 3.2000 388.3374 648.3847 0.9460 0.0000 4.7200 0.0000 0.0000 0.0000 0.0000 0.0000 6.7200 4.7200 
2022 10 29 23 3.5000 103.0900 0.0000 3.2000 388.3445 648.3864 0.9461 0.0000 4.7200 0.0000 0.0000 0.0000 0.0000 0.0000 6.7000 4.7200 
2022 10 30 0 3.4700 100.9400 0.0000 3.2000 388.3515 648.3881 0.9462 0.0000 4.7200 0.0000 0.0000 0.0000 0.0000 0.0000 6.6700 4.7200 
2022 10 30 1 3.4300 100.6700 0.0000 3.2000 388.3584 648.3897 0.9462 0.0000 4.7200 0.0000 0.0000 0.0000 0.0000 0.0000 6.6300 4.7200 
2022 10 30 2 3.3900 100.3400 0.0000 3.2000 388.3651 648.3913 0.9463 0.0000 4.7200 0.0000 0.0000 0.0000 0.0000 0.0000 6.5900 4.7200 
2022 10 30 3 3.3400 98.4200 0.0000 3.2000 388.3717 648.3928 0.9463 0.0000 4.7200 0.0000 0.0000 0.0000 0.0000 0.0000 6.5400 4.7200 
2022 10 30 4 3.3000 98.5700 0.0000 3.2000 388.3781 648.3943 0.9464 0.0000 4.7200 0.0000 0.0000 0.0000 0.0000 0.0000 6.5000 4.7200 
2022 10 30 5 3.2500 99.0900 0.0000 3.2000 388.3843 648.3958 0.9464 0.0000 4.7200 0.0000 0.0000 0.0000 0.0000 0.0000 6.4500 4.7200 
2022 10 30 6 3.2100 100.8900 0.0000 3.2000 388.3904 648.3973 0.9465 0.0000 4.7200 0.0000 0.0000 0.0000 0.0000 0.0000 6.4100 4.7200 
2022 10 30 7 3.1600 109.9400 0.0000 3.2000 388.3963 648.3987 0.9465 0.0000 4.7200 0.0000 0.0000 0.0000 0.0000 0.0000 6.3600 4.7200 
2022 10 30 8 3.1100 113.2300 0.0000 3.2000 388.4020 648.4000 0.9466 0.0000 4.7200 0.0000 0.0000 0.0000 0.0000 0.0000 6.3100 4.7200 
2022 10 30 9 3.0500 105.2600 0.0000 3.2000 388.4075 648.4013 0.9466 0.0000 4.7200 0.0000 0.0000 0.0000 0.0000 0.0000 6.2500 4.7200 
2022 10 30 10 3.0000 103.0000 0.0000 3.2000 388.4129 648.4026 0.9466 0.0000 4.7200 0.0000 0.0000 0.0000 0.0000 0.0000 6.2000 4.7200 
2022 10 30 11 2.9500 103.1400 0.0000 3.2000 388.4180 648.4038 0.9467 0.0000 4.7200 0.0000 0.0000 0.0000 0.0000 0.0000 6.1500 4.7200 
2022 10 30 12 2.8900 103.1000 0.0000 3.2000 388.4229 648.4049 0.9467 0.0000 4.7200 0.0000 0.0000 0.0000 0.0000 0.0000 6.0900 4.7200 
2022 10 30 13 2.8400 105.8200 0.0000 3.2000 388.4277 648.4061 0.9468 0.0000 4.7200 0.0000 0.0000 0.0000 0.0000 0.0000 6.0400 4.7200 
2022 10 30 14 2.8000 110.1200 0.0000 3.2000 388.4323 648.4072 0.9468 0.0000 4.7200 0.0000 0.0000 0.0000 0.0000 0.0000 6.0000 4.7200 
2022 10 30 15 2.7500 125.4000 0.0000 3.2000 388.4367 648.4082 0.9468 0.0000 4.7200 0.0000 0.0000 0.0000 0.0000 0.0000 5.9500 4.7200 
2022 10 30 16 2.7100 139.7600 0.0000 3.2000 388.4410 648.4092 0.9469 0.0000 4.7200 0.0000 0.0000 0.0000 0.0000 0.0000 5.9100 4.7200 
2022 10 30 17 2.6700 155.8500 0.0000 3.2000 388.4451 648.4102 0.9469 0.0000 4.7200 0.0000 0.0000 0.0000 0.0000 0.0000 5.8700 4.7200 
2022 10 30 18 2.6400 170.0500 0.0000 3.2000 388.4492 648.4112 0.9469 0.0000 4.7200 0.0000 0.0000 0.0000 0.0000 0.0000 5.8400 4.7200 
2022 10 30 19 2.6000 164.6800 0.0000 3.2000 388.4531 648.4121 0.9470 0.0000 4.7200 0.0000 0.0000 0.0000 0.0000 0.0000 5.8000 4.7200 
2022 10 30 20 2.5700 147.2300 0.0000 3.2000 388.4568 648.4130 0.9470 0.0000 4.7200 0.0000 0.0000 0.0000 0.0000 0.0000 5.7700 4.7200 
2022 10 30 21 2.5300 138.8300 0.0000 3.2000 388.4605 648.4138 0.9470 0.0000 4.7200 0.0000 0.0000 0.0000 0.0000 0.0000 5.7300 4.7200 
2022 10 30 22 2.5000 126.8800 0.0000 3.2000 388.4640 648.4147 0.9470 0.0000 4.7200 0.0000 0.0000 0.0000 0.0000 0.0000 5.7000 4.7200 
2022 10 30 23 2.4700 109.1600 0.0000 3.2000 388.4674 648.4155 0.9471 0.0000 4.7200 0.0000 0.0000 0.0000 0.0000 0.0000 5.6700 4.7200 
2022 10 31 0 2.4400 129.2600 0.0000 3.2000 388.4707 648.4163 0.9471 0.0000 4.7200 0.0000 0.0000 0.0000 0.0000 0.0000 5.6400 4.7200 
2022 10 31 1 2.4100 118.9800 0.0000 3.2000 388.4739 648.4170 0.9471 0.0000 4.7200 0.0000 0.0000 0.0000 0.0000 0.0000 5.6100 4.7200 
2022 10 31 2 2.3800 116.2100 0.0000 3.2000 388.4770 648.4177 0.9471 0.0000 4.7200 0.0000 0.0000 0.0000 0.0000 0.0000 5.5800 4.7200 
2022 10 31 3 2.3600 114.5000 0.0000 3.2000 388.4801 648.4185 0.9472 0.0000 4.7200 0.0000 0.0000 0.0000 0.0000 0.0000 5.5600 4.7200 
2022 10 31 4 2.3300 114.9600 0.0000 3.2000 388.4830 648.4191 0.9472 0.0000 4.7200 0.0000 0.0000 0.0000 0.0000 0.0000 5.5300 4.7200 
2022 10 31 5 2.3000 123.5900 0.0000 3.2000 388.4858 648.4198 0.9472 0.0000 4.7200 0.0000 0.0000 0.0000 0.0000 0.0000 5.5000 4.7200 
2022 10 31 6 2.2800 144.6800 0.0000 3.2000 388.4885 648.4205 0.9472 0.0000 4.7200 0.0000 0.0000 0.0000 0.0000 0.0000 5.4800 4.7200 
2022 10 31 7 2.2600 166.2400 0.0000 3.2000 388.4912 648.4211 0.9473 0.0000 4.7200 0.0000 0.0000 0.0000 0.0000 0.0000 5.4600 4.7200 
2022 10 31 8 2.2400 167.5400 0.0000 3.2000 388.4938 648.4217 0.9473 0.0000 4.7200 0.0000 0.0000 0.0000 0.0000 0.0000 5.4400 4.7200 
2022 10 31 9 2.2200 153.4700 0.0000 3.2000 388.4963 648.4223 0.9473 0.0000 4.7200 0.0000 0.0000 0.0000 0.0000 0.0000 5.4200 4.7200 
2022 10 31 10 2.1900 143.5100 0.0000 3.2000 388.4987 648.4229 0.9473 0.0000 4.7200 0.0000 0.0000 0.0000 0.0000 0.0000 5.3900 4.7200 
2022 10 31 11 2.1800 142.1100 0.0000 3.2000 388.5011 648.4234 0.9473 0.0000 4.7200 0.0000 0.0000 0.0000 0.0000 0.0000 5.3800 4.7200 
2022 10 31 12 2.1600 142.1200 0.0000 3.2000 388.5034 648.4240 0.9474 0.0000 4.7200 0.0000 0.0000 0.0000 0.0000 0.0000 5.3600 4.7200 
2022 10 31 13 2.1400 146.1300 0.0000 3.2000 388.5056 648.4245 0.9474 0.0000 4.7200 0.0000 0.0000 0.0000 0.0000 0.0000 5.3400 4.7200 
2022 10 31 14 2.1300 155.1800 0.0000 3.2000 388.5078 648.4250 0.9474 0.0000 4.7200 0.0000 0.0000 0.0000 0.0000 0.0000 5.3300 4.7200 
2022 10 31 15 2.1100 168.6800 0.0000 3.2000 388.5099 648.4255 0.9474 0.0000 4.7200 0.0000 0.0000 0.0000 0.0000 0.0000 5.3100 4.7200 
2022 10 31 16 2.1000 172.2000 0.0000 3.2000 388.5120 648.4260 0.9474 0.0000 4.7200 0.0000 0.0000 0.0000 0.0000 0.0000 5.3000 4.7200 
2022 10 31 17 2.1000 181.3900 0.0000 3.2000 388.5141 648.4265 0.9474 0.0000 4.7200 0.0000 0.0000 0.0000 0.0000 0.0000 5.3000 4.7200 
2022 10 31 18 2.0900 182.1300 0.0000 3.2000 388.5162 648.4270 0.9475 0.0000 4.7200 0.0000 0.0000 0.0000 0.0000 0.0000 5.2900 4.7200 
2022 10 31 19 2.0800 168.0100 0.0000 3.2000 388.5182 648.4275 0.9475 0.0000 4.7200 0.0000 0.0000 0.0000 0.0000 0.0000 5.2800 4.7200 
2022 10 31 20 2.0800 147.1500 0.0000 3.2000 388.5202 648.4279 0.9475 0.0000 4.7200 0.0000 0.0000 0.0000 0.0000 0.0000 5.2800 4.7200 
2022 10 31 21 2.0800 136.9300 0.0000 3.2000 388.5222 648.4284 0.9475 0.0000 4.7200 0.0000 0.0000 0.0000 0.0000 0.0000 5.2800 4.7200 
2022 10 31 22 2.0700 120.4000 0.0000 3.2000 388.5242 648.4289 0.9475 0.0000 4.7200 0.0000 0.0000 0.0000 0.0000 0.0000 5.2700 4.7200 
2022 10 31 23 2.0700 103.8600 0.0000 3.2000 388.5262 648.4294 0.9475 0.0000 4.7200 0.0000 0.0000 0.0000 0.0000 0.0000 5.2700 4.7200 
2022 11 1 0 2.3321 72.4900 0.0000 3.2000 388.5963 648.4459 0.9481 0.0000 4.7200 0.0000 0.0000 0.0000 0.0000 0.0000 5.5321 4.7200 
2022 11 2 0 3.9563 71.1700 0.0000 3.2000 388.8068 648.4957 0.9498 0.0000 4.7200 0.0000 0.0000 0.0000 0.0000 0.0000 7.1563 4.7200 
2022 11 3 0 7.7625 86.5000 0.0000 3.2000 389.3462 648.6232 0.9540 0.0000 4.7200 0.0000 0.0000 0.0000 0.0000 0.0000 10.9625 4.7200 
2022 11 4 0 8.8183 72.6700 0.0000 3.2000 389.9768 648.7723 0.9590 0.0000 4.7200 0.0000 0.0000 0.0000 0.0000 0.0000 12.0183 4.7200 
2022 11 5 0 8.0946 47.6500 0.0000 3.2000 390.5448 648.9066 0.9635 0.0000 4.7200 0.0000 0.0000 0.0000 0.0000 0.0000 11.2946 4.7200 
2022 11 6 0 6.0654 35.7500 0.0000 3.4094 390.9556 649.0037 0.9667 0.0000 4.7200 0.0000 0.0000 0.0000 0.0000 0.0000 9.4748 4.7200 
2022 11 7 0 8.1729 43.8300 0.0000 4.0525 391.6041 649.1570 0.9718 0.0000 4.7200 0.0000 0.0000 0.0000 0.0000 0.0000 12.2254 4.7200 
2022 11 8 0 7.0558 51.0900 0.0000 4.5063 392.1953 649.2968 0.9765 0.0000 4.7200 0.0000 0.0000 0.0000 0.0000 0.0000 11.5621 4.7200 
2022 11 9 0 8.4217 42.5700 0.0000 5.0152 392.9484 649.4748 0.9825 0.0000 4.7200 0.0000 0.0000 0.0000 0.0000 0.0000 13.4369 4.7200 
2022 11 10 0 6.4700 27.4000 0.0000 5.2096 393.5497 649.6170 0.9872 0.0000 4.7200 0.0000 0.0000 0.0000 0.0000 0.0000 11.6796 4.7200 
2022 11 11 0 5.1971 2.0000 0.0000 5.1638 394.0371 649.7322 0.9911 0.0000 4.7200 0.0000 0.0000 0.0000 0.0000 0.0000 10.3609 4.7200 
2022 11 12 0 4.1992 2.3700 0.0000 4.9687 394.4214 649.8230 0.9941 0.0000 4.7200 0.0000 0.0000 0.0000 0.0000 0.0000 9.1679 4.7200 
2022 11 13 0 3.4688 29.9300 0.0000 4.7015 394.7195 649.8935 0.9964 0.0000 4.7200 0.0000 0.0000 0.0000 0.0000 0.0000 8.1703 4.7200 
2022 11 14 0 3.0083 53.6800 0.0000 4.4534 394.9564 649.9495 0.9983 0.0000 4.7200 0.0000 0.0000 0.0000 0.0000 0.0000 7.4617 4.7200 
2022 11 15 0 3.1408 53.7500 0.0000 4.4347 395.2008 650.0073 1.0002 0.0000 4.7200 0.0000 0.0261 0.0000 0.0000 0.0000 7.5755 4.7461 
2022 11 16 0 3.9650 27.6900 0.0000 4.7852 395.5232 650.0835 1.0028 0.0000 4.7200 0.0000 0.2987 0.0000 0.0000 0.0000 8.7502 5.0187 
2022 11 17 0 5.5771 48.9100 0.0000 6.0457 396.0819 650.1257 1.0072 0.0000 4.7200 0.0000 0.4363 0.0000 0.0000 0.0000 11.6228 5.1563 
2022 11 18 0 3.3025 113.7000 0.0000 6.2781 396.4490 650.1763 1.0101 0.0000 4.7200 0.0000 0.6119 0.0000 0.0000 0.0000 9.5806 5.3319 
2022 11 19 0 2.3200 167.1000 0.0000 5.9269 396.6909 650.2096 1.0120 0.0000 4.7200 0.0000 0.7276 0.0000 0.0000 0.0000 8.2469 5.4476 
2022 11 20 0 2.2317 162.8400 0.0000 5.5962 396.8884 650.2368 1.0136 0.0000 4.7200 0.0000 0.8220 0.0000 0.0000 0.0000 7.8279 5.5420 
2022 11 21 0 1.7300 209.5500 0.0000 5.1404 396.9986 650.2520 1.0144 0.0000 4.7200 0.0000 0.8748 0.0000 0.0000 0.0000 6.8704 5.5948 
2022 11 22 0 1.4983 174.4300 0.0000 4.6640 397.0457 650.2585 1.0148 0.0000 4.7200 0.0000 0.8973 0.0000 0.0000 0.0000 6.1623 5.6173 
2022 11 23 0 1.6450 149.8400 0.0000 4.3362 397.0759 650.2627 1.0150 0.0000 4.7200 0.0000 0.9117 0.0000 0.0000 0.0000 5.9812 5.6317 
2022 11 24 0 1.9983 172.1800 0.0000 4.0964 397.1143 650.2680 1.0154 0.0000 4.7200 0.0000 0.9301 0.0000 0.0000 0.0000 6.0947 5.6501 
2022 11 25 0 3.7167 200.3300 0.0000 4.0645 397.2911 650.2923 1.0167 0.0000 4.7200 0.0000 1.0147 0.0000 0.0000 0.0000 7.7812 5.7347 
2022 11 26 0 5.1629 196.0200 0.0000 4.3276 397.6027 650.3353 1.0192 0.0000 4.7200 0.0000 1.1638 0.0000 0.0000 0.0000 9.4905 5.8838 
2022 11 27 0 5.3971 146.0400 0.0000 4.6991 397.9522 650.3834 1.0220 0.0000 4.7200 0.0000 1.3310 0.0000 0.0000 0.0000 10.0962 6.0510 
2022 11 28 0 8.0296 195.3000 0.0000 5.2064 398.5484 650.4656 1.0267 0.0000 4.7200 0.0000 1.6161 0.0000 0.0000 0.0000 13.2360 6.3361 
2022 11 29 0 5.4562 362.5600 0.0000 5.2899 398.9143 650.5160 1.0296 0.0000 4.7200 0.0000 1.7912 0.0000 0.0000 0.0000 10.7461 6.5112 
2022 11 30 0 3.6183 364.6000 0.0000 5.0514 399.0934 650.5407 1.0310 0.0000 4.7200 0.0000 1.8769 0.0000 0.0000 0.0000 8.6697 6.5969 
2022 12 1 0 2.7200 349.6500 0.0000 4.6847 399.1604 650.5499 1.0315 0.0000 4.7200 0.0000 1.9089 0.0000 0.0000 0.0000 7.4047 6.6289 
2022 12 2 0 2.2408 324.9900 0.0000 4.2948 399.1527 650.5489 1.0314 0.0000 4.7200 0.0000 1.9052 0.0000 0.0000 0.0000 6.5356 6.6252 
2022 12 3 0 1.9117 268.8200 0.0000 3.9053 399.0856 650.5396 1.0309 0.0000 4.7200 0.0000 1.8731 0.0000 0.0000 0.0000 5.8170 6.5931 
2022 12 4 0 1.6987 271.5000 0.0000 3.5503 398.9741 650.5243 1.0300 0.0000 4.7200 0.0000 1.8198 0.0000 0.0000 0.0000 5.2490 6.5398 
2022 12 5 0 1.5408 290.7800 0.0000 3.2492 398.8289 650.5043 1.0289 0.0000 4.7200 0.0000 1.7503 0.0000 0.0000 0.0000 4.7900 6.4703 
2022 12 6 0 1.5312 346.8000 0.0000 3.2027 398.6848 650.4844 1.0278 0.0000 4.7200 0.0000 1.6814 0.0000 0.0000 0.0000 4.7339 6.4014 
2022 12 7 0 1.4925 334.1100 0.0000 3.2001 398.5430 650.4649 1.0266 0.0000 4.7200 0.0000 1.6136 0.0000 0.0000 0.0000 4.6926 6.3336 
2022 12 8 0 1.5963 399.0300 0.0000 3.2000 398.4155 650.4473 1.0256 0.0000 4.7200 0.0000 1.5526 0.0000 0.0000 0.0000 4.7963 6.2726 
2022 12 9 0 1.7271 418.6900 0.0000 3.2000 398.3038 650.4319 1.0247 0.0000 4.7200 0.0000 1.4992 0.0000 0.0000 0.0000 4.9271 6.2192 
2022 12 10 0 1.7246 362.9800 0.0000 3.2000 398.1964 650.4171 1.0239 0.0000 4.7200 0.0000 1.4478 0.0000 0.0000 0.0000 4.9246 6.1678 
2022 12 11 0 1.8525 338.6100 0.0000 3.2000 398.1039 650.4043 1.0232 0.0000 4.7200 0.0000 1.4035 0.0000 0.0000 0.0000 5.0525 6.1235 
2022 12 12 0 1.8679 446.1100 0.0000 3.2000 398.0163 650.3923 1.0225 0.0000 4.7200 0.0000 1.3616 0.0000 0.0000 0.0000 5.0679 6.0816 
2022 12 13 0 1.7838 458.6300 0.0000 3.2000 397.9252 650.3797 1.0218 0.0000 4.7200 0.0000 1.3180 0.0000 0.0000 0.0000 4.9838 6.0380 
2022 12 14 0 1.7008 451.4100 0.0000 3.2000 397.8309 650.3667 1.0210 0.0000 4.7200 0.0000 1.2729 0.0000 0.0000 0.0000 4.9008 5.9929 
2022 12 15 0 1.5546 396.6100 0.0000 3.2000 397.7281 650.3526 1.0202 0.0000 4.7200 0.0000 1.2238 0.0000 0.0000 0.0000 4.7546 5.9438 
2022 12 16 0 1.4042 413.8400 0.0000 3.2000 397.6170 650.3372 1.0193 0.0000 4.7200 0.0000 1.1706 0.0000 0.0000 0.0000 4.6042 5.8906 
2022 12 17 0 1.3513 254.6500 0.0000 3.2000 397.5059 650.3219 1.0184 0.0000 4.7200 0.0000 1.1174 0.0000 0.0000 0.0000 4.5513 5.8374 
2022 12 18 0 1.3583 206.4000 0.0000 3.2000 397.3997 650.3073 1.0176 0.0000 4.7200 0.0000 1.0667 0.0000 0.0000 0.0000 4.5583 5.7867 
2022 12 19 0 1.3550 211.4800 0.0000 3.2000 397.2975 650.2932 1.0168 0.0000 4.7200 0.0000 1.0178 0.0000 0.0000 0.0000 4.5550 5.7378 
2022 12 20 0 1.4504 205.2500 0.0000 3.2000 397.2073 650.2808 1.0161 0.0000 4.7200 0.0000 0.9746 0.0000 0.0000 0.0000 4.6504 5.6946 
2022 12 21 0 1.7642 223.3000 0.0000 3.2000 397.1467 650.2724 1.0156 0.0000 4.7200 0.0000 0.9456 0.0000 0.0000 0.0000 4.9642 5.6656 
2022 12 22 0 1.7533 201.9700 0.0000 3.2000 397.0876 650.2643 1.0151 0.0000 4.7200 0.0000 0.9173 0.0000 0.0000 0.0000 4.9533 5.6373 
2022 12 23 0 1.4000 193.2900 0.0000 3.2000 397.0016 650.2524 1.0145 0.0000 4.7200 0.0000 0.8762 0.0000 0.0000 0.0000 4.6000 5.5962 
2022 12 24 0 1.0921 142.3700 0.0000 3.2000 396.8934 650.2375 1.0136 0.0000 4.7200 0.0000 0.8244 0.0000 0.0000 0.0000 4.2921 5.5444 
2022 12 25 0 0.9813 129.4400 0.0000 3.2000 396.7803 650.2219 1.0127 0.0000 4.7200 0.0000 0.7703 0.0000 0.0000 0.0000 4.1813 5.4903 
2022 12 26 0 1.8271 111.7200 0.0000 3.2000 396.7418 650.2166 1.0124 0.0000 4.7200 0.0000 0.7519 0.0000 0.0000 0.0000 5.0271 5.4719 
2022 12 27 0 1.7529 141.3500 0.0000 3.2000 396.6988 650.2107 1.0121 0.0000 4.7200 0.0000 0.7313 0.0000 0.0000 0.0000 4.9529 5.4513 
2022 12 28 0 1.3758 122.1300 0.0000 3.2000 396.6261 650.2007 1.0115 0.0000 4.7200 0.0000 0.6966 0.0000 0.0000 0.0000 4.5758 5.4166 
2022 12 29 0 1.2838 96.2800 0.0000 3.2000 396.5487 650.1900 1.0109 0.0000 4.7200 0.0000 0.6595 0.0000 0.0000 0.0000 4.4838 5.3795 
2022 12 30 0 1.2029 100.4100 0.0000 3.2000 396.4677 650.1788 1.0102 0.0000 4.7200 0.0000 0.6208 0.0000 0.0000 0.0000 4.4029 5.3408 
2022 12 31 0 1.8042 116.2200 0.0000 3.2000 396.4398 650.1750 1.0100 0.0000 4.7200 0.0000 0.6074 0.0000 0.0000 0.0000 5.0042 5.3274 
2023 1 1 0 1.1504 129.1100 0.0000 2.7536 395.5763 650.0960 1.0032 0.0000 4.7200 0.0000 0.6117 0.0000 0.0000 0.0000 3.9040 5.3317 
2023 1 8 0 2.8255 100.5200 0.0000 0.0649 394.4697 649.8345 0.9945 0.0000 4.7200 0.0000 0.0000 0.0000 0.0000 0.0000 2.8904 4.7200 
2023 1 15 0 1.3831 134.9100 0.0000 0.0005 392.4519 649.3574 0.9785 0.0000 4.7200 0.0000 0.0000 0.0000 0.0000 0.0000 1.3836 4.7200 
2023 1 22 0 1.1761 153.5500 0.0000 0.0000 390.9034 648.9913 0.9663 0.0000 3.7365 0.0000 0.0000 0.0000 0.0000 0.0000 1.1761 3.7365 
2023 1 29 0 1.1073 114.0700 0.0000 0.8875 392.1098 649.2766 0.9758 0.0000 0.0000 0.0000 0.0000 0.0000 0.0000 0.0000 1.9948 0.0000 
2023 2 5 0 0.8333 118.2100 0.0000 0.8168 393.1078 649.5125 0.9837 0.0000 0.0000 0.0000 0.0000 0.0000 0.0000 0.0000 1.6501 0.0000 
2023 2 12 0 0.9622 114.5300 0.0000 0.9019 394.2352 649.7790 0.9926 0.0000 0.0000 0.0000 0.0000 0.0000 0.0000 0.0000 1.8641 0.0000 
2023 2 19 0 1.1115 103.9800 0.0000 1.1373 395.3926 650.0526 1.0018 0.0000 0.0000 0.0000 0.3351 0.0000 0.0000 0.0000 2.2488 0.3351 
2023 2 26 0 1.1423 119.9500 0.0000 1.7611 396.5988 650.1969 1.0113 0.0000 0.0000 0.0000 0.9089 0.0000 0.0000 0.0000 2.9034 0.9089 
2023 3 5 0 0.6070 132.3400 0.0000 3.9474 398.1910 650.4163 1.0239 0.0000 0.0000 0.0000 1.9218 0.0000 0.0000 0.0000 4.5544 1.9218 
2023 3 12 0 0.4662 107.4200 0.0000 3.9996 399.3022 650.5695 1.0326 0.0000 0.0000 0.0000 2.6286 0.0000 0.0000 0.0000 4.4658 2.6286 
2023 3 19 0 0.8433 96.2600 0.0000 4.0000 400.2695 650.7028 1.0403 0.0000 0.0000 0.0000 3.2439 0.0000 0.0000 0.0000 4.8433 3.2439 
2023 3 26 0 1.4355 108.2600 0.0000 3.2794 400.9119 650.7913 1.0453 0.0000 0.0000 0.0000 3.6526 0.0000 0.0000 0.0000 4.7149 3.6526 
2023 4 2 0 1.3920 122.8700 0.0000 0.0772 399.9583 650.6599 1.0378 0.0000 0.0000 0.0000 3.0460 0.0000 0.0000 0.0000 1.4692 3.0460 
2023 4 9 0 2.6836 99.8300 0.0000 1.8233 399.3937 650.5821 1.0334 0.0000 2.7535 0.0000 2.6869 0.0000 0.0000 0.0000 4.5069 5.4404 
2023 4 16 0 4.4489 111.6700 0.0000 3.1682 399.4855 650.5948 1.0341 0.0000 4.7200 0.0000 2.7453 0.0000 0.0000 0.0000 7.6171 7.4653 
2023 4 23 0 5.8810 113.0000 0.0000 3.1997 400.1911 650.6920 1.0396 0.0000 4.7200 0.0000 3.1941 0.0000 0.0000 0.0000 9.0807 7.9141 
2023 4 30 0 3.4865 107.2500 0.0000 3.2000 399.6550 650.6181 1.0354 0.0000 4.7200 0.0000 2.8530 0.0000 0.0000 0.0000 6.6865 7.5730 
2023 5 7 0 7.4207 92.5400 0.0000 6.5301 403.2381 651.1119 1.0637 0.0000 2.8940 0.0000 5.1324 0.0000 0.0000 0.0000 13.9508 8.0263 
2023 5 14 0 10.0681 74.1000 0.0000 13.9199 411.4735 652.2469 1.1287 0.0000 0.0000 0.0000 10.3712 0.0000 0.0000 0.0000 23.9880 10.3712 
2023 5 21 0 8.3243 64.0600 0.0000 10.7387 415.2698 652.7701 1.1587 0.0000 0.0000 0.0000 12.7861 0.0000 0.0000 0.0000 19.0630 12.7861 
2023 5 28 0 3.7767 63.7800 0.0000 4.7932 413.4283 652.5163 1.1442 0.0000 0.0000 0.0000 11.6147 0.0000 0.0000 0.0000 8.5699 11.6147 
2023 6 4 0 1.4190 82.2700 0.0000 1.6182 409.6820 652.0000 1.1146 0.0000 0.0000 0.0000 9.2315 0.0000 0.0000 0.0000 3.0372 9.2315 
2023 6 11 0 0.5280 98.3300 0.0000 0.5760 406.1322 651.5108 1.0866 0.0000 0.0000 0.0000 6.9734 0.0000 0.0000 0.0000 1.1040 6.9734 
2023 6 18 0 0.4731 116.6200 0.0000 0.8742 403.6749 651.1721 1.0672 0.0000 0.0000 0.0000 5.4102 0.0000 0.0000 0.0000 1.3473 5.4102 
2023 6 25 0 0.3746 95.2200 0.0000 0.5614 401.7207 650.9028 1.0517 0.0000 0.0000 0.0000 4.1671 0.0000 0.0000 0.0000 0.9360 4.1671 
2023 7 2 0 0.5675 73.6100 0.0000 0.7253 400.4653 650.7298 1.0418 0.0000 0.0000 0.0000 3.3685 0.0000 0.0000 0.0000 1.2928 3.3685 
2023 7 9 0 0.9705 80.1600 0.0000 1.3492 400.0072 650.6667 1.0382 0.0000 0.0000 0.0000 3.0771 0.0000 0.0000 0.0000 2.3197 3.0771 
2023 7 16 0 2.4746 59.1900 0.0000 2.1699 399.5139 650.5987 1.0343 0.0000 2.6969 0.0000 2.7633 0.0000 0.0000 0.0000 4.6445 5.4602 
2023 7 23 0 1.0458 68.8000 0.0000 3.1760 398.0894 650.4023 1.0231 0.0000 4.7200 0.0000 1.8571 0.0000 0.0000 0.0000 4.2218 6.5771 
2023 7 30 0 0.6130 61.4400 0.0000 3.1998 396.8820 650.2359 1.0135 0.0000 4.7200 0.0000 1.0891 0.0000 0.0000 0.0000 3.8128 5.8091 
2023 8 6 0 0.7490 40.3600 0.0000 3.2000 396.0696 650.1240 1.0071 0.0000 4.7200 0.0000 0.5723 0.0000 0.0000 0.0000 3.9490 5.2923 
2023 8 13 0 1.2886 78.8100 0.0000 3.2000 395.5676 650.0940 1.0031 0.0000 4.7200 0.0000 0.5986 0.0000 0.0000 0.0000 4.4886 5.3186 
2023 8 20 0 1.6606 90.9300 0.0000 3.2000 395.4226 650.0597 1.0020 0.0000 4.7200 0.0000 0.3803 0.0000 0.0000 0.0000 4.8606 5.1003 
2023 8 27 0 1.6016 94.6300 0.0000 3.2000 395.3281 650.0374 1.0012 0.0000 4.7200 0.0000 0.2380 0.0000 0.0000 0.0000 4.8016 4.9580 
