POWERSTATION node 10 EASTER
init_Power = 0.00000
penstock_config = SEPARATE
headloss_coef = 0.145000
yyyy mm dd hh [m3/s]    [Euro/MWh]  [fr_g0] [m3/s] [m3/s] [m] [m] [MWh] [GWh/Mm3] [Euro] [Euro] [Euro] [Euro] [Euro] [Euro]
yyyy mm dd hh Up_Inflow Price Action_g0 tot_outflow auto_qmin Hnetto Hbrutto Power est_eekv income tot_cost startstopCost adjust_cost cost_aggressive_actions profit
2022 9 1 0 0.0000 495.0100 0.0000 0.0000 0.0000 189.7102 189.7102 0.0000 0.0000  0.0000 0.0000 0.0000 0.0000 0.0000 0.0000
2022 9 1 1 0.0000 494.9900 0.0000 0.0000 0.0000 189.7117 189.7117 0.0000 0.0000  0.0000 0.0000 0.0000 0.0000 0.0000 0.0000
2022 9 1 2 0.0000 490.5800 0.0000 0.0000 0.0000 189.7131 189.7131 0.0000 0.0000  0.0000 0.0000 0.0000 0.0000 0.0000 0.0000
2022 9 1 3 0.0000 501.0100 0.0000 0.0000 0.0000 189.7144 189.7144 0.0000 0.0000  0.0000 0.0000 0.0000 0.0000 0.0000 0.0000
2022 9 1 4 0.0000 568.4400 0.0000 0.0000 0.0000 189.7157 189.7157 0.0000 0.0000  0.0000 0.0000 0.0000 0.0000 0.0000 0.0000
2022 9 1 5 0.0000 590.4500 0.0000 0.0000 0.0000 189.7168 189.7168 0.0000 0.0000  0.0000 0.0000 0.0000 0.0000 0.0000 0.0000
2022 9 1 6 0.0000 643.5100 0.0000 0.0000 0.0000 189.7179 189.7179 0.0000 0.0000  0.0000 0.0000 0.0000 0.0000 0.0000 0.0000
2022 9 1 7 0.0000 639.9000 0.0000 0.0000 0.0000 189.7190 189.7190 0.0000 0.0000  0.0000 0.0000 0.0000 0.0000 0.0000 0.0000
2022 9 1 8 0.0000 595.2600 0.0000 0.0000 0.0000 189.7200 189.7200 0.0000 0.0000  0.0000 0.0000 0.0000 0.0000 0.0000 0.0000
2022 9 1 9 0.0000 577.0100 0.0000 0.0000 0.0000 189.7210 189.7210 0.0000 0.0000  0.0000 0.0000 0.0000 0.0000 0.0000 0.0000
2022 9 1 10 0.0000 534.6000 0.0000 0.0000 0.0000 189.7220 189.7220 0.0000 0.0000  0.0000 0.0000 0.0000 0.0000 0.0000 0.0000
2022 9 1 11 0.0000 507.1900 0.0000 0.0000 0.0000 189.7230 189.7230 0.0000 0.0000  0.0000 0.0000 0.0000 0.0000 0.0000 0.0000
2022 9 1 12 0.0000 503.4000 0.0000 0.0000 0.0000 189.7239 189.7239 0.0000 0.0000  0.0000 0.0000 0.0000 0.0000 0.0000 0.0000
2022 9 1 13 0.0000 523.5600 0.0000 0.0000 0.0000 189.7249 189.7249 0.0000 0.0000  0.0000 0.0000 0.0000 0.0000 0.0000 0.0000
2022 9 1 14 0.0000 552.6500 0.0000 0.0000 0.0000 189.7258 189.7258 0.0000 0.0000  0.0000 0.0000 0.0000 0.0000 0.0000 0.0000
2022 9 1 15 0.0000 575.6100 0.0000 0.0000 0.0000 189.7267 189.7267 0.0000 0.0000  0.0000 0.0000 0.0000 0.0000 0.0000 0.0000
2022 9 1 16 0.0000 615.1800 0.0000 0.0000 0.0000 189.7276 189.7276 0.0000 0.0000  0.0000 0.0000 0.0000 0.0000 0.0000 0.0000
2022 9 1 17 0.0000 649.8000 0.0000 0.0000 0.0000 189.7286 189.7286 0.0000 0.0000  0.0000 0.0000 0.0000 0.0000 0.0000 0.0000
2022 9 1 18 0.0000 673.7200 0.0000 0.0000 0.0000 189.7295 189.7295 0.0000 0.0000  0.0000 0.0000 0.0000 0.0000 0.0000 0.0000
2022 9 1 19 0.0000 658.0800 0.0000 0.0000 0.0000 189.7304 189.7304 0.0000 0.0000  0.0000 0.0000 0.0000 0.0000 0.0000 0.0000
2022 9 1 20 0.0000 627.5700 0.0000 0.0000 0.0000 189.7313 189.7313 0.0000 0.0000  0.0000 0.0000 0.0000 0.0000 0.0000 0.0000
2022 9 1 21 0.0000 560.7000 0.0000 0.0000 0.0000 189.7322 189.7322 0.0000 0.0000  0.0000 0.0000 0.0000 0.0000 0.0000 0.0000
2022 9 1 22 0.0000 507.1200 0.0000 0.0000 0.0000 189.7331 189.7331 0.0000 0.0000  0.0000 0.0000 0.0000 0.0000 0.0000 0.0000
2022 9 1 23 0.0000 471.8500 0.0000 0.0000 0.0000 189.7340 189.7340 0.0000 0.0000  0.0000 0.0000 0.0000 0.0000 0.0000 0.0000
2022 9 2 0 0.0000 433.2400 0.0000 0.0000 0.0000 189.7349 189.7349 0.0000 0.0000  0.0000 0.0000 0.0000 0.0000 0.0000 0.0000
2022 9 2 1 0.0000 409.0500 0.0000 0.0000 0.0000 189.7358 189.7358 0.0000 0.0000  0.0000 0.0000 0.0000 0.0000 0.0000 0.0000
2022 9 2 2 0.0000 375.2400 0.0000 0.0000 0.0000 189.7367 189.7367 0.0000 0.0000  0.0000 0.0000 0.0000 0.0000 0.0000 0.0000
2022 9 2 3 0.0000 406.1400 0.0000 0.0000 0.0000 189.7376 189.7376 0.0000 0.0000  0.0000 0.0000 0.0000 0.0000 0.0000 0.0000
2022 9 2 4 0.0000 448.6600 0.0000 0.0000 0.0000 189.7385 189.7385 0.0000 0.0000  0.0000 0.0000 0.0000 0.0000 0.0000 0.0000
2022 9 2 5 0.0000 533.3700 0.0000 0.0000 0.0000 189.7393 189.7393 0.0000 0.0000  0.0000 0.0000 0.0000 0.0000 0.0000 0.0000
2022 9 2 6 0.0000 567.7100 0.0000 0.0000 0.0000 189.7402 189.7402 0.0000 0.0000  0.0000 0.0000 0.0000 0.0000 0.0000 0.0000
2022 9 2 7 0.0000 584.6700 0.0000 0.0000 0.0000 189.7411 189.7411 0.0000 0.0000  0.0000 0.0000 0.0000 0.0000 0.0000 0.0000
2022 9 2 8 0.0000 549.3000 0.0000 0.0000 0.0000 189.7419 189.7419 0.0000 0.0000  0.0000 0.0000 0.0000 0.0000 0.0000 0.0000
2022 9 2 9 0.0000 514.7700 0.0000 0.0000 0.0000 189.7428 189.7428 0.0000 0.0000  0.0000 0.0000 0.0000 0.0000 0.0000 0.0000
2022 9 2 10 0.0000 428.5100 0.0000 0.0000 0.0000 189.7437 189.7437 0.0000 0.0000  0.0000 0.0000 0.0000 0.0000 0.0000 0.0000
2022 9 2 11 0.0000 292.7800 0.0000 0.0000 0.0000 189.7445 189.7445 0.0000 0.0000  0.0000 0.0000 0.0000 0.0000 0.0000 0.0000
2022 9 2 12 0.0000 271.2500 0.0000 0.0000 0.0000 189.7454 189.7454 0.0000 0.0000  0.0000 0.0000 0.0000 0.0000 0.0000 0.0000
2022 9 2 13 0.0000 273.1100 0.0000 0.0000 0.0000 189.7462 189.7462 0.0000 0.0000  0.0000 0.0000 0.0000 0.0000 0.0000 0.0000
2022 9 2 14 0.0000 321.3800 0.0000 0.0000 0.0000 189.7471 189.7471 0.0000 0.0000  0.0000 0.0000 0.0000 0.0000 0.0000 0.0000
2022 9 2 15 0.0000 396.6400 0.0000 0.0000 0.0000 189.7479 189.7479 0.0000 0.0000  0.0000 0.0000 0.0000 0.0000 0.0000 0.0000
2022 9 2 16 0.0000 491.8000 0.0000 0.0000 0.0000 189.7487 189.7487 0.0000 0.0000  0.0000 0.0000 0.0000 0.0000 0.0000 0.0000
2022 9 2 17 0.0000 552.5100 0.0000 0.0000 0.0000 189.7495 189.7495 0.0000 0.0000  0.0000 0.0000 0.0000 0.0000 0.0000 0.0000
2022 9 2 18 0.0000 572.7500 0.0000 0.0000 0.0000 189.7504 189.7504 0.0000 0.0000  0.0000 0.0000 0.0000 0.0000 0.0000 0.0000
2022 9 2 19 0.0000 545.0200 0.0000 0.0000 0.0000 189.7512 189.7512 0.0000 0.0000  0.0000 0.0000 0.0000 0.0000 0.0000 0.0000
2022 9 2 20 0.0000 440.6200 0.0000 0.0000 0.0000 189.7520 189.7520 0.0000 0.0000  0.0000 0.0000 0.0000 0.0000 0.0000 0.0000
2022 9 2 21 0.0000 355.8800 0.0000 0.0000 0.0000 189.7528 189.7528 0.0000 0.0000  0.0000 0.0000 0.0000 0.0000 0.0000 0.0000
2022 9 2 22 0.0000 217.7900 0.0000 0.0000 0.0000 189.7537 189.7537 0.0000 0.0000  0.0000 0.0000 0.0000 0.0000 0.0000 0.0000
2022 9 2 23 0.0000 238.2100 0.0000 0.0000 0.0000 189.7545 189.7545 0.0000 0.0000  0.0000 0.0000 0.0000 0.0000 0.0000 0.0000
2022 9 3 0 0.0000 253.5000 0.0000 0.0000 0.0000 189.7553 189.7553 0.0000 0.0000  0.0000 0.0000 0.0000 0.0000 0.0000 0.0000
2022 9 3 1 0.0000 271.6000 0.0000 0.0000 0.0000 189.7561 189.7561 0.0000 0.0000  0.0000 0.0000 0.0000 0.0000 0.0000 0.0000
2022 9 3 2 0.0000 258.7100 0.0000 0.0000 0.0000 189.7569 189.7569 0.0000 0.0000  0.0000 0.0000 0.0000 0.0000 0.0000 0.0000
2022 9 3 3 0.0000 243.5100 0.0000 0.0000 0.0000 189.7577 189.7577 0.0000 0.0000  0.0000 0.0000 0.0000 0.0000 0.0000 0.0000
2022 9 3 4 0.0000 301.8400 0.0000 0.0000 0.0000 189.7585 189.7585 0.0000 0.0000  0.0000 0.0000 0.0000 0.0000 0.0000 0.0000
2022 9 3 5 0.0000 284.0000 0.0000 0.0000 0.0000 189.7593 189.7593 0.0000 0.0000  0.0000 0.0000 0.0000 0.0000 0.0000 0.0000
2022 9 3 6 0.0000 382.1900 0.0000 0.0000 0.0000 189.7601 189.7601 0.0000 0.0000  0.0000 0.0000 0.0000 0.0000 0.0000 0.0000
2022 9 3 7 0.0000 413.5400 0.0000 0.0000 0.0000 189.7609 189.7609 0.0000 0.0000  0.0000 0.0000 0.0000 0.0000 0.0000 0.0000
2022 9 3 8 0.0000 393.5100 0.0000 0.0000 0.0000 189.7617 189.7617 0.0000 0.0000  0.0000 0.0000 0.0000 0.0000 0.0000 0.0000
2022 9 3 9 0.0000 442.1400 0.0000 0.0000 0.0000 189.7625 189.7625 0.0000 0.0000  0.0000 0.0000 0.0000 0.0000 0.0000 0.0000
2022 9 3 10 0.0000 453.6600 0.0000 0.0000 0.0000 189.7633 189.7633 0.0000 0.0000  0.0000 0.0000 0.0000 0.0000 0.0000 0.0000
2022 9 3 11 0.0000 468.9000 0.0000 0.0000 0.0000 189.7641 189.7641 0.0000 0.0000  0.0000 0.0000 0.0000 0.0000 0.0000 0.0000
2022 9 3 12 0.0000 456.4300 0.0000 0.0000 0.0000 189.7649 189.7649 0.0000 0.0000  0.0000 0.0000 0.0000 0.0000 0.0000 0.0000
2022 9 3 13 0.0000 459.8200 0.0000 0.0000 0.0000 189.7657 189.7657 0.0000 0.0000  0.0000 0.0000 0.0000 0.0000 0.0000 0.0000
2022 9 3 14 0.0000 431.0300 0.0000 0.0000 0.0000 189.7665 189.7665 0.0000 0.0000  0.0000 0.0000 0.0000 0.0000 0.0000 0.0000
2022 9 3 15 0.0000 387.1700 0.0000 0.0000 0.0000 189.7672 189.7672 0.0000 0.0000  0.0000 0.0000 0.0000 0.0000 0.0000 0.0000
2022 9 3 16 0.0000 414.6800 0.0000 0.0000 0.0000 189.7680 189.7680 0.0000 0.0000  0.0000 0.0000 0.0000 0.0000 0.0000 0.0000
2022 9 3 17 0.0000 468.4800 0.0000 0.0000 0.0000 189.7688 189.7688 0.0000 0.0000  0.0000 0.0000 0.0000 0.0000 0.0000 0.0000
2022 9 3 18 0.0000 531.4800 0.0000 0.0000 0.0000 189.7695 189.7695 0.0000 0.0000  0.0000 0.0000 0.0000 0.0000 0.0000 0.0000
2022 9 3 19 0.0000 513.1200 0.0000 0.0000 0.0000 189.7703 189.7703 0.0000 0.0000  0.0000 0.0000 0.0000 0.0000 0.0000 0.0000
2022 9 3 20 0.0000 443.1200 0.0000 0.0000 0.0000 189.7711 189.7711 0.0000 0.0000  0.0000 0.0000 0.0000 0.0000 0.0000 0.0000
2022 9 3 21 0.0000 395.0200 0.0000 0.0000 0.0000 189.7719 189.7719 0.0000 0.0000  0.0000 0.0000 0.0000 0.0000 0.0000 0.0000
2022 9 3 22 0.0000 330.8700 0.0000 0.0000 0.0000 189.7727 189.7727 0.0000 0.0000  0.0000 0.0000 0.0000 0.0000 0.0000 0.0000
2022 9 3 23 0.0000 215.7900 0.0000 0.0000 0.0000 189.7735 189.7735 0.0000 0.0000  0.0000 0.0000 0.0000 0.0000 0.0000 0.0000
2022 9 4 0 0.0000 210.1400 0.0000 0.0000 0.0000 189.7743 189.7743 0.0000 0.0000  0.0000 0.0000 0.0000 0.0000 0.0000 0.0000
2022 9 4 1 0.0000 205.3000 0.0000 0.0000 0.0000 189.7753 189.7753 0.0000 0.0000  0.0000 0.0000 0.0000 0.0000 0.0000 0.0000
2022 9 4 2 0.0000 209.5200 0.0000 0.0000 0.0000 189.7762 189.7762 0.0000 0.0000  0.0000 0.0000 0.0000 0.0000 0.0000 0.0000
2022 9 4 3 0.0000 225.8600 0.0000 0.0000 0.0000 189.7771 189.7771 0.0000 0.0000  0.0000 0.0000 0.0000 0.0000 0.0000 0.0000
2022 9 4 4 0.0000 228.5700 0.0000 0.0000 0.0000 189.7781 189.7781 0.0000 0.0000  0.0000 0.0000 0.0000 0.0000 0.0000 0.0000
2022 9 4 5 7.8400 216.1600 0.8000 7.8400 0.0000 180.8609 189.7734 12.4147 0.4399  2683.5571 1.0000 1.0000 0.0000 0.0000 2682.5571
2022 9 4 6 7.8400 231.8500 0.8000 7.8400 0.0000 180.8507 189.7632 12.4140 0.4398  2878.1825 0.0000 0.0000 0.0000 0.0000 2878.1825
2022 9 4 7 7.8400 215.0200 0.8000 7.8400 0.0000 180.8415 189.7540 12.4134 0.4398  2669.1192 0.0000 0.0000 0.0000 0.0000 2669.1192
2022 9 4 8 7.8400 188.9800 0.8000 7.8400 0.0000 180.8338 189.7463 12.4128 0.4398  2345.7749 0.0000 0.0000 0.0000 0.0000 2345.7749
2022 9 4 9 7.8400 298.2800 0.8000 7.8400 0.0000 180.8278 189.7403 12.4124 0.4398  3702.3736 0.0000 0.0000 0.0000 0.0000 3702.3736
2022 9 4 10 7.8400 200.4200 0.8000 7.8400 0.0000 180.8236 189.7361 12.4121 0.4398  2487.6374 0.0000 0.0000 0.0000 0.0000 2487.6374
2022 9 4 11 7.8400 248.6000 0.8000 7.8400 0.0000 180.8211 189.7336 12.4119 0.4398  3085.6103 0.0000 0.0000 0.0000 0.0000 3085.6103
2022 9 4 12 7.8400 404.7600 0.8000 7.8400 0.0000 180.8200 189.7325 12.4119 0.4398  5023.8294 0.0000 0.0000 0.0000 0.0000 5023.8294
2022 9 4 13 7.8400 404.3900 0.8000 7.8400 0.0000 180.8200 189.7325 12.4119 0.4398  5019.2387 0.0000 0.0000 0.0000 0.0000 5019.2387
2022 9 4 14 7.8400 364.4300 0.8000 7.8400 0.0000 180.8210 189.7335 12.4119 0.4398  4523.2841 0.0000 0.0000 0.0000 0.0000 4523.2841
2022 9 4 15 7.8400 248.5300 0.8000 7.8400 0.0000 180.8226 189.7352 12.4121 0.4398  3084.7684 0.0000 0.0000 0.0000 0.0000 3084.7684
2022 9 4 16 7.8400 410.2000 0.8000 7.8400 0.0000 180.8248 189.7373 12.4122 0.4398  5091.4873 0.0000 0.0000 0.0000 0.0000 5091.4873
2022 9 4 17 7.8400 442.0700 0.8000 7.8400 0.0000 180.8274 189.7399 12.4124 0.4398  5487.1422 0.0000 0.0000 0.0000 0.0000 5487.1422
2022 9 4 18 7.8400 501.0600 0.8000 7.8400 0.0000 180.8302 189.7427 12.4126 0.4398  6219.4459 0.0000 0.0000 0.0000 0.0000 6219.4459
2022 9 4 19 7.8400 500.6000 0.8000 7.8400 0.0000 180.8333 189.7458 12.4128 0.4398  6213.8400 0.0000 0.0000 0.0000 0.0000 6213.8400
2022 9 4 20 7.8400 449.0300 0.8000 7.8400 0.0000 180.8364 189.7489 12.4130 0.4398  5573.8099 0.0000 0.0000 0.0000 0.0000 5573.8099
2022 9 4 21 7.8400 418.8500 0.8000 7.8400 0.0000 180.8397 189.7522 12.4132 0.4398  5199.2791 0.0000 0.0000 0.0000 0.0000 5199.2791
2022 9 4 22 7.8400 344.0800 0.8000 7.8400 0.0000 180.8430 189.7555 12.4135 0.4398  4271.2204 0.0000 0.0000 0.0000 0.0000 4271.2204
2022 9 4 23 7.8400 275.7500 0.8000 7.8400 0.0000 180.8463 189.7588 12.4137 0.4398  3423.0729 0.0000 0.0000 0.0000 0.0000 3423.0729
2022 9 5 0 7.8400 225.3100 0.8000 7.8400 0.0000 180.8497 189.7622 12.4139 0.4398  2796.9789 0.0000 0.0000 0.0000 0.0000 2796.9789
2022 9 5 1 7.8400 217.5800 0.8000 7.8400 0.0000 180.8531 189.7656 12.4141 0.4398  2701.0702 0.0000 0.0000 0.0000 0.0000 2701.0702
2022 9 5 2 7.8400 228.2200 0.8000 7.8400 0.0000 180.8565 189.7690 12.4144 0.4399  2833.2101 0.0000 0.0000 0.0000 0.0000 2833.2101
2022 9 5 3 7.8400 245.1000 0.8000 7.8400 0.0000 180.8599 189.7724 12.4146 0.4399  3042.8225 0.0000 0.0000 0.0000 0.0000 3042.8225
2022 9 5 4 7.8400 376.3900 0.8000 7.8400 0.0000 180.8634 189.7759 12.4149 0.4399  4672.8259 0.0000 0.0000 0.0000 0.0000 4672.8259
2022 9 5 5 7.8400 457.3400 0.8000 7.8400 0.0000 180.8668 189.7793 12.4151 0.4399  5677.9151 0.0000 0.0000 0.0000 0.0000 5677.9151
2022 9 5 6 7.8400 503.6800 0.8000 7.8400 0.0000 180.8702 189.7827 12.4153 0.4399  6253.3483 0.0000 0.0000 0.0000 0.0000 6253.3483
2022 9 5 7 7.8400 517.0400 0.8000 7.8400 0.0000 180.8736 189.7861 12.4156 0.4399  6419.3382 0.0000 0.0000 0.0000 0.0000 6419.3382
2022 9 5 8 7.8400 476.2600 0.8000 7.8400 0.0000 180.8770 189.7895 12.4158 0.4399  5913.1441 0.0000 0.0000 0.0000 0.0000 5913.1441
2022 9 5 9 7.8400 429.2600 0.8000 7.8400 0.0000 180.8804 189.7930 12.4160 0.4399  5329.7026 0.0000 0.0000 0.0000 0.0000 5329.7026
2022 9 5 10 7.8400 385.8200 0.8000 7.8400 0.0000 180.8839 189.7964 12.4163 0.4399  4790.4407 0.0000 0.0000 0.0000 0.0000 4790.4407
2022 9 5 11 7.8400 402.6600 0.8000 7.8400 0.0000 180.8873 189.7998 12.4165 0.4399  4999.6247 0.0000 0.0000 0.0000 0.0000 4999.6247
2022 9 5 12 7.8400 398.7600 0.8000 7.8400 0.0000 180.8907 189.8032 12.4167 0.4399  4951.2935 0.0000 0.0000 0.0000 0.0000 4951.2935
2022 9 5 13 7.8400 291.4200 0.8000 7.8400 0.0000 180.8941 189.8066 12.4170 0.4399  3618.5502 0.0000 0.0000 0.0000 0.0000 3618.5502
2022 9 5 14 7.8400 402.6800 0.8000 7.8400 0.0000 180.8975 189.8100 12.4172 0.4400  5000.1545 0.0000 0.0000 0.0000 0.0000 5000.1545
2022 9 5 15 7.8400 401.9700 0.8000 7.8400 0.0000 180.9008 189.8134 12.4174 0.4400  4991.4321 0.0000 0.0000 0.0000 0.0000 4991.4321
2022 9 5 16 7.8400 484.3400 0.8000 7.8400 0.0000 180.9042 189.8167 12.4177 0.4400  6014.3679 0.0000 0.0000 0.0000 0.0000 6014.3679
2022 9 5 17 7.8400 546.8400 0.8000 7.8400 0.0000 180.9076 189.8201 12.4179 0.4400  6790.5987 0.0000 0.0000 0.0000 0.0000 6790.5987
2022 9 5 18 7.8400 579.7300 0.8000 7.8400 0.0000 180.9110 189.8235 12.4181 0.4400  7199.1569 0.0000 0.0000 0.0000 0.0000 7199.1569
2022 9 5 19 7.8400 504.0000 0.8000 7.8400 0.0000 180.9144 189.8269 12.4184 0.4400  6258.8498 0.0000 0.0000 0.0000 0.0000 6258.8498
2022 9 5 20 7.8400 417.8100 0.8000 7.8400 0.0000 180.9177 189.8303 12.4186 0.4400  5188.6087 0.0000 0.0000 0.0000 0.0000 5188.6087
2022 9 5 21 7.8400 329.4400 0.8000 7.8400 0.0000 180.9211 189.8336 12.4188 0.4400  4091.2545 0.0000 0.0000 0.0000 0.0000 4091.2545
2022 9 5 22 7.8400 230.8900 0.8000 7.8400 0.0000 180.9245 189.8370 12.4190 0.4400  2867.4336 0.0000 0.0000 0.0000 0.0000 2867.4336
2022 9 5 23 7.8400 279.5100 0.8000 7.8400 0.0000 180.9278 189.8404 12.4193 0.4400  3471.3123 0.0000 0.0000 0.0000 0.0000 3471.3123
2022 9 6 0 7.8400 305.4700 0.8000 7.8400 0.0000 180.9312 189.8437 12.4195 0.4400  3793.7872 0.0000 0.0000 0.0000 0.0000 3793.7872
2022 9 6 1 7.8400 282.3100 0.8000 7.8400 0.0000 180.9346 189.8471 12.4197 0.4400  3506.2165 0.0000 0.0000 0.0000 0.0000 3506.2165
2022 9 6 2 7.8400 289.6700 0.8000 7.8400 0.0000 180.9379 189.8504 12.4200 0.4400  3597.6929 0.0000 0.0000 0.0000 0.0000 3597.6929
2022 9 6 3 7.8400 293.6400 0.8000 7.8400 0.0000 180.9413 189.8538 12.4202 0.4401  3647.0680 0.0000 0.0000 0.0000 0.0000 3647.0680
2022 9 6 4 7.8400 393.0700 0.8000 7.8400 0.0000 180.9447 189.8572 12.4204 0.4401  4882.0993 0.0000 0.0000 0.0000 0.0000 4882.0993
2022 9 6 5 7.8400 462.0400 0.8000 7.8400 0.0000 180.9480 189.8605 12.4207 0.4401  5738.8432 0.0000 0.0000 0.0000 0.0000 5738.8432
2022 9 6 6 7.8400 521.0100 0.8000 7.8400 0.0000 180.9514 189.8639 12.4209 0.4401  6471.4098 0.0000 0.0000 0.0000 0.0000 6471.4098
2022 9 6 7 7.8400 540.1400 0.8000 7.8400 0.0000 180.9547 189.8672 12.4211 0.4401  6709.1458 0.0000 0.0000 0.0000 0.0000 6709.1458
2022 9 6 8 7.8400 474.4700 0.8000 7.8400 0.0000 180.9581 189.8706 12.4214 0.4401  5893.5596 0.0000 0.0000 0.0000 0.0000 5893.5596
2022 9 6 9 7.8400 441.4400 0.8000 7.8400 0.0000 180.9614 189.8739 12.4216 0.4401  5483.3838 0.0000 0.0000 0.0000 0.0000 5483.3838
2022 9 6 10 7.8400 311.8200 0.8000 7.8400 0.0000 180.9648 189.8773 12.4218 0.4401  3873.3699 0.0000 0.0000 0.0000 0.0000 3873.3699
2022 9 6 11 7.8400 261.3000 0.8000 7.8400 0.0000 180.9681 189.8806 12.4220 0.4401  3245.8796 0.0000 0.0000 0.0000 0.0000 3245.8796
2022 9 6 12 7.8400 273.5200 0.8000 7.8400 0.0000 180.9715 189.8840 12.4223 0.4401  3397.7396 0.0000 0.0000 0.0000 0.0000 3397.7396
2022 9 6 13 7.8400 286.6500 0.8000 7.8400 0.0000 180.9748 189.8873 12.4225 0.4401  3560.9098 0.0000 0.0000 0.0000 0.0000 3560.9098
2022 9 6 14 7.8400 386.9200 0.8000 7.8400 0.0000 180.9781 189.8906 12.4227 0.4401  4806.6027 0.0000 0.0000 0.0000 0.0000 4806.6027
2022 9 6 15 7.8400 472.2400 0.8000 7.8400 0.0000 180.9815 189.8940 12.4230 0.4402  5866.6176 0.0000 0.0000 0.0000 0.0000 5866.6176
2022 9 6 16 7.8400 481.7900 0.8000 7.8400 0.0000 180.9848 189.8973 12.4232 0.4402  5985.3669 0.0000 0.0000 0.0000 0.0000 5985.3669
2022 9 6 17 7.8400 525.8500 0.8000 7.8400 0.0000 180.9881 189.9006 12.4234 0.4402  6532.8520 0.0000 0.0000 0.0000 0.0000 6532.8520
2022 9 6 18 7.8400 549.4500 0.8000 7.8400 0.0000 180.9914 189.9039 12.4236 0.4402  6826.1702 0.0000 0.0000 0.0000 0.0000 6826.1702
2022 9 6 19 7.8400 541.0200 0.8000 7.8400 0.0000 180.9947 189.9073 12.4239 0.4402  6721.5623 0.0000 0.0000 0.0000 0.0000 6721.5623
2022 9 6 20 7.8400 509.6200 0.8000 7.8400 0.0000 180.9981 189.9106 12.4241 0.4402  6331.5687 0.0000 0.0000 0.0000 0.0000 6331.5687
2022 9 6 21 7.8400 466.2000 0.8000 7.8400 0.0000 181.0014 189.9139 12.4243 0.4402  5792.2208 0.0000 0.0000 0.0000 0.0000 5792.2208
2022 9 6 22 7.8400 453.1000 0.8000 7.8400 0.0000 181.0047 189.9172 12.4246 0.4402  5629.5654 0.0000 0.0000 0.0000 0.0000 5629.5654
2022 9 6 23 7.8400 421.7600 0.8000 7.8400 0.0000 181.0080 189.9205 12.4248 0.4402  5240.2761 0.0000 0.0000 0.0000 0.0000 5240.2761
2022 9 7 0 7.8400 391.3100 0.8000 7.8400 0.0000 181.0114 189.9239 12.4250 0.4402  4862.0305 0.0000 0.0000 0.0000 0.0000 4862.0305
2022 9 7 1 7.8400 374.3800 0.8000 7.8400 0.0000 181.0147 189.9272 12.4252 0.4402  4651.7603 0.0000 0.0000 0.0000 0.0000 4651.7603
2022 9 7 2 7.8400 373.0200 0.8000 7.8400 0.0000 181.0180 189.9305 12.4255 0.4402  4634.9465 0.0000 0.0000 0.0000 0.0000 4634.9465
2022 9 7 3 7.8400 394.9700 0.8000 7.8400 0.0000 181.0213 189.9338 12.4257 0.4403  4907.7752 0.0000 0.0000 0.0000 0.0000 4907.7752
2022 9 7 4 7.8400 402.2600 0.8000 7.8400 0.0000 181.0246 189.9371 12.4259 0.4403  4998.4499 0.0000 0.0000 0.0000 0.0000 4998.4499
2022 9 7 5 7.8400 467.0300 0.8000 7.8400 0.0000 181.0279 189.9404 12.4261 0.4403  5803.3824 0.0000 0.0000 0.0000 0.0000 5803.3824
2022 9 7 6 7.8400 498.4000 0.8000 7.8400 0.0000 181.0312 189.9437 12.4264 0.4403  6193.3036 0.0000 0.0000 0.0000 0.0000 6193.3036
2022 9 7 7 7.8400 502.5900 0.8000 7.8400 0.0000 181.0345 189.9470 12.4266 0.4403  6245.4840 0.0000 0.0000 0.0000 0.0000 6245.4840
2022 9 7 8 7.8400 494.7000 0.8000 7.8400 0.0000 181.0378 189.9503 12.4268 0.4403  6147.5501 0.0000 0.0000 0.0000 0.0000 6147.5501
2022 9 7 9 7.8400 464.9200 0.8000 7.8400 0.0000 181.0411 189.9536 12.4271 0.4403  5777.5843 0.0000 0.0000 0.0000 0.0000 5777.5843
2022 9 7 10 7.8400 445.5600 0.8000 7.8400 0.0000 181.0444 189.9569 12.4273 0.4403  5537.0971 0.0000 0.0000 0.0000 0.0000 5537.0971
2022 9 7 11 7.8400 401.2200 0.8000 7.8400 0.0000 181.0477 189.9602 12.4275 0.4403  4986.1624 0.0000 0.0000 0.0000 0.0000 4986.1624
2022 9 7 12 7.8400 397.7500 0.8000 7.8400 0.0000 181.0509 189.9635 12.4277 0.4403  4943.1286 0.0000 0.0000 0.0000 0.0000 4943.1286
2022 9 7 13 7.8400 404.9600 0.8000 7.8400 0.0000 181.0542 189.9667 12.4280 0.4403  5032.8235 0.0000 0.0000 0.0000 0.0000 5032.8235
2022 9 7 14 7.8400 408.3600 0.8000 7.8400 0.0000 181.0575 189.9700 12.4282 0.4403  5075.1703 0.0000 0.0000 0.0000 0.0000 5075.1703
2022 9 7 15 7.8400 466.8800 0.8000 7.8400 0.0000 181.0608 189.9733 12.4284 0.4403  5802.5725 0.0000 0.0000 0.0000 0.0000 5802.5725
2022 9 7 16 7.8400 499.4900 0.8000 7.8400 0.0000 181.0640 189.9766 12.4286 0.4404  6207.9746 0.0000 0.0000 0.0000 0.0000 6207.9746
2022 9 7 17 7.8400 520.7000 0.8000 7.8400 0.0000 181.0673 189.9798 12.4289 0.4404  6471.7026 0.0000 0.0000 0.0000 0.0000 6471.7026
2022 9 7 18 7.8400 544.1300 0.8000 7.8400 0.0000 181.0706 189.9831 12.4291 0.4404  6763.0323 0.0000 0.0000 0.0000 0.0000 6763.0323
2022 9 7 19 7.8400 524.2600 0.8000 7.8400 0.0000 181.0738 189.9863 12.4293 0.4404  6516.1841 0.0000 0.0000 0.0000 0.0000 6516.1841
2022 9 7 20 7.8400 502.1600 0.8000 7.8400 0.0000 181.0771 189.9896 12.4295 0.4404  6241.6089 0.0000 0.0000 0.0000 0.0000 6241.6089
2022 9 7 21 7.8400 484.5200 0.8000 7.8400 0.0000 181.0804 189.9929 12.4297 0.4404  6022.4605 0.0000 0.0000 0.0000 0.0000 6022.4605
2022 9 7 22 7.8400 434.1200 0.8000 7.8400 0.0000 181.0836 189.9961 12.4300 0.4404  5396.0985 0.0000 0.0000 0.0000 0.0000 5396.0985
2022 9 7 23 7.8400 439.0400 0.8000 7.8400 0.0000 181.0869 189.9994 12.4302 0.4404  5457.3525 0.0000 0.0000 0.0000 0.0000 5457.3525
2022 9 8 0 7.8400 405.0600 0.8000 7.8400 0.0000 181.0901 190.0027 12.4304 0.4404  5035.0650 0.0000 0.0000 0.0000 0.0000 5035.0650
2022 9 8 1 7.8400 397.6600 0.8000 7.8400 0.0000 181.0934 190.0059 12.4306 0.4404  4943.1691 0.0000 0.0000 0.0000 0.0000 4943.1691
2022 9 8 2 7.8400 379.4100 0.8000 7.8400 0.0000 181.0967 190.0092 12.4309 0.4404  4716.3948 0.0000 0.0000 0.0000 0.0000 4716.3948
2022 9 8 3 7.8400 376.7300 0.8000 7.8400 0.0000 181.0999 190.0124 12.4311 0.4404  4683.1645 0.0000 0.0000 0.0000 0.0000 4683.1645
2022 9 8 4 7.8400 439.1000 0.8000 7.8400 0.0000 181.1032 190.0157 12.4313 0.4405  5458.5898 0.0000 0.0000 0.0000 0.0000 5458.5898
2022 9 8 5 7.8400 459.8200 0.8000 7.8400 0.0000 181.1064 190.0190 12.4315 0.4405  5716.2694 0.0000 0.0000 0.0000 0.0000 5716.2694
2022 9 8 6 7.8400 486.0300 0.8000 7.8400 0.0000 181.1097 190.0222 12.4318 0.4405  6042.2082 0.0000 0.0000 0.0000 0.0000 6042.2082
2022 9 8 7 7.8400 504.4700 0.8000 7.8400 0.0000 181.1129 190.0254 12.4320 0.4405  6271.5624 0.0000 0.0000 0.0000 0.0000 6271.5624
2022 9 8 8 7.8400 473.3100 0.8000 7.8400 0.0000 181.1162 190.0287 12.4322 0.4405  5884.2872 0.0000 0.0000 0.0000 0.0000 5884.2872
2022 9 8 9 7.8400 465.6200 0.8000 7.8400 0.0000 181.1194 190.0319 12.4324 0.4405  5788.7873 0.0000 0.0000 0.0000 0.0000 5788.7873
2022 9 8 10 7.8400 438.5300 0.8000 7.8400 0.0000 181.1227 190.0352 12.4327 0.4405  5452.0906 0.0000 0.0000 0.0000 0.0000 5452.0906
2022 9 8 11 7.8400 426.1800 0.8000 7.8400 0.0000 181.1259 190.0384 12.4329 0.4405  5298.6421 0.0000 0.0000 0.0000 0.0000 5298.6421
2022 9 8 12 7.8400 407.0500 0.8000 7.8400 0.0000 181.1292 190.0417 12.4331 0.4405  5060.8915 0.0000 0.0000 0.0000 0.0000 5060.8915
2022 9 8 13 7.8400 397.2700 0.8000 7.8400 0.0000 181.1324 190.0449 12.4333 0.4405  4939.3840 0.0000 0.0000 0.0000 0.0000 4939.3840
2022 9 8 14 7.8400 402.0900 0.8000 7.8400 0.0000 181.1356 190.0481 12.4335 0.4405  4999.4019 0.0000 0.0000 0.0000 0.0000 4999.4019
2022 9 8 15 7.8400 413.1900 0.8000 7.8400 0.0000 181.1388 190.0514 12.4338 0.4405  5137.5057 0.0000 0.0000 0.0000 0.0000 5137.5057
2022 9 8 16 7.8400 452.1600 0.8000 7.8400 0.0000 181.1421 190.0546 12.4340 0.4405  5622.1493 0.0000 0.0000 0.0000 0.0000 5622.1493
2022 9 8 17 7.8400 467.2000 0.8000 7.8400 0.0000 181.1453 190.0578 12.4342 0.4406  5809.2597 0.0000 0.0000 0.0000 0.0000 5809.2597
2022 9 8 18 7.8400 478.3100 0.8000 7.8400 0.0000 181.1485 190.0610 12.4344 0.4406  5947.5091 0.0000 0.0000 0.0000 0.0000 5947.5091
2022 9 8 19 7.8400 484.0800 0.8000 7.8400 0.0000 181.1517 190.0642 12.4346 0.4406  6019.3625 0.0000 0.0000 0.0000 0.0000 6019.3625
2022 9 8 20 7.8400 450.0900 0.8000 7.8400 0.0000 181.1549 190.0674 12.4349 0.4406  5596.8085 0.0000 0.0000 0.0000 0.0000 5596.8085
2022 9 8 21 7.8400 391.6800 0.8000 7.8400 0.0000 181.1581 190.0707 12.4351 0.4406  4870.5745 0.0000 0.0000 0.0000 0.0000 4870.5745
2022 9 8 22 7.8400 332.2700 0.8000 7.8400 0.0000 181.1614 190.0739 12.4353 0.4406  4131.8794 0.0000 0.0000 0.0000 0.0000 4131.8794
2022 9 8 23 7.8400 310.0400 0.8000 7.8400 0.0000 181.1646 190.0771 12.4355 0.4406  3855.5112 0.0000 0.0000 0.0000 0.0000 3855.5112
2022 9 9 0 7.8400 246.1600 0.8000 7.8400 0.0000 181.1678 190.0803 12.4357 0.4406  3061.1840 0.0000 0.0000 0.0000 0.0000 3061.1840
2022 9 9 1 7.8400 211.8700 0.8000 7.8400 0.0000 181.1710 190.0835 12.4360 0.4406  2634.8089 0.0000 0.0000 0.0000 0.0000 2634.8089
2022 9 9 2 7.8400 199.4500 0.8000 7.8400 0.0000 181.1742 190.0868 12.4362 0.4406  2480.3982 0.0000 0.0000 0.0000 0.0000 2480.3982
2022 9 9 3 7.8400 234.9400 0.8000 7.8400 0.0000 181.1775 190.0900 12.4364 0.4406  2921.8106 0.0000 0.0000 0.0000 0.0000 2921.8106
2022 9 9 4 7.8400 288.6200 0.8000 7.8400 0.0000 181.1807 190.0932 12.4366 0.4406  3589.4607 0.0000 0.0000 0.0000 0.0000 3589.4607
2022 9 9 5 7.8400 371.2400 0.8000 7.8400 0.0000 181.1839 190.0964 12.4369 0.4406  4617.0568 0.0000 0.0000 0.0000 0.0000 4617.0568
2022 9 9 6 7.8400 419.0900 0.8000 7.8400 0.0000 181.1871 190.0996 12.4371 0.4407  5212.2524 0.0000 0.0000 0.0000 0.0000 5212.2524
2022 9 9 7 7.8400 419.5300 0.8000 7.8400 0.0000 181.1903 190.1028 12.4373 0.4407  5217.8169 0.0000 0.0000 0.0000 0.0000 5217.8169
2022 9 9 8 7.8400 404.5500 0.8000 7.8400 0.0000 181.1935 190.1060 12.4375 0.4407  5031.5951 0.0000 0.0000 0.0000 0.0000 5031.5951
2022 9 9 9 7.8400 376.5400 0.8000 7.8400 0.0000 181.1967 190.1092 12.4377 0.4407  4683.3035 0.0000 0.0000 0.0000 0.0000 4683.3035
2022 9 9 10 7.8400 341.6000 0.8000 7.8400 0.0000 181.1999 190.1124 12.4380 0.4407  4248.8041 0.0000 0.0000 0.0000 0.0000 4248.8041
2022 9 9 11 7.8400 351.8400 0.8000 7.8400 0.0000 181.2031 190.1156 12.4382 0.4407  4376.2456 0.0000 0.0000 0.0000 0.0000 4376.2456
2022 9 9 12 7.8400 302.8800 0.8000 7.8400 0.0000 181.2063 190.1188 12.4384 0.4407  3767.3392 0.0000 0.0000 0.0000 0.0000 3767.3392
2022 9 9 13 7.8400 304.3300 0.8000 7.8400 0.0000 181.2094 190.1220 12.4386 0.4407  3785.4412 0.0000 0.0000 0.0000 0.0000 3785.4412
2022 9 9 14 7.8400 301.3700 0.8000 7.8400 0.0000 181.2126 190.1251 12.4388 0.4407  3748.6890 0.0000 0.0000 0.0000 0.0000 3748.6890
2022 9 9 15 7.8400 377.1900 0.8000 7.8400 0.0000 181.2158 190.1283 12.4390 0.4407  4691.8833 0.0000 0.0000 0.0000 0.0000 4691.8833
2022 9 9 16 7.8400 403.7700 0.8000 7.8400 0.0000 181.2190 190.1315 12.4393 0.4407  5022.6009 0.0000 0.0000 0.0000 0.0000 5022.6009
2022 9 9 17 7.8400 423.2800 0.8000 7.8400 0.0000 181.2222 190.1347 12.4395 0.4407  5265.3832 0.0000 0.0000 0.0000 0.0000 5265.3832
2022 9 9 18 7.8400 454.4300 0.8000 7.8400 0.0000 181.2253 190.1378 12.4397 0.4407  5652.9720 0.0000 0.0000 0.0000 0.0000 5652.9720
2022 9 9 19 7.8400 452.1400 0.8000 7.8400 0.0000 181.2285 190.1410 12.4399 0.4408  5624.5838 0.0000 0.0000 0.0000 0.0000 5624.5838
2022 9 9 20 7.8400 408.3400 0.8000 7.8400 0.0000 181.2317 190.1442 12.4401 0.4408  5079.8042 0.0000 0.0000 0.0000 0.0000 5079.8042
2022 9 9 21 7.8400 388.4600 0.8000 7.8400 0.0000 181.2349 190.1474 12.4404 0.4408  4832.5789 0.0000 0.0000 0.0000 0.0000 4832.5789
2022 9 9 22 7.8400 388.7900 0.8000 7.8400 0.0000 181.2380 190.1505 12.4406 0.4408  4836.7690 0.0000 0.0000 0.0000 0.0000 4836.7690
2022 9 9 23 7.8400 399.9600 0.8000 7.8400 0.0000 181.2412 190.1537 12.4408 0.4408  4975.8167 0.0000 0.0000 0.0000 0.0000 4975.8167
2022 9 10 0 7.8400 369.7600 0.8000 7.8400 0.0000 181.2443 190.1569 12.4410 0.4408  4600.1853 0.0000 0.0000 0.0000 0.0000 4600.1853
2022 9 10 1 7.8400 361.7900 0.8000 7.8400 0.0000 181.2475 190.1600 12.4412 0.4408  4501.1090 0.0000 0.0000 0.0000 0.0000 4501.1090
2022 9 10 2 7.8400 357.6700 0.8000 7.8400 0.0000 181.2507 190.1632 12.4414 0.4408  4449.9288 0.0000 0.0000 0.0000 0.0000 4449.9288
2022 9 10 3 7.8400 357.6900 0.8000 7.8400 0.0000 181.2538 190.1663 12.4417 0.4408  4450.2550 0.0000 0.0000 0.0000 0.0000 4450.2550
2022 9 10 4 7.8400 366.6100 0.8000 7.8400 0.0000 181.2570 190.1695 12.4419 0.4408  4561.3139 0.0000 0.0000 0.0000 0.0000 4561.3139
2022 9 10 5 7.8400 392.6200 0.8000 7.8400 0.0000 181.2601 190.1727 12.4421 0.4408  4885.0122 0.0000 0.0000 0.0000 0.0000 4885.0122
2022 9 10 6 7.8400 405.5500 0.8000 7.8400 0.0000 181.2633 190.1758 12.4423 0.4408  5045.9762 0.0000 0.0000 0.0000 0.0000 5045.9762
2022 9 10 7 7.8400 422.6400 0.8000 7.8400 0.0000 181.2665 190.1790 12.4425 0.4408  5258.7072 0.0000 0.0000 0.0000 0.0000 5258.7072
2022 9 10 8 7.8400 420.7900 0.8000 7.8400 0.0000 181.2696 190.1821 12.4427 0.4409  5235.7795 0.0000 0.0000 0.0000 0.0000 5235.7795
2022 9 10 9 7.8400 441.6700 0.8000 7.8400 0.0000 181.2728 190.1853 12.4430 0.4409  5495.6792 0.0000 0.0000 0.0000 0.0000 5495.6792
2022 9 10 10 7.8400 430.7900 0.8000 7.8400 0.0000 181.2759 190.1884 12.4432 0.4409  5360.3928 0.0000 0.0000 0.0000 0.0000 5360.3928
2022 9 10 11 7.8400 411.8500 0.8000 7.8400 0.0000 181.2790 190.1916 12.4434 0.4409  5124.8081 0.0000 0.0000 0.0000 0.0000 5124.8081
2022 9 10 12 7.8400 365.5500 0.8000 7.8400 0.0000 181.2822 190.1947 12.4436 0.4409  4548.7580 0.0000 0.0000 0.0000 0.0000 4548.7580
2022 9 10 13 7.8400 359.3500 0.8000 7.8400 0.0000 181.2853 190.1978 12.4438 0.4409  4471.6855 0.0000 0.0000 0.0000 0.0000 4471.6855
2022 9 10 14 7.8400 363.8900 0.8000 7.8400 0.0000 181.2885 190.2010 12.4440 0.4409  4528.2591 0.0000 0.0000 0.0000 0.0000 4528.2591
2022 9 10 15 7.8400 394.0800 0.8000 7.8400 0.0000 181.2916 190.2041 12.4442 0.4409  4904.0289 0.0000 0.0000 0.0000 0.0000 4904.0289
2022 9 10 16 7.8400 457.2000 0.8000 7.8400 0.0000 181.2947 190.2073 12.4445 0.4409  5689.6084 0.0000 0.0000 0.0000 0.0000 5689.6084
2022 9 10 17 7.8400 441.1300 0.8000 7.8400 0.0000 181.2979 190.2104 12.4447 0.4409  5489.7205 0.0000 0.0000 0.0000 0.0000 5489.7205
2022 9 10 18 7.8400 478.8600 0.8000 7.8400 0.0000 181.3010 190.2135 12.4449 0.4409  5959.3608 0.0000 0.0000 0.0000 0.0000 5959.3608
2022 9 10 19 7.8400 478.7500 0.8000 7.8400 0.0000 181.3041 190.2166 12.4451 0.4409  5958.0949 0.0000 0.0000 0.0000 0.0000 5958.0949
2022 9 10 20 7.8400 453.0000 0.8000 7.8400 0.0000 181.3073 190.2198 12.4453 0.4409  5637.7308 0.0000 0.0000 0.0000 0.0000 5637.7308
2022 9 10 21 7.8400 448.9200 0.8000 7.8400 0.0000 181.3104 190.2229 12.4455 0.4410  5587.0504 0.0000 0.0000 0.0000 0.0000 5587.0504
2022 9 10 22 7.8400 447.8000 0.8000 7.8400 0.0000 181.3135 190.2260 12.4458 0.4410  5573.2073 0.0000 0.0000 0.0000 0.0000 5573.2073
2022 9 10 23 7.8400 434.5600 0.8000 7.8400 0.0000 181.3166 190.2292 12.4460 0.4410  5408.5188 0.0000 0.0000 0.0000 0.0000 5408.5188
2022 9 11 0 7.8400 397.0500 0.8000 7.8400 0.0000 181.3198 190.2323 12.4462 0.4410  4941.7554 0.0000 0.0000 0.0000 0.0000 4941.7554
2022 9 11 1 7.8400 397.0400 0.8000 7.8400 0.0000 181.3229 190.2354 12.4464 0.4410  4941.7161 0.0000 0.0000 0.0000 0.0000 4941.7161
2022 9 11 2 7.8400 380.7100 0.8000 7.8400 0.0000 181.3260 190.2385 12.4466 0.4410  4738.5477 0.0000 0.0000 0.0000 0.0000 4738.5477
2022 9 11 3 7.8400 369.7000 0.8000 7.8400 0.0000 181.3291 190.2416 12.4468 0.4410  4601.5899 0.0000 0.0000 0.0000 0.0000 4601.5899
2022 9 11 4 7.8400 380.5100 0.8000 7.8400 0.0000 181.3322 190.2447 12.4470 0.4410  4736.2214 0.0000 0.0000 0.0000 0.0000 4736.2214
2022 9 11 5 7.8400 390.0100 0.8000 7.8400 0.0000 181.3353 190.2478 12.4472 0.4410  4854.5516 0.0000 0.0000 0.0000 0.0000 4854.5516
2022 9 11 6 7.8400 396.1600 0.8000 7.8400 0.0000 181.3385 190.2510 12.4475 0.4410  4931.1868 0.0000 0.0000 0.0000 0.0000 4931.1868
2022 9 11 7 7.8400 413.7900 0.8000 7.8400 0.0000 181.3416 190.2541 12.4477 0.4410  5150.7241 0.0000 0.0000 0.0000 0.0000 5150.7241
2022 9 11 8 7.8400 414.6400 0.8000 7.8400 0.0000 181.3447 190.2572 12.4479 0.4410  5161.3934 0.0000 0.0000 0.0000 0.0000 5161.3934
2022 9 11 9 7.8400 400.5900 0.8000 7.8400 0.0000 181.3478 190.2603 12.4481 0.4410  4986.5859 0.0000 0.0000 0.0000 0.0000 4986.5859
2022 9 11 10 7.8400 391.8700 0.8000 7.8400 0.0000 181.3509 190.2634 12.4483 0.4411  4878.1223 0.0000 0.0000 0.0000 0.0000 4878.1223
2022 9 11 11 7.8400 371.2000 0.8000 7.8400 0.0000 181.3540 190.2665 12.4485 0.4411  4620.8951 0.0000 0.0000 0.0000 0.0000 4620.8951
2022 9 11 12 7.8400 344.8200 0.8000 7.8400 0.0000 181.3571 190.2697 12.4487 0.4411  4292.5765 0.0000 0.0000 0.0000 0.0000 4292.5765
2022 9 11 13 7.8400 284.3200 0.8000 7.8400 0.0000 181.3603 190.2728 12.4490 0.4411  3539.4882 0.0000 0.0000 0.0000 0.0000 3539.4882
2022 9 11 14 7.8400 306.2400 0.8000 7.8400 0.0000 181.3634 190.2759 12.4492 0.4411  3812.4347 0.0000 0.0000 0.0000 0.0000 3812.4347
2022 9 11 15 7.8400 376.2900 0.8000 7.8400 0.0000 181.3665 190.2790 12.4494 0.4411  4684.5799 0.0000 0.0000 0.0000 0.0000 4684.5799
2022 9 11 16 7.8400 426.0100 0.8000 7.8400 0.0000 181.3696 190.2821 12.4496 0.4411  5303.6546 0.0000 0.0000 0.0000 0.0000 5303.6546
2022 9 11 17 7.8400 465.2000 0.8000 7.8400 0.0000 181.3727 190.2852 12.4498 0.4411  5791.6537 0.0000 0.0000 0.0000 0.0000 5791.6537
2022 9 11 18 7.8400 493.3800 0.8000 7.8400 0.0000 181.3758 190.2883 12.4500 0.4411  6142.5944 0.0000 0.0000 0.0000 0.0000 6142.5944
2022 9 11 19 7.8400 504.5400 0.8000 7.8400 0.0000 181.3789 190.2914 12.4502 0.4411  6281.6441 0.0000 0.0000 0.0000 0.0000 6281.6441
2022 9 11 20 7.8400 484.5300 0.8000 7.8400 0.0000 181.3820 190.2945 12.4505 0.4411  6032.6178 0.0000 0.0000 0.0000 0.0000 6032.6178
2022 9 11 21 7.8400 450.8800 0.8000 7.8400 0.0000 181.3851 190.2976 12.4507 0.4411  5613.7561 0.0000 0.0000 0.0000 0.0000 5613.7561
2022 9 11 22 7.8400 403.6900 0.8000 7.8400 0.0000 181.3882 190.3007 12.4509 0.4411  5026.2951 0.0000 0.0000 0.0000 0.0000 5026.2951
2022 9 11 23 7.8400 357.1600 0.8000 7.8400 0.0000 181.3913 190.3038 12.4511 0.4412  4447.0317 0.0000 0.0000 0.0000 0.0000 4447.0317
2022 9 12 0 7.8400 365.7900 0.8000 7.8400 0.0000 181.3944 190.3069 12.4513 0.4412  4554.5625 0.0000 0.0000 0.0000 0.0000 4554.5625
2022 9 12 1 7.8400 365.2900 0.8000 7.8400 0.0000 181.3975 190.3100 12.4515 0.4412  4548.4146 0.0000 0.0000 0.0000 0.0000 4548.4146
2022 9 12 2 7.8400 360.0400 0.8000 7.8400 0.0000 181.4006 190.3131 12.4517 0.4412  4483.1208 0.0000 0.0000 0.0000 0.0000 4483.1208
2022 9 12 3 7.8400 363.6300 0.8000 7.8400 0.0000 181.4037 190.3162 12.4519 0.4412  4527.8998 0.0000 0.0000 0.0000 0.0000 4527.8998
2022 9 12 4 7.8400 401.1500 0.8000 7.8400 0.0000 181.4068 190.3193 12.4522 0.4412  4995.1818 0.0000 0.0000 0.0000 0.0000 4995.1818
2022 9 12 5 7.8400 454.5300 0.8000 7.8400 0.0000 181.4099 190.3224 12.4524 0.4412  5659.9741 0.0000 0.0000 0.0000 0.0000 5659.9741
2022 9 12 6 7.8400 486.6800 0.8000 7.8400 0.0000 181.4130 190.3255 12.4526 0.4412  6060.4207 0.0000 0.0000 0.0000 0.0000 6060.4207
2022 9 12 7 7.8400 489.8100 0.8000 7.8400 0.0000 181.4161 190.3286 12.4528 0.4412  6099.5011 0.0000 0.0000 0.0000 0.0000 6099.5011
2022 9 12 8 7.8400 458.5800 0.8000 7.8400 0.0000 181.4191 190.3317 12.4530 0.4412  5710.6974 0.0000 0.0000 0.0000 0.0000 5710.6974
2022 9 12 9 7.8400 417.6200 0.8000 7.8400 0.0000 181.4222 190.3347 12.4532 0.4412  5200.7110 0.0000 0.0000 0.0000 0.0000 5200.7110
2022 9 12 10 7.8400 370.5200 0.8000 7.8400 0.0000 181.4253 190.3378 12.4534 0.4412  4614.2431 0.0000 0.0000 0.0000 0.0000 4614.2431
2022 9 12 11 7.8400 362.2600 0.8000 7.8400 0.0000 181.4284 190.3409 12.4536 0.4412  4511.4548 0.0000 0.0000 0.0000 0.0000 4511.4548
2022 9 12 12 7.8400 339.4700 0.8000 7.8400 0.0000 181.4315 190.3440 12.4538 0.4413  4227.7083 0.0000 0.0000 0.0000 0.0000 4227.7083
2022 9 12 13 7.8400 347.4200 0.8000 7.8400 0.0000 181.4346 190.3471 12.4541 0.4413  4326.7907 0.0000 0.0000 0.0000 0.0000 4326.7907
2022 9 12 14 7.8400 354.9400 0.8000 7.8400 0.0000 181.4377 190.3502 12.4543 0.4413  4420.5214 0.0000 0.0000 0.0000 0.0000 4420.5214
2022 9 12 15 7.8400 407.2800 0.8000 7.8400 0.0000 181.4409 190.3534 12.4545 0.4413  5072.4666 0.0000 0.0000 0.0000 0.0000 5072.4666
2022 9 12 16 7.8400 457.5900 0.8000 7.8400 0.0000 181.4441 190.3566 12.4547 0.4413  5699.1525 0.0000 0.0000 0.0000 0.0000 5699.1525
2022 9 12 17 7.8400 490.3000 0.8000 7.8400 0.0000 181.4473 190.3598 12.4549 0.4413  6106.6552 0.0000 0.0000 0.0000 0.0000 6106.6552
2022 9 12 18 7.8400 495.5800 0.8000 7.8400 0.0000 181.4507 190.3632 12.4552 0.4413  6172.5307 0.0000 0.0000 0.0000 0.0000 6172.5307
2022 9 12 19 7.8400 486.8400 0.8000 7.8400 0.0000 181.4543 190.3668 12.4554 0.4413  6063.7952 0.0000 0.0000 0.0000 0.0000 6063.7952
2022 9 12 20 7.8400 449.5400 0.8000 7.8400 0.0000 181.4594 190.3719 12.4558 0.4413  5599.3656 0.0000 0.0000 0.0000 0.0000 5599.3656
2022 9 12 21 7.8400 375.1400 0.8000 7.8400 0.0000 181.4672 190.3797 12.4563 0.4413  4672.8558 0.0000 0.0000 0.0000 0.0000 4672.8558
2022 9 12 22 7.8400 341.6700 0.8000 7.8400 0.0000 181.4770 190.3895 12.4570 0.4414  4256.1748 0.0000 0.0000 0.0000 0.0000 4256.1748
2022 9 12 23 7.8400 349.1800 0.8000 7.8400 0.0000 181.4878 190.4003 12.4577 0.4414  4349.9845 0.0000 0.0000 0.0000 0.0000 4349.9845
2022 9 13 0 7.8400 302.8800 0.8000 7.8400 0.0000 181.4989 190.4114 12.4585 0.4414  3773.4229 0.0000 0.0000 0.0000 0.0000 3773.4229
2022 9 13 1 7.8400 289.9200 0.8000 7.8400 0.0000 181.5099 190.4224 12.4592 0.4414  3612.1805 0.0000 0.0000 0.0000 0.0000 3612.1805
2022 9 13 2 7.8400 303.0000 0.8000 7.8400 0.0000 181.5206 190.4331 12.4600 0.4415  3775.3700 0.0000 0.0000 0.0000 0.0000 3775.3700
2022 9 13 3 7.8400 311.0300 0.8000 7.8400 0.0000 181.5310 190.4435 12.4607 0.4415  3875.6447 0.0000 0.0000 0.0000 0.0000 3875.6447
2022 9 13 4 7.8400 308.9200 0.8000 7.8400 0.0000 181.5410 190.4535 12.4614 0.4415  3849.5661 0.0000 0.0000 0.0000 0.0000 3849.5661
2022 9 13 5 7.8400 394.8500 0.8000 7.8400 0.0000 181.5509 190.4634 12.4620 0.4415  4920.6384 0.0000 0.0000 0.0000 0.0000 4920.6384
2022 9 13 6 7.8400 444.2200 0.8000 7.8400 0.0000 181.5606 190.4731 12.4627 0.4416  5536.1861 0.0000 0.0000 0.0000 0.0000 5536.1861
2022 9 13 7 7.8400 454.6600 0.8000 7.8400 0.0000 181.5703 190.4828 12.4634 0.4416  5666.5986 0.0000 0.0000 0.0000 0.0000 5666.5986
2022 9 13 8 7.8400 445.1700 0.8000 7.8400 0.0000 181.5799 190.4925 12.4640 0.4416  5548.6165 0.0000 0.0000 0.0000 0.0000 5548.6165
2022 9 13 9 7.8400 434.5700 0.8000 7.8400 0.0000 181.5896 190.5021 12.4647 0.4416  5416.7860 0.0000 0.0000 0.0000 0.0000 5416.7860
2022 9 13 10 7.8400 442.0500 0.8000 7.8400 0.0000 181.5993 190.5118 12.4654 0.4417  5510.3149 0.0000 0.0000 0.0000 0.0000 5510.3149
2022 9 13 11 7.8400 345.7200 0.8000 7.8400 0.0000 181.6089 190.5214 12.4660 0.4417  4309.7542 0.0000 0.0000 0.0000 0.0000 4309.7542
2022 9 13 12 7.8400 334.8100 0.8000 7.8400 0.0000 181.6184 190.5309 12.4667 0.4417  4173.9680 0.0000 0.0000 0.0000 0.0000 4173.9680
2022 9 13 13 7.8400 340.6700 0.8000 7.8400 0.0000 181.6278 190.5403 12.4673 0.4417  4247.2423 0.0000 0.0000 0.0000 0.0000 4247.2423
2022 9 13 14 7.8400 354.9900 0.8000 7.8400 0.0000 181.6370 190.5495 12.4680 0.4418  4425.9996 0.0000 0.0000 0.0000 0.0000 4425.9996
2022 9 13 15 7.8400 372.5300 0.8000 7.8400 0.0000 181.6461 190.5586 12.4686 0.4418  4644.9203 0.0000 0.0000 0.0000 0.0000 4644.9203
2022 9 13 16 7.8400 414.6100 0.8000 7.8400 0.0000 181.6550 190.5675 12.4692 0.4418  5169.8516 0.0000 0.0000 0.0000 0.0000 5169.8516
2022 9 13 17 7.8400 449.3400 0.8000 7.8400 0.0000 181.6637 190.5762 12.4698 0.4418  5603.1758 0.0000 0.0000 0.0000 0.0000 5603.1758
2022 9 13 18 7.8400 468.8000 0.8000 7.8400 0.0000 181.6723 190.5848 12.4704 0.4418  5846.1128 0.0000 0.0000 0.0000 0.0000 5846.1128
2022 9 13 19 7.8400 465.7900 0.8000 7.8400 0.0000 181.6807 190.5932 12.4710 0.4419  5808.8450 0.0000 0.0000 0.0000 0.0000 5808.8450
2022 9 13 20 7.8400 425.4300 0.8000 7.8400 0.0000 181.6889 190.6014 12.4715 0.4419  5305.7568 0.0000 0.0000 0.0000 0.0000 5305.7568
2022 9 13 21 7.8400 388.8200 0.8000 7.8400 0.0000 181.6969 190.6094 12.4721 0.4419  4849.3899 0.0000 0.0000 0.0000 0.0000 4849.3899
2022 9 13 22 7.8400 333.2800 0.8000 7.8400 0.0000 181.7049 190.6174 12.4726 0.4419  4156.8724 0.0000 0.0000 0.0000 0.0000 4156.8724
2022 9 13 23 7.8400 355.7400 0.8000 7.8400 0.0000 181.7127 190.6252 12.4731 0.4419  4437.1977 0.0000 0.0000 0.0000 0.0000 4437.1977
2022 9 14 0 7.8400 319.5800 0.8000 7.8400 0.0000 181.7203 190.6328 12.4737 0.4420  3986.3371 0.0000 0.0000 0.0000 0.0000 3986.3371
2022 9 14 1 7.8400 329.7100 0.8000 7.8400 0.0000 181.7279 190.6404 12.4742 0.4420  4112.8664 0.0000 0.0000 0.0000 0.0000 4112.8664
2022 9 14 2 7.8400 325.5600 0.8000 7.8400 0.0000 181.7353 190.6478 12.4747 0.4420  4061.2647 0.0000 0.0000 0.0000 0.0000 4061.2647
2022 9 14 3 7.8400 337.0300 0.8000 7.8400 0.0000 181.7426 190.6552 12.4752 0.4420  4204.5190 0.0000 0.0000 0.0000 0.0000 4204.5190
2022 9 14 4 7.8400 363.8700 0.8000 7.8400 0.0000 181.7499 190.6624 12.4757 0.4420  4539.5341 0.0000 0.0000 0.0000 0.0000 4539.5341
2022 9 14 5 7.8400 413.8000 0.8000 7.8400 0.0000 181.7570 190.6695 12.4762 0.4420  5162.6487 0.0000 0.0000 0.0000 0.0000 5162.6487
2022 9 14 6 7.8400 460.5400 0.8000 7.8400 0.0000 181.7641 190.6766 12.4767 0.4421  5746.0097 0.0000 0.0000 0.0000 0.0000 5746.0097
2022 9 14 7 7.8400 478.9300 0.8000 7.8400 0.0000 181.7711 190.6836 12.4772 0.4421  5975.6858 0.0000 0.0000 0.0000 0.0000 5975.6858
2022 9 14 8 7.8400 486.6400 0.8000 7.8400 0.0000 181.7780 190.6905 12.4776 0.4421  6072.1167 0.0000 0.0000 0.0000 0.0000 6072.1167
2022 9 14 9 7.8400 478.5400 0.8000 7.8400 0.0000 181.7849 190.6974 12.4781 0.4421  5971.2736 0.0000 0.0000 0.0000 0.0000 5971.2736
2022 9 14 10 7.8400 476.0000 0.8000 7.8400 0.0000 181.7917 190.7042 12.4786 0.4421  5939.8017 0.0000 0.0000 0.0000 0.0000 5939.8017
2022 9 14 11 7.8400 460.8700 0.8000 7.8400 0.0000 181.7985 190.7110 12.4790 0.4421  5751.2141 0.0000 0.0000 0.0000 0.0000 5751.2141
2022 9 14 12 7.8400 450.3700 0.8000 7.8400 0.0000 181.8051 190.7176 12.4795 0.4422  5620.3909 0.0000 0.0000 0.0000 0.0000 5620.3909
2022 9 14 13 7.8400 422.0900 0.8000 7.8400 0.0000 181.8118 190.7243 12.4800 0.4422  5267.6630 0.0000 0.0000 0.0000 0.0000 5267.6630
2022 9 14 14 7.8400 440.4100 0.8000 7.8400 0.0000 181.8184 190.7309 12.4804 0.4422  5496.4948 0.0000 0.0000 0.0000 0.0000 5496.4948
2022 9 14 15 7.8400 447.2400 0.8000 7.8400 0.0000 181.8249 190.7374 12.4809 0.4422  5581.9361 0.0000 0.0000 0.0000 0.0000 5581.9361
2022 9 14 16 7.8400 461.9100 0.8000 7.8400 0.0000 181.8313 190.7439 12.4813 0.4422  5765.2356 0.0000 0.0000 0.0000 0.0000 5765.2356
2022 9 14 17 7.8400 466.8800 0.8000 7.8400 0.0000 181.8378 190.7503 12.4817 0.4422  5827.4736 0.0000 0.0000 0.0000 0.0000 5827.4736
2022 9 14 18 7.8400 474.3900 0.8000 7.8400 0.0000 181.8442 190.7567 12.4822 0.4423  5921.4195 0.0000 0.0000 0.0000 0.0000 5921.4195
2022 9 14 19 7.8400 474.1500 0.8000 7.8400 0.0000 181.8505 190.7630 12.4826 0.4423  5918.6296 0.0000 0.0000 0.0000 0.0000 5918.6296
2022 9 14 20 7.8400 460.8100 0.8000 7.8400 0.0000 181.8568 190.7693 12.4830 0.4423  5752.3104 0.0000 0.0000 0.0000 0.0000 5752.3104
2022 9 14 21 7.8400 419.9700 0.8000 7.8400 0.0000 181.8630 190.7755 12.4835 0.4423  5242.6828 0.0000 0.0000 0.0000 0.0000 5242.6828
2022 9 14 22 7.8400 355.9400 0.8000 7.8400 0.0000 181.8692 190.7817 12.4839 0.4423  4443.5176 0.0000 0.0000 0.0000 0.0000 4443.5176
2022 9 14 23 7.8400 406.7400 0.8000 7.8400 0.0000 181.8754 190.7879 12.4843 0.4423  5077.8714 0.0000 0.0000 0.0000 0.0000 5077.8714
2022 9 15 0 7.8400 353.2000 0.8000 7.8400 0.0000 181.8815 190.7940 12.4847 0.4423  4409.6102 0.0000 0.0000 0.0000 0.0000 4409.6102
2022 9 15 1 7.8400 330.0700 0.8000 7.8400 0.0000 181.8876 190.8001 12.4852 0.4424  4120.9766 0.0000 0.0000 0.0000 0.0000 4120.9766
2022 9 15 2 7.8400 314.7200 0.8000 7.8400 0.0000 181.8937 190.8062 12.4856 0.4424  3929.4607 0.0000 0.0000 0.0000 0.0000 3929.4607
2022 9 15 3 7.8400 283.5700 0.8000 7.8400 0.0000 181.8998 190.8123 12.4860 0.4424  3540.6529 0.0000 0.0000 0.0000 0.0000 3540.6529
2022 9 15 4 7.8400 381.1500 0.8000 7.8400 0.0000 181.9058 190.8183 12.4864 0.4424  4759.1935 0.0000 0.0000 0.0000 0.0000 4759.1935
2022 9 15 5 7.8400 396.4000 0.8000 7.8400 0.0000 181.9118 190.8243 12.4868 0.4424  4949.7743 0.0000 0.0000 0.0000 0.0000 4949.7743
2022 9 15 6 7.8400 430.1700 0.8000 7.8400 0.0000 181.9177 190.8303 12.4872 0.4424  5371.6305 0.0000 0.0000 0.0000 0.0000 5371.6305
2022 9 15 7 7.8400 431.7700 0.8000 7.8400 0.0000 181.9237 190.8362 12.4876 0.4424  5391.7857 0.0000 0.0000 0.0000 0.0000 5391.7857
2022 9 15 8 7.8400 433.2200 0.8000 7.8400 0.0000 181.9296 190.8421 12.4880 0.4425  5410.0686 0.0000 0.0000 0.0000 0.0000 5410.0686
2022 9 15 9 7.8400 411.8400 0.8000 7.8400 0.0000 181.9355 190.8480 12.4884 0.4425  5143.2404 0.0000 0.0000 0.0000 0.0000 5143.2404
2022 9 15 10 7.8400 388.5700 0.8000 7.8400 0.0000 181.9413 190.8538 12.4888 0.4425  4852.7905 0.0000 0.0000 0.0000 0.0000 4852.7905
2022 9 15 11 7.8400 344.9700 0.8000 7.8400 0.0000 181.9471 190.8597 12.4892 0.4425  4308.4147 0.0000 0.0000 0.0000 0.0000 4308.4147
2022 9 15 12 7.8400 315.3800 0.8000 7.8400 0.0000 181.9529 190.8655 12.4896 0.4425  3938.9837 0.0000 0.0000 0.0000 0.0000 3938.9837
2022 9 15 13 7.8400 309.6800 0.8000 7.8400 0.0000 181.9587 190.8712 12.4900 0.4425  3867.9155 0.0000 0.0000 0.0000 0.0000 3867.9155
2022 9 15 14 7.8400 271.9200 0.8000 7.8400 0.0000 181.9645 190.8770 12.4904 0.4425  3396.3993 0.0000 0.0000 0.0000 0.0000 3396.3993
2022 9 15 15 7.8400 302.7300 0.8000 7.8400 0.0000 181.9702 190.8827 12.4908 0.4426  3781.3488 0.0000 0.0000 0.0000 0.0000 3781.3488
2022 9 15 16 7.8400 364.8600 0.8000 7.8400 0.0000 181.9759 190.8885 12.4912 0.4426  4557.5469 0.0000 0.0000 0.0000 0.0000 4557.5469
2022 9 15 17 7.8400 414.9600 0.8000 7.8400 0.0000 181.9816 190.8942 12.4916 0.4426  5183.5193 0.0000 0.0000 0.0000 0.0000 5183.5193
2022 9 15 18 7.8400 422.8400 0.8000 7.8400 0.0000 181.9873 190.8998 12.4920 0.4426  5282.1179 0.0000 0.0000 0.0000 0.0000 5282.1179
2022 9 15 19 7.8400 428.2900 0.8000 7.8400 0.0000 181.9929 190.9055 12.4924 0.4426  5350.3652 0.0000 0.0000 0.0000 0.0000 5350.3652
2022 9 15 20 7.8400 397.2500 0.8000 7.8400 0.0000 181.9985 190.9111 12.4928 0.4426  4962.7540 0.0000 0.0000 0.0000 0.0000 4962.7540
2022 9 15 21 7.8400 356.7900 0.8000 7.8400 0.0000 182.0041 190.9166 12.4932 0.4426  4457.4329 0.0000 0.0000 0.0000 0.0000 4457.4329
2022 9 15 22 7.8400 264.9100 0.8000 7.8400 0.0000 182.0097 190.9222 12.4935 0.4427  3309.6625 0.0000 0.0000 0.0000 0.0000 3309.6625
2022 9 15 23 7.8400 190.4700 0.8000 7.8400 0.0000 182.0152 190.9277 12.4939 0.4427  2379.7156 0.0000 0.0000 0.0000 0.0000 2379.7156
2022 9 16 0 7.8400 170.7800 0.8000 7.8400 0.0000 182.0206 190.9331 12.4943 0.4427  2133.7745 0.0000 0.0000 0.0000 0.0000 2133.7745
2022 9 16 1 7.8400 228.1700 0.8000 7.8400 0.0000 182.0261 190.9386 12.4947 0.4427  2850.9069 0.0000 0.0000 0.0000 0.0000 2850.9069
2022 9 16 2 7.8400 181.9800 0.8000 7.8400 0.0000 182.0315 190.9440 12.4950 0.4427  2273.8461 0.0000 0.0000 0.0000 0.0000 2273.8461
2022 9 16 3 7.8400 148.7300 0.8000 7.8400 0.0000 182.0369 190.9494 12.4954 0.4427  1858.4413 0.0000 0.0000 0.0000 0.0000 1858.4413
2022 9 16 4 7.8400 220.6300 0.8000 7.8400 0.0000 182.0422 190.9547 12.4958 0.4427  2756.9422 0.0000 0.0000 0.0000 0.0000 2756.9422
2022 9 16 5 7.8400 369.3600 0.8000 7.8400 0.0000 182.0476 190.9601 12.4961 0.4427  4615.5739 0.0000 0.0000 0.0000 0.0000 4615.5739
2022 9 16 6 7.8400 424.4300 0.8000 7.8400 0.0000 182.0529 190.9654 12.4965 0.4428  5303.8918 0.0000 0.0000 0.0000 0.0000 5303.8918
2022 9 16 7 7.8400 418.4700 0.8000 7.8400 0.0000 182.0582 190.9707 12.4969 0.4428  5229.5651 0.0000 0.0000 0.0000 0.0000 5229.5651
2022 9 16 8 7.8400 405.9100 0.8000 7.8400 0.0000 182.0635 190.9760 12.4972 0.4428  5072.7516 0.0000 0.0000 0.0000 0.0000 5072.7516
2022 9 16 9 7.8400 408.1000 0.8000 7.8400 0.0000 182.0688 190.9813 12.4976 0.4428  5100.2680 0.0000 0.0000 0.0000 0.0000 5100.2680
2022 9 16 10 7.8400 406.6700 0.8000 7.8400 0.0000 182.0740 190.9865 12.4980 0.4428  5082.5427 0.0000 0.0000 0.0000 0.0000 5082.5427
2022 9 16 11 7.8400 411.1900 0.8000 7.8400 0.0000 182.0792 190.9917 12.4983 0.4428  5139.1806 0.0000 0.0000 0.0000 0.0000 5139.1806
2022 9 16 12 7.8400 409.4500 0.8000 7.8400 0.0000 182.0844 190.9969 12.4987 0.4428  5117.5794 0.0000 0.0000 0.0000 0.0000 5117.5794
2022 9 16 13 7.8400 409.3200 0.8000 7.8400 0.0000 182.0896 191.0021 12.4990 0.4429  5116.0994 0.0000 0.0000 0.0000 0.0000 5116.0994
2022 9 16 14 7.8400 408.1100 0.8000 7.8400 0.0000 182.0947 191.0072 12.4994 0.4429  5101.1192 0.0000 0.0000 0.0000 0.0000 5101.1192
2022 9 16 15 7.8400 404.2600 0.8000 7.8400 0.0000 182.0998 191.0123 12.4997 0.4429  5053.1388 0.0000 0.0000 0.0000 0.0000 5053.1388
2022 9 16 16 7.8400 266.5500 0.8000 7.8400 0.0000 182.1049 191.0174 12.5001 0.4429  3331.8946 0.0000 0.0000 0.0000 0.0000 3331.8946
2022 9 16 17 7.8400 327.2600 0.8000 7.8400 0.0000 182.1100 191.0225 12.5004 0.4429  4090.8884 0.0000 0.0000 0.0000 0.0000 4090.8884
2022 9 16 18 7.8400 379.6100 0.8000 7.8400 0.0000 182.1150 191.0276 12.5008 0.4429  4745.4170 0.0000 0.0000 0.0000 0.0000 4745.4170
2022 9 16 19 7.8400 365.0900 0.8000 7.8400 0.0000 182.1201 191.0326 12.5011 0.4429  4564.0320 0.0000 0.0000 0.0000 0.0000 4564.0320
2022 9 16 20 7.8400 235.6200 0.8000 7.8400 0.0000 182.1251 191.0376 12.5015 0.4429  2945.5937 0.0000 0.0000 0.0000 0.0000 2945.5937
2022 9 16 21 7.8400 276.7700 0.8000 7.8400 0.0000 182.1301 191.0426 12.5018 0.4429  3460.1233 0.0000 0.0000 0.0000 0.0000 3460.1233
2022 9 16 22 7.8400 237.2900 0.8000 7.8400 0.0000 182.1350 191.0475 12.5021 0.4430  2966.6329 0.0000 0.0000 0.0000 0.0000 2966.6329
2022 9 16 23 7.8400 391.6600 0.8000 7.8400 0.0000 182.1399 191.0525 12.5025 0.4430  4896.7209 0.0000 0.0000 0.0000 0.0000 4896.7209
2022 9 17 0 7.8400 365.8200 0.8000 7.8400 0.0000 182.1448 191.0573 12.5028 0.4430  4573.7797 0.0000 0.0000 0.0000 0.0000 4573.7797
2022 9 17 1 7.8400 247.5600 0.8000 7.8400 0.0000 182.1497 191.0622 12.5031 0.4430  3095.2795 0.0000 0.0000 0.0000 0.0000 3095.2795
2022 9 17 2 7.8400 245.9400 0.8000 7.8400 0.0000 182.1546 191.0671 12.5035 0.4430  3075.1063 0.0000 0.0000 0.0000 0.0000 3075.1063
2022 9 17 3 7.8400 245.1300 0.8000 7.8400 0.0000 182.1594 191.0719 12.5038 0.4430  3065.0598 0.0000 0.0000 0.0000 0.0000 3065.0598
2022 9 17 4 7.8400 199.1900 0.8000 7.8400 0.0000 182.1642 191.0767 12.5041 0.4430  2490.7004 0.0000 0.0000 0.0000 0.0000 2490.7004
2022 9 17 5 7.8400 86.6800 0.8000 7.8400 0.0000 182.1690 191.0815 12.5045 0.4430  1083.8877 0.0000 0.0000 0.0000 0.0000 1083.8877
2022 9 17 6 7.8400 250.7100 0.8000 7.8400 0.0000 182.1738 191.0863 12.5048 0.4431  3135.0784 0.0000 0.0000 0.0000 0.0000 3135.0784
2022 9 17 7 7.8400 235.5200 0.8000 7.8400 0.0000 182.1785 191.0910 12.5051 0.4431  2945.2072 0.0000 0.0000 0.0000 0.0000 2945.2072
2022 9 17 8 7.8400 390.9700 0.8000 7.8400 0.0000 182.1832 191.0957 12.5054 0.4431  4889.2556 0.0000 0.0000 0.0000 0.0000 4889.2556
2022 9 17 9 7.8400 396.4800 0.8000 7.8400 0.0000 182.1879 191.1004 12.5058 0.4431  4958.2890 0.0000 0.0000 0.0000 0.0000 4958.2890
2022 9 17 10 7.8400 389.6400 0.8000 7.8400 0.0000 182.1926 191.1051 12.5061 0.4431  4872.8751 0.0000 0.0000 0.0000 0.0000 4872.8751
2022 9 17 11 7.8400 390.5200 0.8000 7.8400 0.0000 182.1973 191.1098 12.5064 0.4431  4884.0054 0.0000 0.0000 0.0000 0.0000 4884.0054
2022 9 17 12 7.8400 234.7300 0.8000 7.8400 0.0000 182.2020 191.1145 12.5067 0.4431  2935.7059 0.0000 0.0000 0.0000 0.0000 2935.7059
2022 9 17 13 7.8400 187.4400 0.8000 7.8400 0.0000 182.2066 191.1191 12.5071 0.4431  2344.3222 0.0000 0.0000 0.0000 0.0000 2344.3222
2022 9 17 14 7.8400 192.7500 0.8000 7.8400 0.0000 182.2112 191.1237 12.5074 0.4431  2410.7959 0.0000 0.0000 0.0000 0.0000 2410.7959
2022 9 17 15 7.8400 37.0800 0.8000 7.8400 0.0000 182.2158 191.1283 12.5077 0.4432  463.7851 0.0000 0.0000 0.0000 0.0000 463.7851
2022 9 17 16 7.8400 70.3200 0.8000 7.8400 0.0000 182.2204 191.1329 12.5080 0.4432  879.5628 0.0000 0.0000 0.0000 0.0000 879.5628
2022 9 17 17 7.8400 240.0200 0.8000 7.8400 0.0000 182.2250 191.1375 12.5083 0.4432  3002.2462 0.0000 0.0000 0.0000 0.0000 3002.2462
2022 9 17 18 7.8400 229.7500 0.8000 7.8400 0.0000 182.2295 191.1420 12.5086 0.4432  2873.8573 0.0000 0.0000 0.0000 0.0000 2873.8573
2022 9 17 19 7.8400 343.6700 0.8000 7.8400 0.0000 182.2341 191.1466 12.5089 0.4432  4298.9470 0.0000 0.0000 0.0000 0.0000 4298.9470
2022 9 17 20 7.8400 398.4700 0.8000 7.8400 0.0000 182.2385 191.1511 12.5092 0.4432  4984.5597 0.0000 0.0000 0.0000 0.0000 4984.5597
2022 9 17 21 7.8400 250.8600 0.8000 7.8400 0.0000 182.2430 191.1555 12.5096 0.4432  3138.1466 0.0000 0.0000 0.0000 0.0000 3138.1466
2022 9 17 22 7.8400 269.7300 0.8000 7.8400 0.0000 182.2475 191.1600 12.5099 0.4432  3374.2843 0.0000 0.0000 0.0000 0.0000 3374.2843
2022 9 17 23 7.8400 28.1300 0.8000 7.8400 0.0000 182.2519 191.1644 12.5102 0.4432  351.9109 0.0000 0.0000 0.0000 0.0000 351.9109
2022 9 18 0 7.8400 28.5400 0.8000 7.8400 0.0000 182.2563 191.1688 12.5105 0.4433  357.0487 0.0000 0.0000 0.0000 0.0000 357.0487
2022 9 18 1 7.8400 23.4000 0.8000 7.8400 0.0000 182.2607 191.1732 12.5108 0.4433  292.7519 0.0000 0.0000 0.0000 0.0000 292.7519
2022 9 18 2 7.8400 28.6500 0.8000 7.8400 0.0000 182.2650 191.1775 12.5111 0.4433  358.4420 0.0000 0.0000 0.0000 0.0000 358.4420
2022 9 18 3 7.8400 35.8800 0.8000 7.8400 0.0000 182.2694 191.1819 12.5114 0.4433  448.9077 0.0000 0.0000 0.0000 0.0000 448.9077
2022 9 18 4 7.8400 32.3500 0.8000 7.8400 0.0000 182.2737 191.1862 12.5117 0.4433  404.7523 0.0000 0.0000 0.0000 0.0000 404.7523
2022 9 18 5 7.8400 25.2300 0.8000 7.8400 0.0000 182.2781 191.1906 12.5120 0.4433  315.6768 0.0000 0.0000 0.0000 0.0000 315.6768
2022 9 18 6 7.8400 63.4600 0.8000 7.8400 0.0000 182.2825 191.1950 12.5123 0.4433  794.0282 0.0000 0.0000 0.0000 0.0000 794.0282
2022 9 18 7 7.8400 78.8100 0.8000 7.8400 0.0000 182.2868 191.1994 12.5126 0.4433  986.1150 0.0000 0.0000 0.0000 0.0000 986.1150
2022 9 18 8 7.8400 71.8100 0.8000 7.8400 0.0000 182.2912 191.2037 12.5129 0.4433  898.5484 0.0000 0.0000 0.0000 0.0000 898.5484
2022 9 18 9 7.8400 229.0200 0.8000 7.8400 0.0000 182.2955 191.2080 12.5132 0.4434  2865.7629 0.0000 0.0000 0.0000 0.0000 2865.7629
2022 9 18 10 7.8400 363.4200 0.8000 7.8400 0.0000 182.2998 191.2123 12.5134 0.4434  4547.6382 0.0000 0.0000 0.0000 0.0000 4547.6382
2022 9 18 11 7.8400 85.3300 0.8000 7.8400 0.0000 182.3040 191.2166 12.5137 0.4434  1067.7977 0.0000 0.0000 0.0000 0.0000 1067.7977
2022 9 18 12 7.8400 244.1100 0.8000 7.8400 0.0000 182.3083 191.2208 12.5140 0.4434  3054.8012 0.0000 0.0000 0.0000 0.0000 3054.8012
2022 9 18 13 7.8400 34.0000 0.8000 7.8400 0.0000 182.3126 191.2251 12.5143 0.4434  425.4871 0.0000 0.0000 0.0000 0.0000 425.4871
2022 9 18 14 7.8400 35.8900 0.8000 7.8400 0.0000 182.3168 191.2293 12.5146 0.4434  449.1496 0.0000 0.0000 0.0000 0.0000 449.1496
2022 9 18 15 7.8400 163.3000 0.8000 7.8400 0.0000 182.3210 191.2335 12.5149 0.4434  2043.6843 0.0000 0.0000 0.0000 0.0000 2043.6843
2022 9 18 16 7.8400 86.3800 0.8000 7.8400 0.0000 182.3252 191.2377 12.5152 0.4434  1081.0625 0.0000 0.0000 0.0000 0.0000 1081.0625
2022 9 18 17 7.8400 192.8800 0.8000 7.8400 0.0000 182.3294 191.2419 12.5155 0.4434  2413.9862 0.0000 0.0000 0.0000 0.0000 2413.9862
2022 9 18 18 7.8400 213.4000 0.8000 7.8400 0.0000 182.3335 191.2461 12.5158 0.4434  2670.8648 0.0000 0.0000 0.0000 0.0000 2670.8648
2022 9 18 19 7.8400 226.8900 0.8000 7.8400 0.0000 182.3377 191.2502 12.5161 0.4435  2839.7672 0.0000 0.0000 0.0000 0.0000 2839.7672
2022 9 18 20 7.8400 193.1400 0.8000 7.8400 0.0000 182.3418 191.2543 12.5163 0.4435  2417.4052 0.0000 0.0000 0.0000 0.0000 2417.4052
2022 9 18 21 7.8400 158.0000 0.8000 7.8400 0.0000 182.3459 191.2584 12.5166 0.4435  1977.6257 0.0000 0.0000 0.0000 0.0000 1977.6257
2022 9 18 22 7.8400 119.7200 0.8000 7.8400 0.0000 182.3500 191.2625 12.5169 0.4435  1498.5233 0.0000 0.0000 0.0000 0.0000 1498.5233
2022 9 18 23 7.8400 88.5900 0.8000 7.8400 0.0000 182.3541 191.2666 12.5172 0.4435  1108.8969 0.0000 0.0000 0.0000 0.0000 1108.8969
2022 9 19 0 7.8400 102.5400 0.8000 7.8400 0.0000 182.3582 191.2707 12.5175 0.4435  1283.5402 0.0000 0.0000 0.0000 0.0000 1283.5402
2022 9 19 1 7.8400 97.3700 0.8000 7.8400 0.0000 182.3622 191.2747 12.5177 0.4435  1218.8520 0.0000 0.0000 0.0000 0.0000 1218.8520
2022 9 19 2 7.8400 91.7800 0.8000 7.8400 0.0000 182.3663 191.2788 12.5180 0.4435  1148.9033 0.0000 0.0000 0.0000 0.0000 1148.9033
2022 9 19 3 7.8400 103.9200 0.8000 7.8400 0.0000 182.3703 191.2828 12.5183 0.4435  1300.9006 0.0000 0.0000 0.0000 0.0000 1300.9006
2022 9 19 4 7.8400 184.3000 0.8000 7.8400 0.0000 182.3743 191.2868 12.5186 0.4435  2307.1714 0.0000 0.0000 0.0000 0.0000 2307.1714
2022 9 19 5 7.8400 359.2200 0.8000 7.8400 0.0000 182.3783 191.2908 12.5188 0.4436  4497.0172 0.0000 0.0000 0.0000 0.0000 4497.0172
2022 9 19 6 7.8400 408.3800 0.8000 7.8400 0.0000 182.3823 191.2948 12.5191 0.4436  5112.5552 0.0000 0.0000 0.0000 0.0000 5112.5552
2022 9 19 7 7.8400 415.1800 0.8000 7.8400 0.0000 182.3862 191.2988 12.5194 0.4436  5197.7985 0.0000 0.0000 0.0000 0.0000 5197.7985
2022 9 19 8 7.8400 375.1800 0.8000 7.8400 0.0000 182.3902 191.3027 12.5197 0.4436  4697.1256 0.0000 0.0000 0.0000 0.0000 4697.1256
2022 9 19 9 7.8400 347.8600 0.8000 7.8400 0.0000 182.3942 191.3067 12.5199 0.4436  4355.1833 0.0000 0.0000 0.0000 0.0000 4355.1833
2022 9 19 10 7.8400 248.9800 0.8000 7.8400 0.0000 182.3982 191.3107 12.5202 0.4436  3117.2804 0.0000 0.0000 0.0000 0.0000 3117.2804
2022 9 19 11 7.8400 230.2800 0.8000 7.8400 0.0000 182.4021 191.3146 12.5205 0.4436  2883.2152 0.0000 0.0000 0.0000 0.0000 2883.2152
2022 9 19 12 7.8400 242.5600 0.8000 7.8400 0.0000 182.4061 191.3186 12.5207 0.4436  3037.0324 0.0000 0.0000 0.0000 0.0000 3037.0324
2022 9 19 13 7.8400 243.1200 0.8000 7.8400 0.0000 182.4100 191.3225 12.5210 0.4436  3044.1099 0.0000 0.0000 0.0000 0.0000 3044.1099
2022 9 19 14 7.8400 227.6600 0.8000 7.8400 0.0000 182.4140 191.3265 12.5213 0.4436  2850.5966 0.0000 0.0000 0.0000 0.0000 2850.5966
2022 9 19 15 7.8400 263.4200 0.8000 7.8400 0.0000 182.4179 191.3304 12.5216 0.4436  3298.4292 0.0000 0.0000 0.0000 0.0000 3298.4292
2022 9 19 16 7.8400 369.9000 0.8000 7.8400 0.0000 182.4218 191.3344 12.5218 0.4437  4631.8245 0.0000 0.0000 0.0000 0.0000 4631.8245
2022 9 19 17 7.8400 407.0800 0.8000 7.8400 0.0000 182.4258 191.3383 12.5221 0.4437  5097.4958 0.0000 0.0000 0.0000 0.0000 5097.4958
2022 9 19 18 7.8400 438.6700 0.8000 7.8400 0.0000 182.4297 191.3422 12.5224 0.4437  5493.1874 0.0000 0.0000 0.0000 0.0000 5493.1874
2022 9 19 19 7.8400 419.6500 0.8000 7.8400 0.0000 182.4336 191.3461 12.5226 0.4437  5255.1245 0.0000 0.0000 0.0000 0.0000 5255.1245
2022 9 19 20 7.8400 390.6100 0.8000 7.8400 0.0000 182.4375 191.3500 12.5229 0.4437  4891.5718 0.0000 0.0000 0.0000 0.0000 4891.5718
2022 9 19 21 7.8400 362.1600 0.8000 7.8400 0.0000 182.4414 191.3539 12.5232 0.4437  4535.3926 0.0000 0.0000 0.0000 0.0000 4535.3926
2022 9 19 22 7.8400 312.9200 0.8000 7.8400 0.0000 182.4453 191.3578 12.5234 0.4437  3918.8354 0.0000 0.0000 0.0000 0.0000 3918.8354
2022 9 19 23 7.8400 277.2800 0.8000 7.8400 0.0000 182.4492 191.3617 12.5237 0.4437  3472.5739 0.0000 0.0000 0.0000 0.0000 3472.5739
2022 9 20 0 7.8400 274.9500 0.8000 7.8400 0.0000 182.4531 191.3656 12.5240 0.4437  3443.4672 0.0000 0.0000 0.0000 0.0000 3443.4672
2022 9 20 1 7.8400 291.1200 0.8000 7.8400 0.0000 182.4570 191.3695 12.5242 0.4437  3646.0572 0.0000 0.0000 0.0000 0.0000 3646.0572
2022 9 20 2 7.8400 278.0300 0.8000 7.8400 0.0000 182.4609 191.3734 12.5245 0.4438  3482.1889 0.0000 0.0000 0.0000 0.0000 3482.1889
2022 9 20 3 7.8400 275.5200 0.8000 7.8400 0.0000 182.4647 191.3773 12.5248 0.4438  3450.8255 0.0000 0.0000 0.0000 0.0000 3450.8255
2022 9 20 4 7.8400 310.0400 0.8000 7.8400 0.0000 182.4686 191.3811 12.5250 0.4438  3883.2632 0.0000 0.0000 0.0000 0.0000 3883.2632
2022 9 20 5 7.8400 368.4200 0.8000 7.8400 0.0000 182.4725 191.3850 12.5253 0.4438  4614.5728 0.0000 0.0000 0.0000 0.0000 4614.5728
2022 9 20 6 7.8400 421.1600 0.8000 7.8400 0.0000 182.4763 191.3888 12.5256 0.4438  5275.2687 0.0000 0.0000 0.0000 0.0000 5275.2687
2022 9 20 7 7.8400 438.4000 0.8000 7.8400 0.0000 182.4802 191.3927 12.5258 0.4438  5491.3252 0.0000 0.0000 0.0000 0.0000 5491.3252
2022 9 20 8 7.8400 422.8200 0.8000 7.8400 0.0000 182.4840 191.3965 12.5261 0.4438  5296.2844 0.0000 0.0000 0.0000 0.0000 5296.2844
2022 9 20 9 7.8400 389.4100 0.8000 7.8400 0.0000 182.4879 191.4004 12.5264 0.4438  4877.8900 0.0000 0.0000 0.0000 0.0000 4877.8900
2022 9 20 10 7.8400 374.1200 0.8000 7.8400 0.0000 182.4917 191.4042 12.5266 0.4438  4686.4603 0.0000 0.0000 0.0000 0.0000 4686.4603
2022 9 20 11 7.8400 375.1700 0.8000 7.8400 0.0000 182.4955 191.4080 12.5269 0.4438  4699.7121 0.0000 0.0000 0.0000 0.0000 4699.7121
2022 9 20 12 7.8400 375.1400 0.8000 7.8400 0.0000 182.4993 191.4119 12.5271 0.4438  4699.4347 0.0000 0.0000 0.0000 0.0000 4699.4347
2022 9 20 13 7.8400 373.0600 0.8000 7.8400 0.0000 182.5032 191.4157 12.5274 0.4439  4673.4758 0.0000 0.0000 0.0000 0.0000 4673.4758
2022 9 20 14 7.8400 374.0800 0.8000 7.8400 0.0000 182.5070 191.4195 12.5277 0.4439  4686.3516 0.0000 0.0000 0.0000 0.0000 4686.3516
2022 9 20 15 7.8400 379.6800 0.8000 7.8400 0.0000 182.5108 191.4233 12.5279 0.4439  4756.6058 0.0000 0.0000 0.0000 0.0000 4756.6058
2022 9 20 16 7.8400 422.5800 0.8000 7.8400 0.0000 182.5146 191.4271 12.5282 0.4439  5294.1645 0.0000 0.0000 0.0000 0.0000 5294.1645
2022 9 20 17 7.8400 466.5300 0.8000 7.8400 0.0000 182.5184 191.4309 12.5285 0.4439  5844.9007 0.0000 0.0000 0.0000 0.0000 5844.9007
2022 9 20 18 7.8400 498.0000 0.8000 7.8400 0.0000 182.5222 191.4347 12.5287 0.4439  6239.3010 0.0000 0.0000 0.0000 0.0000 6239.3010
2022 9 20 19 7.8400 492.6500 0.8000 7.8400 0.0000 182.5260 191.4385 12.5290 0.4439  6172.4005 0.0000 0.0000 0.0000 0.0000 6172.4005
2022 9 20 20 7.8400 430.6900 0.8000 7.8400 0.0000 182.5298 191.4423 12.5292 0.4439  5396.2173 0.0000 0.0000 0.0000 0.0000 5396.2173
2022 9 20 21 7.8400 398.4700 0.8000 7.8400 0.0000 182.5336 191.4461 12.5295 0.4439  4992.6289 0.0000 0.0000 0.0000 0.0000 4992.6289
2022 9 20 22 7.8400 363.1400 0.8000 7.8400 0.0000 182.5373 191.4499 12.5298 0.4439  4550.0563 0.0000 0.0000 0.0000 0.0000 4550.0563
2022 9 20 23 7.8400 346.4900 0.8000 7.8400 0.0000 182.5411 191.4536 12.5300 0.4439  4341.5253 0.0000 0.0000 0.0000 0.0000 4341.5253
2022 9 21 0 7.8400 317.5400 0.8000 7.8400 0.0000 182.5449 191.4574 12.5303 0.4440  3978.8639 0.0000 0.0000 0.0000 0.0000 3978.8639
2022 9 21 1 7.8400 316.8500 0.8000 7.8400 0.0000 182.5487 191.4612 12.5305 0.4440  3970.2999 0.0000 0.0000 0.0000 0.0000 3970.2999
2022 9 21 2 7.8400 316.8800 0.8000 7.8400 0.0000 182.5524 191.4649 12.5308 0.4440  3970.7576 0.0000 0.0000 0.0000 0.0000 3970.7576
2022 9 21 3 7.8400 315.1000 0.8000 7.8400 0.0000 182.5562 191.4687 12.5311 0.4440  3948.5342 0.0000 0.0000 0.0000 0.0000 3948.5342
2022 9 21 4 7.8400 368.5600 0.8000 7.8400 0.0000 182.5600 191.4725 12.5313 0.4440  4618.5392 0.0000 0.0000 0.0000 0.0000 4618.5392
2022 9 21 5 7.8400 428.0500 0.8000 7.8400 0.0000 182.5637 191.4762 12.5316 0.4440  5364.1370 0.0000 0.0000 0.0000 0.0000 5364.1370
2022 9 21 6 7.8400 501.9500 0.8000 7.8400 0.0000 182.5675 191.4800 12.5318 0.4440  6290.3492 0.0000 0.0000 0.0000 0.0000 6290.3492
2022 9 21 7 7.8400 513.4500 0.8000 7.8400 0.0000 182.5712 191.4837 12.5321 0.4440  6434.5972 0.0000 0.0000 0.0000 0.0000 6434.5972
2022 9 21 8 7.8400 438.6700 0.8000 7.8400 0.0000 182.5749 191.4875 12.5323 0.4440  5497.5608 0.0000 0.0000 0.0000 0.0000 5497.5608
2022 9 21 9 7.8400 379.6200 0.8000 7.8400 0.0000 182.5787 191.4912 12.5326 0.4440  4757.6233 0.0000 0.0000 0.0000 0.0000 4757.6233
2022 9 21 10 7.8400 340.9000 0.8000 7.8400 0.0000 182.5824 191.4949 12.5329 0.4440  4272.4486 0.0000 0.0000 0.0000 0.0000 4272.4486
2022 9 21 11 7.8400 316.2600 0.8000 7.8400 0.0000 182.5861 191.4986 12.5331 0.4441  3963.7202 0.0000 0.0000 0.0000 0.0000 3963.7202
2022 9 21 12 7.8400 320.3800 0.8000 7.8400 0.0000 182.5898 191.5024 12.5334 0.4441  4015.4383 0.0000 0.0000 0.0000 0.0000 4015.4383
2022 9 21 13 7.8400 330.0600 0.8000 7.8400 0.0000 182.5936 191.5061 12.5336 0.4441  4136.8454 0.0000 0.0000 0.0000 0.0000 4136.8454
2022 9 21 14 7.8400 359.5200 0.8000 7.8400 0.0000 182.5973 191.5098 12.5339 0.4441  4506.1772 0.0000 0.0000 0.0000 0.0000 4506.1772
2022 9 21 15 7.8400 393.8200 0.8000 7.8400 0.0000 182.6010 191.5135 12.5341 0.4441  4936.1893 0.0000 0.0000 0.0000 0.0000 4936.1893
2022 9 21 16 7.8400 417.7600 0.8000 7.8400 0.0000 182.6047 191.5172 12.5344 0.4441  5236.3624 0.0000 0.0000 0.0000 0.0000 5236.3624
2022 9 21 17 7.8400 467.7700 0.8000 7.8400 0.0000 182.6084 191.5209 12.5346 0.4441  5863.3251 0.0000 0.0000 0.0000 0.0000 5863.3251
2022 9 21 18 7.8400 484.9700 0.8000 7.8400 0.0000 182.6121 191.5246 12.5349 0.4441  6079.0437 0.0000 0.0000 0.0000 0.0000 6079.0437
2022 9 21 19 7.8400 457.3800 0.8000 7.8400 0.0000 182.6158 191.5283 12.5351 0.4441  5733.3221 0.0000 0.0000 0.0000 0.0000 5733.3221
2022 9 21 20 7.8400 413.8600 0.8000 7.8400 0.0000 182.6194 191.5320 12.5354 0.4441  5187.8973 0.0000 0.0000 0.0000 0.0000 5187.8973
2022 9 21 21 7.8400 378.9100 0.8000 7.8400 0.0000 182.6231 191.5356 12.5356 0.4441  4749.8815 0.0000 0.0000 0.0000 0.0000 4749.8815
2022 9 21 22 7.8400 369.5000 0.8000 7.8400 0.0000 182.6268 191.5393 12.5359 0.4442  4632.0146 0.0000 0.0000 0.0000 0.0000 4632.0146
2022 9 21 23 7.8400 384.0500 0.8000 7.8400 0.0000 182.6305 191.5430 12.5362 0.4442  4814.5088 0.0000 0.0000 0.0000 0.0000 4814.5088
2022 9 22 0 7.8400 358.8600 0.8000 7.8400 0.0000 182.6342 191.5467 12.5364 0.4442  4498.8136 0.0000 0.0000 0.0000 0.0000 4498.8136
2022 9 22 1 7.8400 348.9900 0.8000 7.8400 0.0000 182.6378 191.5504 12.5367 0.4442  4375.1674 0.0000 0.0000 0.0000 0.0000 4375.1674
2022 9 22 2 7.8400 328.7500 0.8000 7.8400 0.0000 182.6415 191.5540 12.5369 0.4442  4121.5085 0.0000 0.0000 0.0000 0.0000 4121.5085
2022 9 22 3 7.8400 338.6800 0.8000 7.8400 0.0000 182.6452 191.5577 12.5372 0.4442  4246.0853 0.0000 0.0000 0.0000 0.0000 4246.0853
2022 9 22 4 7.8400 383.1700 0.8000 7.8400 0.0000 182.6489 191.5614 12.5374 0.4442  4803.9602 0.0000 0.0000 0.0000 0.0000 4803.9602
2022 9 22 5 7.8400 420.6000 0.8000 7.8400 0.0000 182.6525 191.5650 12.5377 0.4442  5273.3411 0.0000 0.0000 0.0000 0.0000 5273.3411
2022 9 22 6 7.8400 482.1400 0.8000 7.8400 0.0000 182.6562 191.5687 12.5379 0.4442  6045.0300 0.0000 0.0000 0.0000 0.0000 6045.0300
2022 9 22 7 7.8400 487.7100 0.8000 7.8400 0.0000 182.6598 191.5723 12.5382 0.4442  6114.9884 0.0000 0.0000 0.0000 0.0000 6114.9884
2022 9 22 8 7.8400 398.2100 0.8000 7.8400 0.0000 182.6635 191.5760 12.5384 0.4442  4992.9225 0.0000 0.0000 0.0000 0.0000 4992.9225
2022 9 22 9 7.8400 360.7400 0.8000 7.8400 0.0000 182.6671 191.5796 12.5387 0.4443  4523.1982 0.0000 0.0000 0.0000 0.0000 4523.1982
2022 9 22 10 7.8400 318.8900 0.8000 7.8400 0.0000 182.6708 191.5833 12.5389 0.4443  3998.5351 0.0000 0.0000 0.0000 0.0000 3998.5351
2022 9 22 11 7.8400 311.8700 0.8000 7.8400 0.0000 182.6744 191.5869 12.5392 0.4443  3910.5896 0.0000 0.0000 0.0000 0.0000 3910.5896
2022 9 22 12 7.8400 299.0500 0.8000 7.8400 0.0000 182.6780 191.5906 12.5394 0.4443  3749.9119 0.0000 0.0000 0.0000 0.0000 3749.9119
2022 9 22 13 7.8400 327.5900 0.8000 7.8400 0.0000 182.6817 191.5942 12.5397 0.4443  4107.8685 0.0000 0.0000 0.0000 0.0000 4107.8685
2022 9 22 14 7.8400 364.4500 0.8000 7.8400 0.0000 182.6853 191.5978 12.5399 0.4443  4570.1715 0.0000 0.0000 0.0000 0.0000 4570.1715
2022 9 22 15 7.8400 380.5200 0.8000 7.8400 0.0000 182.6889 191.6014 12.5402 0.4443  4771.7824 0.0000 0.0000 0.0000 0.0000 4771.7824
2022 9 22 16 7.8400 419.7600 0.8000 7.8400 0.0000 182.6926 191.6051 12.5404 0.4443  5263.9632 0.0000 0.0000 0.0000 0.0000 5263.9632
2022 9 22 17 7.8400 419.9100 0.8000 7.8400 0.0000 182.6962 191.6087 12.5407 0.4443  5265.9488 0.0000 0.0000 0.0000 0.0000 5265.9488
2022 9 22 18 7.8400 416.8000 0.8000 7.8400 0.0000 182.6998 191.6123 12.5409 0.4443  5227.0510 0.0000 0.0000 0.0000 0.0000 5227.0510
2022 9 22 19 7.8400 415.2000 0.8000 7.8400 0.0000 182.7034 191.6160 12.5412 0.4443  5207.0893 0.0000 0.0000 0.0000 0.0000 5207.0893
2022 9 22 20 7.8400 394.3000 0.8000 7.8400 0.0000 182.7071 191.6196 12.5414 0.4444  4945.0768 0.0000 0.0000 0.0000 0.0000 4945.0768
2022 9 22 21 7.8400 390.0500 0.8000 7.8400 0.0000 182.7107 191.6232 12.5417 0.4444  4891.8726 0.0000 0.0000 0.0000 0.0000 4891.8726
2022 9 22 22 7.8400 377.5000 0.8000 7.8400 0.0000 182.7143 191.6268 12.5419 0.4444  4734.5686 0.0000 0.0000 0.0000 0.0000 4734.5686
2022 9 22 23 7.8400 349.7700 0.8000 7.8400 0.0000 182.7179 191.6304 12.5422 0.4444  4386.8685 0.0000 0.0000 0.0000 0.0000 4386.8685
2022 9 23 0 7.8400 317.7000 0.8000 7.8400 0.0000 182.7215 191.6341 12.5424 0.4444  3984.7211 0.0000 0.0000 0.0000 0.0000 3984.7211
2022 9 23 1 7.8400 310.1000 0.8000 7.8400 0.0000 182.7252 191.6377 12.5427 0.4444  3889.4760 0.0000 0.0000 0.0000 0.0000 3889.4760
2022 9 23 2 7.8400 298.1100 0.8000 7.8400 0.0000 182.7288 191.6413 12.5429 0.4444  3739.1636 0.0000 0.0000 0.0000 0.0000 3739.1636
2022 9 23 3 7.8400 308.5300 0.8000 7.8400 0.0000 182.7324 191.6449 12.5431 0.4444  3869.9377 0.0000 0.0000 0.0000 0.0000 3869.9377
2022 9 23 4 7.8400 353.4800 0.8000 7.8400 0.0000 182.7361 191.6486 12.5434 0.4444  4433.8406 0.0000 0.0000 0.0000 0.0000 4433.8406
2022 9 23 5 7.8400 368.1400 0.8000 7.8400 0.0000 182.7397 191.6522 12.5436 0.4444  4617.8191 0.0000 0.0000 0.0000 0.0000 4617.8191
2022 9 23 6 7.8400 394.3400 0.8000 7.8400 0.0000 182.7434 191.6559 12.5439 0.4444  4946.5616 0.0000 0.0000 0.0000 0.0000 4946.5616
2022 9 23 7 7.8400 409.1700 0.8000 7.8400 0.0000 182.7470 191.6596 12.5442 0.4444  5132.6906 0.0000 0.0000 0.0000 0.0000 5132.6906
2022 9 23 8 7.8400 382.7100 0.8000 7.8400 0.0000 182.7507 191.6632 12.5444 0.4445  4800.8684 0.0000 0.0000 0.0000 0.0000 4800.8684
2022 9 23 9 7.8400 370.0100 0.8000 7.8400 0.0000 182.7544 191.6669 12.5447 0.4445  4641.6483 0.0000 0.0000 0.0000 0.0000 4641.6483
2022 9 23 10 7.8400 357.8600 0.8000 7.8400 0.0000 182.7581 191.6706 12.5449 0.4445  4489.3216 0.0000 0.0000 0.0000 0.0000 4489.3216
2022 9 23 11 7.8400 349.4700 0.8000 7.8400 0.0000 182.7618 191.6743 12.5452 0.4445  4384.1594 0.0000 0.0000 0.0000 0.0000 4384.1594
2022 9 23 12 7.8400 337.2800 0.8000 7.8400 0.0000 182.7656 191.6781 12.5454 0.4445  4231.3205 0.0000 0.0000 0.0000 0.0000 4231.3205
2022 9 23 13 7.8400 342.6000 0.8000 7.8400 0.0000 182.7693 191.6819 12.5457 0.4445  4298.1509 0.0000 0.0000 0.0000 0.0000 4298.1509
2022 9 23 14 7.8400 348.7600 0.8000 7.8400 0.0000 182.7731 191.6856 12.5459 0.4445  4375.5227 0.0000 0.0000 0.0000 0.0000 4375.5227
2022 9 23 15 7.8400 368.4300 0.8000 7.8400 0.0000 182.7769 191.6894 12.5462 0.4445  4622.3969 0.0000 0.0000 0.0000 0.0000 4622.3969
2022 9 23 16 7.8400 372.4400 0.8000 7.8400 0.0000 182.7807 191.6932 12.5465 0.4445  4672.8042 0.0000 0.0000 0.0000 0.0000 4672.8042
2022 9 23 17 7.8400 385.1400 0.8000 7.8400 0.0000 182.7845 191.6970 12.5467 0.4445  4832.2448 0.0000 0.0000 0.0000 0.0000 4832.2448
2022 9 23 18 7.8400 394.3100 0.8000 7.8400 0.0000 182.7883 191.7008 12.5470 0.4446  4947.4010 0.0000 0.0000 0.0000 0.0000 4947.4010
2022 9 23 19 7.8400 394.3100 0.8000 7.8400 0.0000 182.7921 191.7046 12.5472 0.4446  4947.5042 0.0000 0.0000 0.0000 0.0000 4947.5042
2022 9 23 20 7.8400 378.4500 0.8000 7.8400 0.0000 182.7959 191.7084 12.5475 0.4446  4748.6044 0.0000 0.0000 0.0000 0.0000 4748.6044
2022 9 23 21 7.8400 375.1800 0.8000 7.8400 0.0000 182.7998 191.7123 12.5478 0.4446  4707.6722 0.0000 0.0000 0.0000 0.0000 4707.6722
2022 9 23 22 7.8400 358.7500 0.8000 7.8400 0.0000 182.8036 191.7161 12.5480 0.4446  4501.6067 0.0000 0.0000 0.0000 0.0000 4501.6067
2022 9 23 23 7.8400 364.1800 0.8000 7.8400 0.0000 182.8074 191.7199 12.5483 0.4446  4569.8383 0.0000 0.0000 0.0000 0.0000 4569.8383
2022 9 24 0 7.8400 354.9500 0.8000 7.8400 0.0000 182.8113 191.7238 12.5486 0.4446  4454.1112 0.0000 0.0000 0.0000 0.0000 4454.1112
2022 9 24 1 7.8400 312.8900 0.8000 7.8400 0.0000 182.8151 191.7276 12.5488 0.4446  3926.4012 0.0000 0.0000 0.0000 0.0000 3926.4012
2022 9 24 2 7.8400 306.6100 0.8000 7.8400 0.0000 182.8189 191.7314 12.5491 0.4446  3847.6749 0.0000 0.0000 0.0000 0.0000 3847.6749
2022 9 24 3 7.8400 305.6800 0.8000 7.8400 0.0000 182.8228 191.7353 12.5493 0.4446  3836.0848 0.0000 0.0000 0.0000 0.0000 3836.0848
2022 9 24 4 7.8400 313.8000 0.8000 7.8400 0.0000 182.8266 191.7391 12.5496 0.4446  3938.0681 0.0000 0.0000 0.0000 0.0000 3938.0681
2022 9 24 5 7.8400 351.7300 0.8000 7.8400 0.0000 182.8304 191.7429 12.5499 0.4447  4414.1678 0.0000 0.0000 0.0000 0.0000 4414.1678
2022 9 24 6 7.8400 362.3300 0.8000 7.8400 0.0000 182.8343 191.7468 12.5501 0.4447  4547.2915 0.0000 0.0000 0.0000 0.0000 4547.2915
2022 9 24 7 7.8400 369.1600 0.8000 7.8400 0.0000 182.8381 191.7506 12.5504 0.4447  4633.1064 0.0000 0.0000 0.0000 0.0000 4633.1064
2022 9 24 8 7.8400 373.6300 0.8000 7.8400 0.0000 182.8419 191.7544 12.5507 0.4447  4689.3050 0.0000 0.0000 0.0000 0.0000 4689.3050
2022 9 24 9 7.8400 368.4300 0.8000 7.8400 0.0000 182.8458 191.7583 12.5509 0.4447  4624.1384 0.0000 0.0000 0.0000 0.0000 4624.1384
2022 9 24 10 7.8400 362.0100 0.8000 7.8400 0.0000 182.8496 191.7621 12.5512 0.4447  4543.6570 0.0000 0.0000 0.0000 0.0000 4543.6570
2022 9 24 11 7.8400 350.0300 0.8000 7.8400 0.0000 182.8534 191.7659 12.5515 0.4447  4393.3855 0.0000 0.0000 0.0000 0.0000 4393.3855
2022 9 24 12 7.8400 316.4000 0.8000 7.8400 0.0000 182.8573 191.7698 12.5517 0.4447  3971.3630 0.0000 0.0000 0.0000 0.0000 3971.3630
2022 9 24 13 7.8400 317.1500 0.8000 7.8400 0.0000 182.8611 191.7736 12.5520 0.4447  3980.8600 0.0000 0.0000 0.0000 0.0000 3980.8600
2022 9 24 14 7.8400 338.9500 0.8000 7.8400 0.0000 182.8649 191.7774 12.5522 0.4447  4254.5822 0.0000 0.0000 0.0000 0.0000 4254.5822
2022 9 24 15 7.8400 356.3500 0.8000 7.8400 0.0000 182.8687 191.7812 12.5525 0.4447  4473.0846 0.0000 0.0000 0.0000 0.0000 4473.0846
2022 9 24 16 7.8400 369.6400 0.8000 7.8400 0.0000 182.8725 191.7850 12.5528 0.4448  4640.0044 0.0000 0.0000 0.0000 0.0000 4640.0044
2022 9 24 17 7.8400 389.7200 0.8000 7.8400 0.0000 182.8764 191.7889 12.5530 0.4448  4892.1662 0.0000 0.0000 0.0000 0.0000 4892.1662
2022 9 24 18 7.8400 403.6200 0.8000 7.8400 0.0000 182.8802 191.7927 12.5533 0.4448  5066.7594 0.0000 0.0000 0.0000 0.0000 5066.7594
2022 9 24 19 7.8400 393.8700 0.8000 7.8400 0.0000 182.8840 191.7965 12.5536 0.4448  4944.4685 0.0000 0.0000 0.0000 0.0000 4944.4685
2022 9 24 20 7.8400 370.0400 0.8000 7.8400 0.0000 182.8879 191.8004 12.5538 0.4448  4645.4149 0.0000 0.0000 0.0000 0.0000 4645.4149
2022 9 24 21 7.8400 356.1100 0.8000 7.8400 0.0000 182.8917 191.8042 12.5541 0.4448  4470.6337 0.0000 0.0000 0.0000 0.0000 4470.6337
2022 9 24 22 7.8400 333.9800 0.8000 7.8400 0.0000 182.8955 191.8081 12.5543 0.4448  4192.9001 0.0000 0.0000 0.0000 0.0000 4192.9001
2022 9 24 23 7.8400 339.9900 0.8000 7.8400 0.0000 182.8994 191.8119 12.5546 0.4448  4268.4409 0.0000 0.0000 0.0000 0.0000 4268.4409
2022 9 25 0 7.8400 322.7200 0.8000 7.8400 0.0000 182.9032 191.8157 12.5549 0.4448  4051.7080 0.0000 0.0000 0.0000 0.0000 4051.7080
2022 9 25 1 7.8400 295.1700 0.8000 7.8400 0.0000 182.9071 191.8196 12.5551 0.4448  3705.8993 0.0000 0.0000 0.0000 0.0000 3705.8993
2022 9 25 2 7.8400 277.6900 0.8000 7.8400 0.0000 182.9109 191.8234 12.5554 0.4448  3486.5088 0.0000 0.0000 0.0000 0.0000 3486.5088
2022 9 25 3 7.8400 207.4000 0.8000 7.8400 0.0000 182.9148 191.8273 12.5557 0.4449  2604.0445 0.0000 0.0000 0.0000 0.0000 2604.0445
2022 9 25 4 7.8400 210.8100 0.8000 7.8400 0.0000 182.9186 191.8311 12.5559 0.4449  2646.9149 0.0000 0.0000 0.0000 0.0000 2646.9149
2022 9 25 5 7.8400 246.3600 0.8000 7.8400 0.0000 182.9224 191.8349 12.5562 0.4449  3093.3430 0.0000 0.0000 0.0000 0.0000 3093.3430
2022 9 25 6 7.8400 255.9400 0.8000 7.8400 0.0000 182.9263 191.8388 12.5565 0.4449  3213.6987 0.0000 0.0000 0.0000 0.0000 3213.6987
2022 9 25 7 7.8400 297.3800 0.8000 7.8400 0.0000 182.9301 191.8426 12.5567 0.4449  3734.1165 0.0000 0.0000 0.0000 0.0000 3734.1165
2022 9 25 8 7.8400 311.0900 0.8000 7.8400 0.0000 182.9339 191.8464 12.5570 0.4449  3906.3508 0.0000 0.0000 0.0000 0.0000 3906.3508
2022 9 25 9 7.8400 309.9700 0.8000 7.8400 0.0000 182.9378 191.8503 12.5572 0.4449  3892.3687 0.0000 0.0000 0.0000 0.0000 3892.3687
2022 9 25 10 7.8400 331.6600 0.8000 7.8400 0.0000 182.9416 191.8541 12.5575 0.4449  4164.8226 0.0000 0.0000 0.0000 0.0000 4164.8226
2022 9 25 11 7.8400 284.3100 0.8000 7.8400 0.0000 182.9454 191.8580 12.5578 0.4449  3570.2995 0.0000 0.0000 0.0000 0.0000 3570.2995
2022 9 25 12 7.8400 254.2800 0.8000 7.8400 0.0000 182.9493 191.8618 12.5580 0.4449  3193.2565 0.0000 0.0000 0.0000 0.0000 3193.2565
2022 9 25 13 7.8400 240.8700 0.8000 7.8400 0.0000 182.9531 191.8656 12.5583 0.4450  3024.9164 0.0000 0.0000 0.0000 0.0000 3024.9164
2022 9 25 14 7.8400 271.8500 0.8000 7.8400 0.0000 182.9569 191.8694 12.5586 0.4450  3414.0438 0.0000 0.0000 0.0000 0.0000 3414.0438
2022 9 25 15 7.8400 324.3400 0.8000 7.8400 0.0000 182.9607 191.8732 12.5588 0.4450  4073.3274 0.0000 0.0000 0.0000 0.0000 4073.3274
2022 9 25 16 7.8400 355.2400 0.8000 7.8400 0.0000 182.9645 191.8771 12.5591 0.4450  4461.4878 0.0000 0.0000 0.0000 0.0000 4461.4878
2022 9 25 17 7.8400 363.0100 0.8000 7.8400 0.0000 182.9683 191.8809 12.5593 0.4450  4559.1669 0.0000 0.0000 0.0000 0.0000 4559.1669
2022 9 25 18 7.8400 369.6700 0.8000 7.8400 0.0000 182.9722 191.8847 12.5596 0.4450  4642.9087 0.0000 0.0000 0.0000 0.0000 4642.9087
2022 9 25 19 7.8400 374.4700 0.8000 7.8400 0.0000 182.9760 191.8885 12.5599 0.4450  4703.2927 0.0000 0.0000 0.0000 0.0000 4703.2927
2022 9 25 20 7.8400 366.3400 0.8000 7.8400 0.0000 182.9798 191.8923 12.5601 0.4450  4601.2772 0.0000 0.0000 0.0000 0.0000 4601.2772
2022 9 25 21 7.8400 353.0700 0.8000 7.8400 0.0000 182.9836 191.8961 12.5604 0.4450  4434.6976 0.0000 0.0000 0.0000 0.0000 4434.6976
2022 9 25 22 7.8400 297.0400 0.8000 7.8400 0.0000 182.9875 191.9000 12.5607 0.4450  3731.0175 0.0000 0.0000 0.0000 0.0000 3731.0175
2022 9 25 23 7.8400 257.1800 0.8000 7.8400 0.0000 182.9914 191.9039 12.5609 0.4450  3230.4179 0.0000 0.0000 0.0000 0.0000 3230.4179
2022 9 26 0 7.8400 187.6300 0.8000 7.8400 0.0000 182.9953 191.9078 12.5612 0.4451  2356.8561 0.0000 0.0000 0.0000 0.0000 2356.8561
2022 9 26 1 7.8400 162.1400 0.8000 7.8400 0.0000 182.9992 191.9117 12.5615 0.4451  2036.7152 0.0000 0.0000 0.0000 0.0000 2036.7152
2022 9 26 2 7.8400 129.0800 0.8000 7.8400 0.0000 183.0032 191.9157 12.5617 0.4451  1621.4689 0.0000 0.0000 0.0000 0.0000 1621.4689
2022 9 26 3 7.8400 104.5700 0.8000 7.8400 0.0000 183.0073 191.9198 12.5620 0.4451  1313.6102 0.0000 0.0000 0.0000 0.0000 1313.6102
2022 9 26 4 7.8400 166.3500 0.8000 7.8400 0.0000 183.0116 191.9241 12.5623 0.4451  2089.7403 0.0000 0.0000 0.0000 0.0000 2089.7403
2022 9 26 5 7.8400 268.6000 0.8000 7.8400 0.0000 183.0160 191.9285 12.5626 0.4451  3374.3173 0.0000 0.0000 0.0000 0.0000 3374.3173
2022 9 26 6 7.8400 336.9000 0.8000 7.8400 0.0000 183.0205 191.9330 12.5629 0.4451  4232.4476 0.0000 0.0000 0.0000 0.0000 4232.4476
2022 9 26 7 7.8400 341.1500 0.8000 7.8400 0.0000 183.0251 191.9376 12.5632 0.4451  4285.9492 0.0000 0.0000 0.0000 0.0000 4285.9492
2022 9 26 8 7.8400 312.9300 0.8000 7.8400 0.0000 183.0300 191.9425 12.5636 0.4451  3931.5198 0.0000 0.0000 0.0000 0.0000 3931.5198
2022 9 26 9 7.8400 276.5500 0.8000 7.8400 0.0000 183.0353 191.9478 12.5639 0.4452  3474.5572 0.0000 0.0000 0.0000 0.0000 3474.5572
2022 9 26 10 7.8400 231.5400 0.8000 7.8400 0.0000 183.0412 191.9537 12.5643 0.4452  2909.1481 0.0000 0.0000 0.0000 0.0000 2909.1481
2022 9 26 11 7.8400 215.6000 0.8000 7.8400 0.0000 183.0479 191.9605 12.5648 0.4452  2708.9722 0.0000 0.0000 0.0000 0.0000 2708.9722
2022 9 26 12 7.8400 206.7900 0.8000 7.8400 0.0000 183.0554 191.9679 12.5653 0.4452  2598.3822 0.0000 0.0000 0.0000 0.0000 2598.3822
2022 9 26 13 7.8400 164.2200 0.8000 7.8400 0.0000 183.0632 191.9758 12.5659 0.4452  2063.5649 0.0000 0.0000 0.0000 0.0000 2063.5649
2022 9 26 14 7.8400 239.4100 0.8000 7.8400 0.0000 183.0711 191.9836 12.5664 0.4452  3008.5213 0.0000 0.0000 0.0000 0.0000 3008.5213
2022 9 26 15 7.8400 302.2400 0.8000 7.8400 0.0000 183.0789 191.9915 12.5669 0.4453  3798.2299 0.0000 0.0000 0.0000 0.0000 3798.2299
2022 9 26 16 7.8400 318.1000 0.8000 7.8400 0.0000 183.0866 191.9992 12.5675 0.4453  3997.7097 0.0000 0.0000 0.0000 0.0000 3997.7097
2022 9 26 17 7.8400 336.0100 0.8000 7.8400 0.0000 183.0942 192.0067 12.5680 0.4453  4222.9679 0.0000 0.0000 0.0000 0.0000 4222.9679
2022 9 26 18 7.8400 343.0200 0.8000 7.8400 0.0000 183.1017 192.0142 12.5685 0.4453  4311.2455 0.0000 0.0000 0.0000 0.0000 4311.2455
2022 9 26 19 7.8400 348.7100 0.8000 7.8400 0.0000 183.1091 192.0216 12.5690 0.4453  4382.9379 0.0000 0.0000 0.0000 0.0000 4382.9379
2022 9 26 20 7.8400 335.5400 0.8000 7.8400 0.0000 183.1165 192.0290 12.5695 0.4453  4217.5745 0.0000 0.0000 0.0000 0.0000 4217.5745
2022 9 26 21 7.8400 301.4200 0.8000 7.8400 0.0000 183.1240 192.0365 12.5700 0.4454  3788.8568 0.0000 0.0000 0.0000 0.0000 3788.8568
2022 9 26 22 7.8400 290.0600 0.8000 7.8400 0.0000 183.1316 192.0441 12.5705 0.4454  3646.2132 0.0000 0.0000 0.0000 0.0000 3646.2132
2022 9 26 23 7.8400 306.9800 0.8000 7.8400 0.0000 183.1395 192.0521 12.5711 0.4454  3859.0744 0.0000 0.0000 0.0000 0.0000 3859.0744
2022 9 27 0 7.8400 245.1800 0.8000 7.8400 0.0000 183.1477 192.0602 12.5717 0.4454  3082.3182 0.0000 0.0000 0.0000 0.0000 3082.3182
2022 9 27 1 7.8400 181.0000 0.8000 7.8400 0.0000 183.1560 192.0685 12.5722 0.4454  2275.5724 0.0000 0.0000 0.0000 0.0000 2275.5724
2022 9 27 2 7.8400 161.2800 0.8000 7.8400 0.0000 183.1643 192.0768 12.5728 0.4455  2027.7400 0.0000 0.0000 0.0000 0.0000 2027.7400
2022 9 27 3 7.8400 214.3300 0.8000 7.8400 0.0000 183.1726 192.0851 12.5734 0.4455  2694.8481 0.0000 0.0000 0.0000 0.0000 2694.8481
2022 9 27 4 7.8400 301.7700 0.8000 7.8400 0.0000 183.1807 192.0932 12.5739 0.4455  3794.4319 0.0000 0.0000 0.0000 0.0000 3794.4319
2022 9 27 5 7.8400 314.5900 0.8000 7.8400 0.0000 183.1888 192.1013 12.5745 0.4455  3955.8040 0.0000 0.0000 0.0000 0.0000 3955.8040
2022 9 27 6 7.8400 331.8400 0.8000 7.8400 0.0000 183.1968 192.1093 12.5750 0.4455  4172.8951 0.0000 0.0000 0.0000 0.0000 4172.8951
2022 9 27 7 7.8400 340.3900 0.8000 7.8400 0.0000 183.2046 192.1171 12.5756 0.4456  4280.5953 0.0000 0.0000 0.0000 0.0000 4280.5953
2022 9 27 8 7.8400 338.7400 0.8000 7.8400 0.0000 183.2124 192.1249 12.5761 0.4456  4260.0257 0.0000 0.0000 0.0000 0.0000 4260.0257
2022 9 27 9 7.8400 338.6300 0.8000 7.8400 0.0000 183.2200 192.1326 12.5766 0.4456  4258.8207 0.0000 0.0000 0.0000 0.0000 4258.8207
2022 9 27 10 7.8400 335.6900 0.8000 7.8400 0.0000 183.2276 192.1401 12.5771 0.4456  4222.0199 0.0000 0.0000 0.0000 0.0000 4222.0199
2022 9 27 11 7.8400 330.8600 0.8000 7.8400 0.0000 183.2351 192.1476 12.5777 0.4456  4161.4426 0.0000 0.0000 0.0000 0.0000 4161.4426
2022 9 27 12 7.8400 314.3700 0.8000 7.8400 0.0000 183.2426 192.1551 12.5782 0.4457  3954.1985 0.0000 0.0000 0.0000 0.0000 3954.1985
2022 9 27 13 7.8400 307.7000 0.8000 7.8400 0.0000 183.2501 192.1626 12.5787 0.4457  3870.4601 0.0000 0.0000 0.0000 0.0000 3870.4601
2022 9 27 14 7.8400 322.1100 0.8000 7.8400 0.0000 183.2576 192.1701 12.5792 0.4457  4051.8851 0.0000 0.0000 0.0000 0.0000 4051.8851
2022 9 27 15 7.8400 326.6400 0.8000 7.8400 0.0000 183.2653 192.1778 12.5797 0.4457  4109.0415 0.0000 0.0000 0.0000 0.0000 4109.0415
2022 9 27 16 7.8400 333.7800 0.8000 7.8400 0.0000 183.2733 192.1858 12.5803 0.4457  4199.0447 0.0000 0.0000 0.0000 0.0000 4199.0447
2022 9 27 17 7.8400 341.4300 0.8000 7.8400 0.0000 183.2821 192.1946 12.5809 0.4458  4295.4900 0.0000 0.0000 0.0000 0.0000 4295.4900
2022 9 27 18 7.8400 344.4400 0.8000 7.8400 0.0000 183.2923 192.2048 12.5816 0.4458  4333.5993 0.0000 0.0000 0.0000 0.0000 4333.5993
2022 9 27 19 7.8400 346.9500 0.8000 7.8400 0.0000 183.3043 192.2169 12.5824 0.4458  4365.4658 0.0000 0.0000 0.0000 0.0000 4365.4658
2022 9 27 20 7.8400 337.8300 0.8000 7.8400 0.0000 183.3182 192.2307 12.5834 0.4458  4251.0358 0.0000 0.0000 0.0000 0.0000 4251.0358
2022 9 27 21 7.8400 327.3200 0.8000 7.8400 0.0000 183.3338 192.2463 12.5844 0.4459  4119.1346 0.0000 0.0000 0.0000 0.0000 4119.1346
2022 9 27 22 7.8400 321.3200 0.8000 7.8400 0.0000 183.3510 192.2635 12.5856 0.4459  4044.0082 0.0000 0.0000 0.0000 0.0000 4044.0082
2022 9 27 23 7.8400 307.0600 0.8000 7.8400 0.0000 183.3697 192.2822 12.5869 0.4460  3864.9306 0.0000 0.0000 0.0000 0.0000 3864.9306
2022 9 28 0 7.8400 276.3500 0.8000 7.8400 0.0000 183.3892 192.3017 12.5882 0.4460  3478.7576 0.0000 0.0000 0.0000 0.0000 3478.7576
2022 9 28 1 7.8400 246.4400 0.8000 7.8400 0.0000 183.4092 192.3217 12.5896 0.4461  3102.5811 0.0000 0.0000 0.0000 0.0000 3102.5811
2022 9 28 2 7.8400 243.4900 0.8000 7.8400 0.0000 183.4293 192.3419 12.5910 0.4461  3065.7791 0.0000 0.0000 0.0000 0.0000 3065.7791
2022 9 28 3 7.8400 274.3400 0.8000 7.8400 0.0000 183.4496 192.3621 12.5924 0.4462  3454.5928 0.0000 0.0000 0.0000 0.0000 3454.5928
2022 9 28 4 7.8400 306.6800 0.8000 7.8400 0.0000 183.4699 192.3824 12.5938 0.4462  3862.2569 0.0000 0.0000 0.0000 0.0000 3862.2569
2022 9 28 5 7.8400 312.1100 0.8000 7.8400 0.0000 183.4901 192.4026 12.5952 0.4463  3931.0742 0.0000 0.0000 0.0000 0.0000 3931.0742
2022 9 28 6 7.8400 312.6200 0.8000 7.8400 0.0000 183.5103 192.4228 12.5965 0.4463  3937.9314 0.0000 0.0000 0.0000 0.0000 3937.9314
2022 9 28 7 7.8400 324.8100 0.8000 7.8400 0.0000 183.5306 192.4431 12.5979 0.4464  4091.9351 0.0000 0.0000 0.0000 0.0000 4091.9351
2022 9 28 8 7.8400 333.1500 0.8000 7.8400 0.0000 183.5509 192.4634 12.5993 0.4464  4197.4675 0.0000 0.0000 0.0000 0.0000 4197.4675
2022 9 28 9 7.8400 328.0300 0.8000 7.8400 0.0000 183.5714 192.4839 12.6007 0.4465  4133.4192 0.0000 0.0000 0.0000 0.0000 4133.4192
2022 9 28 10 7.8400 323.9500 0.8000 7.8400 0.0000 183.5918 192.5043 12.6021 0.4465  4082.4629 0.0000 0.0000 0.0000 0.0000 4082.4629
2022 9 28 11 7.8400 325.5900 0.8000 7.8400 0.0000 183.6122 192.5247 12.6035 0.4466  4103.5857 0.0000 0.0000 0.0000 0.0000 4103.5857
2022 9 28 12 7.8400 328.8300 0.8000 7.8400 0.0000 183.6324 192.5449 12.6049 0.4466  4144.8770 0.0000 0.0000 0.0000 0.0000 4144.8770
2022 9 28 13 7.8400 330.2400 0.8000 7.8400 0.0000 183.6523 192.5648 12.6063 0.4467  4163.1015 0.0000 0.0000 0.0000 0.0000 4163.1015
2022 9 28 14 7.8400 329.7100 0.8000 7.8400 0.0000 183.6719 192.5844 12.6076 0.4467  4156.8635 0.0000 0.0000 0.0000 0.0000 4156.8635
2022 9 28 15 7.8400 320.1000 0.8000 7.8400 0.0000 183.6912 192.6037 12.6090 0.4467  4036.1273 0.0000 0.0000 0.0000 0.0000 4036.1273
2022 9 28 16 7.8400 315.4400 0.8000 7.8400 0.0000 183.7101 192.6226 12.6103 0.4468  3977.7791 0.0000 0.0000 0.0000 0.0000 3977.7791
2022 9 28 17 7.8400 320.0600 0.8000 7.8400 0.0000 183.7287 192.6412 12.6115 0.4468  4036.4468 0.0000 0.0000 0.0000 0.0000 4036.4468
2022 9 28 18 7.8400 320.7100 0.8000 7.8400 0.0000 183.7469 192.6594 12.6128 0.4469  4045.0463 0.0000 0.0000 0.0000 0.0000 4045.0463
2022 9 28 19 7.8400 316.6600 0.8000 7.8400 0.0000 183.7649 192.6774 12.6140 0.4469  3994.3550 0.0000 0.0000 0.0000 0.0000 3994.3550
2022 9 28 20 7.8400 312.1300 0.8000 7.8400 0.0000 183.7825 192.6951 12.6152 0.4470  3937.5920 0.0000 0.0000 0.0000 0.0000 3937.5920
2022 9 28 21 7.8400 293.6400 0.8000 7.8400 0.0000 183.7999 192.7125 12.6164 0.4470  3704.6871 0.0000 0.0000 0.0000 0.0000 3704.6871
2022 9 28 22 7.8400 292.4600 0.8000 7.8400 0.0000 183.8171 192.7296 12.6176 0.4471  3690.1429 0.0000 0.0000 0.0000 0.0000 3690.1429
2022 9 28 23 7.8400 316.9900 0.8000 7.8400 0.0000 183.8339 192.7464 12.6188 0.4471  4000.0190 0.0000 0.0000 0.0000 0.0000 4000.0190
2022 9 29 0 7.8400 314.0000 0.8000 7.8400 0.0000 183.8505 192.7630 12.6199 0.4471  3962.6466 0.0000 0.0000 0.0000 0.0000 3962.6466
2022 9 29 1 7.8400 313.9700 0.8000 7.8400 0.0000 183.8668 192.7793 12.6210 0.4472  3962.6203 0.0000 0.0000 0.0000 0.0000 3962.6203
2022 9 29 2 7.8400 313.9600 0.8000 7.8400 0.0000 183.8829 192.7954 12.6221 0.4472  3962.8410 0.0000 0.0000 0.0000 0.0000 3962.8410
2022 9 29 3 7.8400 314.5600 0.8000 7.8400 0.0000 183.8988 192.8113 12.6232 0.4473  3970.7575 0.0000 0.0000 0.0000 0.0000 3970.7575
2022 9 29 4 7.8400 320.6300 0.8000 7.8400 0.0000 183.9145 192.8270 12.6243 0.4473  4047.7257 0.0000 0.0000 0.0000 0.0000 4047.7257
2022 9 29 5 7.8400 326.5500 0.8000 7.8400 0.0000 183.9300 192.8425 12.6254 0.4473  4122.8083 0.0000 0.0000 0.0000 0.0000 4122.8083
2022 9 29 6 7.8400 329.3000 0.8000 7.8400 0.0000 183.9453 192.8578 12.6264 0.4474  4157.8734 0.0000 0.0000 0.0000 0.0000 4157.8734
2022 9 29 7 7.8400 348.4400 0.8000 7.8400 0.0000 183.9604 192.8729 12.6274 0.4474  4399.9039 0.0000 0.0000 0.0000 0.0000 4399.9039
2022 9 29 8 7.8400 371.5900 0.8000 7.8400 0.0000 183.9753 192.8878 12.6285 0.4474  4692.6093 0.0000 0.0000 0.0000 0.0000 4692.6093
2022 9 29 9 7.8400 377.8600 0.8000 7.8400 0.0000 183.9900 192.9025 12.6295 0.4475  4772.1715 0.0000 0.0000 0.0000 0.0000 4772.1715
2022 9 29 10 7.8400 354.6500 0.8000 7.8400 0.0000 184.0045 192.9170 12.6305 0.4475  4479.3954 0.0000 0.0000 0.0000 0.0000 4479.3954
2022 9 29 11 7.8400 339.8800 0.8000 7.8400 0.0000 184.0189 192.9314 12.6315 0.4475  4293.1788 0.0000 0.0000 0.0000 0.0000 4293.1788
2022 9 29 12 7.8400 349.1900 0.8000 7.8400 0.0000 184.0331 192.9456 12.6324 0.4476  4411.1182 0.0000 0.0000 0.0000 0.0000 4411.1182
2022 9 29 13 7.8400 340.8000 0.8000 7.8400 0.0000 184.0471 192.9597 12.6334 0.4476  4305.4603 0.0000 0.0000 0.0000 0.0000 4305.4603
2022 9 29 14 7.8400 355.7500 0.8000 7.8400 0.0000 184.0610 192.9735 12.6343 0.4476  4494.6684 0.0000 0.0000 0.0000 0.0000 4494.6684
2022 9 29 15 7.8400 371.6800 0.8000 7.8400 0.0000 184.0747 192.9872 12.6353 0.4477  4696.2831 0.0000 0.0000 0.0000 0.0000 4696.2831
2022 9 29 16 7.8400 378.1500 0.8000 7.8400 0.0000 184.0883 193.0008 12.6362 0.4477  4778.3850 0.0000 0.0000 0.0000 0.0000 4778.3850
2022 9 29 17 7.8400 382.6500 0.8000 7.8400 0.0000 184.1017 193.0142 12.6371 0.4477  4835.6002 0.0000 0.0000 0.0000 0.0000 4835.6002
2022 9 29 18 7.8400 376.7800 0.8000 7.8400 0.0000 184.1150 193.0275 12.6380 0.4478  4761.7636 0.0000 0.0000 0.0000 0.0000 4761.7636
2022 9 29 19 7.8400 373.9000 0.8000 7.8400 0.0000 184.1281 193.0406 12.6389 0.4478  4725.7033 0.0000 0.0000 0.0000 0.0000 4725.7033
2022 9 29 20 7.8400 359.2700 0.8000 7.8400 0.0000 184.1411 193.0536 12.6398 0.4478  4541.1163 0.0000 0.0000 0.0000 0.0000 4541.1163
2022 9 29 21 7.8400 339.6900 0.8000 7.8400 0.0000 184.1540 193.0665 12.6407 0.4479  4293.9288 0.0000 0.0000 0.0000 0.0000 4293.9288
2022 9 29 22 7.8400 335.5400 0.8000 7.8400 0.0000 184.1668 193.0793 12.6416 0.4479  4241.7638 0.0000 0.0000 0.0000 0.0000 4241.7638
2022 9 29 23 7.8400 341.5400 0.8000 7.8400 0.0000 184.1794 193.0919 12.6425 0.4479  4317.9095 0.0000 0.0000 0.0000 0.0000 4317.9095
2022 9 30 0 7.8400 324.5500 0.8000 7.8400 0.0000 184.1919 193.1044 12.6433 0.4480  4103.3922 0.0000 0.0000 0.0000 0.0000 4103.3922
2022 9 30 1 7.8400 322.1200 0.8000 7.8400 0.0000 184.2043 193.1168 12.6442 0.4480  4072.9431 0.0000 0.0000 0.0000 0.0000 4072.9431
2022 9 30 2 7.8400 320.8600 0.8000 7.8400 0.0000 184.2166 193.1291 12.6450 0.4480  4057.2820 0.0000 0.0000 0.0000 0.0000 4057.2820
2022 9 30 3 7.8400 320.8000 0.8000 7.8400 0.0000 184.2288 193.1413 12.6459 0.4481  4056.7917 0.0000 0.0000 0.0000 0.0000 4056.7917
2022 9 30 4 7.8400 321.3000 0.8000 7.8400 0.0000 184.2408 193.1534 12.6467 0.4481  4063.3811 0.0000 0.0000 0.0000 0.0000 4063.3811
2022 9 30 5 7.8400 327.7000 0.8000 7.8400 0.0000 184.2528 193.1653 12.6475 0.4481  4144.5895 0.0000 0.0000 0.0000 0.0000 4144.5895
2022 9 30 6 7.8400 355.5300 0.8000 7.8400 0.0000 184.2647 193.1772 12.6483 0.4481  4496.8595 0.0000 0.0000 0.0000 0.0000 4496.8595
2022 9 30 7 7.8400 370.8800 0.8000 7.8400 0.0000 184.2765 193.1890 12.6491 0.4482  4691.3114 0.0000 0.0000 0.0000 0.0000 4691.3114
2022 9 30 8 7.8400 365.2600 0.8000 7.8400 0.0000 184.2882 193.2007 12.6499 0.4482  4620.5164 0.0000 0.0000 0.0000 0.0000 4620.5164
2022 9 30 9 7.8400 354.3600 0.8000 7.8400 0.0000 184.2998 193.2123 12.6507 0.4482  4482.9136 0.0000 0.0000 0.0000 0.0000 4482.9136
2022 9 30 10 7.8400 331.2900 0.8000 7.8400 0.0000 184.3113 193.2238 12.6515 0.4483  4191.3228 0.0000 0.0000 0.0000 0.0000 4191.3228
2022 9 30 11 7.8400 292.1500 0.8000 7.8400 0.0000 184.3226 193.2352 12.6523 0.4483  3696.3706 0.0000 0.0000 0.0000 0.0000 3696.3706
2022 9 30 12 7.8400 264.0800 0.8000 7.8400 0.0000 184.3339 193.2464 12.6531 0.4483  3341.4250 0.0000 0.0000 0.0000 0.0000 3341.4250
2022 9 30 13 7.8400 209.4500 0.8000 7.8400 0.0000 184.3451 193.2577 12.6538 0.4483  2650.3485 0.0000 0.0000 0.0000 0.0000 2650.3485
2022 9 30 14 7.8400 204.5600 0.8000 7.8400 0.0000 184.3563 193.2688 12.6546 0.4484  2588.6276 0.0000 0.0000 0.0000 0.0000 2588.6276
2022 9 30 15 7.8400 225.8600 0.8000 7.8400 0.0000 184.3674 193.2799 12.6554 0.4484  2858.3425 0.0000 0.0000 0.0000 0.0000 2858.3425
2022 9 30 16 7.8400 307.7600 0.8000 7.8400 0.0000 184.3784 193.2909 12.6561 0.4484  3895.0503 0.0000 0.0000 0.0000 0.0000 3895.0503
2022 9 30 17 7.8400 293.1200 0.8000 7.8400 0.0000 184.3893 193.3018 12.6569 0.4484  3709.9850 0.0000 0.0000 0.0000 0.0000 3709.9850
2022 9 30 18 7.8400 316.2800 0.8000 7.8400 0.0000 184.4002 193.3127 12.6576 0.4485  4003.3551 0.0000 0.0000 0.0000 0.0000 4003.3551
2022 9 30 19 7.8400 306.5000 0.8000 7.8400 0.0000 184.4111 193.3236 12.6584 0.4485  3879.7921 0.0000 0.0000 0.0000 0.0000 3879.7921
2022 9 30 20 7.8400 201.5000 0.8000 7.8400 0.0000 184.4219 193.3345 12.6591 0.4485  2550.8126 0.0000 0.0000 0.0000 0.0000 2550.8126
2022 9 30 21 7.8400 176.8500 0.8000 7.8400 0.0000 184.4327 193.3453 12.6599 0.4485  2238.8966 0.0000 0.0000 0.0000 0.0000 2238.8966
2022 9 30 22 7.8400 99.1600 0.8000 7.8400 0.0000 184.4435 193.3560 12.6606 0.4486  1255.4252 0.0000 0.0000 0.0000 0.0000 1255.4252
2022 9 30 23 7.8400 83.4300 0.8000 7.8400 0.0000 184.4543 193.3668 12.6613 0.4486  1056.3355 0.0000 0.0000 0.0000 0.0000 1056.3355
2022 10 1 0 7.8400 69.2000 0.8000 7.8400 0.0000 184.4650 193.3775 12.6621 0.4486  876.2156 0.0000 0.0000 0.0000 0.0000 876.2156
2022 10 1 1 7.8400 54.4200 0.8000 7.8400 0.0000 184.4757 193.3882 12.6628 0.4487  689.1102 0.0000 0.0000 0.0000 0.0000 689.1102
2022 10 1 2 7.8400 23.3800 0.8000 7.8400 0.0000 184.4864 193.3990 12.6635 0.4487  296.0737 0.0000 0.0000 0.0000 0.0000 296.0737
2022 10 1 3 7.8400 18.4000 0.8000 7.8400 0.0000 184.4973 193.4098 12.6643 0.4487  233.0229 0.0000 0.0000 0.0000 0.0000 233.0229
2022 10 1 4 7.8400 17.4200 0.8000 7.8400 0.0000 184.5084 193.4209 12.6651 0.4487  220.6252 0.0000 0.0000 0.0000 0.0000 220.6252
2022 10 1 5 7.8400 17.0300 0.8000 7.8400 0.0000 184.5200 193.4326 12.6659 0.4488  215.6995 0.0000 0.0000 0.0000 0.0000 215.6995
2022 10 1 6 7.8400 25.9500 0.8000 7.8400 0.0000 184.5330 193.4455 12.6667 0.4488  328.7020 0.0000 0.0000 0.0000 0.0000 328.7020
2022 10 1 7 7.8400 48.9000 0.8000 7.8400 0.0000 184.5483 193.4608 12.6678 0.4488  619.4552 0.0000 0.0000 0.0000 0.0000 619.4552
2022 10 1 8 7.8400 79.6000 0.8000 7.8400 0.0000 184.5670 193.4796 12.6691 0.4489  1008.4587 0.0000 0.0000 0.0000 0.0000 1008.4587
2022 10 1 9 7.8400 119.5500 0.8000 7.8400 0.0000 184.5894 193.5019 12.6706 0.4489  1514.7718 0.0000 0.0000 0.0000 0.0000 1514.7718
2022 10 1 10 7.8400 116.2000 0.8000 7.8400 0.0000 184.6147 193.5272 12.6724 0.4490  1472.5271 0.0000 0.0000 0.0000 0.0000 1472.5271
2022 10 1 11 7.8400 97.9500 0.8000 7.8400 0.0000 184.6419 193.5544 12.6742 0.4491  1241.4397 0.0000 0.0000 0.0000 0.0000 1241.4397
2022 10 1 12 7.8400 80.5800 0.8000 7.8400 0.0000 184.6701 193.5826 12.6762 0.4491  1021.4444 0.0000 0.0000 0.0000 0.0000 1021.4444
2022 10 1 13 7.8400 72.0100 0.8000 7.8400 0.0000 184.6987 193.6112 12.6781 0.4492  912.9514 0.0000 0.0000 0.0000 0.0000 912.9514
2022 10 1 14 7.8400 72.8100 0.8000 7.8400 0.0000 184.7277 193.6402 12.6801 0.4493  923.2386 0.0000 0.0000 0.0000 0.0000 923.2386
2022 10 1 15 7.8400 75.9900 0.8000 7.8400 0.0000 184.7568 193.6694 12.6821 0.4493  963.7134 0.0000 0.0000 0.0000 0.0000 963.7134
2022 10 1 16 7.8400 149.9700 0.8000 7.8400 0.0000 184.7860 193.6985 12.6841 0.4494  1902.2357 0.0000 0.0000 0.0000 0.0000 1902.2357
2022 10 1 17 7.8400 184.2700 0.8000 7.8400 0.0000 184.8148 193.7273 12.6861 0.4495  2337.6649 0.0000 0.0000 0.0000 0.0000 2337.6649
2022 10 1 18 7.8400 213.0600 0.8000 7.8400 0.0000 184.8430 193.7555 12.6880 0.4495  2703.3101 0.0000 0.0000 0.0000 0.0000 2703.3101
2022 10 1 19 7.8400 196.2000 0.8000 7.8400 0.0000 184.8706 193.7831 12.6899 0.4496  2489.7615 0.0000 0.0000 0.0000 0.0000 2489.7615
2022 10 1 20 7.8400 157.6900 0.8000 7.8400 0.0000 184.8975 193.8100 12.6918 0.4497  2001.3644 0.0000 0.0000 0.0000 0.0000 2001.3644
2022 10 1 21 7.8400 120.0200 0.8000 7.8400 0.0000 184.9238 193.8364 12.6936 0.4497  1523.4824 0.0000 0.0000 0.0000 0.0000 1523.4824
2022 10 1 22 7.8400 84.2900 0.8000 7.8400 0.0000 184.9496 193.8621 12.6953 0.4498  1070.0900 0.0000 0.0000 0.0000 0.0000 1070.0900
2022 10 1 23 7.8400 70.8700 0.8000 7.8400 0.0000 184.9748 193.8873 12.6971 0.4499  899.8412 0.0000 0.0000 0.0000 0.0000 899.8412
2022 10 2 0 7.8400 70.3200 0.8000 7.8400 0.0000 184.9994 193.9120 12.6988 0.4499  892.9769 0.0000 0.0000 0.0000 0.0000 892.9769
2022 10 2 1 7.8400 63.9500 0.8000 7.8400 0.0000 185.0236 193.9361 12.7004 0.4500  812.1919 0.0000 0.0000 0.0000 0.0000 812.1919
2022 10 2 2 7.8400 68.0300 0.8000 7.8400 0.0000 185.0473 193.9599 12.7020 0.4500  864.1204 0.0000 0.0000 0.0000 0.0000 864.1204
2022 10 2 3 7.8400 64.9900 0.8000 7.8400 0.0000 185.0706 193.9831 12.7036 0.4501  825.6100 0.0000 0.0000 0.0000 0.0000 825.6100
2022 10 2 4 7.8400 65.3600 0.8000 7.8400 0.0000 185.0936 194.0061 12.7052 0.4502  830.4132 0.0000 0.0000 0.0000 0.0000 830.4132
2022 10 2 5 7.8400 65.2000 0.8000 7.8400 0.0000 185.1161 194.0286 12.7068 0.4502  828.4813 0.0000 0.0000 0.0000 0.0000 828.4813
2022 10 2 6 7.8400 127.7400 0.8000 7.8400 0.0000 185.1383 194.0509 12.7083 0.4503  1623.3576 0.0000 0.0000 0.0000 0.0000 1623.3576
2022 10 2 7 7.8400 93.3700 0.8000 7.8400 0.0000 185.1602 194.0728 12.7098 0.4503  1186.7139 0.0000 0.0000 0.0000 0.0000 1186.7139
2022 10 2 8 7.8400 212.7600 0.8000 7.8400 0.0000 185.1818 194.0944 12.7113 0.4504  2704.4521 0.0000 0.0000 0.0000 0.0000 2704.4521
2022 10 2 9 7.8400 232.8900 0.8000 7.8400 0.0000 185.2032 194.1157 12.7127 0.4504  2960.6712 0.0000 0.0000 0.0000 0.0000 2960.6712
2022 10 2 10 7.8400 233.2600 0.8000 7.8400 0.0000 185.2242 194.1368 12.7142 0.4505  2965.7123 0.0000 0.0000 0.0000 0.0000 2965.7123
2022 10 2 11 7.8400 253.5800 0.8000 7.8400 0.0000 185.2451 194.1576 12.7156 0.4505  3224.4275 0.0000 0.0000 0.0000 0.0000 3224.4275
2022 10 2 12 7.8400 287.3600 0.8000 7.8400 0.0000 185.2657 194.1782 12.7170 0.4506  3654.3672 0.0000 0.0000 0.0000 0.0000 3654.3672
2022 10 2 13 7.8400 254.1600 0.8000 7.8400 0.0000 185.2860 194.1986 12.7184 0.4506  3232.5172 0.0000 0.0000 0.0000 0.0000 3232.5172
2022 10 2 14 7.8400 224.5500 0.8000 7.8400 0.0000 185.3062 194.2187 12.7198 0.4507  2856.2348 0.0000 0.0000 0.0000 0.0000 2856.2348
2022 10 2 15 7.8400 107.4000 0.8000 7.8400 0.0000 185.3261 194.2386 12.7212 0.4507  1366.2551 0.0000 0.0000 0.0000 0.0000 1366.2551
2022 10 2 16 7.8400 220.4100 0.8000 7.8400 0.0000 185.3458 194.2583 12.7225 0.4508  2804.1738 0.0000 0.0000 0.0000 0.0000 2804.1738
2022 10 2 17 7.8400 297.9300 0.8000 7.8400 0.0000 185.3652 194.2777 12.7239 0.4508  3790.8224 0.0000 0.0000 0.0000 0.0000 3790.8224
2022 10 2 18 7.8400 331.6800 0.8000 7.8400 0.0000 185.3845 194.2970 12.7252 0.4509  4220.6909 0.0000 0.0000 0.0000 0.0000 4220.6909
2022 10 2 19 7.8400 318.4200 0.8000 7.8400 0.0000 185.4035 194.3160 12.7265 0.4509  4052.3711 0.0000 0.0000 0.0000 0.0000 4052.3711
2022 10 2 20 7.8400 253.0800 0.8000 7.8400 0.0000 185.4223 194.3348 12.7278 0.4510  3221.1485 0.0000 0.0000 0.0000 0.0000 3221.1485
2022 10 2 21 7.8400 178.6600 0.8000 7.8400 0.0000 185.4409 194.3534 12.7291 0.4510  2274.1747 0.0000 0.0000 0.0000 0.0000 2274.1747
2022 10 2 22 7.8400 165.3800 0.8000 7.8400 0.0000 185.4593 194.3718 12.7303 0.4510  2105.3416 0.0000 0.0000 0.0000 0.0000 2105.3416
2022 10 2 23 7.8400 194.7300 0.8000 7.8400 0.0000 185.4775 194.3900 12.7316 0.4511  2479.2197 0.0000 0.0000 0.0000 0.0000 2479.2197
2022 10 3 0 7.8400 179.9000 0.8000 7.8400 0.0000 185.4955 194.4080 12.7328 0.4511  2290.6326 0.0000 0.0000 0.0000 0.0000 2290.6326
2022 10 3 1 7.8400 171.6000 0.8000 7.8400 0.0000 185.5133 194.4258 12.7340 0.4512  2185.1601 0.0000 0.0000 0.0000 0.0000 2185.1601
2022 10 3 2 7.8400 100.4500 0.8000 7.8400 0.0000 185.5309 194.4434 12.7352 0.4512  1279.2550 0.0000 0.0000 0.0000 0.0000 1279.2550
2022 10 3 3 7.8400 104.5500 0.8000 7.8400 0.0000 185.5483 194.4608 12.7364 0.4513  1331.5946 0.0000 0.0000 0.0000 0.0000 1331.5946
2022 10 3 4 7.8400 140.4600 0.8000 7.8400 0.0000 185.5656 194.4781 12.7376 0.4513  1789.1264 0.0000 0.0000 0.0000 0.0000 1789.1264
2022 10 3 5 7.8400 212.7100 0.8000 7.8400 0.0000 185.5826 194.4951 12.7388 0.4513  2709.6686 0.0000 0.0000 0.0000 0.0000 2709.6686
2022 10 3 6 7.8400 305.1800 0.8000 7.8400 0.0000 185.5995 194.5120 12.7400 0.4514  3887.9780 0.0000 0.0000 0.0000 0.0000 3887.9780
2022 10 3 7 7.8400 323.5700 0.8000 7.8400 0.0000 185.6162 194.5287 12.7411 0.4514  4122.6370 0.0000 0.0000 0.0000 0.0000 4122.6370
2022 10 3 8 7.8400 275.9600 0.8000 7.8400 0.0000 185.6327 194.5452 12.7422 0.4515  3516.3461 0.0000 0.0000 0.0000 0.0000 3516.3461
2022 10 3 9 7.8400 212.7300 0.8000 7.8400 0.0000 185.6491 194.5616 12.7434 0.4515  2710.8936 0.0000 0.0000 0.0000 0.0000 2710.8936
2022 10 3 10 7.8400 156.7600 0.8000 7.8400 0.0000 185.6653 194.5778 12.7445 0.4515  1997.8223 0.0000 0.0000 0.0000 0.0000 1997.8223
2022 10 3 11 7.8400 126.7100 0.8000 7.8400 0.0000 185.6813 194.5938 12.7456 0.4516  1614.9908 0.0000 0.0000 0.0000 0.0000 1614.9908
2022 10 3 12 7.8400 137.5900 0.8000 7.8400 0.0000 185.6972 194.6097 12.7467 0.4516  1753.8128 0.0000 0.0000 0.0000 0.0000 1753.8128
2022 10 3 13 7.8400 154.3700 0.8000 7.8400 0.0000 185.7130 194.6255 12.7477 0.4517  1967.8685 0.0000 0.0000 0.0000 0.0000 1967.8685
2022 10 3 14 7.8400 196.1100 0.8000 7.8400 0.0000 185.7286 194.6411 12.7488 0.4517  2500.1693 0.0000 0.0000 0.0000 0.0000 2500.1693
2022 10 3 15 7.8400 238.2900 0.8000 7.8400 0.0000 185.7441 194.6566 12.7499 0.4517  3038.1672 0.0000 0.0000 0.0000 0.0000 3038.1672
2022 10 3 16 7.8400 332.4800 0.8000 7.8400 0.0000 185.7594 194.6719 12.7509 0.4518  4239.4280 0.0000 0.0000 0.0000 0.0000 4239.4280
2022 10 3 17 7.8400 367.0800 0.8000 7.8400 0.0000 185.7746 194.6871 12.7520 0.4518  4680.9922 0.0000 0.0000 0.0000 0.0000 4680.9922
2022 10 3 18 7.8400 373.7600 0.8000 7.8400 0.0000 185.7896 194.7021 12.7530 0.4518  4766.5614 0.0000 0.0000 0.0000 0.0000 4766.5614
2022 10 3 19 7.8400 364.8600 0.8000 7.8400 0.0000 185.8045 194.7170 12.7540 0.4519  4653.4328 0.0000 0.0000 0.0000 0.0000 4653.4328
2022 10 3 20 7.8400 326.4700 0.8000 7.8400 0.0000 185.8193 194.7318 12.7550 0.4519  4164.1369 0.0000 0.0000 0.0000 0.0000 4164.1369
2022 10 3 21 7.8400 319.0700 0.8000 7.8400 0.0000 185.8339 194.7464 12.7560 0.4520  4070.0701 0.0000 0.0000 0.0000 0.0000 4070.0701
2022 10 3 22 7.8400 297.8500 0.8000 7.8400 0.0000 185.8484 194.7609 12.7570 0.4520  3799.6833 0.0000 0.0000 0.0000 0.0000 3799.6833
2022 10 3 23 7.8400 211.7700 0.8000 7.8400 0.0000 185.8628 194.7753 12.7580 0.4520  2701.7664 0.0000 0.0000 0.0000 0.0000 2701.7664
2022 10 4 0 7.8400 193.6000 0.8000 7.8400 0.0000 185.8770 194.7895 12.7590 0.4521  2470.1423 0.0000 0.0000 0.0000 0.0000 2470.1423
2022 10 4 1 7.8400 193.0400 0.8000 7.8400 0.0000 185.8911 194.8036 12.7600 0.4521  2463.1840 0.0000 0.0000 0.0000 0.0000 2463.1840
2022 10 4 2 7.8400 173.9500 0.8000 7.8400 0.0000 185.9051 194.8176 12.7609 0.4521  2219.7632 0.0000 0.0000 0.0000 0.0000 2219.7632
2022 10 4 3 7.8400 192.6700 0.8000 7.8400 0.0000 185.9190 194.8315 12.7619 0.4522  2458.8310 0.0000 0.0000 0.0000 0.0000 2458.8310
2022 10 4 4 7.8400 202.5600 0.8000 7.8400 0.0000 185.9327 194.8452 12.7628 0.4522  2585.2370 0.0000 0.0000 0.0000 0.0000 2585.2370
2022 10 4 5 7.8400 252.2900 0.8000 7.8400 0.0000 185.9463 194.8588 12.7638 0.4522  3220.1679 0.0000 0.0000 0.0000 0.0000 3220.1679
2022 10 4 6 7.8400 299.2900 0.8000 7.8400 0.0000 185.9598 194.8723 12.7647 0.4523  3820.3422 0.0000 0.0000 0.0000 0.0000 3820.3422
2022 10 4 7 7.8400 308.4300 0.8000 7.8400 0.0000 185.9732 194.8857 12.7656 0.4523  3937.2949 0.0000 0.0000 0.0000 0.0000 3937.2949
2022 10 4 8 7.8400 303.3300 0.8000 7.8400 0.0000 185.9865 194.8990 12.7665 0.4523  3872.4670 0.0000 0.0000 0.0000 0.0000 3872.4670
2022 10 4 9 7.8400 266.3100 0.8000 7.8400 0.0000 185.9997 194.9122 12.7674 0.4524  3400.0918 0.0000 0.0000 0.0000 0.0000 3400.0918
2022 10 4 10 7.8400 223.4600 0.8000 7.8400 0.0000 186.0128 194.9253 12.7683 0.4524  2853.2088 0.0000 0.0000 0.0000 0.0000 2853.2088
2022 10 4 11 7.8400 171.5200 0.8000 7.8400 0.0000 186.0258 194.9383 12.7692 0.4524  2190.1751 0.0000 0.0000 0.0000 0.0000 2190.1751
2022 10 4 12 7.8400 159.6400 0.8000 7.8400 0.0000 186.0387 194.9512 12.7701 0.4525  2038.6180 0.0000 0.0000 0.0000 0.0000 2038.6180
2022 10 4 13 7.8400 148.3800 0.8000 7.8400 0.0000 186.0515 194.9640 12.7710 0.4525  1894.9571 0.0000 0.0000 0.0000 0.0000 1894.9571
2022 10 4 14 7.8400 152.6300 0.8000 7.8400 0.0000 186.0642 194.9767 12.7718 0.4525  1949.3668 0.0000 0.0000 0.0000 0.0000 1949.3668
2022 10 4 15 7.8400 187.8200 0.8000 7.8400 0.0000 186.0768 194.9893 12.7727 0.4525  2398.9707 0.0000 0.0000 0.0000 0.0000 2398.9707
2022 10 4 16 7.8400 211.9200 0.8000 7.8400 0.0000 186.0893 195.0018 12.7736 0.4526  2706.9753 0.0000 0.0000 0.0000 0.0000 2706.9753
2022 10 4 17 7.8400 236.0900 0.8000 7.8400 0.0000 186.1018 195.0143 12.7744 0.4526  3015.9145 0.0000 0.0000 0.0000 0.0000 3015.9145
2022 10 4 18 7.8400 212.0100 0.8000 7.8400 0.0000 186.1142 195.0267 12.7753 0.4526  2708.4865 0.0000 0.0000 0.0000 0.0000 2708.4865
2022 10 4 19 7.8400 178.5700 0.8000 7.8400 0.0000 186.1265 195.0390 12.7761 0.4527  2281.4324 0.0000 0.0000 0.0000 0.0000 2281.4324
2022 10 4 20 7.8400 159.3100 0.8000 7.8400 0.0000 186.1387 195.0512 12.7770 0.4527  2035.4981 0.0000 0.0000 0.0000 0.0000 2035.4981
2022 10 4 21 7.8400 161.8500 0.8000 7.8400 0.0000 186.1509 195.0634 12.7778 0.4527  2068.0870 0.0000 0.0000 0.0000 0.0000 2068.0870
2022 10 4 22 7.8400 141.6400 0.8000 7.8400 0.0000 186.1630 195.0755 12.7786 0.4528  1809.9654 0.0000 0.0000 0.0000 0.0000 1809.9654
2022 10 4 23 7.8400 45.8400 0.8000 7.8400 0.0000 186.1716 195.0841 12.7792 0.4528  585.7996 0.0000 0.0000 0.0000 0.0000 585.7996
2022 10 5 0 7.8400 87.4300 0.8000 7.8400 0.0000 186.1797 195.0923 12.7798 0.4528  1117.3361 0.0000 0.0000 0.0000 0.0000 1117.3361
2022 10 5 1 7.8400 56.7800 0.8000 7.8400 0.0000 186.1908 195.1033 12.7805 0.4528  725.6790 0.0000 0.0000 0.0000 0.0000 725.6790
2022 10 5 2 7.8400 48.3100 0.8000 7.8400 0.0000 186.2018 195.1143 12.7813 0.4529  617.4644 0.0000 0.0000 0.0000 0.0000 617.4644
2022 10 5 3 7.8400 44.0500 0.8000 7.8400 0.0000 186.2128 195.1253 12.7820 0.4529  563.0491 0.0000 0.0000 0.0000 0.0000 563.0491
2022 10 5 4 7.8400 42.4300 0.8000 7.8400 0.0000 186.2237 195.1362 12.7828 0.4529  542.3739 0.0000 0.0000 0.0000 0.0000 542.3739
2022 10 5 5 7.8400 97.9500 0.8000 7.8400 0.0000 186.2345 195.1470 12.7835 0.4529  1252.1474 0.0000 0.0000 0.0000 0.0000 1252.1474
2022 10 5 6 7.8400 156.5100 0.8000 7.8400 0.0000 186.2453 195.1578 12.7843 0.4530  2000.8673 0.0000 0.0000 0.0000 0.0000 2000.8673
2022 10 5 7 7.8400 163.2100 0.8000 7.8400 0.0000 186.2561 195.1686 12.7850 0.4530  2086.6431 0.0000 0.0000 0.0000 0.0000 2086.6431
2022 10 5 8 7.8400 110.0400 0.8000 7.8400 0.0000 186.2669 195.1795 12.7858 0.4530  1406.9455 0.0000 0.0000 0.0000 0.0000 1406.9455
2022 10 5 9 7.8400 100.8000 0.8000 7.8400 0.0000 186.2778 195.1903 12.7865 0.4530  1288.8804 0.0000 0.0000 0.0000 0.0000 1288.8804
2022 10 5 10 7.8400 57.5400 0.8000 7.8400 0.0000 186.2887 195.2012 12.7873 0.4531  735.7790 0.0000 0.0000 0.0000 0.0000 735.7790
2022 10 5 11 7.8400 40.8600 0.8000 7.8400 0.0000 186.2997 195.2122 12.7880 0.4531  522.5182 0.0000 0.0000 0.0000 0.0000 522.5182
2022 10 5 12 7.8400 24.7000 0.8000 7.8400 0.0000 186.3107 195.2232 12.7888 0.4531  315.8826 0.0000 0.0000 0.0000 0.0000 315.8826
2022 10 5 13 7.8400 18.0200 0.8000 7.8400 0.0000 186.3218 195.2343 12.7895 0.4531  230.4673 0.0000 0.0000 0.0000 0.0000 230.4673
2022 10 5 14 7.8400 20.4400 0.8000 7.8400 0.0000 186.3330 195.2455 12.7903 0.4532  261.4337 0.0000 0.0000 0.0000 0.0000 261.4337
2022 10 5 15 7.8400 37.6900 0.8000 7.8400 0.0000 186.3443 195.2568 12.7911 0.4532  482.0955 0.0000 0.0000 0.0000 0.0000 482.0955
2022 10 5 16 7.8400 26.9600 0.8000 7.8400 0.0000 186.3557 195.2682 12.7919 0.4532  344.8685 0.0000 0.0000 0.0000 0.0000 344.8685
2022 10 5 17 7.8400 21.1800 0.8000 7.8400 0.0000 186.3674 195.2799 12.7927 0.4533  270.9485 0.0000 0.0000 0.0000 0.0000 270.9485
2022 10 5 18 7.8400 16.7800 0.8000 7.8400 0.0000 186.3793 195.2918 12.7935 0.4533  214.6745 0.0000 0.0000 0.0000 0.0000 214.6745
2022 10 5 19 7.8400 11.5800 0.8000 7.8400 0.0000 186.3917 195.3042 12.7943 0.4533  148.1583 0.0000 0.0000 0.0000 0.0000 148.1583
2022 10 5 20 7.8400 18.3700 0.8000 7.8400 0.0000 186.4046 195.3171 12.7952 0.4533  235.0481 0.0000 0.0000 0.0000 0.0000 235.0481
2022 10 5 21 7.8400 21.8600 0.8000 7.8400 0.0000 186.4180 195.3305 12.7961 0.4534  279.7234 0.0000 0.0000 0.0000 0.0000 279.7234
2022 10 5 22 7.8400 2.0500 0.8000 7.8400 0.0000 186.4317 195.3442 12.7971 0.4534  26.2340 0.0000 0.0000 0.0000 0.0000 26.2340
2022 10 5 23 7.8400 1.0000 0.8000 7.8400 0.0000 186.4457 195.3582 12.7980 0.4534  12.7980 0.0000 0.0000 0.0000 0.0000 12.7980
2022 10 6 0 7.8400 0.4200 0.8000 7.8400 0.0000 186.4598 195.3723 12.7990 0.4535  5.3756 0.0000 0.0000 0.0000 0.0000 5.3756
2022 10 6 1 7.8400 0.0900 0.8000 7.8400 0.0000 186.4741 195.3866 12.8000 0.4535  1.1520 0.0000 0.0000 0.0000 0.0000 1.1520
2022 10 6 2 7.8400 0.0800 0.8000 7.8400 0.0000 186.4885 195.4010 12.8010 0.4535  1.0241 0.0000 0.0000 0.0000 0.0000 1.0241
2022 10 6 3 7.8400 0.0700 0.8000 7.8400 0.0000 186.5030 195.4155 12.8020 0.4536  0.8961 0.0000 0.0000 0.0000 0.0000 0.8961
2022 10 6 4 7.8400 0.6100 0.8000 7.8400 0.0000 186.5174 195.4299 12.8030 0.4536  7.8098 0.0000 0.0000 0.0000 0.0000 7.8098
2022 10 6 5 7.8400 21.7200 0.8000 7.8400 0.0000 186.5319 195.4444 12.8040 0.4537  278.1018 0.0000 0.0000 0.0000 0.0000 278.1018
2022 10 6 6 7.8400 53.6700 0.8000 7.8400 0.0000 186.5463 195.4588 12.8049 0.4537  687.2410 0.0000 0.0000 0.0000 0.0000 687.2410
2022 10 6 7 7.8400 62.8000 0.8000 7.8400 0.0000 186.5605 195.4731 12.8059 0.4537  804.2117 0.0000 0.0000 0.0000 0.0000 804.2117
2022 10 6 8 7.8400 45.2800 0.8000 7.8400 0.0000 186.5747 195.4872 12.8069 0.4538  579.8960 0.0000 0.0000 0.0000 0.0000 579.8960
2022 10 6 9 7.8400 40.1800 0.8000 7.8400 0.0000 186.5888 195.5013 12.8079 0.4538  514.6197 0.0000 0.0000 0.0000 0.0000 514.6197
2022 10 6 10 7.8400 9.3600 0.8000 7.8400 0.0000 186.6027 195.5153 12.8088 0.4538  119.8905 0.0000 0.0000 0.0000 0.0000 119.8905
2022 10 6 11 7.8400 5.9500 0.8000 7.8400 0.0000 186.6166 195.5291 12.8098 0.4539  76.2181 0.0000 0.0000 0.0000 0.0000 76.2181
2022 10 6 12 7.8400 4.6000 0.8000 7.8400 0.0000 186.6304 195.5430 12.8107 0.4539  58.9293 0.0000 0.0000 0.0000 0.0000 58.9293
2022 10 6 13 7.8400 4.2200 0.8000 7.8400 0.0000 186.6443 195.5568 12.8117 0.4539  54.0652 0.0000 0.0000 0.0000 0.0000 54.0652
2022 10 6 14 7.8400 15.6000 0.8000 7.8400 0.0000 186.6581 195.5706 12.8126 0.4540  199.8768 0.0000 0.0000 0.0000 0.0000 199.8768
2022 10 6 15 7.8400 19.1800 0.8000 7.8400 0.0000 186.6720 195.5845 12.8136 0.4540  245.7642 0.0000 0.0000 0.0000 0.0000 245.7642
2022 10 6 16 7.8400 25.5800 0.8000 7.8400 0.0000 186.6858 195.5983 12.8145 0.4540  327.7953 0.0000 0.0000 0.0000 0.0000 327.7953
2022 10 6 17 7.8400 42.8600 0.8000 7.8400 0.0000 186.6996 195.6121 12.8155 0.4541  549.2709 0.0000 0.0000 0.0000 0.0000 549.2709
2022 10 6 18 7.8400 47.0300 0.8000 7.8400 0.0000 186.7134 195.6259 12.8164 0.4541  602.7559 0.0000 0.0000 0.0000 0.0000 602.7559
2022 10 6 19 7.8400 46.6000 0.8000 7.8400 0.0000 186.7272 195.6397 12.8174 0.4541  597.2888 0.0000 0.0000 0.0000 0.0000 597.2888
2022 10 6 20 7.8400 42.9500 0.8000 7.8400 0.0000 186.7409 195.6534 12.8183 0.4542  550.5460 0.0000 0.0000 0.0000 0.0000 550.5460
2022 10 6 21 7.8400 37.9000 0.8000 7.8400 0.0000 186.7546 195.6671 12.8192 0.4542  485.8491 0.0000 0.0000 0.0000 0.0000 485.8491
2022 10 6 22 7.8400 27.9100 0.8000 7.8400 0.0000 186.7681 195.6807 12.8202 0.4542  357.8109 0.0000 0.0000 0.0000 0.0000 357.8109
2022 10 6 23 7.8400 18.2500 0.8000 7.8400 0.0000 186.7817 195.6942 12.8211 0.4543  233.9850 0.0000 0.0000 0.0000 0.0000 233.9850
2022 10 7 0 7.8400 5.0700 0.8000 7.8400 0.0000 186.7951 195.7076 12.8220 0.4543  65.0076 0.0000 0.0000 0.0000 0.0000 65.0076
2022 10 7 1 7.8400 1.4100 0.8000 7.8400 0.0000 186.8085 195.7210 12.8229 0.4543  18.0803 0.0000 0.0000 0.0000 0.0000 18.0803
2022 10 7 2 7.8400 0.4700 0.8000 7.8400 0.0000 186.8218 195.7343 12.8239 0.4544  6.0272 0.0000 0.0000 0.0000 0.0000 6.0272
2022 10 7 3 7.8400 0.1000 0.8000 7.8400 0.0000 186.8350 195.7475 12.8248 0.4544  1.2825 0.0000 0.0000 0.0000 0.0000 1.2825
2022 10 7 4 7.8400 0.8400 0.8000 7.8400 0.0000 186.8482 195.7607 12.8257 0.4544  10.7736 0.0000 0.0000 0.0000 0.0000 10.7736
2022 10 7 5 7.8400 6.2000 0.8000 7.8400 0.0000 186.8614 195.7739 12.8266 0.4545  79.5247 0.0000 0.0000 0.0000 0.0000 79.5247
2022 10 7 6 7.8400 52.1500 0.8000 7.8400 0.0000 186.8747 195.7872 12.8275 0.4545  668.9533 0.0000 0.0000 0.0000 0.0000 668.9533
2022 10 7 7 7.8400 53.4600 0.8000 7.8400 0.0000 186.8881 195.8007 12.8284 0.4545  685.8065 0.0000 0.0000 0.0000 0.0000 685.8065
2022 10 7 8 7.8400 50.7000 0.8000 7.8400 0.0000 186.9017 195.8142 12.8293 0.4546  650.4474 0.0000 0.0000 0.0000 0.0000 650.4474
2022 10 7 9 7.8400 41.6200 0.8000 7.8400 0.0000 186.9155 195.8280 12.8303 0.4546  533.9965 0.0000 0.0000 0.0000 0.0000 533.9965
2022 10 7 10 7.8400 22.0600 0.8000 7.8400 0.0000 186.9296 195.8421 12.8312 0.4546  283.0573 0.0000 0.0000 0.0000 0.0000 283.0573
2022 10 7 11 7.8400 14.6600 0.8000 7.8400 0.0000 186.9438 195.8563 12.8322 0.4547  188.1204 0.0000 0.0000 0.0000 0.0000 188.1204
2022 10 7 12 7.8400 14.7600 0.8000 7.8400 0.0000 186.9584 195.8709 12.8332 0.4547  189.4184 0.0000 0.0000 0.0000 0.0000 189.4184
2022 10 7 13 7.8400 20.9900 0.8000 7.8400 0.0000 186.9734 195.8859 12.8343 0.4547  269.3911 0.0000 0.0000 0.0000 0.0000 269.3911
2022 10 7 14 7.8400 19.3400 0.8000 7.8400 0.0000 186.9891 195.9016 12.8353 0.4548  248.2354 0.0000 0.0000 0.0000 0.0000 248.2354
2022 10 7 15 7.8400 24.8400 0.8000 7.8400 0.0000 187.0055 195.9180 12.8365 0.4548  318.8577 0.0000 0.0000 0.0000 0.0000 318.8577
2022 10 7 16 7.8400 36.4200 0.8000 7.8400 0.0000 187.0225 195.9350 12.8376 0.4548  467.5464 0.0000 0.0000 0.0000 0.0000 467.5464
2022 10 7 17 7.8400 55.8200 0.8000 7.8400 0.0000 187.0399 195.9525 12.8388 0.4549  716.6632 0.0000 0.0000 0.0000 0.0000 716.6632
2022 10 7 18 7.8400 53.6500 0.8000 7.8400 0.0000 187.0577 195.9702 12.8400 0.4549  688.8685 0.0000 0.0000 0.0000 0.0000 688.8685
2022 10 7 19 7.8400 41.8400 0.8000 7.8400 0.0000 187.0758 195.9883 12.8413 0.4550  537.2794 0.0000 0.0000 0.0000 0.0000 537.2794
2022 10 7 20 7.8400 53.6400 0.8000 7.8400 0.0000 187.0941 196.0066 12.8425 0.4550  688.8739 0.0000 0.0000 0.0000 0.0000 688.8739
2022 10 7 21 7.8400 54.9800 0.8000 7.8400 0.0000 187.1125 196.0250 12.8438 0.4551  706.1524 0.0000 0.0000 0.0000 0.0000 706.1524
2022 10 7 22 7.8400 53.6100 0.8000 7.8400 0.0000 187.1310 196.0435 12.8451 0.4551  688.6245 0.0000 0.0000 0.0000 0.0000 688.6245
2022 10 7 23 7.8400 48.2200 0.8000 7.8400 0.0000 187.1495 196.0620 12.8463 0.4552  619.4508 0.0000 0.0000 0.0000 0.0000 619.4508
2022 10 8 0 7.8400 48.6400 0.8000 7.8400 0.0000 187.1680 196.0805 12.8476 0.4552  624.9079 0.0000 0.0000 0.0000 0.0000 624.9079
2022 10 8 1 7.8400 48.9600 0.8000 7.8400 0.0000 187.1864 196.0989 12.8489 0.4552  629.0809 0.0000 0.0000 0.0000 0.0000 629.0809
2022 10 8 2 7.8400 49.1500 0.8000 7.8400 0.0000 187.2046 196.1172 12.8501 0.4553  631.5839 0.0000 0.0000 0.0000 0.0000 631.5839
2022 10 8 3 7.8400 49.1200 0.8000 7.8400 0.0000 187.2228 196.1353 12.8514 0.4553  631.2595 0.0000 0.0000 0.0000 0.0000 631.2595
2022 10 8 4 7.8400 49.4900 0.8000 7.8400 0.0000 187.2407 196.1532 12.8526 0.4554  636.0756 0.0000 0.0000 0.0000 0.0000 636.0756
2022 10 8 5 7.8400 50.1000 0.8000 7.8400 0.0000 187.2585 196.1710 12.8538 0.4554  643.9768 0.0000 0.0000 0.0000 0.0000 643.9768
2022 10 8 6 7.8400 64.2600 0.8000 7.8400 0.0000 187.2761 196.1886 12.8550 0.4555  826.0647 0.0000 0.0000 0.0000 0.0000 826.0647
2022 10 8 7 7.8400 71.4500 0.8000 7.8400 0.0000 187.2935 196.2060 12.8562 0.4555  918.5777 0.0000 0.0000 0.0000 0.0000 918.5777
2022 10 8 8 7.8400 71.4800 0.8000 7.8400 0.0000 187.3107 196.2232 12.8574 0.4555  919.0479 0.0000 0.0000 0.0000 0.0000 919.0479
2022 10 8 9 7.8400 55.0100 0.8000 7.8400 0.0000 187.3278 196.2403 12.8586 0.4556  707.3506 0.0000 0.0000 0.0000 0.0000 707.3506
2022 10 8 10 7.8400 49.0400 0.8000 7.8400 0.0000 187.3447 196.2572 12.8597 0.4556  630.6417 0.0000 0.0000 0.0000 0.0000 630.6417
2022 10 8 11 7.8400 39.7700 0.8000 7.8400 0.0000 187.3614 196.2739 12.8609 0.4557  511.4776 0.0000 0.0000 0.0000 0.0000 511.4776
2022 10 8 12 7.8400 37.7800 0.8000 7.8400 0.0000 187.3780 196.2905 12.8620 0.4557  485.9275 0.0000 0.0000 0.0000 0.0000 485.9275
2022 10 8 13 7.8400 32.3100 0.8000 7.8400 0.0000 187.3945 196.3070 12.8632 0.4558  415.6087 0.0000 0.0000 0.0000 0.0000 415.6087
2022 10 8 14 7.8400 32.2800 0.8000 7.8400 0.0000 187.4108 196.3233 12.8643 0.4558  415.2590 0.0000 0.0000 0.0000 0.0000 415.2590
2022 10 8 15 7.8400 45.2300 0.8000 7.8400 0.0000 187.4270 196.3395 12.8654 0.4558  581.9016 0.0000 0.0000 0.0000 0.0000 581.9016
2022 10 8 16 7.8400 49.0200 0.8000 7.8400 0.0000 187.4430 196.3555 12.8665 0.4559  630.7154 0.0000 0.0000 0.0000 0.0000 630.7154
2022 10 8 17 7.8400 54.9800 0.8000 7.8400 0.0000 187.4589 196.3714 12.8676 0.4559  707.4598 0.0000 0.0000 0.0000 0.0000 707.4598
2022 10 8 18 7.8400 51.4900 0.8000 7.8400 0.0000 187.4747 196.3872 12.8687 0.4559  662.6077 0.0000 0.0000 0.0000 0.0000 662.6077
2022 10 8 19 7.8400 49.7900 0.8000 7.8400 0.0000 187.4904 196.4029 12.8697 0.4560  640.7845 0.0000 0.0000 0.0000 0.0000 640.7845
2022 10 8 20 7.8400 50.2500 0.8000 7.8400 0.0000 187.5059 196.4184 12.8708 0.4560  646.7582 0.0000 0.0000 0.0000 0.0000 646.7582
2022 10 8 21 7.8400 61.8100 0.8000 7.8400 0.0000 187.5213 196.4338 12.8719 0.4561  795.6101 0.0000 0.0000 0.0000 0.0000 795.6101
2022 10 8 22 7.8400 67.7700 0.8000 7.8400 0.0000 187.5366 196.4491 12.8729 0.4561  872.3974 0.0000 0.0000 0.0000 0.0000 872.3974
2022 10 8 23 7.8400 101.8400 0.8000 7.8400 0.0000 187.5517 196.4642 12.8740 0.4561  1311.0836 0.0000 0.0000 0.0000 0.0000 1311.0836
2022 10 9 0 7.8400 101.4500 0.8000 7.8400 0.0000 187.5668 196.4793 12.8750 0.4562  1306.1674 0.0000 0.0000 0.0000 0.0000 1306.1674
2022 10 9 1 7.8400 102.2400 0.8000 7.8400 0.0000 187.5816 196.4942 12.8760 0.4562  1316.4431 0.0000 0.0000 0.0000 0.0000 1316.4431
2022 10 9 2 7.8400 102.7000 0.8000 7.8400 0.0000 187.5964 196.5089 12.8770 0.4562  1322.4701 0.0000 0.0000 0.0000 0.0000 1322.4701
2022 10 9 3 7.8400 102.7700 0.8000 7.8400 0.0000 187.6110 196.5236 12.8780 0.4563  1323.4748 0.0000 0.0000 0.0000 0.0000 1323.4748
2022 10 9 4 7.8400 102.2400 0.8000 7.8400 0.0000 187.6256 196.5381 12.8790 0.4563  1316.7513 0.0000 0.0000 0.0000 0.0000 1316.7513
2022 10 9 5 7.8400 102.7200 0.8000 7.8400 0.0000 187.6400 196.5525 12.8800 0.4563  1323.0348 0.0000 0.0000 0.0000 0.0000 1323.0348
2022 10 9 6 7.8400 99.4200 0.8000 7.8400 0.0000 187.6543 196.5668 12.8810 0.4564  1280.6283 0.0000 0.0000 0.0000 0.0000 1280.6283
2022 10 9 7 7.8400 103.4500 0.8000 7.8400 0.0000 187.6684 196.5809 12.8820 0.4564  1332.6393 0.0000 0.0000 0.0000 0.0000 1332.6393
2022 10 9 8 7.8400 104.4300 0.8000 7.8400 0.0000 187.6825 196.5950 12.8829 0.4565  1345.3643 0.0000 0.0000 0.0000 0.0000 1345.3643
2022 10 9 9 7.8400 101.2600 0.8000 7.8400 0.0000 187.6964 196.6089 12.8839 0.4565  1304.6222 0.0000 0.0000 0.0000 0.0000 1304.6222
2022 10 9 10 7.8400 91.5900 0.8000 7.8400 0.0000 187.7102 196.6227 12.8848 0.4565  1180.1220 0.0000 0.0000 0.0000 0.0000 1180.1220
2022 10 9 11 7.8400 60.8200 0.8000 7.8400 0.0000 187.7240 196.6365 12.8858 0.4566  783.7130 0.0000 0.0000 0.0000 0.0000 783.7130
2022 10 9 12 7.8400 52.2200 0.8000 7.8400 0.0000 187.7376 196.6501 12.8867 0.4566  672.9442 0.0000 0.0000 0.0000 0.0000 672.9442
2022 10 9 13 7.8400 57.1900 0.8000 7.8400 0.0000 187.7511 196.6636 12.8876 0.4566  737.0442 0.0000 0.0000 0.0000 0.0000 737.0442
2022 10 9 14 7.8400 84.2000 0.8000 7.8400 0.0000 187.7646 196.6771 12.8886 0.4567  1085.2171 0.0000 0.0000 0.0000 0.0000 1085.2171
2022 10 9 15 7.8400 100.5700 0.8000 7.8400 0.0000 187.7779 196.6904 12.8895 0.4567  1296.2950 0.0000 0.0000 0.0000 0.0000 1296.2950
2022 10 9 16 7.8400 103.3400 0.8000 7.8400 0.0000 187.7911 196.7036 12.8904 0.4567  1332.0927 0.0000 0.0000 0.0000 0.0000 1332.0927
2022 10 9 17 7.8400 103.9300 0.8000 7.8400 0.0000 187.8043 196.7168 12.8913 0.4567  1339.7919 0.0000 0.0000 0.0000 0.0000 1339.7919
2022 10 9 18 7.8400 104.3000 0.8000 7.8400 0.0000 187.8173 196.7298 12.8922 0.4568  1344.6552 0.0000 0.0000 0.0000 0.0000 1344.6552
2022 10 9 19 7.8400 100.5600 0.8000 7.8400 0.0000 187.8303 196.7428 12.8931 0.4568  1296.5278 0.0000 0.0000 0.0000 0.0000 1296.5278
2022 10 9 20 7.8400 96.1400 0.8000 7.8400 0.0000 187.8432 196.7557 12.8940 0.4568  1239.6253 0.0000 0.0000 0.0000 0.0000 1239.6253
2022 10 9 21 7.8400 94.0000 0.8000 7.8400 0.0000 187.8559 196.7684 12.8948 0.4569  1212.1146 0.0000 0.0000 0.0000 0.0000 1212.1146
2022 10 9 22 7.8400 62.7200 0.8000 7.8400 0.0000 187.8686 196.7811 12.8957 0.4569  808.8188 0.0000 0.0000 0.0000 0.0000 808.8188
2022 10 9 23 7.8400 72.3700 0.8000 7.8400 0.0000 187.8812 196.7937 12.8966 0.4569  933.3249 0.0000 0.0000 0.0000 0.0000 933.3249
2022 10 10 0 7.8400 71.7400 0.8000 7.8400 0.0000 187.8937 196.8062 12.8974 0.4570  925.2616 0.0000 0.0000 0.0000 0.0000 925.2616
2022 10 10 1 7.8400 69.5500 0.8000 7.8400 0.0000 187.9061 196.8187 12.8983 0.4570  897.0756 0.0000 0.0000 0.0000 0.0000 897.0756
2022 10 10 2 7.8400 71.7600 0.8000 7.8400 0.0000 187.9185 196.8310 12.8991 0.4570  925.6416 0.0000 0.0000 0.0000 0.0000 925.6416
2022 10 10 3 7.8400 81.6400 0.8000 7.8400 0.0000 187.9308 196.8433 12.9000 0.4571  1053.1538 0.0000 0.0000 0.0000 0.0000 1053.1538
2022 10 10 4 7.8400 102.5800 0.8000 7.8400 0.0000 187.9430 196.8555 12.9008 0.4571  1323.3651 0.0000 0.0000 0.0000 0.0000 1323.3651
2022 10 10 5 7.8400 133.4400 0.8000 7.8400 0.0000 187.9551 196.8676 12.9016 0.4571  1721.5950 0.0000 0.0000 0.0000 0.0000 1721.5950
2022 10 10 6 7.8400 162.5600 0.8000 7.8400 0.0000 187.9671 196.8796 12.9025 0.4571  2097.4250 0.0000 0.0000 0.0000 0.0000 2097.4250
2022 10 10 7 7.8400 173.7700 0.8000 7.8400 0.0000 187.9790 196.8916 12.9033 0.4572  2242.2043 0.0000 0.0000 0.0000 0.0000 2242.2043
2022 10 10 8 7.8400 178.8300 0.8000 7.8400 0.0000 187.9909 196.9034 12.9041 0.4572  2307.6407 0.0000 0.0000 0.0000 0.0000 2307.6407
2022 10 10 9 7.8400 167.0200 0.8000 7.8400 0.0000 188.0027 196.9152 12.9049 0.4572  2155.3786 0.0000 0.0000 0.0000 0.0000 2155.3786
2022 10 10 10 7.8400 161.4700 0.8000 7.8400 0.0000 188.0145 196.9270 12.9057 0.4573  2083.8865 0.0000 0.0000 0.0000 0.0000 2083.8865
2022 10 10 11 7.8400 136.1400 0.8000 7.8400 0.0000 188.0262 196.9387 12.9065 0.4573  1757.0942 0.0000 0.0000 0.0000 0.0000 1757.0942
2022 10 10 12 7.8400 132.9400 0.8000 7.8400 0.0000 188.0380 196.9505 12.9073 0.4573  1715.9012 0.0000 0.0000 0.0000 0.0000 1715.9012
2022 10 10 13 7.8400 133.0400 0.8000 7.8400 0.0000 188.0500 196.9625 12.9082 0.4573  1717.3013 0.0000 0.0000 0.0000 0.0000 1717.3013
2022 10 10 14 7.8400 141.3400 0.8000 7.8400 0.0000 188.0622 196.9747 12.9090 0.4574  1824.5570 0.0000 0.0000 0.0000 0.0000 1824.5570
2022 10 10 15 7.8400 160.4900 0.8000 7.8400 0.0000 188.0745 196.9870 12.9098 0.4574  2071.9003 0.0000 0.0000 0.0000 0.0000 2071.9003
2022 10 10 16 7.8400 165.5600 0.8000 7.8400 0.0000 188.0870 196.9996 12.9107 0.4574  2137.4956 0.0000 0.0000 0.0000 0.0000 2137.4956
2022 10 10 17 7.8400 168.6200 0.8000 7.8400 0.0000 188.0998 197.0123 12.9116 0.4575  2177.1496 0.0000 0.0000 0.0000 0.0000 2177.1496
2022 10 10 18 7.8400 162.6800 0.8000 7.8400 0.0000 188.1126 197.0251 12.9125 0.4575  2100.5984 0.0000 0.0000 0.0000 0.0000 2100.5984
2022 10 10 19 7.8400 160.5200 0.8000 7.8400 0.0000 188.1256 197.0381 12.9133 0.4575  2072.8505 0.0000 0.0000 0.0000 0.0000 2072.8505
2022 10 10 20 7.8400 160.1700 0.8000 7.8400 0.0000 188.1386 197.0511 12.9142 0.4576  2068.4739 0.0000 0.0000 0.0000 0.0000 2068.4739
2022 10 10 21 7.8400 157.6000 0.8000 7.8400 0.0000 188.1517 197.0642 12.9151 0.4576  2035.4258 0.0000 0.0000 0.0000 0.0000 2035.4258
2022 10 10 22 7.8400 126.3100 0.8000 7.8400 0.0000 188.1648 197.0773 12.9160 0.4576  1631.4246 0.0000 0.0000 0.0000 0.0000 1631.4246
2022 10 10 23 7.8400 125.2100 0.8000 7.8400 0.0000 188.1779 197.0904 12.9169 0.4577  1617.3296 0.0000 0.0000 0.0000 0.0000 1617.3296
2022 10 11 0 7.8400 119.9400 0.8000 7.8400 0.0000 188.1910 197.1035 12.9178 0.4577  1549.3651 0.0000 0.0000 0.0000 0.0000 1549.3651
2022 10 11 1 7.8400 111.4600 0.8000 7.8400 0.0000 188.2040 197.1165 12.9187 0.4577  1439.9217 0.0000 0.0000 0.0000 0.0000 1439.9217
2022 10 11 2 7.8400 113.5700 0.8000 7.8400 0.0000 188.2170 197.1295 12.9196 0.4578  1467.2814 0.0000 0.0000 0.0000 0.0000 1467.2814
2022 10 11 3 7.8400 124.1800 0.8000 7.8400 0.0000 188.2299 197.1424 12.9205 0.4578  1604.4686 0.0000 0.0000 0.0000 0.0000 1604.4686
2022 10 11 4 7.8400 135.4700 0.8000 7.8400 0.0000 188.2428 197.1553 12.9214 0.4578  1750.4606 0.0000 0.0000 0.0000 0.0000 1750.4606
2022 10 11 5 7.8400 162.6600 0.8000 7.8400 0.0000 188.2555 197.1680 12.9223 0.4578  2101.9358 0.0000 0.0000 0.0000 0.0000 2101.9358
2022 10 11 6 7.8400 183.1300 0.8000 7.8400 0.0000 188.2682 197.1808 12.9231 0.4579  2366.6144 0.0000 0.0000 0.0000 0.0000 2366.6144
2022 10 11 7 7.8400 189.7600 0.8000 7.8400 0.0000 188.2809 197.1934 12.9240 0.4579  2452.4592 0.0000 0.0000 0.0000 0.0000 2452.4592
2022 10 11 8 7.8400 210.0800 0.8000 7.8400 0.0000 188.2934 197.2059 12.9249 0.4579  2715.2561 0.0000 0.0000 0.0000 0.0000 2715.2561
2022 10 11 9 7.8400 217.8500 0.8000 7.8400 0.0000 188.3059 197.2184 12.9257 0.4580  2815.8689 0.0000 0.0000 0.0000 0.0000 2815.8689
2022 10 11 10 7.8400 214.9500 0.8000 7.8400 0.0000 188.3183 197.2308 12.9266 0.4580  2778.5670 0.0000 0.0000 0.0000 0.0000 2778.5670
2022 10 11 11 7.8400 187.4400 0.8000 7.8400 0.0000 188.3306 197.2431 12.9274 0.4580  2423.1153 0.0000 0.0000 0.0000 0.0000 2423.1153
2022 10 11 12 7.8400 184.0200 0.8000 7.8400 0.0000 188.3428 197.2553 12.9283 0.4581  2379.0578 0.0000 0.0000 0.0000 0.0000 2379.0578
2022 10 11 13 7.8400 182.3900 0.8000 7.8400 0.0000 188.3550 197.2675 12.9291 0.4581  2358.1368 0.0000 0.0000 0.0000 0.0000 2358.1368
2022 10 11 14 7.8400 181.7100 0.8000 7.8400 0.0000 188.3670 197.2795 12.9299 0.4581  2349.4957 0.0000 0.0000 0.0000 0.0000 2349.4957
2022 10 11 15 7.8400 185.6900 0.8000 7.8400 0.0000 188.3790 197.2915 12.9307 0.4581  2401.1096 0.0000 0.0000 0.0000 0.0000 2401.1096
2022 10 11 16 7.8400 189.7600 0.8000 7.8400 0.0000 188.3910 197.3035 12.9316 0.4582  2453.8930 0.0000 0.0000 0.0000 0.0000 2453.8930
2022 10 11 17 7.8400 194.2900 0.8000 7.8400 0.0000 188.4028 197.3153 12.9324 0.4582  2512.6313 0.0000 0.0000 0.0000 0.0000 2512.6313
2022 10 11 18 7.8400 189.3400 0.8000 7.8400 0.0000 188.4146 197.3271 12.9332 0.4582  2448.7696 0.0000 0.0000 0.0000 0.0000 2448.7696
2022 10 11 19 7.8400 185.5600 0.8000 7.8400 0.0000 188.4264 197.3389 12.9340 0.4583  2400.0319 0.0000 0.0000 0.0000 0.0000 2400.0319
2022 10 11 20 7.8400 183.9100 0.8000 7.8400 0.0000 188.4381 197.3506 12.9348 0.4583  2378.8383 0.0000 0.0000 0.0000 0.0000 2378.8383
2022 10 11 21 7.8400 169.1700 0.8000 7.8400 0.0000 188.4497 197.3622 12.9356 0.4583  2188.3141 0.0000 0.0000 0.0000 0.0000 2188.3141
2022 10 11 22 7.8400 158.2600 0.8000 7.8400 0.0000 188.4612 197.3737 12.9364 0.4583  2047.3122 0.0000 0.0000 0.0000 0.0000 2047.3122
2022 10 11 23 7.8400 209.0800 0.8000 7.8400 0.0000 188.4727 197.3852 12.9372 0.4584  2704.9039 0.0000 0.0000 0.0000 0.0000 2704.9039
2022 10 12 0 7.8400 194.2600 0.8000 7.8400 0.0000 188.4841 197.3966 12.9380 0.4584  2513.3270 0.0000 0.0000 0.0000 0.0000 2513.3270
2022 10 12 1 7.8400 209.5300 0.8000 7.8400 0.0000 188.4954 197.4079 12.9387 0.4584  2711.0527 0.0000 0.0000 0.0000 0.0000 2711.0527
2022 10 12 2 7.8400 201.3000 0.8000 7.8400 0.0000 188.5067 197.4192 12.9395 0.4585  2604.7226 0.0000 0.0000 0.0000 0.0000 2604.7226
2022 10 12 3 7.8400 208.1100 0.8000 7.8400 0.0000 188.5179 197.4304 12.9403 0.4585  2693.0004 0.0000 0.0000 0.0000 0.0000 2693.0004
2022 10 12 4 7.8400 186.0500 0.8000 7.8400 0.0000 188.5290 197.4415 12.9410 0.4585  2407.6799 0.0000 0.0000 0.0000 0.0000 2407.6799
2022 10 12 5 7.8400 188.4800 0.8000 7.8400 0.0000 188.5400 197.4525 12.9418 0.4585  2439.2694 0.0000 0.0000 0.0000 0.0000 2439.2694
2022 10 12 6 7.8400 209.5200 0.8000 7.8400 0.0000 188.5510 197.4635 12.9425 0.4586  2711.7225 0.0000 0.0000 0.0000 0.0000 2711.7225
2022 10 12 7 7.8400 213.0300 0.8000 7.8400 0.0000 188.5619 197.4744 12.9433 0.4586  2757.3101 0.0000 0.0000 0.0000 0.0000 2757.3101
2022 10 12 8 7.8400 218.9800 0.8000 7.8400 0.0000 188.5727 197.4852 12.9440 0.4586  2834.4855 0.0000 0.0000 0.0000 0.0000 2834.4855
2022 10 12 9 7.8400 233.6000 0.8000 7.8400 0.0000 188.5835 197.4960 12.9448 0.4586  3023.9002 0.0000 0.0000 0.0000 0.0000 3023.9002
2022 10 12 10 7.8400 211.0600 0.8000 7.8400 0.0000 188.5942 197.5067 12.9455 0.4587  2732.2799 0.0000 0.0000 0.0000 0.0000 2732.2799
2022 10 12 11 7.8400 201.2700 0.8000 7.8400 0.0000 188.6048 197.5173 12.9462 0.4587  2605.6904 0.0000 0.0000 0.0000 0.0000 2605.6904
2022 10 12 12 7.8400 195.1400 0.8000 7.8400 0.0000 188.6154 197.5279 12.9470 0.4587  2526.4715 0.0000 0.0000 0.0000 0.0000 2526.4715
2022 10 12 13 7.8400 192.6400 0.8000 7.8400 0.0000 188.6259 197.5384 12.9477 0.4587  2494.2432 0.0000 0.0000 0.0000 0.0000 2494.2432
2022 10 12 14 7.8400 194.1400 0.8000 7.8400 0.0000 188.6364 197.5489 12.9484 0.4588  2513.8042 0.0000 0.0000 0.0000 0.0000 2513.8042
2022 10 12 15 7.8400 193.5200 0.8000 7.8400 0.0000 188.6468 197.5593 12.9491 0.4588  2505.9145 0.0000 0.0000 0.0000 0.0000 2505.9145
2022 10 12 16 7.8400 212.2600 0.8000 7.8400 0.0000 188.6572 197.5697 12.9498 0.4588  2748.7317 0.0000 0.0000 0.0000 0.0000 2748.7317
2022 10 12 17 7.8400 213.9600 0.8000 7.8400 0.0000 188.6675 197.5800 12.9505 0.4588  2770.8979 0.0000 0.0000 0.0000 0.0000 2770.8979
2022 10 12 18 7.8400 210.9600 0.8000 7.8400 0.0000 188.6777 197.5902 12.9512 0.4589  2732.1948 0.0000 0.0000 0.0000 0.0000 2732.1948
2022 10 12 19 7.8400 192.8800 0.8000 7.8400 0.0000 188.6879 197.6004 12.9519 0.4589  2498.1714 0.0000 0.0000 0.0000 0.0000 2498.1714
2022 10 12 20 7.8400 191.7300 0.8000 7.8400 0.0000 188.6981 197.6106 12.9526 0.4589  2483.4102 0.0000 0.0000 0.0000 0.0000 2483.4102
2022 10 12 21 7.8400 188.9600 0.8000 7.8400 0.0000 188.7082 197.6207 12.9533 0.4589  2447.6626 0.0000 0.0000 0.0000 0.0000 2447.6626
2022 10 12 22 7.8400 159.1400 0.8000 7.8400 0.0000 188.7182 197.6308 12.9540 0.4590  2061.5039 0.0000 0.0000 0.0000 0.0000 2061.5039
2022 10 12 23 7.8400 179.3000 0.8000 7.8400 0.0000 188.7282 197.6408 12.9547 0.4590  2322.7803 0.0000 0.0000 0.0000 0.0000 2322.7803
2022 10 13 0 7.8400 168.1100 0.8000 7.8400 0.0000 188.7382 197.6507 12.9554 0.4590  2177.9321 0.0000 0.0000 0.0000 0.0000 2177.9321
2022 10 13 1 7.8400 169.5400 0.8000 7.8400 0.0000 188.7481 197.6607 12.9561 0.4590  2196.5737 0.0000 0.0000 0.0000 0.0000 2196.5737
2022 10 13 2 7.8400 179.7400 0.8000 7.8400 0.0000 188.7580 197.6705 12.9568 0.4591  2328.8479 0.0000 0.0000 0.0000 0.0000 2328.8479
2022 10 13 3 7.8400 181.1800 0.8000 7.8400 0.0000 188.7679 197.6804 12.9574 0.4591  2347.6281 0.0000 0.0000 0.0000 0.0000 2347.6281
2022 10 13 4 7.8400 194.6600 0.8000 7.8400 0.0000 188.7778 197.6903 12.9581 0.4591  2522.4265 0.0000 0.0000 0.0000 0.0000 2522.4265
2022 10 13 5 7.8400 216.5500 0.8000 7.8400 0.0000 188.7877 197.7002 12.9588 0.4591  2806.2272 0.0000 0.0000 0.0000 0.0000 2806.2272
2022 10 13 6 7.8400 251.2000 0.8000 7.8400 0.0000 188.7977 197.7102 12.9595 0.4592  3255.4214 0.0000 0.0000 0.0000 0.0000 3255.4214
2022 10 13 7 7.8400 269.5900 0.8000 7.8400 0.0000 188.8077 197.7202 12.9602 0.4592  3493.9322 0.0000 0.0000 0.0000 0.0000 3493.9322
2022 10 13 8 7.8400 268.6000 0.8000 7.8400 0.0000 188.8179 197.7304 12.9609 0.4592  3481.2884 0.0000 0.0000 0.0000 0.0000 3481.2884
2022 10 13 9 7.8400 266.3600 0.8000 7.8400 0.0000 188.8281 197.7406 12.9616 0.4592  3452.4423 0.0000 0.0000 0.0000 0.0000 3452.4423
2022 10 13 10 7.8400 264.9000 0.8000 7.8400 0.0000 188.8383 197.7508 12.9623 0.4593  3433.7050 0.0000 0.0000 0.0000 0.0000 3433.7050
2022 10 13 11 7.8400 260.9200 0.8000 7.8400 0.0000 188.8486 197.7611 12.9630 0.4593  3382.2999 0.0000 0.0000 0.0000 0.0000 3382.2999
2022 10 13 12 7.8400 257.7600 0.8000 7.8400 0.0000 188.8589 197.7714 12.9637 0.4593  3341.5195 0.0000 0.0000 0.0000 0.0000 3341.5195
2022 10 13 13 7.8400 245.6900 0.8000 7.8400 0.0000 188.8693 197.7818 12.9644 0.4593  3185.2218 0.0000 0.0000 0.0000 0.0000 3185.2218
2022 10 13 14 7.8400 236.4000 0.8000 7.8400 0.0000 188.8796 197.7921 12.9651 0.4594  3064.9498 0.0000 0.0000 0.0000 0.0000 3064.9498
2022 10 13 15 7.8400 234.6800 0.8000 7.8400 0.0000 188.8899 197.8024 12.9658 0.4594  3042.8155 0.0000 0.0000 0.0000 0.0000 3042.8155
2022 10 13 16 7.8400 261.7300 0.8000 7.8400 0.0000 188.9001 197.8126 12.9665 0.4594  3393.7251 0.0000 0.0000 0.0000 0.0000 3393.7251
2022 10 13 17 7.8400 270.7500 0.8000 7.8400 0.0000 188.9103 197.8228 12.9672 0.4594  3510.8727 0.0000 0.0000 0.0000 0.0000 3510.8727
2022 10 13 18 7.8400 268.1500 0.8000 7.8400 0.0000 188.9205 197.8330 12.9679 0.4595  3477.3453 0.0000 0.0000 0.0000 0.0000 3477.3453
2022 10 13 19 7.8400 263.5000 0.8000 7.8400 0.0000 188.9307 197.8432 12.9686 0.4595  3417.2281 0.0000 0.0000 0.0000 0.0000 3417.2281
2022 10 13 20 7.8400 246.4800 0.8000 7.8400 0.0000 188.9407 197.8533 12.9693 0.4595  3196.6731 0.0000 0.0000 0.0000 0.0000 3196.6731
2022 10 13 21 7.8400 220.6200 0.8000 7.8400 0.0000 188.9508 197.8633 12.9700 0.4595  2861.4389 0.0000 0.0000 0.0000 0.0000 2861.4389
2022 10 13 22 7.8400 200.5300 0.8000 7.8400 0.0000 188.9608 197.8733 12.9707 0.4596  2601.0092 0.0000 0.0000 0.0000 0.0000 2601.0092
2022 10 13 23 7.8400 208.8300 0.8000 7.8400 0.0000 188.9707 197.8832 12.9714 0.4596  2708.8081 0.0000 0.0000 0.0000 0.0000 2708.8081
2022 10 14 0 7.8400 197.2900 0.8000 7.8400 0.0000 188.9805 197.8930 12.9720 0.4596  2559.2521 0.0000 0.0000 0.0000 0.0000 2559.2521
2022 10 14 1 7.8400 197.2800 0.8000 7.8400 0.0000 188.9903 197.9028 12.9727 0.4596  2559.2550 0.0000 0.0000 0.0000 0.0000 2559.2550
2022 10 14 2 7.8400 200.3200 0.8000 7.8400 0.0000 189.0001 197.9126 12.9734 0.4597  2598.8260 0.0000 0.0000 0.0000 0.0000 2598.8260
2022 10 14 3 7.8400 197.5500 0.8000 7.8400 0.0000 189.0097 197.9222 12.9740 0.4597  2563.0209 0.0000 0.0000 0.0000 0.0000 2563.0209
2022 10 14 4 7.8400 199.2300 0.8000 7.8400 0.0000 189.0194 197.9319 12.9747 0.4597  2584.9488 0.0000 0.0000 0.0000 0.0000 2584.9488
2022 10 14 5 7.8400 200.2800 0.8000 7.8400 0.0000 189.0289 197.9414 12.9754 0.4597  2598.7037 0.0000 0.0000 0.0000 0.0000 2598.7037
2022 10 14 6 7.8400 228.2900 0.8000 7.8400 0.0000 189.0384 197.9509 12.9760 0.4598  2962.2922 0.0000 0.0000 0.0000 0.0000 2962.2922
2022 10 14 7 7.8400 231.4800 0.8000 7.8400 0.0000 189.0479 197.9604 12.9767 0.4598  3003.8360 0.0000 0.0000 0.0000 0.0000 3003.8360
2022 10 14 8 7.8400 267.1400 0.8000 7.8400 0.0000 189.0573 197.9698 12.9773 0.4598  3466.7562 0.0000 0.0000 0.0000 0.0000 3466.7562
2022 10 14 9 7.8400 268.3000 0.8000 7.8400 0.0000 189.0666 197.9792 12.9779 0.4598  3481.9818 0.0000 0.0000 0.0000 0.0000 3481.9818
2022 10 14 10 7.8400 258.6000 0.8000 7.8400 0.0000 189.0759 197.9885 12.9786 0.4598  3356.2610 0.0000 0.0000 0.0000 0.0000 3356.2610
2022 10 14 11 7.8400 227.2000 0.8000 7.8400 0.0000 189.0852 197.9977 12.9792 0.4599  2948.8777 0.0000 0.0000 0.0000 0.0000 2948.8777
2022 10 14 12 7.8400 221.0200 0.8000 7.8400 0.0000 189.0944 198.0069 12.9798 0.4599  2868.8058 0.0000 0.0000 0.0000 0.0000 2868.8058
2022 10 14 13 7.8400 207.6800 0.8000 7.8400 0.0000 189.1035 198.0161 12.9805 0.4599  2695.7850 0.0000 0.0000 0.0000 0.0000 2695.7850
2022 10 14 14 7.8400 188.1700 0.8000 7.8400 0.0000 189.1126 198.0252 12.9811 0.4599  2442.6536 0.0000 0.0000 0.0000 0.0000 2442.6536
2022 10 14 15 7.8400 201.9800 0.8000 7.8400 0.0000 189.1217 198.0342 12.9817 0.4600  2622.0484 0.0000 0.0000 0.0000 0.0000 2622.0484
2022 10 14 16 7.8400 213.1800 0.8000 7.8400 0.0000 189.1308 198.0433 12.9823 0.4600  2767.5761 0.0000 0.0000 0.0000 0.0000 2767.5761
2022 10 14 17 7.8400 245.8800 0.8000 7.8400 0.0000 189.1398 198.0523 12.9830 0.4600  3192.2511 0.0000 0.0000 0.0000 0.0000 3192.2511
2022 10 14 18 7.8400 248.4600 0.8000 7.8400 0.0000 189.1488 198.0613 12.9836 0.4600  3225.9006 0.0000 0.0000 0.0000 0.0000 3225.9006
2022 10 14 19 7.8400 224.9100 0.8000 7.8400 0.0000 189.1578 198.0703 12.9842 0.4600  2920.2756 0.0000 0.0000 0.0000 0.0000 2920.2756
2022 10 14 20 7.8400 205.4800 0.8000 7.8400 0.0000 189.1667 198.0792 12.9848 0.4601  2668.1186 0.0000 0.0000 0.0000 0.0000 2668.1186
2022 10 14 21 7.8400 203.1300 0.8000 7.8400 0.0000 189.1756 198.0881 12.9854 0.4601  2637.7290 0.0000 0.0000 0.0000 0.0000 2637.7290
2022 10 14 22 7.8400 188.8400 0.8000 7.8400 0.0000 189.1846 198.0971 12.9860 0.4601  2452.2838 0.0000 0.0000 0.0000 0.0000 2452.2838
2022 10 14 23 7.8400 192.0200 0.8000 7.8400 0.0000 189.1938 198.1063 12.9867 0.4601  2493.7000 0.0000 0.0000 0.0000 0.0000 2493.7000
2022 10 15 0 7.8400 173.8800 0.8000 7.8400 0.0000 189.2033 198.1158 12.9873 0.4602  2258.2359 0.0000 0.0000 0.0000 0.0000 2258.2359
2022 10 15 1 7.8400 164.3800 0.8000 7.8400 0.0000 189.2139 198.1264 12.9880 0.4602  2134.9754 0.0000 0.0000 0.0000 0.0000 2134.9754
2022 10 15 2 7.8400 149.2600 0.8000 7.8400 0.0000 189.2261 198.1386 12.9889 0.4602  1938.7212 0.0000 0.0000 0.0000 0.0000 1938.7212
2022 10 15 3 7.8400 144.2700 0.8000 7.8400 0.0000 189.2401 198.1526 12.9898 0.4602  1874.0456 0.0000 0.0000 0.0000 0.0000 1874.0456
2022 10 15 4 7.8400 137.5300 0.8000 7.8400 0.0000 189.2553 198.1678 12.9909 0.4603  1786.6376 0.0000 0.0000 0.0000 0.0000 1786.6376
2022 10 15 5 7.8400 148.4000 0.8000 7.8400 0.0000 189.2711 198.1836 12.9920 0.4603  1928.0091 0.0000 0.0000 0.0000 0.0000 1928.0091
2022 10 15 6 7.8400 159.3200 0.8000 7.8400 0.0000 189.2871 198.1996 12.9931 0.4604  2070.0565 0.0000 0.0000 0.0000 0.0000 2070.0565
2022 10 15 7 7.8400 186.4900 0.8000 7.8400 0.0000 189.3032 198.2157 12.9942 0.4604  2423.2845 0.0000 0.0000 0.0000 0.0000 2423.2845
2022 10 15 8 7.8400 199.1900 0.8000 7.8400 0.0000 189.3193 198.2319 12.9953 0.4604  2588.5315 0.0000 0.0000 0.0000 0.0000 2588.5315
2022 10 15 9 7.8400 185.0200 0.8000 7.8400 0.0000 189.3355 198.2480 12.9964 0.4605  2404.5933 0.0000 0.0000 0.0000 0.0000 2404.5933
2022 10 15 10 7.8400 160.5400 0.8000 7.8400 0.0000 189.3515 198.2640 12.9975 0.4605  2086.6181 0.0000 0.0000 0.0000 0.0000 2086.6181
2022 10 15 11 7.8400 153.9000 0.8000 7.8400 0.0000 189.3674 198.2799 12.9986 0.4606  2000.4820 0.0000 0.0000 0.0000 0.0000 2000.4820
2022 10 15 12 7.8400 144.7800 0.8000 7.8400 0.0000 189.3829 198.2954 12.9997 0.4606  1882.0898 0.0000 0.0000 0.0000 0.0000 1882.0898
2022 10 15 13 7.8400 126.4100 0.8000 7.8400 0.0000 189.3982 198.3107 13.0007 0.4606  1643.4188 0.0000 0.0000 0.0000 0.0000 1643.4188
2022 10 15 14 7.8400 127.4400 0.8000 7.8400 0.0000 189.4132 198.3257 13.0017 0.4607  1656.9404 0.0000 0.0000 0.0000 0.0000 1656.9404
2022 10 15 15 7.8400 141.7700 0.8000 7.8400 0.0000 189.4278 198.3403 13.0027 0.4607  1843.3978 0.0000 0.0000 0.0000 0.0000 1843.3978
2022 10 15 16 7.8400 169.3200 0.8000 7.8400 0.0000 189.4422 198.3547 13.0037 0.4607  2201.7904 0.0000 0.0000 0.0000 0.0000 2201.7904
2022 10 15 17 7.8400 185.0800 0.8000 7.8400 0.0000 189.4565 198.3690 13.0047 0.4608  2406.9102 0.0000 0.0000 0.0000 0.0000 2406.9102
2022 10 15 18 7.8400 190.4600 0.8000 7.8400 0.0000 189.4711 198.3836 13.0057 0.4608  2477.0662 0.0000 0.0000 0.0000 0.0000 2477.0662
2022 10 15 19 7.8400 157.9300 0.8000 7.8400 0.0000 189.4864 198.3989 13.0068 0.4608  2054.1569 0.0000 0.0000 0.0000 0.0000 2054.1569
2022 10 15 20 7.8400 143.2900 0.8000 7.8400 0.0000 189.5026 198.4152 13.0079 0.4609  1863.8977 0.0000 0.0000 0.0000 0.0000 1863.8977
2022 10 15 21 7.8400 144.4600 0.8000 7.8400 0.0000 189.5195 198.4320 13.0090 0.4609  1879.2840 0.0000 0.0000 0.0000 0.0000 1879.2840
2022 10 15 22 7.8400 136.9800 0.8000 7.8400 0.0000 189.5366 198.4491 13.0102 0.4610  1782.1377 0.0000 0.0000 0.0000 0.0000 1782.1377
2022 10 15 23 7.8400 81.8400 0.8000 7.8400 0.0000 189.5539 198.4665 13.0114 0.4610  1064.8522 0.0000 0.0000 0.0000 0.0000 1064.8522
2022 10 16 0 7.8400 72.4500 0.8000 7.8400 0.0000 189.5713 198.4838 13.0126 0.4610  942.7617 0.0000 0.0000 0.0000 0.0000 942.7617
2022 10 16 1 7.8400 70.4100 0.8000 7.8400 0.0000 189.5887 198.5012 13.0138 0.4611  916.3002 0.0000 0.0000 0.0000 0.0000 916.3002
2022 10 16 2 7.8400 74.0900 0.8000 7.8400 0.0000 189.6061 198.5186 13.0150 0.4611  964.2794 0.0000 0.0000 0.0000 0.0000 964.2794
2022 10 16 3 7.8400 84.4200 0.8000 7.8400 0.0000 189.6235 198.5360 13.0162 0.4612  1098.8246 0.0000 0.0000 0.0000 0.0000 1098.8246
2022 10 16 4 7.8400 80.6100 0.8000 7.8400 0.0000 189.6407 198.5532 13.0173 0.4612  1049.3284 0.0000 0.0000 0.0000 0.0000 1049.3284
2022 10 16 5 7.8400 76.1900 0.8000 7.8400 0.0000 189.6578 198.5703 13.0185 0.4613  991.8810 0.0000 0.0000 0.0000 0.0000 991.8810
2022 10 16 6 7.8400 81.0400 0.8000 7.8400 0.0000 189.6746 198.5872 13.0197 0.4613  1055.1146 0.0000 0.0000 0.0000 0.0000 1055.1146
2022 10 16 7 7.8400 93.2500 0.8000 7.8400 0.0000 189.6914 198.6039 13.0208 0.4613  1214.1918 0.0000 0.0000 0.0000 0.0000 1214.1918
2022 10 16 8 7.8400 90.7000 0.8000 7.8400 0.0000 189.7080 198.6205 13.0220 0.4614  1181.0921 0.0000 0.0000 0.0000 0.0000 1181.0921
2022 10 16 9 7.8400 80.3600 0.8000 7.8400 0.0000 189.7245 198.6370 13.0231 0.4614  1046.5363 0.0000 0.0000 0.0000 0.0000 1046.5363
2022 10 16 10 7.8400 89.8900 0.8000 7.8400 0.0000 189.7411 198.6536 13.0242 0.4615  1170.7486 0.0000 0.0000 0.0000 0.0000 1170.7486
2022 10 16 11 7.8400 114.0600 0.8000 7.8400 0.0000 189.7579 198.6704 13.0254 0.4615  1485.6758 0.0000 0.0000 0.0000 0.0000 1485.6758
2022 10 16 12 7.8400 117.9700 0.8000 7.8400 0.0000 189.7751 198.6876 13.0266 0.4615  1536.7449 0.0000 0.0000 0.0000 0.0000 1536.7449
2022 10 16 13 7.8400 113.5800 0.8000 7.8400 0.0000 189.7930 198.7055 13.0278 0.4616  1479.6975 0.0000 0.0000 0.0000 0.0000 1479.6975
2022 10 16 14 7.8400 100.1400 0.8000 7.8400 0.0000 189.8114 198.7239 13.0291 0.4616  1304.7304 0.0000 0.0000 0.0000 0.0000 1304.7304
2022 10 16 15 7.8400 120.3600 0.8000 7.8400 0.0000 189.8302 198.7427 13.0304 0.4617  1568.3336 0.0000 0.0000 0.0000 0.0000 1568.3336
2022 10 16 16 7.8400 131.0700 0.8000 7.8400 0.0000 189.8493 198.7618 13.0317 0.4617  1708.0608 0.0000 0.0000 0.0000 0.0000 1708.0608
2022 10 16 17 7.8400 181.6100 0.8000 7.8400 0.0000 189.8687 198.7812 13.0330 0.4618  2366.9227 0.0000 0.0000 0.0000 0.0000 2366.9227
2022 10 16 18 7.8400 195.9800 0.8000 7.8400 0.0000 189.8882 198.8008 13.0343 0.4618  2554.4697 0.0000 0.0000 0.0000 0.0000 2554.4697
2022 10 16 19 7.8400 181.2600 0.8000 7.8400 0.0000 189.9079 198.8204 13.0357 0.4619  2362.8483 0.0000 0.0000 0.0000 0.0000 2362.8483
2022 10 16 20 7.8400 150.1800 0.8000 7.8400 0.0000 189.9275 198.8400 13.0370 0.4619  1957.9012 0.0000 0.0000 0.0000 0.0000 1957.9012
2022 10 16 21 7.8400 140.8800 0.8000 7.8400 0.0000 189.9470 198.8595 13.0384 0.4620  1836.8459 0.0000 0.0000 0.0000 0.0000 1836.8459
2022 10 16 22 7.8400 139.4000 0.8000 7.8400 0.0000 189.9664 198.8789 13.0397 0.4620  1817.7347 0.0000 0.0000 0.0000 0.0000 1817.7347
2022 10 16 23 7.8400 137.1900 0.8000 7.8400 0.0000 189.9857 198.8982 13.0410 0.4621  1789.0984 0.0000 0.0000 0.0000 0.0000 1789.0984
2022 10 17 0 7.8400 122.0800 0.8000 7.8400 0.0000 190.0048 198.9173 13.0423 0.4621  1592.2084 0.0000 0.0000 0.0000 0.0000 1592.2084
2022 10 17 1 7.8400 109.4600 0.8000 7.8400 0.0000 190.0236 198.9361 13.0436 0.4621  1427.7560 0.0000 0.0000 0.0000 0.0000 1427.7560
2022 10 17 2 7.8400 92.8700 0.8000 7.8400 0.0000 190.0423 198.9548 13.0449 0.4622  1211.4814 0.0000 0.0000 0.0000 0.0000 1211.4814
2022 10 17 3 7.8400 89.2400 0.8000 7.8400 0.0000 190.0608 198.9734 13.0462 0.4622  1164.2416 0.0000 0.0000 0.0000 0.0000 1164.2416
2022 10 17 4 7.8400 112.3500 0.8000 7.8400 0.0000 190.0792 198.9917 13.0474 0.4623  1465.8802 0.0000 0.0000 0.0000 0.0000 1465.8802
2022 10 17 5 7.8400 133.9400 0.8000 7.8400 0.0000 190.0973 199.0098 13.0487 0.4623  1747.7411 0.0000 0.0000 0.0000 0.0000 1747.7411
2022 10 17 6 7.8400 159.2600 0.8000 7.8400 0.0000 190.1152 199.0277 13.0499 0.4624  2078.3297 0.0000 0.0000 0.0000 0.0000 2078.3297
2022 10 17 7 7.8400 183.1300 0.8000 7.8400 0.0000 190.1329 199.0454 13.0511 0.4624  2390.0541 0.0000 0.0000 0.0000 0.0000 2390.0541
2022 10 17 8 7.8400 161.8900 0.8000 7.8400 0.0000 190.1504 199.0629 13.0523 0.4625  2113.0427 0.0000 0.0000 0.0000 0.0000 2113.0427
2022 10 17 9 7.8400 137.1900 0.8000 7.8400 0.0000 190.1678 199.0803 13.0535 0.4625  1790.8131 0.0000 0.0000 0.0000 0.0000 1790.8131
2022 10 17 10 7.8400 137.8400 0.8000 7.8400 0.0000 190.1849 199.0974 13.0547 0.4625  1799.4598 0.0000 0.0000 0.0000 0.0000 1799.4598
2022 10 17 11 7.8400 125.3500 0.8000 7.8400 0.0000 190.2018 199.1143 13.0559 0.4626  1636.5522 0.0000 0.0000 0.0000 0.0000 1636.5522
2022 10 17 12 7.8400 125.7700 0.8000 7.8400 0.0000 190.2186 199.1311 13.0570 0.4626  1642.1804 0.0000 0.0000 0.0000 0.0000 1642.1804
2022 10 17 13 7.8400 131.8000 0.8000 7.8400 0.0000 190.2352 199.1477 13.0582 0.4627  1721.0649 0.0000 0.0000 0.0000 0.0000 1721.0649
2022 10 17 14 7.8400 146.5900 0.8000 7.8400 0.0000 190.2518 199.1643 13.0593 0.4627  1914.3615 0.0000 0.0000 0.0000 0.0000 1914.3615
2022 10 17 15 7.8400 173.6400 0.8000 7.8400 0.0000 190.2683 199.1808 13.0604 0.4627  2267.8122 0.0000 0.0000 0.0000 0.0000 2267.8122
2022 10 17 16 7.8400 185.5200 0.8000 7.8400 0.0000 190.2848 199.1973 13.0616 0.4628  2423.1804 0.0000 0.0000 0.0000 0.0000 2423.1804
2022 10 17 17 7.8400 186.2000 0.8000 7.8400 0.0000 190.3013 199.2138 13.0627 0.4628  2432.2734 0.0000 0.0000 0.0000 0.0000 2432.2734
2022 10 17 18 7.8400 187.5200 0.8000 7.8400 0.0000 190.3179 199.2304 13.0638 0.4629  2449.7293 0.0000 0.0000 0.0000 0.0000 2449.7293
2022 10 17 19 7.8400 190.5500 0.8000 7.8400 0.0000 190.3345 199.2470 13.0650 0.4629  2489.5298 0.0000 0.0000 0.0000 0.0000 2489.5298
2022 10 17 20 7.8400 165.8300 0.8000 7.8400 0.0000 190.3511 199.2636 13.0661 0.4629  2166.7532 0.0000 0.0000 0.0000 0.0000 2166.7532
2022 10 17 21 7.8400 163.6300 0.8000 7.8400 0.0000 190.3678 199.2803 13.0673 0.4630  2138.1951 0.0000 0.0000 0.0000 0.0000 2138.1951
2022 10 17 22 7.8400 145.8900 0.8000 7.8400 0.0000 190.3845 199.2970 13.0684 0.4630  1906.5492 0.0000 0.0000 0.0000 0.0000 1906.5492
2022 10 17 23 7.8400 141.6500 0.8000 7.8400 0.0000 190.4012 199.3137 13.0695 0.4631  1851.3013 0.0000 0.0000 0.0000 0.0000 1851.3013
2022 10 18 0 7.8400 135.8300 0.8000 7.8400 0.0000 190.4178 199.3304 13.0707 0.4631  1775.3921 0.0000 0.0000 0.0000 0.0000 1775.3921
2022 10 18 1 7.8400 140.4700 0.8000 7.8400 0.0000 190.4345 199.3470 13.0718 0.4631  1836.2007 0.0000 0.0000 0.0000 0.0000 1836.2007
2022 10 18 2 7.8400 140.0500 0.8000 7.8400 0.0000 190.4511 199.3636 13.0730 0.4632  1830.8704 0.0000 0.0000 0.0000 0.0000 1830.8704
2022 10 18 3 7.8400 140.0900 0.8000 7.8400 0.0000 190.4677 199.3802 13.0741 0.4632  1831.5528 0.0000 0.0000 0.0000 0.0000 1831.5528
2022 10 18 4 7.8400 144.1500 0.8000 7.8400 0.0000 190.4843 199.3968 13.0753 0.4633  1884.7976 0.0000 0.0000 0.0000 0.0000 1884.7976
2022 10 18 5 7.8400 150.2300 0.8000 7.8400 0.0000 190.5008 199.4133 13.0764 0.4633  1964.4657 0.0000 0.0000 0.0000 0.0000 1964.4657
2022 10 18 6 7.8400 181.4600 0.8000 7.8400 0.0000 190.5174 199.4299 13.0775 0.4633  2373.0476 0.0000 0.0000 0.0000 0.0000 2373.0476
2022 10 18 7 7.8400 224.2200 0.8000 7.8400 0.0000 190.5339 199.4465 13.0787 0.4634  2932.4974 0.0000 0.0000 0.0000 0.0000 2932.4974
2022 10 18 8 7.8400 204.1500 0.8000 7.8400 0.0000 190.5505 199.4630 13.0798 0.4634  2670.2409 0.0000 0.0000 0.0000 0.0000 2670.2409
2022 10 18 9 7.8400 193.5100 0.8000 7.8400 0.0000 190.5671 199.4796 13.0809 0.4635  2531.2925 0.0000 0.0000 0.0000 0.0000 2531.2925
2022 10 18 10 7.8400 180.3500 0.8000 7.8400 0.0000 190.5838 199.4963 13.0821 0.4635  2359.3536 0.0000 0.0000 0.0000 0.0000 2359.3536
2022 10 18 11 7.8400 134.4600 0.8000 7.8400 0.0000 190.6005 199.5130 13.0832 0.4635  1759.1709 0.0000 0.0000 0.0000 0.0000 1759.1709
2022 10 18 12 7.8400 143.2500 0.8000 7.8400 0.0000 190.6172 199.5297 13.0844 0.4636  1874.3367 0.0000 0.0000 0.0000 0.0000 1874.3367
2022 10 18 13 7.8400 126.1500 0.8000 7.8400 0.0000 190.6339 199.5464 13.0855 0.4636  1650.7388 0.0000 0.0000 0.0000 0.0000 1650.7388
2022 10 18 14 7.8400 139.8200 0.8000 7.8400 0.0000 190.6506 199.5632 13.0867 0.4637  1829.7785 0.0000 0.0000 0.0000 0.0000 1829.7785
2022 10 18 15 7.8400 159.1400 0.8000 7.8400 0.0000 190.6674 199.5799 13.0878 0.4637  2082.7955 0.0000 0.0000 0.0000 0.0000 2082.7955
2022 10 18 16 7.8400 189.0700 0.8000 7.8400 0.0000 190.6840 199.5965 13.0890 0.4638  2474.7302 0.0000 0.0000 0.0000 0.0000 2474.7302
2022 10 18 17 7.8400 203.0900 0.8000 7.8400 0.0000 190.7006 199.6131 13.0901 0.4638  2658.4684 0.0000 0.0000 0.0000 0.0000 2658.4684
2022 10 18 18 7.8400 195.7600 0.8000 7.8400 0.0000 190.7171 199.6296 13.0912 0.4638  2562.7394 0.0000 0.0000 0.0000 0.0000 2562.7394
2022 10 18 19 7.8400 189.7800 0.8000 7.8400 0.0000 190.7335 199.6460 13.0924 0.4639  2484.6673 0.0000 0.0000 0.0000 0.0000 2484.6673
2022 10 18 20 7.8400 166.3300 0.8000 7.8400 0.0000 190.7497 199.6622 13.0935 0.4639  2177.8375 0.0000 0.0000 0.0000 0.0000 2177.8375
2022 10 18 21 7.8400 163.6000 0.8000 7.8400 0.0000 190.7659 199.6784 13.0946 0.4640  2142.2739 0.0000 0.0000 0.0000 0.0000 2142.2739
2022 10 18 22 7.8400 154.2100 0.8000 7.8400 0.0000 190.7820 199.6945 13.0957 0.4640  2019.4858 0.0000 0.0000 0.0000 0.0000 2019.4858
2022 10 18 23 7.8400 132.4800 0.8000 7.8400 0.0000 190.7979 199.7104 13.0968 0.4640  1735.0614 0.0000 0.0000 0.0000 0.0000 1735.0614
2022 10 19 0 7.8400 125.9900 0.8000 7.8400 0.0000 190.8138 199.7263 13.0979 0.4641  1650.2003 0.0000 0.0000 0.0000 0.0000 1650.2003
2022 10 19 1 7.8400 122.2000 0.8000 7.8400 0.0000 190.8295 199.7420 13.0989 0.4641  1600.6913 0.0000 0.0000 0.0000 0.0000 1600.6913
2022 10 19 2 7.8400 125.9300 0.8000 7.8400 0.0000 190.8451 199.7576 13.1000 0.4641  1649.6853 0.0000 0.0000 0.0000 0.0000 1649.6853
2022 10 19 3 7.8400 134.0400 0.8000 7.8400 0.0000 190.8606 199.7731 13.1011 0.4642  1756.0688 0.0000 0.0000 0.0000 0.0000 1756.0688
2022 10 19 4 7.8400 149.5700 0.8000 7.8400 0.0000 190.8759 199.7884 13.1021 0.4642  1959.6865 0.0000 0.0000 0.0000 0.0000 1959.6865
2022 10 19 5 7.8400 162.9300 0.8000 7.8400 0.0000 190.8912 199.8037 13.1032 0.4643  2134.9015 0.0000 0.0000 0.0000 0.0000 2134.9015
2022 10 19 6 7.8400 192.5700 0.8000 7.8400 0.0000 190.9063 199.8188 13.1042 0.4643  2523.4801 0.0000 0.0000 0.0000 0.0000 2523.4801
2022 10 19 7 7.8400 207.3200 0.8000 7.8400 0.0000 190.9214 199.8339 13.1053 0.4643  2716.9813 0.0000 0.0000 0.0000 0.0000 2716.9813
2022 10 19 8 7.8400 202.6000 0.8000 7.8400 0.0000 190.9363 199.8488 13.1063 0.4644  2655.3322 0.0000 0.0000 0.0000 0.0000 2655.3322
2022 10 19 9 7.8400 188.9100 0.8000 7.8400 0.0000 190.9511 199.8636 13.1073 0.4644  2476.0994 0.0000 0.0000 0.0000 0.0000 2476.0994
2022 10 19 10 7.8400 175.4400 0.8000 7.8400 0.0000 190.9658 199.8783 13.1083 0.4644  2299.7213 0.0000 0.0000 0.0000 0.0000 2299.7213
2022 10 19 11 7.8400 154.7400 0.8000 7.8400 0.0000 190.9804 199.8929 13.1093 0.4645  2028.5346 0.0000 0.0000 0.0000 0.0000 2028.5346
2022 10 19 12 7.8400 150.2400 0.8000 7.8400 0.0000 190.9949 199.9075 13.1103 0.4645  1969.6923 0.0000 0.0000 0.0000 0.0000 1969.6923
2022 10 19 13 7.8400 144.4400 0.8000 7.8400 0.0000 191.0093 199.9219 13.1113 0.4645  1893.7953 0.0000 0.0000 0.0000 0.0000 1893.7953
2022 10 19 14 7.8400 153.3400 0.8000 7.8400 0.0000 191.0236 199.9362 13.1123 0.4646  2010.6362 0.0000 0.0000 0.0000 0.0000 2010.6362
2022 10 19 15 7.8400 171.2500 0.8000 7.8400 0.0000 191.0378 199.9504 13.1132 0.4646  2245.6440 0.0000 0.0000 0.0000 0.0000 2245.6440
2022 10 19 16 7.8400 186.9500 0.8000 7.8400 0.0000 191.0520 199.9645 13.1142 0.4646  2451.7030 0.0000 0.0000 0.0000 0.0000 2451.7030
2022 10 19 17 7.8400 183.5600 0.8000 7.8400 0.0000 191.0660 199.9785 13.1152 0.4647  2407.4225 0.0000 0.0000 0.0000 0.0000 2407.4225
2022 10 19 18 7.8400 175.2900 0.8000 7.8400 0.0000 191.0799 199.9924 13.1161 0.4647  2299.1274 0.0000 0.0000 0.0000 0.0000 2299.1274
2022 10 19 19 7.8400 163.3600 0.8000 7.8400 0.0000 191.0937 200.0062 13.1171 0.4647  2142.8070 0.0000 0.0000 0.0000 0.0000 2142.8070
2022 10 19 20 7.8400 151.6000 0.8000 7.8400 0.0000 191.1074 200.0200 13.1180 0.4648  1988.6930 0.0000 0.0000 0.0000 0.0000 1988.6930
2022 10 19 21 7.8400 149.1100 0.8000 7.8400 0.0000 191.1211 200.0336 13.1190 0.4648  1956.1686 0.0000 0.0000 0.0000 0.0000 1956.1686
2022 10 19 22 7.8400 133.0000 0.8000 7.8400 0.0000 191.1346 200.0471 13.1199 0.4648  1744.9456 0.0000 0.0000 0.0000 0.0000 1744.9456
2022 10 19 23 7.8400 128.4400 0.8000 7.8400 0.0000 191.1480 200.0606 13.1208 0.4649  1685.2374 0.0000 0.0000 0.0000 0.0000 1685.2374
2022 10 20 0 7.8400 116.2000 0.8000 7.8400 0.0000 191.1614 200.0739 13.1217 0.4649  1524.7449 0.0000 0.0000 0.0000 0.0000 1524.7449
2022 10 20 1 7.8400 80.4300 0.8000 7.8400 0.0000 191.1746 200.0871 13.1226 0.4649  1055.4538 0.0000 0.0000 0.0000 0.0000 1055.4538
2022 10 20 2 7.8400 79.0100 0.8000 7.8400 0.0000 191.1878 200.1003 13.1235 0.4650  1036.8910 0.0000 0.0000 0.0000 0.0000 1036.8910
2022 10 20 3 7.8400 74.8000 0.8000 7.8400 0.0000 191.2008 200.1133 13.1244 0.4650  981.7078 0.0000 0.0000 0.0000 0.0000 981.7078
2022 10 20 4 7.8400 113.3700 0.8000 7.8400 0.0000 191.2137 200.1263 13.1253 0.4650  1488.0180 0.0000 0.0000 0.0000 0.0000 1488.0180
2022 10 20 5 7.8400 151.6700 0.8000 7.8400 0.0000 191.2266 200.1391 13.1262 0.4651  1990.8516 0.0000 0.0000 0.0000 0.0000 1990.8516
2022 10 20 6 7.8400 173.5200 0.8000 7.8400 0.0000 191.2394 200.1519 13.1271 0.4651  2277.8113 0.0000 0.0000 0.0000 0.0000 2277.8113
2022 10 20 7 7.8400 187.5100 0.8000 7.8400 0.0000 191.2520 200.1645 13.1280 0.4651  2461.6222 0.0000 0.0000 0.0000 0.0000 2461.6222
2022 10 20 8 7.8400 174.2400 0.8000 7.8400 0.0000 191.2646 200.1771 13.1288 0.4652  2287.5647 0.0000 0.0000 0.0000 0.0000 2287.5647
2022 10 20 9 7.8400 173.9900 0.8000 7.8400 0.0000 191.2771 200.1896 13.1297 0.4652  2284.4316 0.0000 0.0000 0.0000 0.0000 2284.4316
2022 10 20 10 7.8400 161.0300 0.8000 7.8400 0.0000 191.2895 200.2020 13.1305 0.4652  2114.4080 0.0000 0.0000 0.0000 0.0000 2114.4080
2022 10 20 11 7.8400 137.9900 0.8000 7.8400 0.0000 191.3018 200.2143 13.1314 0.4653  1811.9975 0.0000 0.0000 0.0000 0.0000 1811.9975
2022 10 20 12 7.8400 134.9900 0.8000 7.8400 0.0000 191.3140 200.2265 13.1322 0.4653  1772.7168 0.0000 0.0000 0.0000 0.0000 1772.7168
2022 10 20 13 7.8400 135.1900 0.8000 7.8400 0.0000 191.3262 200.2387 13.1330 0.4653  1775.4560 0.0000 0.0000 0.0000 0.0000 1775.4560
2022 10 20 14 7.8400 139.6000 0.8000 7.8400 0.0000 191.3383 200.2508 13.1339 0.4653  1833.4884 0.0000 0.0000 0.0000 0.0000 1833.4884
2022 10 20 15 7.8400 150.1900 0.8000 7.8400 0.0000 191.3502 200.2628 13.1347 0.4654  1972.6997 0.0000 0.0000 0.0000 0.0000 1972.6997
2022 10 20 16 7.8400 170.5400 0.8000 7.8400 0.0000 191.3622 200.2747 13.1355 0.4654  2240.1300 0.0000 0.0000 0.0000 0.0000 2240.1300
2022 10 20 17 7.8400 178.9400 0.8000 7.8400 0.0000 191.3740 200.2865 13.1363 0.4654  2350.6139 0.0000 0.0000 0.0000 0.0000 2350.6139
2022 10 20 18 7.8400 183.6400 0.8000 7.8400 0.0000 191.3858 200.2983 13.1371 0.4655  2412.5030 0.0000 0.0000 0.0000 0.0000 2412.5030
2022 10 20 19 7.8400 159.7600 0.8000 7.8400 0.0000 191.3975 200.3100 13.1379 0.4655  2098.9165 0.0000 0.0000 0.0000 0.0000 2098.9165
2022 10 20 20 7.8400 142.4900 0.8000 7.8400 0.0000 191.4091 200.3216 13.1387 0.4655  1872.1382 0.0000 0.0000 0.0000 0.0000 1872.1382
2022 10 20 21 7.8400 133.6800 0.8000 7.8400 0.0000 191.4206 200.3332 13.1395 0.4655  1756.4918 0.0000 0.0000 0.0000 0.0000 1756.4918
2022 10 20 22 7.8400 124.9900 0.8000 7.8400 0.0000 191.4321 200.3446 13.1403 0.4656  1642.4079 0.0000 0.0000 0.0000 0.0000 1642.4079
2022 10 20 23 7.8400 132.9100 0.8000 7.8400 0.0000 191.4435 200.3561 13.1411 0.4656  1746.5834 0.0000 0.0000 0.0000 0.0000 1746.5834
2022 10 21 0 7.8400 121.1300 0.8000 7.8400 0.0000 191.4549 200.3674 13.1419 0.4656  1591.8753 0.0000 0.0000 0.0000 0.0000 1591.8753
2022 10 21 1 7.8400 117.7000 0.8000 7.8400 0.0000 191.4661 200.3786 13.1426 0.4657  1546.8897 0.0000 0.0000 0.0000 0.0000 1546.8897
2022 10 21 2 7.8400 114.0500 0.8000 7.8400 0.0000 191.4773 200.3898 13.1434 0.4657  1499.0068 0.0000 0.0000 0.0000 0.0000 1499.0068
2022 10 21 3 7.8400 120.1500 0.8000 7.8400 0.0000 191.4885 200.4010 13.1442 0.4657  1579.2733 0.0000 0.0000 0.0000 0.0000 1579.2733
2022 10 21 4 7.8400 134.8700 0.8000 7.8400 0.0000 191.4995 200.4120 13.1449 0.4657  1772.8580 0.0000 0.0000 0.0000 0.0000 1772.8580
2022 10 21 5 7.8400 155.8800 0.8000 7.8400 0.0000 191.5105 200.4230 13.1457 0.4658  2049.1510 0.0000 0.0000 0.0000 0.0000 2049.1510
2022 10 21 6 7.8400 179.8100 0.8000 7.8400 0.0000 191.5214 200.4340 13.1464 0.4658  2363.8623 0.0000 0.0000 0.0000 0.0000 2363.8623
2022 10 21 7 7.8400 193.8900 0.8000 7.8400 0.0000 191.5323 200.4448 13.1472 0.4658  2549.1089 0.0000 0.0000 0.0000 0.0000 2549.1089
2022 10 21 8 7.8400 195.9600 0.8000 7.8400 0.0000 191.5431 200.4556 13.1479 0.4658  2576.4691 0.0000 0.0000 0.0000 0.0000 2576.4691
2022 10 21 9 7.8400 182.9800 0.8000 7.8400 0.0000 191.5539 200.4664 13.1487 0.4659  2405.9438 0.0000 0.0000 0.0000 0.0000 2405.9438
2022 10 21 10 7.8400 179.1800 0.8000 7.8400 0.0000 191.5646 200.4771 13.1494 0.4659  2356.1104 0.0000 0.0000 0.0000 0.0000 2356.1104
2022 10 21 11 7.8400 168.8000 0.8000 7.8400 0.0000 191.5752 200.4877 13.1501 0.4659  2219.7430 0.0000 0.0000 0.0000 0.0000 2219.7430
2022 10 21 12 7.8400 165.8800 0.8000 7.8400 0.0000 191.5858 200.4983 13.1509 0.4659  2181.4649 0.0000 0.0000 0.0000 0.0000 2181.4649
2022 10 21 13 7.8400 162.9600 0.8000 7.8400 0.0000 191.5963 200.5088 13.1516 0.4660  2143.1820 0.0000 0.0000 0.0000 0.0000 2143.1820
2022 10 21 14 7.8400 159.7900 0.8000 7.8400 0.0000 191.6068 200.5193 13.1523 0.4660  2101.6062 0.0000 0.0000 0.0000 0.0000 2101.6062
2022 10 21 15 7.8400 164.4300 0.8000 7.8400 0.0000 191.6172 200.5297 13.1530 0.4660  2162.7503 0.0000 0.0000 0.0000 0.0000 2162.7503
2022 10 21 16 7.8400 173.7300 0.8000 7.8400 0.0000 191.6275 200.5400 13.1537 0.4660  2285.1969 0.0000 0.0000 0.0000 0.0000 2285.1969
2022 10 21 17 7.8400 176.2900 0.8000 7.8400 0.0000 191.6378 200.5503 13.1544 0.4661  2318.9951 0.0000 0.0000 0.0000 0.0000 2318.9951
2022 10 21 18 7.8400 161.5800 0.8000 7.8400 0.0000 191.6481 200.5606 13.1551 0.4661  2125.6070 0.0000 0.0000 0.0000 0.0000 2125.6070
2022 10 21 19 7.8400 150.1600 0.8000 7.8400 0.0000 191.6582 200.5708 13.1558 0.4661  1975.4803 0.0000 0.0000 0.0000 0.0000 1975.4803
2022 10 21 20 7.8400 152.4500 0.8000 7.8400 0.0000 191.6684 200.5809 13.1565 0.4661  2005.7132 0.0000 0.0000 0.0000 0.0000 2005.7132
2022 10 21 21 7.8400 154.1400 0.8000 7.8400 0.0000 191.6785 200.5910 13.1572 0.4662  2028.0545 0.0000 0.0000 0.0000 0.0000 2028.0545
2022 10 21 22 7.8400 144.4900 0.8000 7.8400 0.0000 191.6885 200.6010 13.1579 0.4662  1901.1869 0.0000 0.0000 0.0000 0.0000 1901.1869
2022 10 21 23 7.8400 149.1900 0.8000 7.8400 0.0000 191.6985 200.6110 13.1586 0.4662  1963.1312 0.0000 0.0000 0.0000 0.0000 1963.1312
2022 10 22 0 7.8400 134.2800 0.8000 7.8400 0.0000 191.7084 200.6209 13.1593 0.4662  1767.0279 0.0000 0.0000 0.0000 0.0000 1767.0279
2022 10 22 1 7.8400 130.5100 0.8000 7.8400 0.0000 191.7183 200.6308 13.1600 0.4663  1717.5058 0.0000 0.0000 0.0000 0.0000 1717.5058
2022 10 22 2 7.8400 134.0100 0.8000 7.8400 0.0000 191.7281 200.6406 13.1606 0.4663  1763.6561 0.0000 0.0000 0.0000 0.0000 1763.6561
2022 10 22 3 7.8400 134.2600 0.8000 7.8400 0.0000 191.7379 200.6504 13.1613 0.4663  1767.0365 0.0000 0.0000 0.0000 0.0000 1767.0365
2022 10 22 4 7.8400 136.4500 0.8000 7.8400 0.0000 191.7476 200.6602 13.1620 0.4663  1795.9511 0.0000 0.0000 0.0000 0.0000 1795.9511
2022 10 22 5 7.8400 135.3400 0.8000 7.8400 0.0000 191.7573 200.6699 13.1626 0.4664  1781.4314 0.0000 0.0000 0.0000 0.0000 1781.4314
2022 10 22 6 7.8400 142.5200 0.8000 7.8400 0.0000 191.7670 200.6795 13.1633 0.4664  1876.0336 0.0000 0.0000 0.0000 0.0000 1876.0336
2022 10 22 7 7.8400 146.7000 0.8000 7.8400 0.0000 191.7766 200.6891 13.1640 0.4664  1931.1528 0.0000 0.0000 0.0000 0.0000 1931.1528
2022 10 22 8 7.8400 148.0300 0.8000 7.8400 0.0000 191.7861 200.6987 13.1646 0.4664  1948.7579 0.0000 0.0000 0.0000 0.0000 1948.7579
2022 10 22 9 7.8400 145.8500 0.8000 7.8400 0.0000 191.7956 200.7082 13.1653 0.4665  1920.1543 0.0000 0.0000 0.0000 0.0000 1920.1543
2022 10 22 10 7.8400 137.8700 0.8000 7.8400 0.0000 191.8051 200.7176 13.1659 0.4665  1815.1848 0.0000 0.0000 0.0000 0.0000 1815.1848
2022 10 22 11 7.8400 134.5200 0.8000 7.8400 0.0000 191.8145 200.7270 13.1666 0.4665  1771.1660 0.0000 0.0000 0.0000 0.0000 1771.1660
2022 10 22 12 7.8400 126.2200 0.8000 7.8400 0.0000 191.8239 200.7364 13.1672 0.4665  1661.9645 0.0000 0.0000 0.0000 0.0000 1661.9645
2022 10 22 13 7.8400 119.6400 0.8000 7.8400 0.0000 191.8332 200.7457 13.1678 0.4665  1575.4007 0.0000 0.0000 0.0000 0.0000 1575.4007
2022 10 22 14 7.8400 121.6700 0.8000 7.8400 0.0000 191.8424 200.7549 13.1685 0.4666  1602.2087 0.0000 0.0000 0.0000 0.0000 1602.2087
2022 10 22 15 7.8400 141.4300 0.8000 7.8400 0.0000 191.8517 200.7642 13.1691 0.4666  1862.5073 0.0000 0.0000 0.0000 0.0000 1862.5073
2022 10 22 16 7.8400 161.3200 0.8000 7.8400 0.0000 191.8608 200.7734 13.1697 0.4666  2124.5429 0.0000 0.0000 0.0000 0.0000 2124.5429
2022 10 22 17 7.8400 180.8100 0.8000 7.8400 0.0000 191.8700 200.7825 13.1704 0.4666  2381.3345 0.0000 0.0000 0.0000 0.0000 2381.3345
2022 10 22 18 7.8400 184.9500 0.8000 7.8400 0.0000 191.8791 200.7916 13.1710 0.4667  2435.9753 0.0000 0.0000 0.0000 0.0000 2435.9753
2022 10 22 19 7.8400 165.1100 0.8000 7.8400 0.0000 191.8881 200.8006 13.1716 0.4667  2174.7654 0.0000 0.0000 0.0000 0.0000 2174.7654
2022 10 22 20 7.8400 146.1200 0.8000 7.8400 0.0000 191.8971 200.8096 13.1722 0.4667  1924.7267 0.0000 0.0000 0.0000 0.0000 1924.7267
2022 10 22 21 7.8400 145.5600 0.8000 7.8400 0.0000 191.9061 200.8186 13.1728 0.4667  1917.4398 0.0000 0.0000 0.0000 0.0000 1917.4398
2022 10 22 22 7.8400 137.9400 0.8000 7.8400 0.0000 191.9150 200.8275 13.1735 0.4667  1817.1474 0.0000 0.0000 0.0000 0.0000 1817.1474
2022 10 22 23 7.8400 118.5100 0.8000 7.8400 0.0000 191.9240 200.8365 13.1741 0.4668  1561.2596 0.0000 0.0000 0.0000 0.0000 1561.2596
2022 10 23 0 7.8400 106.1800 0.8000 7.8400 0.0000 191.9329 200.8454 13.1747 0.4668  1398.8881 0.0000 0.0000 0.0000 0.0000 1398.8881
2022 10 23 1 7.8400 99.9600 0.8000 7.8400 0.0000 191.9417 200.8542 13.1753 0.4668  1317.0024 0.0000 0.0000 0.0000 0.0000 1317.0024
2022 10 23 2 7.8400 96.1900 0.8000 7.8400 0.0000 191.9506 200.8631 13.1759 0.4668  1267.3899 0.0000 0.0000 0.0000 0.0000 1267.3899
2022 10 23 3 7.8400 98.5400 0.8000 7.8400 0.0000 191.9594 200.8719 13.1765 0.4669  1298.4127 0.0000 0.0000 0.0000 0.0000 1298.4127
2022 10 23 4 7.8400 94.6300 0.8000 7.8400 0.0000 191.9681 200.8806 13.1771 0.4669  1246.9495 0.0000 0.0000 0.0000 0.0000 1246.9495
2022 10 23 5 7.8400 112.0000 0.8000 7.8400 0.0000 191.9768 200.8893 13.1777 0.4669  1475.9028 0.0000 0.0000 0.0000 0.0000 1475.9028
2022 10 23 6 7.8400 117.5600 0.8000 7.8400 0.0000 191.9855 200.8980 13.1783 0.4669  1549.2409 0.0000 0.0000 0.0000 0.0000 1549.2409
2022 10 23 7 7.8400 126.0400 0.8000 7.8400 0.0000 191.9942 200.9067 13.1789 0.4669  1661.0678 0.0000 0.0000 0.0000 0.0000 1661.0678
2022 10 23 8 7.8400 122.9000 0.8000 7.8400 0.0000 192.0028 200.9153 13.1795 0.4670  1619.7588 0.0000 0.0000 0.0000 0.0000 1619.7588
2022 10 23 9 7.8400 102.9100 0.8000 7.8400 0.0000 192.0114 200.9239 13.1801 0.4670  1356.3616 0.0000 0.0000 0.0000 0.0000 1356.3616
2022 10 23 10 7.8400 99.9000 0.8000 7.8400 0.0000 192.0199 200.9324 13.1807 0.4670  1316.7482 0.0000 0.0000 0.0000 0.0000 1316.7482
2022 10 23 11 7.8400 89.3900 0.8000 7.8400 0.0000 192.0285 200.9410 13.1812 0.4670  1178.2717 0.0000 0.0000 0.0000 0.0000 1178.2717
2022 10 23 12 7.8400 81.6600 0.8000 7.8400 0.0000 192.0369 200.9495 13.1818 0.4670  1076.4283 0.0000 0.0000 0.0000 0.0000 1076.4283
2022 10 23 13 7.8400 83.9400 0.8000 7.8400 0.0000 192.0454 200.9579 13.1824 0.4671  1106.5315 0.0000 0.0000 0.0000 0.0000 1106.5315
2022 10 23 14 7.8400 85.6100 0.8000 7.8400 0.0000 192.0538 200.9663 13.1830 0.4671  1128.5957 0.0000 0.0000 0.0000 0.0000 1128.5957
2022 10 23 15 7.8400 95.2700 0.8000 7.8400 0.0000 192.0622 200.9747 13.1836 0.4671  1255.9981 0.0000 0.0000 0.0000 0.0000 1255.9981
2022 10 23 16 7.8400 111.0200 0.8000 7.8400 0.0000 192.0706 200.9831 13.1841 0.4671  1463.7030 0.0000 0.0000 0.0000 0.0000 1463.7030
2022 10 23 17 7.8400 119.9200 0.8000 7.8400 0.0000 192.0789 200.9914 13.1847 0.4671  1581.1103 0.0000 0.0000 0.0000 0.0000 1581.1103
2022 10 23 18 7.8400 123.6900 0.8000 7.8400 0.0000 192.0872 200.9997 13.1853 0.4672  1630.8872 0.0000 0.0000 0.0000 0.0000 1630.8872
2022 10 23 19 7.8400 110.0600 0.8000 7.8400 0.0000 192.0955 201.0080 13.1858 0.4672  1451.2342 0.0000 0.0000 0.0000 0.0000 1451.2342
2022 10 23 20 7.8400 93.3300 0.8000 7.8400 0.0000 192.1037 201.0162 13.1864 0.4672  1230.6878 0.0000 0.0000 0.0000 0.0000 1230.6878
2022 10 23 21 7.8400 86.2600 0.8000 7.8400 0.0000 192.1119 201.0244 13.1870 0.4672  1137.5085 0.0000 0.0000 0.0000 0.0000 1137.5085
2022 10 23 22 7.8400 78.5900 0.8000 7.8400 0.0000 192.1201 201.0326 13.1875 0.4672  1036.4084 0.0000 0.0000 0.0000 0.0000 1036.4084
2022 10 23 23 7.8400 56.4400 0.8000 7.8400 0.0000 192.1282 201.0407 13.1881 0.4673  744.3360 0.0000 0.0000 0.0000 0.0000 744.3360
2022 10 24 0 7.8400 53.2400 0.8000 7.8400 0.0000 192.1363 201.0488 13.1887 0.4673  702.1638 0.0000 0.0000 0.0000 0.0000 702.1638
2022 10 24 1 7.8400 40.7000 0.8000 7.8400 0.0000 192.1444 201.0569 13.1892 0.4673  536.8006 0.0000 0.0000 0.0000 0.0000 536.8006
2022 10 24 2 7.8400 26.8000 0.8000 7.8400 0.0000 192.1524 201.0649 13.1898 0.4673  353.4854 0.0000 0.0000 0.0000 0.0000 353.4854
2022 10 24 3 7.8400 40.6900 0.8000 7.8400 0.0000 192.1604 201.0729 13.1903 0.4673  536.7134 0.0000 0.0000 0.0000 0.0000 536.7134
2022 10 24 4 7.8400 55.9300 0.8000 7.8400 0.0000 192.1684 201.0809 13.1909 0.4674  737.7643 0.0000 0.0000 0.0000 0.0000 737.7643
2022 10 24 5 7.8400 73.1300 0.8000 7.8400 0.0000 192.1763 201.0888 13.1914 0.4674  964.6867 0.0000 0.0000 0.0000 0.0000 964.6867
2022 10 24 6 7.8400 110.6600 0.8000 7.8400 0.0000 192.1842 201.0967 13.1919 0.4674  1459.8199 0.0000 0.0000 0.0000 0.0000 1459.8199
2022 10 24 7 7.8400 126.7000 0.8000 7.8400 0.0000 192.1921 201.1046 13.1925 0.4674  1671.4873 0.0000 0.0000 0.0000 0.0000 1671.4873
2022 10 24 8 7.8400 120.1800 0.8000 7.8400 0.0000 192.2000 201.1126 13.1930 0.4674  1585.5378 0.0000 0.0000 0.0000 0.0000 1585.5378
2022 10 24 9 7.8400 112.1800 0.8000 7.8400 0.0000 192.2080 201.1205 13.1936 0.4675  1480.0552 0.0000 0.0000 0.0000 0.0000 1480.0552
2022 10 24 10 7.8400 87.2600 0.8000 7.8400 0.0000 192.2162 201.1287 13.1941 0.4675  1151.3200 0.0000 0.0000 0.0000 0.0000 1151.3200
2022 10 24 11 7.8400 72.9300 0.8000 7.8400 0.0000 192.2245 201.1370 13.1947 0.4675  962.2898 0.0000 0.0000 0.0000 0.0000 962.2898
2022 10 24 12 7.8400 72.6300 0.8000 7.8400 0.0000 192.2331 201.1456 13.1953 0.4675  958.3740 0.0000 0.0000 0.0000 0.0000 958.3740
2022 10 24 13 7.8400 73.0400 0.8000 7.8400 0.0000 192.2419 201.1544 13.1959 0.4675  963.8283 0.0000 0.0000 0.0000 0.0000 963.8283
2022 10 24 14 7.8400 81.5500 0.8000 7.8400 0.0000 192.2509 201.1634 13.1965 0.4676  1076.1760 0.0000 0.0000 0.0000 0.0000 1076.1760
2022 10 24 15 7.8400 88.3500 0.8000 7.8400 0.0000 192.2601 201.1726 13.1971 0.4676  1165.9681 0.0000 0.0000 0.0000 0.0000 1165.9681
2022 10 24 16 7.8400 114.1300 0.8000 7.8400 0.0000 192.2694 201.1819 13.1978 0.4676  1506.2636 0.0000 0.0000 0.0000 0.0000 1506.2636
2022 10 24 17 7.8400 123.8400 0.8000 7.8400 0.0000 192.2789 201.1914 13.1984 0.4676  1634.4942 0.0000 0.0000 0.0000 0.0000 1634.4942
2022 10 24 18 7.8400 130.7400 0.8000 7.8400 0.0000 192.2884 201.2009 13.1991 0.4677  1725.6490 0.0000 0.0000 0.0000 0.0000 1725.6490
2022 10 24 19 7.8400 111.0900 0.8000 7.8400 0.0000 192.2980 201.2105 13.1997 0.4677  1466.3601 0.0000 0.0000 0.0000 0.0000 1466.3601
2022 10 24 20 7.8400 92.6900 0.8000 7.8400 0.0000 192.3077 201.2202 13.2004 0.4677  1223.5467 0.0000 0.0000 0.0000 0.0000 1223.5467
2022 10 24 21 7.8400 91.7400 0.8000 7.8400 0.0000 192.3175 201.2301 13.2011 0.4677  1211.0681 0.0000 0.0000 0.0000 0.0000 1211.0681
2022 10 24 22 7.8400 83.6000 0.8000 7.8400 0.0000 192.3275 201.2400 13.2018 0.4677  1103.6681 0.0000 0.0000 0.0000 0.0000 1103.6681
2022 10 24 23 7.8400 61.0300 0.8000 7.8400 0.0000 192.3375 201.2500 13.2025 0.4678  805.7462 0.0000 0.0000 0.0000 0.0000 805.7462
2022 10 25 0 7.8400 54.2400 0.8000 7.8400 0.0000 192.3477 201.2602 13.2032 0.4678  716.1394 0.0000 0.0000 0.0000 0.0000 716.1394
2022 10 25 1 7.8400 60.5500 0.8000 7.8400 0.0000 192.3579 201.2705 13.2039 0.4678  799.4940 0.0000 0.0000 0.0000 0.0000 799.4940
2022 10 25 2 7.8400 60.2400 0.8000 7.8400 0.0000 192.3683 201.2808 13.2046 0.4678  795.4437 0.0000 0.0000 0.0000 0.0000 795.4437
2022 10 25 3 7.8400 72.2600 0.8000 7.8400 0.0000 192.3788 201.2913 13.2053 0.4679  954.2148 0.0000 0.0000 0.0000 0.0000 954.2148
2022 10 25 4 7.8400 75.7600 0.8000 7.8400 0.0000 192.3894 201.3019 13.2060 0.4679  1000.4883 0.0000 0.0000 0.0000 0.0000 1000.4883
2022 10 25 5 7.8400 92.5200 0.8000 7.8400 0.0000 192.4000 201.3125 13.2068 0.4679  1221.8887 0.0000 0.0000 0.0000 0.0000 1221.8887
2022 10 25 6 7.8400 121.1600 0.8000 7.8400 0.0000 192.4107 201.3233 13.2075 0.4680  1600.2194 0.0000 0.0000 0.0000 0.0000 1600.2194
2022 10 25 7 7.8400 131.5800 0.8000 7.8400 0.0000 192.4216 201.3341 13.2082 0.4680  1737.9390 0.0000 0.0000 0.0000 0.0000 1737.9390
2022 10 25 8 7.8400 131.0700 0.8000 7.8400 0.0000 192.4325 201.3450 13.2090 0.4680  1731.3011 0.0000 0.0000 0.0000 0.0000 1731.3011
2022 10 25 9 7.8400 113.2600 0.8000 7.8400 0.0000 192.4435 201.3560 13.2097 0.4680  1496.1350 0.0000 0.0000 0.0000 0.0000 1496.1350
2022 10 25 10 7.8400 107.0900 0.8000 7.8400 0.0000 192.4547 201.3672 13.2105 0.4681  1414.7129 0.0000 0.0000 0.0000 0.0000 1414.7129
2022 10 25 11 7.8400 100.1800 0.8000 7.8400 0.0000 192.4659 201.3784 13.2113 0.4681  1323.5057 0.0000 0.0000 0.0000 0.0000 1323.5057
2022 10 25 12 7.8400 84.3800 0.8000 7.8400 0.0000 192.4773 201.3898 13.2121 0.4681  1114.8331 0.0000 0.0000 0.0000 0.0000 1114.8331
2022 10 25 13 7.8400 85.7400 0.8000 7.8400 0.0000 192.4886 201.4011 13.2128 0.4681  1132.8685 0.0000 0.0000 0.0000 0.0000 1132.8685
2022 10 25 14 7.8400 103.6100 0.8000 7.8400 0.0000 192.5000 201.4126 13.2136 0.4682  1369.0630 0.0000 0.0000 0.0000 0.0000 1369.0630
2022 10 25 15 7.8400 120.0900 0.8000 7.8400 0.0000 192.5115 201.4240 13.2144 0.4682  1586.9176 0.0000 0.0000 0.0000 0.0000 1586.9176
2022 10 25 16 7.8400 154.7800 0.8000 7.8400 0.0000 192.5229 201.4354 13.2152 0.4682  2045.4466 0.0000 0.0000 0.0000 0.0000 2045.4466
2022 10 25 17 7.8400 177.6700 0.8000 7.8400 0.0000 192.5343 201.4468 13.2160 0.4683  2348.0812 0.0000 0.0000 0.0000 0.0000 2348.0812
2022 10 25 18 7.8400 184.2700 0.8000 7.8400 0.0000 192.5456 201.4582 13.2167 0.4683  2435.4502 0.0000 0.0000 0.0000 0.0000 2435.4502
2022 10 25 19 7.8400 154.0300 0.8000 7.8400 0.0000 192.5569 201.4694 13.2175 0.4683  2035.8951 0.0000 0.0000 0.0000 0.0000 2035.8951
2022 10 25 20 7.8400 131.2900 0.8000 7.8400 0.0000 192.5682 201.4807 13.2183 0.4683  1735.4298 0.0000 0.0000 0.0000 0.0000 1735.4298
2022 10 25 21 7.8400 121.4600 0.8000 7.8400 0.0000 192.5793 201.4918 13.2191 0.4684  1605.5871 0.0000 0.0000 0.0000 0.0000 1605.5871
2022 10 25 22 7.8400 116.2600 0.8000 7.8400 0.0000 192.5904 201.5029 13.2198 0.4684  1536.9365 0.0000 0.0000 0.0000 0.0000 1536.9365
2022 10 25 23 7.8400 98.6900 0.8000 7.8400 0.0000 192.6014 201.5139 13.2206 0.4684  1304.7387 0.0000 0.0000 0.0000 0.0000 1304.7387
2022 10 26 0 7.8400 94.2900 0.8000 7.8400 0.0000 192.6123 201.5248 13.2213 0.4684  1246.6389 0.0000 0.0000 0.0000 0.0000 1246.6389
2022 10 26 1 7.8400 91.3300 0.8000 7.8400 0.0000 192.6232 201.5357 13.2221 0.4685  1207.5716 0.0000 0.0000 0.0000 0.0000 1207.5716
2022 10 26 2 7.8400 89.6800 0.8000 7.8400 0.0000 192.6339 201.5464 13.2228 0.4685  1185.8214 0.0000 0.0000 0.0000 0.0000 1185.8214
2022 10 26 3 7.8400 97.6000 0.8000 7.8400 0.0000 192.6446 201.5571 13.2235 0.4685  1290.6175 0.0000 0.0000 0.0000 0.0000 1290.6175
2022 10 26 4 7.8400 108.9800 0.8000 7.8400 0.0000 192.6552 201.5677 13.2243 0.4685  1441.1806 0.0000 0.0000 0.0000 0.0000 1441.1806
2022 10 26 5 7.8400 129.2000 0.8000 7.8400 0.0000 192.6657 201.5782 13.2250 0.4686  1708.6683 0.0000 0.0000 0.0000 0.0000 1708.6683
2022 10 26 6 7.8400 156.7000 0.8000 7.8400 0.0000 192.6761 201.5886 13.2257 0.4686  2072.4675 0.0000 0.0000 0.0000 0.0000 2072.4675
2022 10 26 7 7.8400 163.5600 0.8000 7.8400 0.0000 192.6864 201.5989 13.2264 0.4686  2163.3120 0.0000 0.0000 0.0000 0.0000 2163.3120
2022 10 26 8 7.8400 151.4200 0.8000 7.8400 0.0000 192.6967 201.6092 13.2271 0.4686  2002.8500 0.0000 0.0000 0.0000 0.0000 2002.8500
2022 10 26 9 7.8400 134.7900 0.8000 7.8400 0.0000 192.7069 201.6194 13.2278 0.4687  1782.9773 0.0000 0.0000 0.0000 0.0000 1782.9773
2022 10 26 10 7.8400 119.9000 0.8000 7.8400 0.0000 192.7170 201.6295 13.2285 0.4687  1586.0986 0.0000 0.0000 0.0000 0.0000 1586.0986
2022 10 26 11 7.8400 117.1400 0.8000 7.8400 0.0000 192.7271 201.6396 13.2292 0.4687  1549.6687 0.0000 0.0000 0.0000 0.0000 1549.6687
2022 10 26 12 7.8400 117.2200 0.8000 7.8400 0.0000 192.7371 201.6496 13.2299 0.4687  1550.8074 0.0000 0.0000 0.0000 0.0000 1550.8074
2022 10 26 13 7.8400 120.4200 0.8000 7.8400 0.0000 192.7470 201.6595 13.2306 0.4688  1593.2250 0.0000 0.0000 0.0000 0.0000 1593.2250
2022 10 26 14 7.8400 130.0700 0.8000 7.8400 0.0000 192.7568 201.6693 13.2312 0.4688  1720.9881 0.0000 0.0000 0.0000 0.0000 1720.9881
2022 10 26 15 7.8400 144.2800 0.8000 7.8400 0.0000 192.7666 201.6791 13.2319 0.4688  1909.1011 0.0000 0.0000 0.0000 0.0000 1909.1011
2022 10 26 16 7.8400 144.4000 0.8000 7.8400 0.0000 192.7764 201.6889 13.2326 0.4688  1910.7854 0.0000 0.0000 0.0000 0.0000 1910.7854
2022 10 26 17 7.8400 140.8600 0.8000 7.8400 0.0000 192.7861 201.6986 13.2333 0.4689  1864.0359 0.0000 0.0000 0.0000 0.0000 1864.0359
2022 10 26 18 7.8400 140.5200 0.8000 7.8400 0.0000 192.7957 201.7082 13.2339 0.4689  1859.6297 0.0000 0.0000 0.0000 0.0000 1859.6297
2022 10 26 19 7.8400 128.8000 0.8000 7.8400 0.0000 192.8053 201.7179 13.2346 0.4689  1704.6133 0.0000 0.0000 0.0000 0.0000 1704.6133
2022 10 26 20 7.8400 111.7400 0.8000 7.8400 0.0000 192.8149 201.7274 13.2352 0.4689  1478.9048 0.0000 0.0000 0.0000 0.0000 1478.9048
2022 10 26 21 7.8400 99.5600 0.8000 7.8400 0.0000 192.8245 201.7370 13.2359 0.4690  1317.7650 0.0000 0.0000 0.0000 0.0000 1317.7650
2022 10 26 22 7.8400 91.1100 0.8000 7.8400 0.0000 192.8340 201.7466 13.2365 0.4690  1205.9816 0.0000 0.0000 0.0000 0.0000 1205.9816
2022 10 26 23 7.8400 92.2500 0.8000 7.8400 0.0000 192.8437 201.7562 13.2372 0.4690  1221.1322 0.0000 0.0000 0.0000 0.0000 1221.1322
2022 10 27 0 7.8400 96.4600 0.8000 7.8400 0.0000 192.8533 201.7659 13.2379 0.4690  1276.9249 0.0000 0.0000 0.0000 0.0000 1276.9249
2022 10 27 1 7.8400 98.5000 0.8000 7.8400 0.0000 192.8631 201.7756 13.2385 0.4691  1303.9961 0.0000 0.0000 0.0000 0.0000 1303.9961
2022 10 27 2 7.8400 96.3600 0.8000 7.8400 0.0000 192.8729 201.7854 13.2392 0.4691  1275.7306 0.0000 0.0000 0.0000 0.0000 1275.7306
2022 10 27 3 7.8400 98.7000 0.8000 7.8400 0.0000 192.8828 201.7953 13.2399 0.4691  1306.7772 0.0000 0.0000 0.0000 0.0000 1306.7772
2022 10 27 4 7.8400 109.7800 0.8000 7.8400 0.0000 192.8927 201.8052 13.2406 0.4691  1453.5499 0.0000 0.0000 0.0000 0.0000 1453.5499
2022 10 27 5 7.8400 124.4500 0.8000 7.8400 0.0000 192.9026 201.8151 13.2413 0.4691  1647.8739 0.0000 0.0000 0.0000 0.0000 1647.8739
2022 10 27 6 7.8400 161.5500 0.8000 7.8400 0.0000 192.9126 201.8251 13.2419 0.4692  2139.2348 0.0000 0.0000 0.0000 0.0000 2139.2348
2022 10 27 7 7.8400 142.8300 0.8000 7.8400 0.0000 192.9225 201.8350 13.2426 0.4692  1891.4433 0.0000 0.0000 0.0000 0.0000 1891.4433
2022 10 27 8 7.8400 135.2100 0.8000 7.8400 0.0000 192.9325 201.8450 13.2433 0.4692  1790.6268 0.0000 0.0000 0.0000 0.0000 1790.6268
2022 10 27 9 7.8400 130.7300 0.8000 7.8400 0.0000 192.9424 201.8549 13.2440 0.4692  1731.3857 0.0000 0.0000 0.0000 0.0000 1731.3857
2022 10 27 10 7.8400 119.3600 0.8000 7.8400 0.0000 192.9523 201.8648 13.2447 0.4693  1580.8827 0.0000 0.0000 0.0000 0.0000 1580.8827
2022 10 27 11 7.8400 108.3600 0.8000 7.8400 0.0000 192.9621 201.8746 13.2453 0.4693  1435.2647 0.0000 0.0000 0.0000 0.0000 1435.2647
2022 10 27 12 7.8400 101.4400 0.8000 7.8400 0.0000 192.9719 201.8845 13.2460 0.4693  1343.6753 0.0000 0.0000 0.0000 0.0000 1343.6753
2022 10 27 13 7.8400 106.3200 0.8000 7.8400 0.0000 192.9817 201.8942 13.2467 0.4693  1408.3871 0.0000 0.0000 0.0000 0.0000 1408.3871
2022 10 27 14 7.8400 120.2800 0.8000 7.8400 0.0000 192.9914 201.9039 13.2473 0.4694  1593.3910 0.0000 0.0000 0.0000 0.0000 1593.3910
2022 10 27 15 7.8400 128.8300 0.8000 7.8400 0.0000 193.0011 201.9136 13.2480 0.4694  1706.7415 0.0000 0.0000 0.0000 0.0000 1706.7415
2022 10 27 16 7.8400 124.8800 0.8000 7.8400 0.0000 193.0108 201.9233 13.2487 0.4694  1654.4945 0.0000 0.0000 0.0000 0.0000 1654.4945
2022 10 27 17 7.8400 126.5800 0.8000 7.8400 0.0000 193.0203 201.9329 13.2493 0.4694  1677.1006 0.0000 0.0000 0.0000 0.0000 1677.1006
2022 10 27 18 7.8400 127.9400 0.8000 7.8400 0.0000 193.0299 201.9424 13.2500 0.4695  1695.2034 0.0000 0.0000 0.0000 0.0000 1695.2034
2022 10 27 19 7.8400 125.3200 0.8000 7.8400 0.0000 193.0394 201.9519 13.2506 0.4695  1660.5701 0.0000 0.0000 0.0000 0.0000 1660.5701
2022 10 27 20 7.8400 128.3400 0.8000 7.8400 0.0000 193.0488 201.9613 13.2513 0.4695  1700.6700 0.0000 0.0000 0.0000 0.0000 1700.6700
2022 10 27 21 7.8400 118.7100 0.8000 7.8400 0.0000 193.0582 201.9707 13.2519 0.4695  1573.1367 0.0000 0.0000 0.0000 0.0000 1573.1367
2022 10 27 22 7.8400 101.7200 0.8000 7.8400 0.0000 193.0675 201.9801 13.2526 0.4695  1348.0518 0.0000 0.0000 0.0000 0.0000 1348.0518
2022 10 27 23 7.8400 91.1400 0.8000 7.8400 0.0000 193.0769 201.9894 13.2532 0.4696  1207.8978 0.0000 0.0000 0.0000 0.0000 1207.8978
2022 10 28 0 7.8400 91.4600 0.8000 7.8400 0.0000 193.0861 201.9986 13.2538 0.4696  1212.1969 0.0000 0.0000 0.0000 0.0000 1212.1969
2022 10 28 1 7.8400 91.1400 0.8000 7.8400 0.0000 193.0953 202.0079 13.2545 0.4696  1208.0134 0.0000 0.0000 0.0000 0.0000 1208.0134
2022 10 28 2 7.8400 91.0000 0.8000 7.8400 0.0000 193.1045 202.0170 13.2551 0.4696  1206.2151 0.0000 0.0000 0.0000 0.0000 1206.2151
2022 10 28 3 7.8400 92.2100 0.8000 7.8400 0.0000 193.1136 202.0262 13.2557 0.4697  1222.3115 0.0000 0.0000 0.0000 0.0000 1222.3115
2022 10 28 4 7.8400 100.1900 0.8000 7.8400 0.0000 193.1227 202.0353 13.2564 0.4697  1328.1549 0.0000 0.0000 0.0000 0.0000 1328.1549
2022 10 28 5 7.8400 106.6800 0.8000 7.8400 0.0000 193.1318 202.0443 13.2570 0.4697  1414.2550 0.0000 0.0000 0.0000 0.0000 1414.2550
2022 10 28 6 7.8400 118.6700 0.8000 7.8400 0.0000 193.1408 202.0533 13.2576 0.4697  1573.2798 0.0000 0.0000 0.0000 0.0000 1573.2798
2022 10 28 7 7.8400 122.1100 0.8000 7.8400 0.0000 193.1498 202.0623 13.2582 0.4697  1618.9613 0.0000 0.0000 0.0000 0.0000 1618.9613
2022 10 28 8 7.8400 123.5800 0.8000 7.8400 0.0000 193.1588 202.0713 13.2588 0.4698  1638.5268 0.0000 0.0000 0.0000 0.0000 1638.5268
2022 10 28 9 7.8400 111.6000 0.8000 7.8400 0.0000 193.1677 202.0802 13.2594 0.4698  1479.7542 0.0000 0.0000 0.0000 0.0000 1479.7542
2022 10 28 10 7.8400 105.3800 0.8000 7.8400 0.0000 193.1766 202.0891 13.2601 0.4698  1397.3446 0.0000 0.0000 0.0000 0.0000 1397.3446
2022 10 28 11 7.8400 100.3100 0.8000 7.8400 0.0000 193.1854 202.0979 13.2607 0.4698  1330.1770 0.0000 0.0000 0.0000 0.0000 1330.1770
2022 10 28 12 7.8400 89.2200 0.8000 7.8400 0.0000 193.1942 202.1067 13.2613 0.4699  1183.1702 0.0000 0.0000 0.0000 0.0000 1183.1702
2022 10 28 13 7.8400 92.5200 0.8000 7.8400 0.0000 193.2030 202.1155 13.2619 0.4699  1226.9880 0.0000 0.0000 0.0000 0.0000 1226.9880
2022 10 28 14 7.8400 96.5200 0.8000 7.8400 0.0000 193.2117 202.1242 13.2625 0.4699  1280.0933 0.0000 0.0000 0.0000 0.0000 1280.0933
2022 10 28 15 7.8400 105.8900 0.8000 7.8400 0.0000 193.2204 202.1329 13.2631 0.4699  1404.4260 0.0000 0.0000 0.0000 0.0000 1404.4260
2022 10 28 16 7.8400 108.7200 0.8000 7.8400 0.0000 193.2291 202.1416 13.2637 0.4699  1442.0253 0.0000 0.0000 0.0000 0.0000 1442.0253
2022 10 28 17 7.8400 117.8800 0.8000 7.8400 0.0000 193.2377 202.1503 13.2643 0.4700  1563.5904 0.0000 0.0000 0.0000 0.0000 1563.5904
2022 10 28 18 7.8400 124.8000 0.8000 7.8400 0.0000 193.2464 202.1589 13.2648 0.4700  1655.4532 0.0000 0.0000 0.0000 0.0000 1655.4532
2022 10 28 19 7.8400 111.7800 0.8000 7.8400 0.0000 193.2551 202.1676 13.2654 0.4700  1482.8113 0.0000 0.0000 0.0000 0.0000 1482.8113
2022 10 28 20 7.8400 102.3700 0.8000 7.8400 0.0000 193.2638 202.1763 13.2660 0.4700  1358.0448 0.0000 0.0000 0.0000 0.0000 1358.0448
2022 10 28 21 7.8400 94.5000 0.8000 7.8400 0.0000 193.2726 202.1851 13.2666 0.4700  1253.6983 0.0000 0.0000 0.0000 0.0000 1253.6983
2022 10 28 22 7.8400 85.8800 0.8000 7.8400 0.0000 193.2816 202.1941 13.2673 0.4701  1139.3926 0.0000 0.0000 0.0000 0.0000 1139.3926
2022 10 28 23 7.8400 92.7900 0.8000 7.8400 0.0000 193.2907 202.2032 13.2679 0.4701  1231.1276 0.0000 0.0000 0.0000 0.0000 1231.1276
2022 10 29 0 7.8400 92.2500 0.8000 7.8400 0.0000 193.3000 202.2125 13.2685 0.4701  1224.0215 0.0000 0.0000 0.0000 0.0000 1224.0215
2022 10 29 1 7.8400 89.9100 0.8000 7.8400 0.0000 193.3093 202.2218 13.2692 0.4701  1193.0309 0.0000 0.0000 0.0000 0.0000 1193.0309
2022 10 29 2 7.8400 89.7900 0.8000 7.8400 0.0000 193.3187 202.2312 13.2698 0.4702  1191.4965 0.0000 0.0000 0.0000 0.0000 1191.4965
2022 10 29 3 7.8400 87.8600 0.8000 7.8400 0.0000 193.3282 202.2407 13.2705 0.4702  1165.9428 0.0000 0.0000 0.0000 0.0000 1165.9428
2022 10 29 4 7.8400 86.1900 0.8000 7.8400 0.0000 193.3376 202.2502 13.2711 0.4702  1143.8373 0.0000 0.0000 0.0000 0.0000 1143.8373
2022 10 29 5 7.8400 90.8800 0.8000 7.8400 0.0000 193.3472 202.2597 13.2718 0.4702  1206.1382 0.0000 0.0000 0.0000 0.0000 1206.1382
2022 10 29 6 7.8400 100.7500 0.8000 7.8400 0.0000 193.3568 202.2693 13.2724 0.4703  1337.1968 0.0000 0.0000 0.0000 0.0000 1337.1968
2022 10 29 7 7.8400 114.2300 0.8000 7.8400 0.0000 193.3663 202.2788 13.2731 0.4703  1516.1842 0.0000 0.0000 0.0000 0.0000 1516.1842
2022 10 29 8 7.8400 108.5600 0.8000 7.8400 0.0000 193.3759 202.2884 13.2737 0.4703  1440.9971 0.0000 0.0000 0.0000 0.0000 1440.9971
2022 10 29 9 7.8400 98.4600 0.8000 7.8400 0.0000 193.3855 202.2980 13.2744 0.4703  1306.9970 0.0000 0.0000 0.0000 0.0000 1306.9970
2022 10 29 10 7.8400 89.2800 0.8000 7.8400 0.0000 193.3950 202.3075 13.2750 0.4703  1185.1964 0.0000 0.0000 0.0000 0.0000 1185.1964
2022 10 29 11 7.8400 87.0800 0.8000 7.8400 0.0000 193.4045 202.3170 13.2757 0.4704  1156.0480 0.0000 0.0000 0.0000 0.0000 1156.0480
2022 10 29 12 7.8400 83.6000 0.8000 7.8400 0.0000 193.4139 202.3265 13.2764 0.4704  1109.9028 0.0000 0.0000 0.0000 0.0000 1109.9028
2022 10 29 13 7.8400 86.7300 0.8000 7.8400 0.0000 193.4234 202.3359 13.2770 0.4704  1151.5140 0.0000 0.0000 0.0000 0.0000 1151.5140
2022 10 29 14 7.8400 92.3200 0.8000 7.8400 0.0000 193.4327 202.3453 13.2776 0.4704  1225.7918 0.0000 0.0000 0.0000 0.0000 1225.7918
2022 10 29 15 7.8400 109.4300 0.8000 7.8400 0.0000 193.4421 202.3546 13.2783 0.4705  1453.0423 0.0000 0.0000 0.0000 0.0000 1453.0423
2022 10 29 16 7.8400 120.6600 0.8000 7.8400 0.0000 193.4513 202.3639 13.2789 0.4705  1602.2342 0.0000 0.0000 0.0000 0.0000 1602.2342
2022 10 29 17 7.8400 139.1200 0.8000 7.8400 0.0000 193.4606 202.3731 13.2796 0.4705  1847.4511 0.0000 0.0000 0.0000 0.0000 1847.4511
2022 10 29 18 7.8400 137.4600 0.8000 7.8400 0.0000 193.4697 202.3823 13.2802 0.4705  1825.4938 0.0000 0.0000 0.0000 0.0000 1825.4938
2022 10 29 19 7.8400 120.6200 0.8000 7.8400 0.0000 193.4789 202.3914 13.2808 0.4706  1601.9311 0.0000 0.0000 0.0000 0.0000 1601.9311
2022 10 29 20 7.8400 109.8000 0.8000 7.8400 0.0000 193.4880 202.4005 13.2814 0.4706  1458.3012 0.0000 0.0000 0.0000 0.0000 1458.3012
2022 10 29 21 7.8400 103.6700 0.8000 7.8400 0.0000 193.4970 202.4095 13.2821 0.4706  1376.9503 0.0000 0.0000 0.0000 0.0000 1376.9503
2022 10 29 22 7.8400 97.1400 0.8000 7.8400 0.0000 193.5060 202.4185 13.2827 0.4706  1290.2784 0.0000 0.0000 0.0000 0.0000 1290.2784
2022 10 29 23 7.8400 103.0900 0.8000 7.8400 0.0000 193.5149 202.4274 13.2833 0.4706  1369.3734 0.0000 0.0000 0.0000 0.0000 1369.3734
2022 10 30 0 7.8400 100.9400 0.8000 7.8400 0.0000 193.5238 202.4363 13.2839 0.4707  1340.8759 0.0000 0.0000 0.0000 0.0000 1340.8759
2022 10 30 1 7.8400 100.6700 0.8000 7.8400 0.0000 193.5326 202.4451 13.2845 0.4707  1337.3502 0.0000 0.0000 0.0000 0.0000 1337.3502
2022 10 30 2 7.8400 100.3400 0.8000 7.8400 0.0000 193.5414 202.4539 13.2851 0.4707  1333.0267 0.0000 0.0000 0.0000 0.0000 1333.0267
2022 10 30 3 7.8400 98.4200 0.8000 7.8400 0.0000 193.5501 202.4626 13.2857 0.4707  1307.5784 0.0000 0.0000 0.0000 0.0000 1307.5784
2022 10 30 4 7.8400 98.5700 0.8000 7.8400 0.0000 193.5588 202.4713 13.2863 0.4707  1309.6301 0.0000 0.0000 0.0000 0.0000 1309.6301
2022 10 30 5 7.8400 99.0900 0.8000 7.8400 0.0000 193.5675 202.4800 13.2869 0.4708  1316.5979 0.0000 0.0000 0.0000 0.0000 1316.5979
2022 10 30 6 7.8400 100.8900 0.8000 7.8400 0.0000 193.5761 202.4886 13.2875 0.4708  1340.5741 0.0000 0.0000 0.0000 0.0000 1340.5741
2022 10 30 7 7.8400 109.9400 0.8000 7.8400 0.0000 193.5847 202.4972 13.2881 0.4708  1460.8907 0.0000 0.0000 0.0000 0.0000 1460.8907
2022 10 30 8 7.8400 113.2300 0.8000 7.8400 0.0000 193.5933 202.5058 13.2887 0.4708  1504.6750 0.0000 0.0000 0.0000 0.0000 1504.6750
2022 10 30 9 7.8400 105.2600 0.8000 7.8400 0.0000 193.6018 202.5143 13.2892 0.4708  1398.8259 0.0000 0.0000 0.0000 0.0000 1398.8259
2022 10 30 10 7.8400 103.0000 0.8000 7.8400 0.0000 193.6103 202.5228 13.2898 0.4709  1368.8522 0.0000 0.0000 0.0000 0.0000 1368.8522
2022 10 30 11 7.8400 103.1400 0.8000 7.8400 0.0000 193.6187 202.5313 13.2904 0.4709  1370.7727 0.0000 0.0000 0.0000 0.0000 1370.7727
2022 10 30 12 7.8400 103.1000 0.8000 7.8400 0.0000 193.6272 202.5397 13.2910 0.4709  1370.3008 0.0000 0.0000 0.0000 0.0000 1370.3008
2022 10 30 13 7.8400 105.8200 0.8000 7.8400 0.0000 193.6356 202.5481 13.2916 0.4709  1406.5133 0.0000 0.0000 0.0000 0.0000 1406.5133
2022 10 30 14 7.8400 110.1200 0.8000 7.8400 0.0000 193.6439 202.5564 13.2921 0.4710  1463.7302 0.0000 0.0000 0.0000 0.0000 1463.7302
2022 10 30 15 7.8400 125.4000 0.8000 7.8400 0.0000 193.6523 202.5648 13.2927 0.4710  1666.9058 0.0000 0.0000 0.0000 0.0000 1666.9058
2022 10 30 16 7.8400 139.7600 0.8000 7.8400 0.0000 193.6606 202.5731 13.2933 0.4710  1857.8687 0.0000 0.0000 0.0000 0.0000 1857.8687
2022 10 30 17 7.8400 155.8500 0.8000 7.8400 0.0000 193.6688 202.5814 13.2938 0.4710  2071.8461 0.0000 0.0000 0.0000 0.0000 2071.8461
2022 10 30 18 7.8400 170.0500 0.8000 7.8400 0.0000 193.6771 202.5896 13.2944 0.4710  2260.7149 0.0000 0.0000 0.0000 0.0000 2260.7149
2022 10 30 19 7.8400 164.6800 0.8000 7.8400 0.0000 193.6853 202.5978 13.2950 0.4711  2189.4167 0.0000 0.0000 0.0000 0.0000 2189.4167
2022 10 30 20 7.8400 147.2300 0.8000 7.8400 0.0000 193.6935 202.6060 13.2955 0.4711  1957.5021 0.0000 0.0000 0.0000 0.0000 1957.5021
2022 10 30 21 7.8400 138.8300 0.8000 7.8400 0.0000 193.7016 202.6142 13.2961 0.4711  1845.8974 0.0000 0.0000 0.0000 0.0000 1845.8974
2022 10 30 22 7.8400 126.8800 0.8000 7.8400 0.0000 193.7098 202.6223 13.2967 0.4711  1687.0798 0.0000 0.0000 0.0000 0.0000 1687.0798
2022 10 30 23 7.8400 109.1600 0.8000 7.8400 0.0000 193.7179 202.6304 13.2972 0.4711  1451.5238 0.0000 0.0000 0.0000 0.0000 1451.5238
2022 10 31 0 7.8400 129.2600 0.8000 7.8400 0.0000 193.7260 202.6385 13.2978 0.4712  1718.8694 0.0000 0.0000 0.0000 0.0000 1718.8694
2022 10 31 1 7.8400 118.9800 0.8000 7.8400 0.0000 193.7340 202.6465 13.2983 0.4712  1582.2343 0.0000 0.0000 0.0000 0.0000 1582.2343
2022 10 31 2 7.8400 116.2100 0.8000 7.8400 0.0000 193.7421 202.6546 13.2989 0.4712  1545.4620 0.0000 0.0000 0.0000 0.0000 1545.4620
2022 10 31 3 7.8400 114.5000 0.8000 7.8400 0.0000 193.7501 202.6626 13.2994 0.4712  1522.7840 0.0000 0.0000 0.0000 0.0000 1522.7840
2022 10 31 4 7.8400 114.9600 0.8000 7.8400 0.0000 193.7581 202.6706 13.3000 0.4712  1528.9648 0.0000 0.0000 0.0000 0.0000 1528.9648
2022 10 31 5 7.8400 123.5900 0.8000 7.8400 0.0000 193.7660 202.6786 13.3005 0.4712  1643.8111 0.0000 0.0000 0.0000 0.0000 1643.8111
2022 10 31 6 7.8400 144.6800 0.8000 7.8400 0.0000 193.7740 202.6865 13.3011 0.4713  1924.3979 0.0000 0.0000 0.0000 0.0000 1924.3979
2022 10 31 7 7.8400 166.2400 0.8000 7.8400 0.0000 193.7819 202.6944 13.3016 0.4713  2211.2595 0.0000 0.0000 0.0000 0.0000 2211.2595
2022 10 31 8 7.8400 167.5400 0.8000 7.8400 0.0000 193.7898 202.7023 13.3022 0.4713  2228.6425 0.0000 0.0000 0.0000 0.0000 2228.6425
2022 10 31 9 7.8400 153.4700 0.8000 7.8400 0.0000 193.7977 202.7102 13.3027 0.4713  2041.5644 0.0000 0.0000 0.0000 0.0000 2041.5644
2022 10 31 10 7.8400 143.5100 0.8000 7.8400 0.0000 193.8056 202.7181 13.3032 0.4713  1909.1470 0.0000 0.0000 0.0000 0.0000 1909.1470
2022 10 31 11 7.8400 142.1100 0.8000 7.8400 0.0000 193.8134 202.7259 13.3038 0.4714  1890.5989 0.0000 0.0000 0.0000 0.0000 1890.5989
2022 10 31 12 7.8400 142.1200 0.8000 7.8400 0.0000 193.8212 202.7337 13.3043 0.4714  1890.8080 0.0000 0.0000 0.0000 0.0000 1890.8080
2022 10 31 13 7.8400 146.1300 0.8000 7.8400 0.0000 193.8290 202.7415 13.3048 0.4714  1944.2365 0.0000 0.0000 0.0000 0.0000 1944.2365
2022 10 31 14 7.8400 155.1800 0.8000 7.8400 0.0000 193.8368 202.7493 13.3054 0.4714  2064.7277 0.0000 0.0000 0.0000 0.0000 2064.7277
2022 10 31 15 7.8400 168.6800 0.8000 7.8400 0.0000 193.8445 202.7570 13.3059 0.4714  2244.4399 0.0000 0.0000 0.0000 0.0000 2244.4399
2022 10 31 16 7.8400 172.2000 0.8000 7.8400 0.0000 193.8522 202.7647 13.3064 0.4715  2291.3679 0.0000 0.0000 0.0000 0.0000 2291.3679
2022 10 31 17 7.8400 181.3900 0.8000 7.8400 0.0000 193.8599 202.7724 13.3070 0.4715  2413.7497 0.0000 0.0000 0.0000 0.0000 2413.7497
2022 10 31 18 7.8400 182.1300 0.8000 7.8400 0.0000 193.8676 202.7801 13.3075 0.4715  2423.6928 0.0000 0.0000 0.0000 0.0000 2423.6928
2022 10 31 19 7.8400 168.0100 0.8000 7.8400 0.0000 193.8752 202.7877 13.3080 0.4715  2235.8791 0.0000 0.0000 0.0000 0.0000 2235.8791
2022 10 31 20 7.8400 147.1500 0.8000 7.8400 0.0000 193.8828 202.7953 13.3085 0.4715  1958.3508 0.0000 0.0000 0.0000 0.0000 1958.3508
2022 10 31 21 7.8400 136.9300 0.8000 7.8400 0.0000 193.8904 202.8029 13.3091 0.4716  1822.4090 0.0000 0.0000 0.0000 0.0000 1822.4090
2022 10 31 22 7.8400 120.4000 0.8000 7.8400 0.0000 193.8980 202.8105 13.3096 0.4716  1602.4729 0.0000 0.0000 0.0000 0.0000 1602.4729
2022 10 31 23 7.8400 103.8600 0.8000 7.8400 0.0000 193.9055 202.8180 13.3101 0.4716  1382.3863 0.0000 0.0000 0.0000 0.0000 1382.3863
2022 11 1 0 7.8400 72.4900 0.8000 7.8400 0.0000 194.0102 202.9227 319.6147 0.4718  23168.8704 0.0000 0.0000 0.0000 0.0000 23168.8704
2022 11 2 0 7.8400 71.1700 0.8000 7.8400 0.0000 194.2678 203.1803 320.0391 0.4725  22777.1834 0.0000 0.0000 0.0000 0.0000 22777.1834
2022 11 3 0 7.8400 86.5000 0.8000 7.8400 0.0000 194.7033 203.6158 320.7564 0.4735  27745.4320 0.0000 0.0000 0.0000 0.0000 27745.4320
2022 11 4 0 7.8400 72.6700 0.8000 7.8400 0.0000 195.3328 204.2453 321.7935 0.4751  23384.7349 0.0000 0.0000 0.0000 0.0000 23384.7349
2022 11 5 0 7.8400 47.6500 0.8000 7.8400 0.0000 196.0233 204.9358 322.9311 0.4767  15387.6683 0.0000 0.0000 0.0000 0.0000 15387.6683
2022 11 6 0 7.8400 35.7500 0.8000 7.8400 0.0000 196.5991 205.5116 323.8796 0.4781  11578.6974 0.0000 0.0000 0.0000 0.0000 11578.6974
2022 11 7 0 7.8400 43.8300 0.8000 7.8400 0.0000 197.1644 206.0769 324.8109 0.4795  14236.4631 0.0000 0.0000 0.0000 0.0000 14236.4631
2022 11 8 0 7.8400 51.0900 0.8000 7.8400 0.0000 197.7819 206.6944 325.8283 0.4810  16646.5674 0.0000 0.0000 0.0000 0.0000 16646.5674
2022 11 9 0 7.8400 42.5700 0.8000 7.8400 0.0000 198.4122 207.3247 326.8666 0.4825  13914.7119 0.0000 0.0000 0.0000 0.0000 13914.7119
2022 11 10 0 7.8400 27.4000 0.8000 7.8400 0.0000 199.0225 207.9350 327.8719 0.4840  8983.6912 0.0000 0.0000 0.0000 0.0000 8983.6912
2022 11 11 0 7.8400 2.0000 0.8000 7.8400 0.0000 199.5108 208.4233 328.6765 0.4852  657.3530 0.0000 0.0000 0.0000 0.0000 657.3530
2022 11 12 0 7.8400 2.3700 0.8000 7.8400 0.0000 199.9129 208.8254 329.3389 0.4862  780.5332 0.0000 0.0000 0.0000 0.0000 780.5332
2022 11 13 0 7.8400 29.9300 0.8000 7.8400 0.0000 200.2480 209.1605 329.8909 0.4870  9873.6347 0.0000 0.0000 0.0000 0.0000 9873.6347
2022 11 14 0 7.8400 53.6800 0.8000 7.8400 0.0000 200.5318 209.4443 330.3584 0.4877  17733.6392 0.0000 0.0000 0.0000 0.0000 17733.6392
2022 11 15 0 7.8400 53.7500 0.8000 7.8400 0.0000 200.7806 209.6931 330.7683 0.4883  17778.7983 0.0000 0.0000 0.0000 0.0000 17778.7983
2022 11 16 0 7.8400 27.6900 0.8000 7.8400 0.0000 201.0278 209.9403 331.1756 0.4889  9170.2515 0.0000 0.0000 0.0000 0.0000 9170.2515
2022 11 17 0 7.8400 48.9100 0.8000 7.8400 0.0000 201.2768 210.1893 331.5857 0.4895  16217.8577 0.0000 0.0000 0.0000 0.0000 16217.8577
2022 11 18 0 7.8400 113.7000 0.8000 7.8400 0.0000 201.5037 210.4162 331.9596 0.4901  37743.8022 0.0000 0.0000 0.0000 0.0000 37743.8022
2022 11 19 0 7.8400 167.1000 0.8000 7.8400 0.0000 201.7088 210.6213 332.2975 0.4906  55526.9061 0.0000 0.0000 0.0000 0.0000 55526.9061
2022 11 20 0 7.8400 162.8400 0.8000 7.8400 0.0000 201.8982 210.8107 332.6095 0.4910  54162.1283 0.0000 0.0000 0.0000 0.0000 54162.1283
2022 11 21 0 7.8400 209.5500 0.8000 7.8400 0.0000 202.0752 210.9877 332.9010 0.4915  69759.4142 0.0000 0.0000 0.0000 0.0000 69759.4142
2022 11 22 0 7.8400 174.4300 0.8000 7.8400 0.0000 202.2421 211.1546 333.1760 0.4919  58115.8910 0.0000 0.0000 0.0000 0.0000 58115.8910
2022 11 23 0 7.8400 149.8400 0.8000 7.8400 0.0000 202.4040 211.3166 333.4428 0.4923  49963.0685 0.0000 0.0000 0.0000 0.0000 49963.0685
2022 11 24 0 7.8400 172.1800 0.8000 7.8400 0.0000 202.5819 211.4944 333.7358 0.4927  57462.6197 0.0000 0.0000 0.0000 0.0000 57462.6197
2022 11 25 0 7.8400 200.3300 0.8000 7.8400 0.0000 202.8484 211.7609 334.1749 0.4933  66945.2512 0.0000 0.0000 0.0000 0.0000 66945.2512
2022 11 26 0 7.8400 196.0200 0.8000 7.8400 0.0000 203.2363 212.1488 334.8139 0.4943  65630.2166 0.0000 0.0000 0.0000 0.0000 65630.2166
2022 11 27 0 7.8400 146.0400 0.8000 7.8400 0.0000 203.6767 212.5893 335.5395 0.4954  49002.1818 0.0000 0.0000 0.0000 0.0000 49002.1818
2022 11 28 0 7.8400 195.3000 0.8000 7.8400 0.0000 204.2409 213.1534 336.4688 0.4967  65712.3566 0.0000 0.0000 0.0000 0.0000 65712.3566
2022 11 29 0 7.8400 362.5600 0.8000 7.8400 0.0000 204.8346 213.7471 337.4469 0.4982  122344.7610 0.0000 0.0000 0.0000 0.0000 122344.7610
2022 11 30 0 7.8400 364.6000 0.8000 7.8400 0.0000 205.2707 214.1832 338.1654 0.4992  123295.1154 0.0000 0.0000 0.0000 0.0000 123295.1154
2022 12 1 0 7.8400 349.6500 0.8000 7.8400 0.0000 205.6072 214.5197 338.7196 0.5000  118433.3207 0.0000 0.0000 0.0000 0.0000 118433.3207
2022 12 2 0 7.8400 324.9900 0.8000 7.8400 0.0000 205.8929 214.8054 339.1904 0.5007  110233.5004 0.0000 0.0000 0.0000 0.0000 110233.5004
2022 12 3 0 7.8400 268.8200 0.8000 7.8400 0.0000 206.0572 214.9697 339.4610 0.5011  91253.9075 0.0000 0.0000 0.0000 0.0000 91253.9075
2022 12 4 0 7.8400 271.5000 0.8000 7.8400 0.0000 206.0875 215.0000 339.5110 0.5012  92177.2245 0.0000 0.0000 0.0000 0.0000 92177.2245
2022 12 5 0 7.8400 290.7800 0.8000 7.8400 0.0000 206.0875 215.0000 339.5110 0.5012  98722.9953 0.0000 0.0000 0.0000 0.0000 98722.9953
2022 12 6 0 7.8400 346.8000 0.8000 7.8400 0.0000 206.0875 215.0000 339.5110 0.5012  117742.3953 0.0000 0.0000 0.0000 0.0000 117742.3953
2022 12 7 0 7.8400 334.1100 0.8000 7.8400 0.0000 206.0875 215.0000 339.5110 0.5012  113434.0004 0.0000 0.0000 0.0000 0.0000 113434.0004
2022 12 8 0 7.8400 399.0300 0.8000 7.8400 0.0000 206.0875 215.0000 339.5110 0.5012  135475.0562 0.0000 0.0000 0.0000 0.0000 135475.0562
2022 12 9 0 7.8400 418.6900 0.8000 7.8400 0.0000 206.0875 215.0000 339.5110 0.5012  142149.8429 0.0000 0.0000 0.0000 0.0000 142149.8429
2022 12 10 0 7.8400 362.9800 0.8000 7.8400 0.0000 206.0875 215.0000 339.5110 0.5012  123235.6904 0.0000 0.0000 0.0000 0.0000 123235.6904
2022 12 11 0 7.8400 338.6100 0.8000 7.8400 0.0000 206.0875 215.0000 339.5110 0.5012  114961.7997 0.0000 0.0000 0.0000 0.0000 114961.7997
2022 12 12 0 7.8400 446.1100 0.8000 7.8400 0.0000 206.0875 215.0000 339.5110 0.5012  151459.2275 0.0000 0.0000 0.0000 0.0000 151459.2275
2022 12 13 0 7.8400 458.6300 0.8000 7.8400 0.0000 206.0875 215.0000 339.5110 0.5012  155709.9113 0.0000 0.0000 0.0000 0.0000 155709.9113
2022 12 14 0 7.8400 451.4100 0.8000 7.8400 0.0000 206.0875 215.0000 339.5110 0.5012  153258.6418 0.0000 0.0000 0.0000 0.0000 153258.6418
2022 12 15 0 7.8400 396.6100 0.8000 7.8400 0.0000 206.0875 215.0000 339.5110 0.5012  134653.4352 0.0000 0.0000 0.0000 0.0000 134653.4352
2022 12 16 0 7.8400 413.8400 0.8000 7.8400 0.0000 206.0875 215.0000 339.5110 0.5012  140503.2127 0.0000 0.0000 0.0000 0.0000 140503.2127
2022 12 17 0 7.8400 254.6500 0.8000 7.8400 0.0000 206.0875 215.0000 339.5110 0.5012  86456.4628 0.0000 0.0000 0.0000 0.0000 86456.4628
2022 12 18 0 7.8400 206.4000 0.8000 7.8400 0.0000 206.0875 215.0000 339.5110 0.5012  70075.0592 0.0000 0.0000 0.0000 0.0000 70075.0592
2022 12 19 0 7.8400 211.4800 0.8000 7.8400 0.0000 206.0875 215.0000 339.5110 0.5012  71799.7755 0.0000 0.0000 0.0000 0.0000 71799.7755
2022 12 20 0 7.8400 205.2500 0.8000 7.8400 0.0000 206.0875 215.0000 339.5110 0.5012  69684.6237 0.0000 0.0000 0.0000 0.0000 69684.6237
2022 12 21 0 7.8400 223.3000 0.8000 7.8400 0.0000 206.0875 215.0000 339.5110 0.5012  75812.7974 0.0000 0.0000 0.0000 0.0000 75812.7974
2022 12 22 0 7.8400 201.9700 0.8000 7.8400 0.0000 206.0875 215.0000 339.5110 0.5012  68571.0281 0.0000 0.0000 0.0000 0.0000 68571.0281
2022 12 23 0 7.8400 193.2900 0.8000 7.8400 0.0000 206.0875 215.0000 339.5110 0.5012  65624.0704 0.0000 0.0000 0.0000 0.0000 65624.0704
2022 12 24 0 7.8400 142.3700 0.8000 7.8400 0.0000 206.0875 215.0000 339.5110 0.5012  48336.1731 0.0000 0.0000 0.0000 0.0000 48336.1731
2022 12 25 0 7.8400 129.4400 0.8000 7.8400 0.0000 206.0875 215.0000 339.5110 0.5012  43946.2989 0.0000 0.0000 0.0000 0.0000 43946.2989
2022 12 26 0 7.8400 111.7200 0.8000 7.8400 0.0000 206.0875 215.0000 339.5110 0.5012  37930.1644 0.0000 0.0000 0.0000 0.0000 37930.1644
2022 12 27 0 7.8400 141.3500 0.8000 7.8400 0.0000 206.0875 215.0000 339.5110 0.5012  47989.8757 0.0000 0.0000 0.0000 0.0000 47989.8757
2022 12 28 0 7.8400 122.1300 0.8000 7.8400 0.0000 206.0875 215.0000 339.5110 0.5012  41464.4721 0.0000 0.0000 0.0000 0.0000 41464.4721
2022 12 29 0 7.8400 96.2800 0.8000 7.8400 0.0000 206.0875 215.0000 339.5110 0.5012  32688.1144 0.0000 0.0000 0.0000 0.0000 32688.1144
2022 12 30 0 7.8400 100.4100 0.8000 7.8400 0.0000 206.0875 215.0000 339.5110 0.5012  34090.2963 0.0000 0.0000 0.0000 0.0000 34090.2963
2022 12 31 0 7.8400 116.2200 0.8000 7.8400 0.0000 206.0875 215.0000 339.5110 0.5012  39457.9637 0.0000 0.0000 0.0000 0.0000 39457.9637
2023 1 1 0 7.8400 129.1100 0.8000 7.8400 0.0000 206.0875 215.0000 2376.5767 0.5012  306839.8179 0.0000 0.0000 0.0000 0.0000 306839.8179
2023 1 8 0 7.8400 100.5200 0.8000 7.8400 0.0000 206.0875 215.0000 2376.5767 0.5012  238893.4809 0.0000 0.0000 0.0000 0.0000 238893.4809
2023 1 15 0 7.8400 134.9100 0.8000 7.8400 0.0000 206.0875 215.0000 2376.5767 0.5012  320623.9700 0.0000 0.0000 0.0000 0.0000 320623.9700
2023 1 22 0 7.0237 153.5500 0.7167 7.0237 0.0000 207.8469 215.0000 2147.2923 0.5055  329716.7321 0.0000 0.0000 0.0000 0.0000 329716.7321
2023 1 29 0 1.2838 114.0700 0.1310 1.2838 0.0000 214.7610 215.0000 114.2498 0.1471  13032.4699 0.0000 0.0000 0.0000 0.0000 13032.4699
2023 2 5 0 0.0000 118.2100 0.0000 0.0000 0.0000 215.0000 215.0000 0.0000 0.0000  0.0000 1.0000 1.0000 0.0000 0.0000 -1.0000
2023 2 12 0 0.0000 114.5300 0.0000 0.0000 0.0000 215.0000 215.0000 0.0000 0.0000  0.0000 0.0000 0.0000 0.0000 0.0000 0.0000
2023 2 19 0 0.0000 103.9800 0.0000 0.0000 0.0000 215.0000 215.0000 0.0000 0.0000  0.0000 0.0000 0.0000 0.0000 0.0000 0.0000
2023 2 26 0 0.0000 119.9500 0.0000 0.0000 0.0000 215.0000 215.0000 0.0000 0.0000  0.0000 0.0000 0.0000 0.0000 0.0000 0.0000
2023 3 5 0 0.0000 132.3400 0.0000 0.0000 0.0000 215.0000 215.0000 0.0000 0.0000  0.0000 0.0000 0.0000 0.0000 0.0000 0.0000
2023 3 12 0 0.0000 107.4200 0.0000 0.0000 0.0000 215.0000 215.0000 0.0000 0.0000  0.0000 0.0000 0.0000 0.0000 0.0000 0.0000
2023 3 19 0 0.0000 96.2600 0.0000 0.0000 0.0000 215.0000 215.0000 0.0000 0.0000  0.0000 0.0000 0.0000 0.0000 0.0000 0.0000
2023 3 26 0 0.0000 108.2600 0.0000 0.0000 0.0000 215.0000 215.0000 0.0000 0.0000  0.0000 0.0000 0.0000 0.0000 0.0000 0.0000
2023 4 2 0 0.0000 122.8700 0.0000 0.0000 0.0000 215.0000 215.0000 0.0000 0.0000  0.0000 0.0000 0.0000 0.0000 0.0000 0.0000
2023 4 9 0 4.5737 99.8300 0.4667 4.5737 0.0000 211.9668 215.0000 1267.0628 0.4581  126490.8827 1.0000 1.0000 0.0000 0.0000 126489.8827
2023 4 16 0 7.8400 111.6700 0.8000 7.8400 0.0000 206.0875 215.0000 2376.5767 0.5012  265392.3146 0.0000 0.0000 0.0000 0.0000 265392.3146
2023 4 23 0 7.8400 113.0000 0.8000 7.8400 0.0000 206.0875 215.0000 2376.5767 0.5012  268553.1660 0.0000 0.0000 0.0000 0.0000 268553.1660
2023 4 30 0 7.8400 107.2500 0.8000 7.8400 0.0000 206.0875 215.0000 2376.5767 0.5012  254887.8500 0.0000 0.0000 0.0000 0.0000 254887.8500
2023 5 7 0 4.8069 92.5400 0.4905 4.8069 0.0000 211.6496 215.0000 1356.8815 0.4667  125565.8165 0.0000 0.0000 0.0000 0.0000 125565.8165
2023 5 14 0 0.0000 74.1000 0.0000 0.0000 0.0000 215.0000 215.0000 0.0000 0.0000  0.0000 1.0000 1.0000 0.0000 0.0000 -1.0000
2023 5 21 0 0.0000 64.0600 0.0000 0.0000 0.0000 215.0000 215.0000 0.0000 0.0000  0.0000 0.0000 0.0000 0.0000 0.0000 0.0000
2023 5 28 0 0.0000 63.7800 0.0000 0.0000 0.0000 215.0000 215.0000 0.0000 0.0000  0.0000 0.0000 0.0000 0.0000 0.0000 0.0000
2023 6 4 0 0.0000 82.2700 0.0000 0.0000 0.0000 215.0000 215.0000 0.0000 0.0000  0.0000 0.0000 0.0000 0.0000 0.0000 0.0000
2023 6 11 0 0.0000 98.3300 0.0000 0.0000 0.0000 215.0000 215.0000 0.0000 0.0000  0.0000 0.0000 0.0000 0.0000 0.0000 0.0000
2023 6 18 0 0.0000 116.6200 0.0000 0.0000 0.0000 215.0000 215.0000 0.0000 0.0000  0.0000 0.0000 0.0000 0.0000 0.0000 0.0000
2023 6 25 0 0.0000 95.2200 0.0000 0.0000 0.0000 215.0000 215.0000 0.0000 0.0000  0.0000 0.0000 0.0000 0.0000 0.0000 0.0000
2023 7 2 0 0.0000 73.6100 0.0000 0.0000 0.0000 215.0000 215.0000 0.0000 0.0000  0.0000 0.0000 0.0000 0.0000 0.0000 0.0000
2023 7 9 0 0.0000 80.1600 0.0000 0.0000 0.0000 215.0000 215.0000 0.0000 0.0000  0.0000 0.0000 0.0000 0.0000 0.0000 0.0000
2023 7 16 0 4.4796 59.1900 0.4571 4.4796 0.0000 212.0903 215.0000 1231.4783 0.4545  72891.1994 1.0000 1.0000 0.0000 0.0000 72890.1994
2023 7 23 0 7.8400 68.8000 0.8000 7.8400 0.0000 206.0875 215.0000 2376.5767 0.5012  163508.4835 0.0000 0.0000 0.0000 0.0000 163508.4835
2023 7 30 0 7.8400 61.4400 0.8000 7.8400 0.0000 206.0875 215.0000 2376.5767 0.5012  146016.8686 0.0000 0.0000 0.0000 0.0000 146016.8686
2023 8 6 0 7.8400 40.3600 0.8000 7.8400 0.0000 206.0875 215.0000 2376.5767 0.5012  95918.6367 0.0000 0.0000 0.0000 0.0000 95918.6367
2023 8 13 0 7.8400 78.8100 0.8000 7.8400 0.0000 206.0875 215.0000 2376.5767 0.5012  187298.0031 0.0000 0.0000 0.0000 0.0000 187298.0031
2023 8 20 0 7.8400 90.9300 0.8000 7.8400 0.0000 206.0875 215.0000 2376.5767 0.5012  216102.1191 0.0000 0.0000 0.0000 0.0000 216102.1191
2023 8 27 0 7.8400 94.6300 0.8000 7.8400 0.0000 206.0875 215.0000 2376.5767 0.5012  224895.4456 0.0000 0.0000 0.0000 0.0000 224895.4456
