POWERSTATION node 6 SVEIGSHYL_I
init_Power = 0.00000
penstock_config = SEPARATE
headloss_coef = 0.200000
yyyy mm dd hh [m3/s]    [Euro/MWh]  [fr_g0] [m3/s] [m3/s] [m] [m] [MWh] [GWh/Mm3] [Euro] [Euro] [Euro] [Euro] [Euro] [Euro]
yyyy mm dd hh Up_Inflow Price Action_g0 tot_outflow auto_qmin Hnetto Hbrutto Power est_eekv income tot_cost startstopCost adjust_cost cost_aggressive_actions profit
2022 9 1 0 0.0000 495.0100 0.0000 0.0000 0.0000 66.0071 66.0071 0.0000 0.0000  0.0000 0.0000 0.0000 0.0000 0.0000 0.0000
2022 9 1 1 0.0000 494.9900 0.0000 0.0000 0.0000 66.0086 66.0086 0.0000 0.0000  0.0000 0.0000 0.0000 0.0000 0.0000 0.0000
2022 9 1 2 0.0000 490.5800 0.0000 0.0000 0.0000 66.0099 66.0099 0.0000 0.0000  0.0000 0.0000 0.0000 0.0000 0.0000 0.0000
2022 9 1 3 0.0000 501.0100 0.0000 0.0000 0.0000 66.0114 66.0114 0.0000 0.0000  0.0000 0.0000 0.0000 0.0000 0.0000 0.0000
2022 9 1 4 0.0000 568.4400 0.0000 0.0000 0.0000 66.0134 66.0134 0.0000 0.0000  0.0000 0.0000 0.0000 0.0000 0.0000 0.0000
2022 9 1 5 0.0000 590.4500 0.0000 0.0000 0.0000 66.0156 66.0156 0.0000 0.0000  0.0000 0.0000 0.0000 0.0000 0.0000 0.0000
2022 9 1 6 0.0000 643.5100 0.0000 0.0000 0.0000 66.0181 66.0181 0.0000 0.0000  0.0000 0.0000 0.0000 0.0000 0.0000 0.0000
2022 9 1 7 0.0000 639.9000 0.0000 0.0000 0.0000 66.0208 66.0208 0.0000 0.0000  0.0000 0.0000 0.0000 0.0000 0.0000 0.0000
2022 9 1 8 0.0000 595.2600 0.0000 0.0000 0.0000 66.0236 66.0236 0.0000 0.0000  0.0000 0.0000 0.0000 0.0000 0.0000 0.0000
2022 9 1 9 0.0000 577.0100 0.0000 0.0000 0.0000 66.0265 66.0265 0.0000 0.0000  0.0000 0.0000 0.0000 0.0000 0.0000 0.0000
2022 9 1 10 0.0000 534.6000 0.0000 0.0000 0.0000 66.0294 66.0294 0.0000 0.0000  0.0000 0.0000 0.0000 0.0000 0.0000 0.0000
2022 9 1 11 0.0000 507.1900 0.0000 0.0000 0.0000 66.0324 66.0324 0.0000 0.0000  0.0000 0.0000 0.0000 0.0000 0.0000 0.0000
2022 9 1 12 0.0000 503.4000 0.0000 0.0000 0.0000 66.0353 66.0353 0.0000 0.0000  0.0000 0.0000 0.0000 0.0000 0.0000 0.0000
2022 9 1 13 0.0000 523.5600 0.0000 0.0000 0.0000 66.0383 66.0383 0.0000 0.0000  0.0000 0.0000 0.0000 0.0000 0.0000 0.0000
2022 9 1 14 0.0000 552.6500 0.0000 0.0000 0.0000 66.0412 66.0412 0.0000 0.0000  0.0000 0.0000 0.0000 0.0000 0.0000 0.0000
2022 9 1 15 0.0000 575.6100 0.0000 0.0000 0.0000 66.0442 66.0442 0.0000 0.0000  0.0000 0.0000 0.0000 0.0000 0.0000 0.0000
2022 9 1 16 0.0000 615.1800 0.0000 0.0000 0.0000 66.0472 66.0472 0.0000 0.0000  0.0000 0.0000 0.0000 0.0000 0.0000 0.0000
2022 9 1 17 0.0000 649.8000 0.0000 0.0000 0.0000 66.0502 66.0502 0.0000 0.0000  0.0000 0.0000 0.0000 0.0000 0.0000 0.0000
2022 9 1 18 0.0000 673.7200 0.0000 0.0000 0.0000 66.0531 66.0531 0.0000 0.0000  0.0000 0.0000 0.0000 0.0000 0.0000 0.0000
2022 9 1 19 0.0000 658.0800 0.0000 0.0000 0.0000 66.0561 66.0561 0.0000 0.0000  0.0000 0.0000 0.0000 0.0000 0.0000 0.0000
2022 9 1 20 0.0000 627.5700 0.0000 0.0000 0.0000 66.0590 66.0590 0.0000 0.0000  0.0000 0.0000 0.0000 0.0000 0.0000 0.0000
2022 9 1 21 0.0000 560.7000 0.0000 0.0000 0.0000 66.0620 66.0620 0.0000 0.0000  0.0000 0.0000 0.0000 0.0000 0.0000 0.0000
2022 9 1 22 0.0000 507.1200 0.0000 0.0000 0.0000 66.0650 66.0650 0.0000 0.0000  0.0000 0.0000 0.0000 0.0000 0.0000 0.0000
2022 9 1 23 0.0000 471.8500 0.0000 0.0000 0.0000 66.0679 66.0679 0.0000 0.0000  0.0000 0.0000 0.0000 0.0000 0.0000 0.0000
2022 9 2 0 0.0000 433.2400 0.0000 0.0000 0.0000 66.0709 66.0709 0.0000 0.0000  0.0000 0.0000 0.0000 0.0000 0.0000 0.0000
2022 9 2 1 0.0000 409.0500 0.0000 0.0000 0.0000 66.0738 66.0738 0.0000 0.0000  0.0000 0.0000 0.0000 0.0000 0.0000 0.0000
2022 9 2 2 0.0000 375.2400 0.0000 0.0000 0.0000 66.0768 66.0768 0.0000 0.0000  0.0000 0.0000 0.0000 0.0000 0.0000 0.0000
2022 9 2 3 0.0000 406.1400 0.0000 0.0000 0.0000 66.0798 66.0798 0.0000 0.0000  0.0000 0.0000 0.0000 0.0000 0.0000 0.0000
2022 9 2 4 0.0000 448.6600 0.0000 0.0000 0.0000 66.0827 66.0827 0.0000 0.0000  0.0000 0.0000 0.0000 0.0000 0.0000 0.0000
2022 9 2 5 0.0000 533.3700 0.0000 0.0000 0.0000 66.0857 66.0857 0.0000 0.0000  0.0000 0.0000 0.0000 0.0000 0.0000 0.0000
2022 9 2 6 0.0000 567.7100 0.0000 0.0000 0.0000 66.0886 66.0886 0.0000 0.0000  0.0000 0.0000 0.0000 0.0000 0.0000 0.0000
2022 9 2 7 0.0000 584.6700 0.0000 0.0000 0.0000 66.0916 66.0916 0.0000 0.0000  0.0000 0.0000 0.0000 0.0000 0.0000 0.0000
2022 9 2 8 0.0000 549.3000 0.0000 0.0000 0.0000 66.0945 66.0945 0.0000 0.0000  0.0000 0.0000 0.0000 0.0000 0.0000 0.0000
2022 9 2 9 0.0000 514.7700 0.0000 0.0000 0.0000 66.0975 66.0975 0.0000 0.0000  0.0000 0.0000 0.0000 0.0000 0.0000 0.0000
2022 9 2 10 0.0000 428.5100 0.0000 0.0000 0.0000 66.1004 66.1004 0.0000 0.0000  0.0000 0.0000 0.0000 0.0000 0.0000 0.0000
2022 9 2 11 0.0000 292.7800 0.0000 0.0000 0.0000 66.1034 66.1034 0.0000 0.0000  0.0000 0.0000 0.0000 0.0000 0.0000 0.0000
2022 9 2 12 0.0000 271.2500 0.0000 0.0000 0.0000 66.1063 66.1063 0.0000 0.0000  0.0000 0.0000 0.0000 0.0000 0.0000 0.0000
2022 9 2 13 0.0000 273.1100 0.0000 0.0000 0.0000 66.1093 66.1093 0.0000 0.0000  0.0000 0.0000 0.0000 0.0000 0.0000 0.0000
2022 9 2 14 0.0000 321.3800 0.0000 0.0000 0.0000 66.1122 66.1122 0.0000 0.0000  0.0000 0.0000 0.0000 0.0000 0.0000 0.0000
2022 9 2 15 0.0000 396.6400 0.0000 0.0000 0.0000 66.1152 66.1152 0.0000 0.0000  0.0000 0.0000 0.0000 0.0000 0.0000 0.0000
2022 9 2 16 0.0000 491.8000 0.0000 0.0000 0.0000 66.1181 66.1181 0.0000 0.0000  0.0000 0.0000 0.0000 0.0000 0.0000 0.0000
2022 9 2 17 0.0000 552.5100 0.0000 0.0000 0.0000 66.1210 66.1210 0.0000 0.0000  0.0000 0.0000 0.0000 0.0000 0.0000 0.0000
2022 9 2 18 0.0000 572.7500 0.0000 0.0000 0.0000 66.1240 66.1240 0.0000 0.0000  0.0000 0.0000 0.0000 0.0000 0.0000 0.0000
2022 9 2 19 0.0000 545.0200 0.0000 0.0000 0.0000 66.1269 66.1269 0.0000 0.0000  0.0000 0.0000 0.0000 0.0000 0.0000 0.0000
2022 9 2 20 0.0000 440.6200 0.0000 0.0000 0.0000 66.1299 66.1299 0.0000 0.0000  0.0000 0.0000 0.0000 0.0000 0.0000 0.0000
2022 9 2 21 0.0000 355.8800 0.0000 0.0000 0.0000 66.1328 66.1328 0.0000 0.0000  0.0000 0.0000 0.0000 0.0000 0.0000 0.0000
2022 9 2 22 0.0000 217.7900 0.0000 0.0000 0.0000 66.1357 66.1357 0.0000 0.0000  0.0000 0.0000 0.0000 0.0000 0.0000 0.0000
2022 9 2 23 0.0000 238.2100 0.0000 0.0000 0.0000 66.1387 66.1387 0.0000 0.0000  0.0000 0.0000 0.0000 0.0000 0.0000 0.0000
2022 9 3 0 0.0000 253.5000 0.0000 0.0000 0.0000 66.1416 66.1416 0.0000 0.0000  0.0000 0.0000 0.0000 0.0000 0.0000 0.0000
2022 9 3 1 0.0000 271.6000 0.0000 0.0000 0.0000 66.1446 66.1446 0.0000 0.0000  0.0000 0.0000 0.0000 0.0000 0.0000 0.0000
2022 9 3 2 0.0000 258.7100 0.0000 0.0000 0.0000 66.1475 66.1475 0.0000 0.0000  0.0000 0.0000 0.0000 0.0000 0.0000 0.0000
2022 9 3 3 0.0000 243.5100 0.0000 0.0000 0.0000 66.1504 66.1504 0.0000 0.0000  0.0000 0.0000 0.0000 0.0000 0.0000 0.0000
2022 9 3 4 0.0000 301.8400 0.0000 0.0000 0.0000 66.1534 66.1534 0.0000 0.0000  0.0000 0.0000 0.0000 0.0000 0.0000 0.0000
2022 9 3 5 0.0000 284.0000 0.0000 0.0000 0.0000 66.1563 66.1563 0.0000 0.0000  0.0000 0.0000 0.0000 0.0000 0.0000 0.0000
2022 9 3 6 0.0000 382.1900 0.0000 0.0000 0.0000 66.1592 66.1592 0.0000 0.0000  0.0000 0.0000 0.0000 0.0000 0.0000 0.0000
2022 9 3 7 0.0000 413.5400 0.0000 0.0000 0.0000 66.1622 66.1622 0.0000 0.0000  0.0000 0.0000 0.0000 0.0000 0.0000 0.0000
2022 9 3 8 0.0000 393.5100 0.0000 0.0000 0.0000 66.1651 66.1651 0.0000 0.0000  0.0000 0.0000 0.0000 0.0000 0.0000 0.0000
2022 9 3 9 0.0000 442.1400 0.0000 0.0000 0.0000 66.1680 66.1680 0.0000 0.0000  0.0000 0.0000 0.0000 0.0000 0.0000 0.0000
2022 9 3 10 0.0000 453.6600 0.0000 0.0000 0.0000 66.1710 66.1710 0.0000 0.0000  0.0000 0.0000 0.0000 0.0000 0.0000 0.0000
2022 9 3 11 0.0000 468.9000 0.0000 0.0000 0.0000 66.1739 66.1739 0.0000 0.0000  0.0000 0.0000 0.0000 0.0000 0.0000 0.0000
2022 9 3 12 0.0000 456.4300 0.0000 0.0000 0.0000 66.1768 66.1768 0.0000 0.0000  0.0000 0.0000 0.0000 0.0000 0.0000 0.0000
2022 9 3 13 0.0000 459.8200 0.0000 0.0000 0.0000 66.1798 66.1798 0.0000 0.0000  0.0000 0.0000 0.0000 0.0000 0.0000 0.0000
2022 9 3 14 0.0000 431.0300 0.0000 0.0000 0.0000 66.1827 66.1827 0.0000 0.0000  0.0000 0.0000 0.0000 0.0000 0.0000 0.0000
2022 9 3 15 0.0000 387.1700 0.0000 0.0000 0.0000 66.1856 66.1856 0.0000 0.0000  0.0000 0.0000 0.0000 0.0000 0.0000 0.0000
2022 9 3 16 0.0000 414.6800 0.0000 0.0000 0.0000 66.1885 66.1885 0.0000 0.0000  0.0000 0.0000 0.0000 0.0000 0.0000 0.0000
2022 9 3 17 0.0000 468.4800 0.0000 0.0000 0.0000 66.1915 66.1915 0.0000 0.0000  0.0000 0.0000 0.0000 0.0000 0.0000 0.0000
2022 9 3 18 0.0000 531.4800 0.0000 0.0000 0.0000 66.1944 66.1944 0.0000 0.0000  0.0000 0.0000 0.0000 0.0000 0.0000 0.0000
2022 9 3 19 0.0000 513.1200 0.0000 0.0000 0.0000 66.1973 66.1973 0.0000 0.0000  0.0000 0.0000 0.0000 0.0000 0.0000 0.0000
2022 9 3 20 0.0000 443.1200 0.0000 0.0000 0.0000 66.2002 66.2002 0.0000 0.0000  0.0000 0.0000 0.0000 0.0000 0.0000 0.0000
2022 9 3 21 0.0000 395.0200 0.0000 0.0000 0.0000 66.2032 66.2032 0.0000 0.0000  0.0000 0.0000 0.0000 0.0000 0.0000 0.0000
2022 9 3 22 0.0000 330.8700 0.0000 0.0000 0.0000 66.2061 66.2061 0.0000 0.0000  0.0000 0.0000 0.0000 0.0000 0.0000 0.0000
2022 9 3 23 0.0000 215.7900 0.0000 0.0000 0.0000 66.2090 66.2090 0.0000 0.0000  0.0000 0.0000 0.0000 0.0000 0.0000 0.0000
2022 9 4 0 0.0000 210.1400 0.0000 0.0000 0.0000 66.2120 66.2120 0.0000 0.0000  0.0000 0.0000 0.0000 0.0000 0.0000 0.0000
2022 9 4 1 0.0000 205.3000 0.0000 0.0000 0.0000 66.2149 66.2149 0.0000 0.0000  0.0000 0.0000 0.0000 0.0000 0.0000 0.0000
2022 9 4 2 0.0000 209.5200 0.0000 0.0000 0.0000 66.2179 66.2179 0.0000 0.0000  0.0000 0.0000 0.0000 0.0000 0.0000 0.0000
2022 9 4 3 0.0000 225.8600 0.0000 0.0000 0.0000 66.2209 66.2209 0.0000 0.0000  0.0000 0.0000 0.0000 0.0000 0.0000 0.0000
2022 9 4 4 0.0000 228.5700 0.0000 0.0000 0.0000 66.2238 66.2238 0.0000 0.0000  0.0000 0.0000 0.0000 0.0000 0.0000 0.0000
2022 9 4 5 4.7200 216.1600 0.8000 4.7200 0.0000 61.7691 66.2248 2.5526 0.1502  551.7770 1.0000 1.0000 0.0000 0.0000 550.7770
2022 9 4 6 4.7200 231.8500 0.8000 4.7200 0.0000 61.7681 66.2238 2.5526 0.1502  591.8179 0.0000 0.0000 0.0000 0.0000 591.8179
2022 9 4 7 4.7200 215.0200 0.8000 4.7200 0.0000 61.7670 66.2227 2.5525 0.1502  548.8485 0.0000 0.0000 0.0000 0.0000 548.8485
2022 9 4 8 4.7200 188.9800 0.8000 4.7200 0.0000 61.7660 66.2217 2.5525 0.1502  482.3721 0.0000 0.0000 0.0000 0.0000 482.3721
2022 9 4 9 4.7200 298.2800 0.8000 4.7200 0.0000 61.7650 66.2206 2.5525 0.1502  761.3479 0.0000 0.0000 0.0000 0.0000 761.3479
2022 9 4 10 4.7200 200.4200 0.8000 4.7200 0.0000 61.7639 66.2196 2.5524 0.1502  511.5555 0.0000 0.0000 0.0000 0.0000 511.5555
2022 9 4 11 4.7200 248.6000 0.8000 4.7200 0.0000 61.7629 66.2186 2.5524 0.1502  634.5204 0.0000 0.0000 0.0000 0.0000 634.5204
2022 9 4 12 4.7200 404.7600 0.8000 4.7200 0.0000 61.7618 66.2175 2.5523 0.1502  1033.0819 0.0000 0.0000 0.0000 0.0000 1033.0819
2022 9 4 13 4.7200 404.3900 0.8000 4.7200 0.0000 61.7608 66.2165 2.5523 0.1502  1032.1202 0.0000 0.0000 0.0000 0.0000 1032.1202
2022 9 4 14 4.7200 364.4300 0.8000 4.7200 0.0000 61.7598 66.2155 2.5522 0.1502  930.1150 0.0000 0.0000 0.0000 0.0000 930.1150
2022 9 4 15 4.7200 248.5300 0.8000 4.7200 0.0000 61.7587 66.2144 2.5522 0.1502  634.2990 0.0000 0.0000 0.0000 0.0000 634.2990
2022 9 4 16 4.7200 410.2000 0.8000 4.7200 0.0000 61.7577 66.2134 2.5522 0.1502  1046.8962 0.0000 0.0000 0.0000 0.0000 1046.8962
2022 9 4 17 4.7200 442.0700 0.8000 4.7200 0.0000 61.7567 66.2123 2.5521 0.1502  1128.2145 0.0000 0.0000 0.0000 0.0000 1128.2145
2022 9 4 18 4.7200 501.0600 0.8000 4.7200 0.0000 61.7556 66.2113 2.5521 0.1502  1278.7424 0.0000 0.0000 0.0000 0.0000 1278.7424
2022 9 4 19 4.7200 500.6000 0.8000 4.7200 0.0000 61.7546 66.2103 2.5520 0.1502  1277.5470 0.0000 0.0000 0.0000 0.0000 1277.5470
2022 9 4 20 4.7200 449.0300 0.8000 4.7200 0.0000 61.7535 66.2092 2.5520 0.1502  1145.9194 0.0000 0.0000 0.0000 0.0000 1145.9194
2022 9 4 21 4.7200 418.8500 0.8000 4.7200 0.0000 61.7525 66.2082 2.5519 0.1502  1068.8825 0.0000 0.0000 0.0000 0.0000 1068.8825
2022 9 4 22 4.7200 344.0800 0.8000 4.7200 0.0000 61.7515 66.2071 2.5519 0.1502  878.0587 0.0000 0.0000 0.0000 0.0000 878.0587
2022 9 4 23 4.7200 275.7500 0.8000 4.7200 0.0000 61.7504 66.2061 2.5519 0.1502  703.6754 0.0000 0.0000 0.0000 0.0000 703.6754
2022 9 5 0 4.7200 225.3100 0.8000 4.7200 0.0000 61.7494 66.2051 2.5518 0.1502  574.9499 0.0000 0.0000 0.0000 0.0000 574.9499
2022 9 5 1 4.7200 217.5800 0.8000 4.7200 0.0000 61.7484 66.2040 2.5518 0.1502  555.2150 0.0000 0.0000 0.0000 0.0000 555.2150
2022 9 5 2 4.7200 228.2200 0.8000 4.7200 0.0000 61.7473 66.2030 2.5517 0.1502  582.3561 0.0000 0.0000 0.0000 0.0000 582.3561
2022 9 5 3 4.7200 245.1000 0.8000 4.7200 0.0000 61.7463 66.2020 2.5517 0.1502  625.4188 0.0000 0.0000 0.0000 0.0000 625.4188
2022 9 5 4 4.7200 376.3900 0.8000 4.7200 0.0000 61.7452 66.2009 2.5516 0.1502  960.4138 0.0000 0.0000 0.0000 0.0000 960.4138
2022 9 5 5 4.7200 457.3400 0.8000 4.7200 0.0000 61.7442 66.1999 2.5516 0.1502  1166.9499 0.0000 0.0000 0.0000 0.0000 1166.9499
2022 9 5 6 4.7200 503.6800 0.8000 4.7200 0.0000 61.7432 66.1988 2.5516 0.1502  1285.1695 0.0000 0.0000 0.0000 0.0000 1285.1695
2022 9 5 7 4.7200 517.0400 0.8000 4.7200 0.0000 61.7421 66.1978 2.5515 0.1502  1319.2361 0.0000 0.0000 0.0000 0.0000 1319.2361
2022 9 5 8 4.7200 476.2600 0.8000 4.7200 0.0000 61.7411 66.1968 2.5515 0.1502  1215.1649 0.0000 0.0000 0.0000 0.0000 1215.1649
2022 9 5 9 4.7200 429.2600 0.8000 4.7200 0.0000 61.7400 66.1957 2.5514 0.1502  1095.2272 0.0000 0.0000 0.0000 0.0000 1095.2272
2022 9 5 10 4.7200 385.8200 0.8000 4.7200 0.0000 61.7390 66.1947 2.5514 0.1502  984.3765 0.0000 0.0000 0.0000 0.0000 984.3765
2022 9 5 11 4.7200 402.6600 0.8000 4.7200 0.0000 61.7380 66.1936 2.5513 0.1501  1027.3246 0.0000 0.0000 0.0000 0.0000 1027.3246
2022 9 5 12 4.7200 398.7600 0.8000 4.7200 0.0000 61.7369 66.1926 2.5513 0.1501  1017.3572 0.0000 0.0000 0.0000 0.0000 1017.3572
2022 9 5 13 4.7200 291.4200 0.8000 4.7200 0.0000 61.7359 66.1916 2.5513 0.1501  743.4880 0.0000 0.0000 0.0000 0.0000 743.4880
2022 9 5 14 4.7200 402.6800 0.8000 4.7200 0.0000 61.7349 66.1905 2.5512 0.1501  1027.3237 0.0000 0.0000 0.0000 0.0000 1027.3237
2022 9 5 15 4.7200 401.9700 0.8000 4.7200 0.0000 61.7338 66.1895 2.5512 0.1501  1025.4952 0.0000 0.0000 0.0000 0.0000 1025.4952
2022 9 5 16 4.7200 484.3400 0.8000 4.7200 0.0000 61.7328 66.1885 2.5511 0.1501  1235.6145 0.0000 0.0000 0.0000 0.0000 1235.6145
2022 9 5 17 4.7200 546.8400 0.8000 4.7200 0.0000 61.7317 66.1874 2.5511 0.1501  1395.0368 0.0000 0.0000 0.0000 0.0000 1395.0368
2022 9 5 18 4.7200 579.7300 0.8000 4.7200 0.0000 61.7307 66.1864 2.5510 0.1501  1478.9171 0.0000 0.0000 0.0000 0.0000 1478.9171
2022 9 5 19 4.7200 504.0000 0.8000 4.7200 0.0000 61.7297 66.1853 2.5510 0.1501  1285.7049 0.0000 0.0000 0.0000 0.0000 1285.7049
2022 9 5 20 4.7200 417.8100 0.8000 4.7200 0.0000 61.7286 66.1843 2.5510 0.1501  1065.8161 0.0000 0.0000 0.0000 0.0000 1065.8161
2022 9 5 21 4.7200 329.4400 0.8000 4.7200 0.0000 61.7276 66.1833 2.5509 0.1501  840.3737 0.0000 0.0000 0.0000 0.0000 840.3737
2022 9 5 22 4.7200 230.8900 0.8000 4.7200 0.0000 61.7265 66.1822 2.5509 0.1501  588.9711 0.0000 0.0000 0.0000 0.0000 588.9711
2022 9 5 23 4.7200 279.5100 0.8000 4.7200 0.0000 61.7255 66.1812 2.5508 0.1501  712.9825 0.0000 0.0000 0.0000 0.0000 712.9825
2022 9 6 0 4.7200 305.4700 0.8000 4.7200 0.0000 61.7245 66.1801 2.5508 0.1501  779.1890 0.0000 0.0000 0.0000 0.0000 779.1890
2022 9 6 1 4.7200 282.3100 0.8000 4.7200 0.0000 61.7234 66.1791 2.5507 0.1501  720.1006 0.0000 0.0000 0.0000 0.0000 720.1006
2022 9 6 2 4.7200 289.6700 0.8000 4.7200 0.0000 61.7224 66.1781 2.5507 0.1501  738.8618 0.0000 0.0000 0.0000 0.0000 738.8618
2022 9 6 3 4.7200 293.6400 0.8000 4.7200 0.0000 61.7214 66.1770 2.5507 0.1501  748.9755 0.0000 0.0000 0.0000 0.0000 748.9755
2022 9 6 4 4.7200 393.0700 0.8000 4.7200 0.0000 61.7203 66.1760 2.5506 0.1501  1002.5708 0.0000 0.0000 0.0000 0.0000 1002.5708
2022 9 6 5 4.7200 462.0400 0.8000 4.7200 0.0000 61.7193 66.1750 2.5506 0.1501  1178.4672 0.0000 0.0000 0.0000 0.0000 1178.4672
2022 9 6 6 4.7200 521.0100 0.8000 4.7200 0.0000 61.7183 66.1740 2.5505 0.1501  1328.8523 0.0000 0.0000 0.0000 0.0000 1328.8523
2022 9 6 7 4.7200 540.1400 0.8000 4.7200 0.0000 61.7172 66.1729 2.5505 0.1501  1377.6210 0.0000 0.0000 0.0000 0.0000 1377.6210
2022 9 6 8 4.7200 474.4700 0.8000 4.7200 0.0000 61.7162 66.1719 2.5504 0.1501  1210.1102 0.0000 0.0000 0.0000 0.0000 1210.1102
2022 9 6 9 4.7200 441.4400 0.8000 4.7200 0.0000 61.7152 66.1709 2.5504 0.1501  1125.8502 0.0000 0.0000 0.0000 0.0000 1125.8502
2022 9 6 10 4.7200 311.8200 0.8000 4.7200 0.0000 61.7142 66.1698 2.5504 0.1501  795.2536 0.0000 0.0000 0.0000 0.0000 795.2536
2022 9 6 11 4.7200 261.3000 0.8000 4.7200 0.0000 61.7131 66.1688 2.5503 0.1501  666.3982 0.0000 0.0000 0.0000 0.0000 666.3982
2022 9 6 12 4.7200 273.5200 0.8000 4.7200 0.0000 61.7121 66.1678 2.5503 0.1501  697.5515 0.0000 0.0000 0.0000 0.0000 697.5515
2022 9 6 13 4.7200 286.6500 0.8000 4.7200 0.0000 61.7111 66.1667 2.5502 0.1501  731.0244 0.0000 0.0000 0.0000 0.0000 731.0244
2022 9 6 14 4.7200 386.9200 0.8000 4.7200 0.0000 61.7100 66.1657 2.5502 0.1501  986.7200 0.0000 0.0000 0.0000 0.0000 986.7200
2022 9 6 15 4.7200 472.2400 0.8000 4.7200 0.0000 61.7090 66.1647 2.5501 0.1501  1204.2823 0.0000 0.0000 0.0000 0.0000 1204.2823
2022 9 6 16 4.7200 481.7900 0.8000 4.7200 0.0000 61.7080 66.1637 2.5501 0.1501  1228.6159 0.0000 0.0000 0.0000 0.0000 1228.6159
2022 9 6 17 4.7200 525.8500 0.8000 4.7200 0.0000 61.7070 66.1627 2.5501 0.1501  1340.9513 0.0000 0.0000 0.0000 0.0000 1340.9513
2022 9 6 18 4.7200 549.4500 0.8000 4.7200 0.0000 61.7060 66.1616 2.5500 0.1501  1401.1097 0.0000 0.0000 0.0000 0.0000 1401.1097
2022 9 6 19 4.7200 541.0200 0.8000 4.7200 0.0000 61.7049 66.1606 2.5500 0.1501  1379.5902 0.0000 0.0000 0.0000 0.0000 1379.5902
2022 9 6 20 4.7200 509.6200 0.8000 4.7200 0.0000 61.7039 66.1596 2.5499 0.1501  1299.4992 0.0000 0.0000 0.0000 0.0000 1299.4992
2022 9 6 21 4.7200 466.2000 0.8000 4.7200 0.0000 61.7029 66.1586 2.5499 0.1501  1188.7611 0.0000 0.0000 0.0000 0.0000 1188.7611
2022 9 6 22 4.7200 453.1000 0.8000 4.7200 0.0000 61.7019 66.1575 2.5499 0.1501  1155.3382 0.0000 0.0000 0.0000 0.0000 1155.3382
2022 9 6 23 4.7200 421.7600 0.8000 4.7200 0.0000 61.7008 66.1565 2.5498 0.1501  1075.4079 0.0000 0.0000 0.0000 0.0000 1075.4079
2022 9 7 0 4.7200 391.3100 0.8000 4.7200 0.0000 61.6998 66.1555 2.5498 0.1501  997.7495 0.0000 0.0000 0.0000 0.0000 997.7495
2022 9 7 1 4.7200 374.3800 0.8000 4.7200 0.0000 61.6988 66.1544 2.5497 0.1501  954.5660 0.0000 0.0000 0.0000 0.0000 954.5660
2022 9 7 2 4.7200 373.0200 0.8000 4.7200 0.0000 61.6977 66.1534 2.5497 0.1501  951.0825 0.0000 0.0000 0.0000 0.0000 951.0825
2022 9 7 3 4.7200 394.9700 0.8000 4.7200 0.0000 61.6967 66.1524 2.5496 0.1500  1007.0312 0.0000 0.0000 0.0000 0.0000 1007.0312
2022 9 7 4 4.7200 402.2600 0.8000 4.7200 0.0000 61.6957 66.1514 2.5496 0.1500  1025.6010 0.0000 0.0000 0.0000 0.0000 1025.6010
2022 9 7 5 4.7200 467.0300 0.8000 4.7200 0.0000 61.6946 66.1503 2.5496 0.1500  1190.7185 0.0000 0.0000 0.0000 0.0000 1190.7185
2022 9 7 6 4.7200 498.4000 0.8000 4.7200 0.0000 61.6936 66.1493 2.5495 0.1500  1270.6768 0.0000 0.0000 0.0000 0.0000 1270.6768
2022 9 7 7 4.7200 502.5900 0.8000 4.7200 0.0000 61.6926 66.1483 2.5495 0.1500  1281.3379 0.0000 0.0000 0.0000 0.0000 1281.3379
2022 9 7 8 4.7200 494.7000 0.8000 4.7200 0.0000 61.6916 66.1472 2.5494 0.1500  1261.2016 0.0000 0.0000 0.0000 0.0000 1261.2016
2022 9 7 9 4.7200 464.9200 0.8000 4.7200 0.0000 61.6905 66.1462 2.5494 0.1500  1185.2598 0.0000 0.0000 0.0000 0.0000 1185.2598
2022 9 7 10 4.7200 445.5600 0.8000 4.7200 0.0000 61.6895 66.1452 2.5493 0.1500  1135.8847 0.0000 0.0000 0.0000 0.0000 1135.8847
2022 9 7 11 4.7200 401.2200 0.8000 4.7200 0.0000 61.6885 66.1441 2.5493 0.1500  1022.8299 0.0000 0.0000 0.0000 0.0000 1022.8299
2022 9 7 12 4.7200 397.7500 0.8000 4.7200 0.0000 61.6874 66.1431 2.5493 0.1500  1013.9669 0.0000 0.0000 0.0000 0.0000 1013.9669
2022 9 7 13 4.7200 404.9600 0.8000 4.7200 0.0000 61.6864 66.1421 2.5492 0.1500  1032.3298 0.0000 0.0000 0.0000 0.0000 1032.3298
2022 9 7 14 4.7200 408.3600 0.8000 4.7200 0.0000 61.6854 66.1411 2.5492 0.1500  1040.9796 0.0000 0.0000 0.0000 0.0000 1040.9796
2022 9 7 15 4.7200 466.8800 0.8000 4.7200 0.0000 61.6843 66.1400 2.5491 0.1500  1190.1371 0.0000 0.0000 0.0000 0.0000 1190.1371
2022 9 7 16 4.7200 499.4900 0.8000 4.7200 0.0000 61.6833 66.1390 2.5491 0.1500  1273.2428 0.0000 0.0000 0.0000 0.0000 1273.2428
2022 9 7 17 4.7200 520.7000 0.8000 4.7200 0.0000 61.6823 66.1379 2.5490 0.1500  1327.2866 0.0000 0.0000 0.0000 0.0000 1327.2866
2022 9 7 18 4.7200 544.1300 0.8000 4.7200 0.0000 61.6812 66.1369 2.5490 0.1500  1386.9873 0.0000 0.0000 0.0000 0.0000 1386.9873
2022 9 7 19 4.7200 524.2600 0.8000 4.7200 0.0000 61.6802 66.1359 2.5490 0.1500  1336.3162 0.0000 0.0000 0.0000 0.0000 1336.3162
2022 9 7 20 4.7200 502.1600 0.8000 4.7200 0.0000 61.6791 66.1348 2.5489 0.1500  1279.9626 0.0000 0.0000 0.0000 0.0000 1279.9626
2022 9 7 21 4.7200 484.5200 0.8000 4.7200 0.0000 61.6781 66.1338 2.5489 0.1500  1234.9787 0.0000 0.0000 0.0000 0.0000 1234.9787
2022 9 7 22 4.7200 434.1200 0.8000 4.7200 0.0000 61.6770 66.1327 2.5488 0.1500  1106.4969 0.0000 0.0000 0.0000 0.0000 1106.4969
2022 9 7 23 4.7200 439.0400 0.8000 4.7200 0.0000 61.6760 66.1317 2.5488 0.1500  1119.0182 0.0000 0.0000 0.0000 0.0000 1119.0182
2022 9 8 0 4.7200 405.0600 0.8000 4.7200 0.0000 61.6750 66.1306 2.5487 0.1500  1032.3929 0.0000 0.0000 0.0000 0.0000 1032.3929
2022 9 8 1 4.7200 397.6600 0.8000 4.7200 0.0000 61.6739 66.1296 2.5487 0.1500  1013.5151 0.0000 0.0000 0.0000 0.0000 1013.5151
2022 9 8 2 4.7200 379.4100 0.8000 4.7200 0.0000 61.6729 66.1285 2.5487 0.1500  966.9849 0.0000 0.0000 0.0000 0.0000 966.9849
2022 9 8 3 4.7200 376.7300 0.8000 4.7200 0.0000 61.6718 66.1275 2.5486 0.1500  960.1383 0.0000 0.0000 0.0000 0.0000 960.1383
2022 9 8 4 4.7200 439.1000 0.8000 4.7200 0.0000 61.6708 66.1264 2.5486 0.1500  1119.0761 0.0000 0.0000 0.0000 0.0000 1119.0761
2022 9 8 5 4.7200 459.8200 0.8000 4.7200 0.0000 61.6697 66.1254 2.5485 0.1500  1171.8625 0.0000 0.0000 0.0000 0.0000 1171.8625
2022 9 8 6 4.7200 486.0300 0.8000 4.7200 0.0000 61.6687 66.1243 2.5485 0.1500  1238.6382 0.0000 0.0000 0.0000 0.0000 1238.6382
2022 9 8 7 4.7200 504.4700 0.8000 4.7200 0.0000 61.6676 66.1233 2.5484 0.1500  1285.6102 0.0000 0.0000 0.0000 0.0000 1285.6102
2022 9 8 8 4.7200 473.3100 0.8000 4.7200 0.0000 61.6666 66.1222 2.5484 0.1500  1206.1803 0.0000 0.0000 0.0000 0.0000 1206.1803
2022 9 8 9 4.7200 465.6200 0.8000 4.7200 0.0000 61.6655 66.1212 2.5484 0.1500  1186.5628 0.0000 0.0000 0.0000 0.0000 1186.5628
2022 9 8 10 4.7200 438.5300 0.8000 4.7200 0.0000 61.6644 66.1201 2.5483 0.1500  1117.5089 0.0000 0.0000 0.0000 0.0000 1117.5089
2022 9 8 11 4.7200 426.1800 0.8000 4.7200 0.0000 61.6634 66.1191 2.5483 0.1500  1086.0187 0.0000 0.0000 0.0000 0.0000 1086.0187
2022 9 8 12 4.7200 407.0500 0.8000 4.7200 0.0000 61.6623 66.1180 2.5482 0.1500  1037.2527 0.0000 0.0000 0.0000 0.0000 1037.2527
2022 9 8 13 4.7200 397.2700 0.8000 4.7200 0.0000 61.6613 66.1170 2.5482 0.1500  1012.3138 0.0000 0.0000 0.0000 0.0000 1012.3138
2022 9 8 14 4.7200 402.0900 0.8000 4.7200 0.0000 61.6602 66.1159 2.5481 0.1500  1024.5785 0.0000 0.0000 0.0000 0.0000 1024.5785
2022 9 8 15 4.7200 413.1900 0.8000 4.7200 0.0000 61.6592 66.1148 2.5481 0.1500  1052.8446 0.0000 0.0000 0.0000 0.0000 1052.8446
2022 9 8 16 4.7200 452.1600 0.8000 4.7200 0.0000 61.6581 66.1138 2.5480 0.1500  1152.1238 0.0000 0.0000 0.0000 0.0000 1152.1238
2022 9 8 17 4.7200 467.2000 0.8000 4.7200 0.0000 61.6570 66.1127 2.5480 0.1500  1190.4258 0.0000 0.0000 0.0000 0.0000 1190.4258
2022 9 8 18 4.7200 478.3100 0.8000 4.7200 0.0000 61.6560 66.1117 2.5480 0.1500  1218.7131 0.0000 0.0000 0.0000 0.0000 1218.7131
2022 9 8 19 4.7200 484.0800 0.8000 4.7200 0.0000 61.6549 66.1106 2.5479 0.1499  1233.3935 0.0000 0.0000 0.0000 0.0000 1233.3935
2022 9 8 20 4.7200 450.0900 0.8000 4.7200 0.0000 61.6538 66.1095 2.5479 0.1499  1146.7702 0.0000 0.0000 0.0000 0.0000 1146.7702
2022 9 8 21 4.7200 391.6800 0.8000 4.7200 0.0000 61.6528 66.1085 2.5478 0.1499  997.9319 0.0000 0.0000 0.0000 0.0000 997.9319
2022 9 8 22 4.7200 332.2700 0.8000 4.7200 0.0000 61.6517 66.1074 2.5478 0.1499  846.5509 0.0000 0.0000 0.0000 0.0000 846.5509
2022 9 8 23 4.7200 310.0400 0.8000 4.7200 0.0000 61.6506 66.1063 2.5477 0.1499  789.9000 0.0000 0.0000 0.0000 0.0000 789.9000
2022 9 9 0 4.7200 246.1600 0.8000 4.7200 0.0000 61.6496 66.1052 2.5477 0.1499  627.1397 0.0000 0.0000 0.0000 0.0000 627.1397
2022 9 9 1 4.7200 211.8700 0.8000 4.7200 0.0000 61.6485 66.1042 2.5476 0.1499  539.7700 0.0000 0.0000 0.0000 0.0000 539.7700
2022 9 9 2 4.7200 199.4500 0.8000 4.7200 0.0000 61.6474 66.1031 2.5476 0.1499  508.1194 0.0000 0.0000 0.0000 0.0000 508.1194
2022 9 9 3 4.7200 234.9400 0.8000 4.7200 0.0000 61.6463 66.1020 2.5476 0.1499  598.5234 0.0000 0.0000 0.0000 0.0000 598.5234
2022 9 9 4 4.7200 288.6200 0.8000 4.7200 0.0000 61.6453 66.1010 2.5475 0.1499  735.2637 0.0000 0.0000 0.0000 0.0000 735.2637
2022 9 9 5 4.7200 371.2400 0.8000 4.7200 0.0000 61.6442 66.0999 2.5475 0.1499  945.7230 0.0000 0.0000 0.0000 0.0000 945.7230
2022 9 9 6 4.7200 419.0900 0.8000 4.7200 0.0000 61.6432 66.0988 2.5474 0.1499  1067.6011 0.0000 0.0000 0.0000 0.0000 1067.6011
2022 9 9 7 4.7200 419.5300 0.8000 4.7200 0.0000 61.6421 66.0978 2.5474 0.1499  1068.7035 0.0000 0.0000 0.0000 0.0000 1068.7035
2022 9 9 8 4.7200 404.5500 0.8000 4.7200 0.0000 61.6410 66.0967 2.5473 0.1499  1030.5258 0.0000 0.0000 0.0000 0.0000 1030.5258
2022 9 9 9 4.7200 376.5400 0.8000 4.7200 0.0000 61.6400 66.0956 2.5473 0.1499  959.1583 0.0000 0.0000 0.0000 0.0000 959.1583
2022 9 9 10 4.7200 341.6000 0.8000 4.7200 0.0000 61.6389 66.0946 2.5473 0.1499  870.1408 0.0000 0.0000 0.0000 0.0000 870.1408
2022 9 9 11 4.7200 351.8400 0.8000 4.7200 0.0000 61.6378 66.0935 2.5472 0.1499  896.2090 0.0000 0.0000 0.0000 0.0000 896.2090
2022 9 9 12 4.7200 302.8800 0.8000 4.7200 0.0000 61.6367 66.0924 2.5472 0.1499  771.4844 0.0000 0.0000 0.0000 0.0000 771.4844
2022 9 9 13 4.7200 304.3300 0.8000 4.7200 0.0000 61.6357 66.0913 2.5471 0.1499  775.1642 0.0000 0.0000 0.0000 0.0000 775.1642
2022 9 9 14 4.7200 301.3700 0.8000 4.7200 0.0000 61.6346 66.0903 2.5471 0.1499  767.6114 0.0000 0.0000 0.0000 0.0000 767.6114
2022 9 9 15 4.7200 377.1900 0.8000 4.7200 0.0000 61.6335 66.0892 2.5470 0.1499  960.7138 0.0000 0.0000 0.0000 0.0000 960.7138
2022 9 9 16 4.7200 403.7700 0.8000 4.7200 0.0000 61.6325 66.0881 2.5470 0.1499  1028.3959 0.0000 0.0000 0.0000 0.0000 1028.3959
2022 9 9 17 4.7200 423.2800 0.8000 4.7200 0.0000 61.6314 66.0871 2.5469 0.1499  1078.0688 0.0000 0.0000 0.0000 0.0000 1078.0688
2022 9 9 18 4.7200 454.4300 0.8000 4.7200 0.0000 61.6303 66.0860 2.5469 0.1499  1157.3857 0.0000 0.0000 0.0000 0.0000 1157.3857
2022 9 9 19 4.7200 452.1400 0.8000 4.7200 0.0000 61.6292 66.0849 2.5469 0.1499  1151.5331 0.0000 0.0000 0.0000 0.0000 1151.5331
2022 9 9 20 4.7200 408.3400 0.8000 4.7200 0.0000 61.6281 66.0838 2.5468 0.1499  1039.9628 0.0000 0.0000 0.0000 0.0000 1039.9628
2022 9 9 21 4.7200 388.4600 0.8000 4.7200 0.0000 61.6270 66.0827 2.5468 0.1499  989.3148 0.0000 0.0000 0.0000 0.0000 989.3148
2022 9 9 22 4.7200 388.7900 0.8000 4.7200 0.0000 61.6260 66.0816 2.5467 0.1499  990.1378 0.0000 0.0000 0.0000 0.0000 990.1378
2022 9 9 23 4.7200 399.9600 0.8000 4.7200 0.0000 61.6249 66.0805 2.5467 0.1499  1018.5666 0.0000 0.0000 0.0000 0.0000 1018.5666
2022 9 10 0 4.7200 369.7600 0.8000 4.7200 0.0000 61.6238 66.0795 2.5466 0.1499  941.6405 0.0000 0.0000 0.0000 0.0000 941.6405
2022 9 10 1 4.7200 361.7900 0.8000 4.7200 0.0000 61.6227 66.0784 2.5466 0.1499  921.3276 0.0000 0.0000 0.0000 0.0000 921.3276
2022 9 10 2 4.7200 357.6700 0.8000 4.7200 0.0000 61.6216 66.0773 2.5465 0.1499  910.8196 0.0000 0.0000 0.0000 0.0000 910.8196
2022 9 10 3 4.7200 357.6900 0.8000 4.7200 0.0000 61.6205 66.0762 2.5465 0.1499  910.8544 0.0000 0.0000 0.0000 0.0000 910.8544
2022 9 10 4 4.7200 366.6100 0.8000 4.7200 0.0000 61.6194 66.0751 2.5464 0.1499  933.5526 0.0000 0.0000 0.0000 0.0000 933.5526
2022 9 10 5 4.7200 392.6200 0.8000 4.7200 0.0000 61.6183 66.0740 2.5464 0.1499  999.7680 0.0000 0.0000 0.0000 0.0000 999.7680
2022 9 10 6 4.7200 405.5500 0.8000 4.7200 0.0000 61.6172 66.0729 2.5464 0.1499  1032.6747 0.0000 0.0000 0.0000 0.0000 1032.6747
2022 9 10 7 4.7200 422.6400 0.8000 4.7200 0.0000 61.6162 66.0718 2.5463 0.1499  1076.1729 0.0000 0.0000 0.0000 0.0000 1076.1729
2022 9 10 8 4.7200 420.7900 0.8000 4.7200 0.0000 61.6151 66.0707 2.5463 0.1499  1071.4433 0.0000 0.0000 0.0000 0.0000 1071.4433
2022 9 10 9 4.7200 441.6700 0.8000 4.7200 0.0000 61.6140 66.0697 2.5462 0.1498  1124.5895 0.0000 0.0000 0.0000 0.0000 1124.5895
2022 9 10 10 4.7200 430.7900 0.8000 4.7200 0.0000 61.6129 66.0686 2.5462 0.1498  1096.8672 0.0000 0.0000 0.0000 0.0000 1096.8672
2022 9 10 11 4.7200 411.8500 0.8000 4.7200 0.0000 61.6118 66.0675 2.5461 0.1498  1048.6243 0.0000 0.0000 0.0000 0.0000 1048.6243
2022 9 10 12 4.7200 365.5500 0.8000 4.7200 0.0000 61.6107 66.0664 2.5461 0.1498  930.7221 0.0000 0.0000 0.0000 0.0000 930.7221
2022 9 10 13 4.7200 359.3500 0.8000 4.7200 0.0000 61.6097 66.0653 2.5460 0.1498  914.9205 0.0000 0.0000 0.0000 0.0000 914.9205
2022 9 10 14 4.7200 363.8900 0.8000 4.7200 0.0000 61.6086 66.0643 2.5460 0.1498  926.4634 0.0000 0.0000 0.0000 0.0000 926.4634
2022 9 10 15 4.7200 394.0800 0.8000 4.7200 0.0000 61.6075 66.0632 2.5460 0.1498  1003.3096 0.0000 0.0000 0.0000 0.0000 1003.3096
2022 9 10 16 4.7200 457.2000 0.8000 4.7200 0.0000 61.6065 66.0621 2.5459 0.1498  1163.9901 0.0000 0.0000 0.0000 0.0000 1163.9901
2022 9 10 17 4.7200 441.1300 0.8000 4.7200 0.0000 61.6054 66.0611 2.5459 0.1498  1123.0578 0.0000 0.0000 0.0000 0.0000 1123.0578
2022 9 10 18 4.7200 478.8600 0.8000 4.7200 0.0000 61.6043 66.0600 2.5458 0.1498  1219.0921 0.0000 0.0000 0.0000 0.0000 1219.0921
2022 9 10 19 4.7200 478.7500 0.8000 4.7200 0.0000 61.6032 66.0589 2.5458 0.1498  1218.7911 0.0000 0.0000 0.0000 0.0000 1218.7911
2022 9 10 20 4.7200 453.0000 0.8000 4.7200 0.0000 61.6022 66.0579 2.5457 0.1498  1153.2174 0.0000 0.0000 0.0000 0.0000 1153.2174
2022 9 10 21 4.7200 448.9200 0.8000 4.7200 0.0000 61.6011 66.0568 2.5457 0.1498  1142.8111 0.0000 0.0000 0.0000 0.0000 1142.8111
2022 9 10 22 4.7200 447.8000 0.8000 4.7200 0.0000 61.6001 66.0557 2.5456 0.1498  1139.9401 0.0000 0.0000 0.0000 0.0000 1139.9401
2022 9 10 23 4.7200 434.5600 0.8000 4.7200 0.0000 61.5990 66.0547 2.5456 0.1498  1106.2167 0.0000 0.0000 0.0000 0.0000 1106.2167
2022 9 11 0 4.7200 397.0500 0.8000 4.7200 0.0000 61.5979 66.0536 2.5456 0.1498  1010.7137 0.0000 0.0000 0.0000 0.0000 1010.7137
2022 9 11 1 4.7200 397.0400 0.8000 4.7200 0.0000 61.5969 66.0525 2.5455 0.1498  1010.6709 0.0000 0.0000 0.0000 0.0000 1010.6709
2022 9 11 2 4.7200 380.7100 0.8000 4.7200 0.0000 61.5958 66.0515 2.5455 0.1498  969.0858 0.0000 0.0000 0.0000 0.0000 969.0858
2022 9 11 3 4.7200 369.7000 0.8000 4.7200 0.0000 61.5947 66.0504 2.5454 0.1498  941.0440 0.0000 0.0000 0.0000 0.0000 941.0440
2022 9 11 4 4.7200 380.5100 0.8000 4.7200 0.0000 61.5937 66.0494 2.5454 0.1498  968.5433 0.0000 0.0000 0.0000 0.0000 968.5433
2022 9 11 5 4.7200 390.0100 0.8000 4.7200 0.0000 61.5926 66.0483 2.5453 0.1498  992.7073 0.0000 0.0000 0.0000 0.0000 992.7073
2022 9 11 6 4.7200 396.1600 0.8000 4.7200 0.0000 61.5915 66.0472 2.5453 0.1498  1008.3437 0.0000 0.0000 0.0000 0.0000 1008.3437
2022 9 11 7 4.7200 413.7900 0.8000 4.7200 0.0000 61.5905 66.0462 2.5453 0.1498  1053.1991 0.0000 0.0000 0.0000 0.0000 1053.1991
2022 9 11 8 4.7200 414.6400 0.8000 4.7200 0.0000 61.5894 66.0451 2.5452 0.1498  1055.3443 0.0000 0.0000 0.0000 0.0000 1055.3443
2022 9 11 9 4.7200 400.5900 0.8000 4.7200 0.0000 61.5884 66.0440 2.5452 0.1498  1019.5666 0.0000 0.0000 0.0000 0.0000 1019.5666
2022 9 11 10 4.7200 391.8700 0.8000 4.7200 0.0000 61.5873 66.0430 2.5451 0.1498  997.3557 0.0000 0.0000 0.0000 0.0000 997.3557
2022 9 11 11 4.7200 371.2000 0.8000 4.7200 0.0000 61.5862 66.0419 2.5451 0.1498  944.7319 0.0000 0.0000 0.0000 0.0000 944.7319
2022 9 11 12 4.7200 344.8200 0.8000 4.7200 0.0000 61.5852 66.0409 2.5450 0.1498  877.5777 0.0000 0.0000 0.0000 0.0000 877.5777
2022 9 11 13 4.7200 284.3200 0.8000 4.7200 0.0000 61.5841 66.0398 2.5450 0.1498  723.5908 0.0000 0.0000 0.0000 0.0000 723.5908
2022 9 11 14 4.7200 306.2400 0.8000 4.7200 0.0000 61.5831 66.0387 2.5449 0.1498  779.3634 0.0000 0.0000 0.0000 0.0000 779.3634
2022 9 11 15 4.7200 376.2900 0.8000 4.7200 0.0000 61.5820 66.0377 2.5449 0.1498  957.6202 0.0000 0.0000 0.0000 0.0000 957.6202
2022 9 11 16 4.7200 426.0100 0.8000 4.7200 0.0000 61.5809 66.0366 2.5449 0.1498  1084.1339 0.0000 0.0000 0.0000 0.0000 1084.1339
2022 9 11 17 4.7200 465.2000 0.8000 4.7200 0.0000 61.5799 66.0355 2.5448 0.1498  1183.8464 0.0000 0.0000 0.0000 0.0000 1183.8464
2022 9 11 18 4.7200 493.3800 0.8000 4.7200 0.0000 61.5788 66.0345 2.5448 0.1498  1255.5374 0.0000 0.0000 0.0000 0.0000 1255.5374
2022 9 11 19 4.7200 504.5400 0.8000 4.7200 0.0000 61.5777 66.0334 2.5447 0.1498  1283.9149 0.0000 0.0000 0.0000 0.0000 1283.9149
2022 9 11 20 4.7200 484.5300 0.8000 4.7200 0.0000 61.5767 66.0324 2.5447 0.1498  1232.9736 0.0000 0.0000 0.0000 0.0000 1232.9736
2022 9 11 21 4.7200 450.8800 0.8000 4.7200 0.0000 61.5756 66.0313 2.5446 0.1498  1147.3253 0.0000 0.0000 0.0000 0.0000 1147.3253
2022 9 11 22 4.7200 403.6900 0.8000 4.7200 0.0000 61.5745 66.0302 2.5446 0.1498  1027.2262 0.0000 0.0000 0.0000 0.0000 1027.2262
2022 9 11 23 4.7200 357.1600 0.8000 4.7200 0.0000 61.5735 66.0292 2.5445 0.1497  908.8105 0.0000 0.0000 0.0000 0.0000 908.8105
2022 9 12 0 4.7200 365.7900 0.8000 4.7200 0.0000 61.5724 66.0281 2.5445 0.1497  930.7537 0.0000 0.0000 0.0000 0.0000 930.7537
2022 9 12 1 4.7200 365.2900 0.8000 4.7200 0.0000 61.5713 66.0270 2.5445 0.1497  929.4653 0.0000 0.0000 0.0000 0.0000 929.4653
2022 9 12 2 4.7200 360.0400 0.8000 4.7200 0.0000 61.5703 66.0259 2.5444 0.1497  916.0909 0.0000 0.0000 0.0000 0.0000 916.0909
2022 9 12 3 4.7200 363.6300 0.8000 4.7200 0.0000 61.5692 66.0249 2.5444 0.1497  925.2093 0.0000 0.0000 0.0000 0.0000 925.2093
2022 9 12 4 4.7200 401.1500 0.8000 4.7200 0.0000 61.5681 66.0238 2.5443 0.1497  1020.6562 0.0000 0.0000 0.0000 0.0000 1020.6562
2022 9 12 5 4.7200 454.5300 0.8000 4.7200 0.0000 61.5670 66.0227 2.5443 0.1497  1156.4522 0.0000 0.0000 0.0000 0.0000 1156.4522
2022 9 12 6 4.7200 486.6800 0.8000 4.7200 0.0000 61.5660 66.0216 2.5442 0.1497  1238.2293 0.0000 0.0000 0.0000 0.0000 1238.2293
2022 9 12 7 4.7200 489.8100 0.8000 4.7200 0.0000 61.5649 66.0206 2.5442 0.1497  1246.1710 0.0000 0.0000 0.0000 0.0000 1246.1710
2022 9 12 8 4.7200 458.5800 0.8000 4.7200 0.0000 61.5638 66.0195 2.5441 0.1497  1166.6955 0.0000 0.0000 0.0000 0.0000 1166.6955
2022 9 12 9 4.7200 417.6200 0.8000 4.7200 0.0000 61.5627 66.0184 2.5441 0.1497  1062.4685 0.0000 0.0000 0.0000 0.0000 1062.4685
2022 9 12 10 4.7200 370.5200 0.8000 4.7200 0.0000 61.5617 66.0173 2.5441 0.1497  942.6247 0.0000 0.0000 0.0000 0.0000 942.6247
2022 9 12 11 4.7200 362.2600 0.8000 4.7200 0.0000 61.5606 66.0163 2.5440 0.1497  921.5946 0.0000 0.0000 0.0000 0.0000 921.5946
2022 9 12 12 4.7200 339.4700 0.8000 4.7200 0.0000 61.5595 66.0152 2.5440 0.1497  863.6014 0.0000 0.0000 0.0000 0.0000 863.6014
2022 9 12 13 4.7200 347.4200 0.8000 4.7200 0.0000 61.5584 66.0141 2.5439 0.1497  883.8106 0.0000 0.0000 0.0000 0.0000 883.8106
2022 9 12 14 4.7200 354.9400 0.8000 4.7200 0.0000 61.5574 66.0130 2.5439 0.1497  902.9252 0.0000 0.0000 0.0000 0.0000 902.9252
2022 9 12 15 4.7200 407.2800 0.8000 4.7200 0.0000 61.5563 66.0120 2.5438 0.1497  1036.0541 0.0000 0.0000 0.0000 0.0000 1036.0541
2022 9 12 16 4.7200 457.5900 0.8000 4.7200 0.0000 61.5552 66.0109 2.5438 0.1497  1164.0147 0.0000 0.0000 0.0000 0.0000 1164.0147
2022 9 12 17 4.7200 490.3000 0.8000 4.7200 0.0000 61.5542 66.0099 2.5438 0.1497  1247.2011 0.0000 0.0000 0.0000 0.0000 1247.2011
2022 9 12 18 4.7200 495.5800 0.8000 4.7200 0.0000 61.5532 66.0089 2.5437 0.1497  1260.6112 0.0000 0.0000 0.0000 0.0000 1260.6112
2022 9 12 19 4.7200 486.8400 0.8000 4.7200 0.0000 61.5522 66.0079 2.5437 0.1497  1238.3602 0.0000 0.0000 0.0000 0.0000 1238.3602
2022 9 12 20 4.7200 449.5400 0.8000 4.7200 0.0000 61.5516 66.0073 2.5436 0.1497  1143.4699 0.0000 0.0000 0.0000 0.0000 1143.4699
2022 9 12 21 4.7200 375.1400 0.8000 4.7200 0.0000 61.5516 66.0073 2.5436 0.1497  954.2227 0.0000 0.0000 0.0000 0.0000 954.2227
2022 9 12 22 4.7200 341.6700 0.8000 4.7200 0.0000 61.5521 66.0078 2.5437 0.1497  869.0937 0.0000 0.0000 0.0000 0.0000 869.0937
2022 9 12 23 4.7200 349.1800 0.8000 4.7200 0.0000 61.5528 66.0085 2.5437 0.1497  888.2066 0.0000 0.0000 0.0000 0.0000 888.2066
2022 9 13 0 4.7200 302.8800 0.8000 4.7200 0.0000 61.5536 66.0092 2.5437 0.1497  770.4432 0.0000 0.0000 0.0000 0.0000 770.4432
2022 9 13 1 4.7200 289.9200 0.8000 4.7200 0.0000 61.5543 66.0100 2.5438 0.1497  737.4855 0.0000 0.0000 0.0000 0.0000 737.4855
2022 9 13 2 4.7200 303.0000 0.8000 4.7200 0.0000 61.5550 66.0107 2.5438 0.1497  770.7663 0.0000 0.0000 0.0000 0.0000 770.7663
2022 9 13 3 4.7200 311.0300 0.8000 4.7200 0.0000 61.5556 66.0113 2.5438 0.1497  791.2005 0.0000 0.0000 0.0000 0.0000 791.2005
2022 9 13 4 4.7200 308.9200 0.8000 4.7200 0.0000 61.5561 66.0118 2.5438 0.1497  785.8399 0.0000 0.0000 0.0000 0.0000 785.8399
2022 9 13 5 4.7200 394.8500 0.8000 4.7200 0.0000 61.5566 66.0123 2.5438 0.1497  1004.4390 0.0000 0.0000 0.0000 0.0000 1004.4390
2022 9 13 6 4.7200 444.2200 0.8000 4.7200 0.0000 61.5570 66.0127 2.5439 0.1497  1130.0371 0.0000 0.0000 0.0000 0.0000 1130.0371
2022 9 13 7 4.7200 454.6600 0.8000 4.7200 0.0000 61.5575 66.0132 2.5439 0.1497  1156.6034 0.0000 0.0000 0.0000 0.0000 1156.6034
2022 9 13 8 4.7200 445.1700 0.8000 4.7200 0.0000 61.5579 66.0136 2.5439 0.1497  1132.4701 0.0000 0.0000 0.0000 0.0000 1132.4701
2022 9 13 9 4.7200 434.5700 0.8000 4.7200 0.0000 61.5584 66.0140 2.5439 0.1497  1105.5126 0.0000 0.0000 0.0000 0.0000 1105.5126
2022 9 13 10 4.7200 442.0500 0.8000 4.7200 0.0000 61.5588 66.0145 2.5439 0.1497  1124.5492 0.0000 0.0000 0.0000 0.0000 1124.5492
2022 9 13 11 4.7200 345.7200 0.8000 4.7200 0.0000 61.5592 66.0149 2.5440 0.1497  879.4976 0.0000 0.0000 0.0000 0.0000 879.4976
2022 9 13 12 4.7200 334.8100 0.8000 4.7200 0.0000 61.5597 66.0153 2.5440 0.1497  851.7487 0.0000 0.0000 0.0000 0.0000 851.7487
2022 9 13 13 4.7200 340.6700 0.8000 4.7200 0.0000 61.5600 66.0157 2.5440 0.1497  866.6619 0.0000 0.0000 0.0000 0.0000 866.6619
2022 9 13 14 4.7200 354.9900 0.8000 4.7200 0.0000 61.5604 66.0161 2.5440 0.1497  903.0970 0.0000 0.0000 0.0000 0.0000 903.0970
2022 9 13 15 4.7200 372.5300 0.8000 4.7200 0.0000 61.5607 66.0164 2.5440 0.1497  947.7239 0.0000 0.0000 0.0000 0.0000 947.7239
2022 9 13 16 4.7200 414.6100 0.8000 4.7200 0.0000 61.5610 66.0167 2.5440 0.1497  1054.7811 0.0000 0.0000 0.0000 0.0000 1054.7811
2022 9 13 17 4.7200 449.3400 0.8000 4.7200 0.0000 61.5612 66.0169 2.5440 0.1497  1143.1397 0.0000 0.0000 0.0000 0.0000 1143.1397
2022 9 13 18 4.7200 468.8000 0.8000 4.7200 0.0000 61.5614 66.0171 2.5440 0.1497  1192.6504 0.0000 0.0000 0.0000 0.0000 1192.6504
2022 9 13 19 4.7200 465.7900 0.8000 4.7200 0.0000 61.5616 66.0173 2.5441 0.1497  1184.9958 0.0000 0.0000 0.0000 0.0000 1184.9958
2022 9 13 20 4.7200 425.4300 0.8000 4.7200 0.0000 61.5617 66.0174 2.5441 0.1497  1082.3198 0.0000 0.0000 0.0000 0.0000 1082.3198
2022 9 13 21 4.7200 388.8200 0.8000 4.7200 0.0000 61.5618 66.0175 2.5441 0.1497  989.1831 0.0000 0.0000 0.0000 0.0000 989.1831
2022 9 13 22 4.7200 333.2800 0.8000 4.7200 0.0000 61.5618 66.0175 2.5441 0.1497  847.8865 0.0000 0.0000 0.0000 0.0000 847.8865
2022 9 13 23 4.7200 355.7400 0.8000 4.7200 0.0000 61.5619 66.0175 2.5441 0.1497  905.0265 0.0000 0.0000 0.0000 0.0000 905.0265
2022 9 14 0 4.7200 319.5800 0.8000 4.7200 0.0000 61.5619 66.0175 2.5441 0.1497  813.0329 0.0000 0.0000 0.0000 0.0000 813.0329
2022 9 14 1 4.7200 329.7100 0.8000 4.7200 0.0000 61.5618 66.0175 2.5441 0.1497  838.8040 0.0000 0.0000 0.0000 0.0000 838.8040
2022 9 14 2 4.7200 325.5600 0.8000 4.7200 0.0000 61.5618 66.0175 2.5441 0.1497  828.2454 0.0000 0.0000 0.0000 0.0000 828.2454
2022 9 14 3 4.7200 337.0300 0.8000 4.7200 0.0000 61.5617 66.0174 2.5441 0.1497  857.4246 0.0000 0.0000 0.0000 0.0000 857.4246
2022 9 14 4 4.7200 363.8700 0.8000 4.7200 0.0000 61.5616 66.0173 2.5441 0.1497  925.7056 0.0000 0.0000 0.0000 0.0000 925.7056
2022 9 14 5 4.7200 413.8000 0.8000 4.7200 0.0000 61.5615 66.0171 2.5441 0.1497  1052.7280 0.0000 0.0000 0.0000 0.0000 1052.7280
2022 9 14 6 4.7200 460.5400 0.8000 4.7200 0.0000 61.5613 66.0170 2.5440 0.1497  1171.6342 0.0000 0.0000 0.0000 0.0000 1171.6342
2022 9 14 7 4.7200 478.9300 0.8000 4.7200 0.0000 61.5611 66.0168 2.5440 0.1497  1218.4159 0.0000 0.0000 0.0000 0.0000 1218.4159
2022 9 14 8 4.7200 486.6400 0.8000 4.7200 0.0000 61.5610 66.0166 2.5440 0.1497  1238.0269 0.0000 0.0000 0.0000 0.0000 1238.0269
2022 9 14 9 4.7200 478.5400 0.8000 4.7200 0.0000 61.5608 66.0165 2.5440 0.1497  1217.4165 0.0000 0.0000 0.0000 0.0000 1217.4165
2022 9 14 10 4.7200 476.0000 0.8000 4.7200 0.0000 61.5606 66.0162 2.5440 0.1497  1210.9506 0.0000 0.0000 0.0000 0.0000 1210.9506
2022 9 14 11 4.7200 460.8700 0.8000 4.7200 0.0000 61.5603 66.0160 2.5440 0.1497  1172.4554 0.0000 0.0000 0.0000 0.0000 1172.4554
2022 9 14 12 4.7200 450.3700 0.8000 4.7200 0.0000 61.5601 66.0158 2.5440 0.1497  1145.7390 0.0000 0.0000 0.0000 0.0000 1145.7390
2022 9 14 13 4.7200 422.0900 0.8000 4.7200 0.0000 61.5599 66.0155 2.5440 0.1497  1073.7906 0.0000 0.0000 0.0000 0.0000 1073.7906
2022 9 14 14 4.7200 440.4100 0.8000 4.7200 0.0000 61.5596 66.0153 2.5440 0.1497  1120.3918 0.0000 0.0000 0.0000 0.0000 1120.3918
2022 9 14 15 4.7200 447.2400 0.8000 4.7200 0.0000 61.5593 66.0150 2.5440 0.1497  1137.7621 0.0000 0.0000 0.0000 0.0000 1137.7621
2022 9 14 16 4.7200 461.9100 0.8000 4.7200 0.0000 61.5591 66.0147 2.5440 0.1497  1175.0766 0.0000 0.0000 0.0000 0.0000 1175.0766
2022 9 14 17 4.7200 466.8800 0.8000 4.7200 0.0000 61.5588 66.0144 2.5439 0.1497  1187.7144 0.0000 0.0000 0.0000 0.0000 1187.7144
2022 9 14 18 4.7200 474.3900 0.8000 4.7200 0.0000 61.5585 66.0141 2.5439 0.1497  1206.8135 0.0000 0.0000 0.0000 0.0000 1206.8135
2022 9 14 19 4.7200 474.1500 0.8000 4.7200 0.0000 61.5582 66.0138 2.5439 0.1497  1206.1968 0.0000 0.0000 0.0000 0.0000 1206.1968
2022 9 14 20 4.7200 460.8100 0.8000 4.7200 0.0000 61.5578 66.0135 2.5439 0.1497  1172.2548 0.0000 0.0000 0.0000 0.0000 1172.2548
2022 9 14 21 4.7200 419.9700 0.8000 4.7200 0.0000 61.5575 66.0132 2.5439 0.1497  1068.3561 0.0000 0.0000 0.0000 0.0000 1068.3561
2022 9 14 22 4.7200 355.9400 0.8000 4.7200 0.0000 61.5571 66.0128 2.5439 0.1497  905.4660 0.0000 0.0000 0.0000 0.0000 905.4660
2022 9 14 23 4.7200 406.7400 0.8000 4.7200 0.0000 61.5568 66.0125 2.5439 0.1497  1034.6887 0.0000 0.0000 0.0000 0.0000 1034.6887
2022 9 15 0 4.7200 353.2000 0.8000 4.7200 0.0000 61.5564 66.0121 2.5438 0.1497  898.4854 0.0000 0.0000 0.0000 0.0000 898.4854
2022 9 15 1 4.7200 330.0700 0.8000 4.7200 0.0000 61.5561 66.0118 2.5438 0.1497  839.6414 0.0000 0.0000 0.0000 0.0000 839.6414
2022 9 15 2 4.7200 314.7200 0.8000 4.7200 0.0000 61.5557 66.0114 2.5438 0.1497  800.5888 0.0000 0.0000 0.0000 0.0000 800.5888
2022 9 15 3 4.7200 283.5700 0.8000 4.7200 0.0000 61.5553 66.0110 2.5438 0.1497  721.3446 0.0000 0.0000 0.0000 0.0000 721.3446
2022 9 15 4 4.7200 381.1500 0.8000 4.7200 0.0000 61.5549 66.0106 2.5438 0.1497  969.5622 0.0000 0.0000 0.0000 0.0000 969.5622
2022 9 15 5 4.7200 396.4000 0.8000 4.7200 0.0000 61.5545 66.0102 2.5438 0.1497  1008.3484 0.0000 0.0000 0.0000 0.0000 1008.3484
2022 9 15 6 4.7200 430.1700 0.8000 4.7200 0.0000 61.5541 66.0098 2.5437 0.1497  1094.2443 0.0000 0.0000 0.0000 0.0000 1094.2443
2022 9 15 7 4.7200 431.7700 0.8000 4.7200 0.0000 61.5537 66.0094 2.5437 0.1497  1098.3070 0.0000 0.0000 0.0000 0.0000 1098.3070
2022 9 15 8 4.7200 433.2200 0.8000 4.7200 0.0000 61.5533 66.0090 2.5437 0.1497  1101.9880 0.0000 0.0000 0.0000 0.0000 1101.9880
2022 9 15 9 4.7200 411.8400 0.8000 4.7200 0.0000 61.5529 66.0086 2.5437 0.1497  1047.5962 0.0000 0.0000 0.0000 0.0000 1047.5962
2022 9 15 10 4.7200 388.5700 0.8000 4.7200 0.0000 61.5525 66.0082 2.5437 0.1497  988.3976 0.0000 0.0000 0.0000 0.0000 988.3976
2022 9 15 11 4.7200 344.9700 0.8000 4.7200 0.0000 61.5520 66.0077 2.5437 0.1497  877.4870 0.0000 0.0000 0.0000 0.0000 877.4870
2022 9 15 12 4.7200 315.3800 0.8000 4.7200 0.0000 61.5516 66.0073 2.5436 0.1497  802.2144 0.0000 0.0000 0.0000 0.0000 802.2144
2022 9 15 13 4.7200 309.6800 0.8000 4.7200 0.0000 61.5512 66.0069 2.5436 0.1497  787.7100 0.0000 0.0000 0.0000 0.0000 787.7100
2022 9 15 14 4.7200 271.9200 0.8000 4.7200 0.0000 61.5507 66.0064 2.5436 0.1497  691.6577 0.0000 0.0000 0.0000 0.0000 691.6577
2022 9 15 15 4.7200 302.7300 0.8000 4.7200 0.0000 61.5503 66.0060 2.5436 0.1497  770.0206 0.0000 0.0000 0.0000 0.0000 770.0206
2022 9 15 16 4.7200 364.8600 0.8000 4.7200 0.0000 61.5498 66.0055 2.5436 0.1497  928.0469 0.0000 0.0000 0.0000 0.0000 928.0469
2022 9 15 17 4.7200 414.9600 0.8000 4.7200 0.0000 61.5494 66.0050 2.5436 0.1497  1055.4718 0.0000 0.0000 0.0000 0.0000 1055.4718
2022 9 15 18 4.7200 422.8400 0.8000 4.7200 0.0000 61.5489 66.0046 2.5435 0.1497  1075.5067 0.0000 0.0000 0.0000 0.0000 1075.5067
2022 9 15 19 4.7200 428.2900 0.8000 4.7200 0.0000 61.5484 66.0041 2.5435 0.1497  1089.3605 0.0000 0.0000 0.0000 0.0000 1089.3605
2022 9 15 20 4.7200 397.2500 0.8000 4.7200 0.0000 61.5479 66.0036 2.5435 0.1497  1010.4018 0.0000 0.0000 0.0000 0.0000 1010.4018
2022 9 15 21 4.7200 356.7900 0.8000 4.7200 0.0000 61.5474 66.0031 2.5435 0.1497  907.4849 0.0000 0.0000 0.0000 0.0000 907.4849
2022 9 15 22 4.7200 264.9100 0.8000 4.7200 0.0000 61.5469 66.0026 2.5434 0.1497  673.7852 0.0000 0.0000 0.0000 0.0000 673.7852
2022 9 15 23 4.7200 190.4700 0.8000 4.7200 0.0000 61.5464 66.0021 2.5434 0.1497  484.4468 0.0000 0.0000 0.0000 0.0000 484.4468
2022 9 16 0 4.7200 170.7800 0.8000 4.7200 0.0000 61.5459 66.0016 2.5434 0.1497  434.3630 0.0000 0.0000 0.0000 0.0000 434.3630
2022 9 16 1 4.7200 228.1700 0.8000 4.7200 0.0000 61.5453 66.0010 2.5434 0.1497  580.3241 0.0000 0.0000 0.0000 0.0000 580.3241
2022 9 16 2 4.7200 181.9800 0.8000 4.7200 0.0000 61.5448 66.0005 2.5434 0.1497  462.8412 0.0000 0.0000 0.0000 0.0000 462.8412
2022 9 16 3 4.7200 148.7300 0.8000 4.7200 0.0000 61.5443 66.0000 2.5433 0.1497  378.2710 0.0000 0.0000 0.0000 0.0000 378.2710
2022 9 16 4 4.7200 220.6300 0.8000 4.7200 0.0000 61.5437 65.9994 2.5433 0.1497  561.1323 0.0000 0.0000 0.0000 0.0000 561.1323
2022 9 16 5 4.7200 369.3600 0.8000 4.7200 0.0000 61.5432 65.9989 2.5433 0.1497  939.3915 0.0000 0.0000 0.0000 0.0000 939.3915
2022 9 16 6 4.7200 424.4300 0.8000 4.7200 0.0000 61.5426 65.9983 2.5433 0.1497  1079.4410 0.0000 0.0000 0.0000 0.0000 1079.4410
2022 9 16 7 4.7200 418.4700 0.8000 4.7200 0.0000 61.5421 65.9977 2.5432 0.1497  1064.2734 0.0000 0.0000 0.0000 0.0000 1064.2734
2022 9 16 8 4.7200 405.9100 0.8000 4.7200 0.0000 61.5415 65.9972 2.5432 0.1497  1032.3208 0.0000 0.0000 0.0000 0.0000 1032.3208
2022 9 16 9 4.7200 408.1000 0.8000 4.7200 0.0000 61.5409 65.9966 2.5432 0.1497  1037.8807 0.0000 0.0000 0.0000 0.0000 1037.8807
2022 9 16 10 4.7200 406.6700 0.8000 4.7200 0.0000 61.5403 65.9960 2.5432 0.1497  1034.2342 0.0000 0.0000 0.0000 0.0000 1034.2342
2022 9 16 11 4.7200 411.1900 0.8000 4.7200 0.0000 61.5398 65.9954 2.5432 0.1497  1045.7193 0.0000 0.0000 0.0000 0.0000 1045.7193
2022 9 16 12 4.7200 409.4500 0.8000 4.7200 0.0000 61.5392 65.9948 2.5431 0.1497  1041.2843 0.0000 0.0000 0.0000 0.0000 1041.2843
2022 9 16 13 4.7200 409.3200 0.8000 4.7200 0.0000 61.5386 65.9942 2.5431 0.1497  1040.9435 0.0000 0.0000 0.0000 0.0000 1040.9435
2022 9 16 14 4.7200 408.1100 0.8000 4.7200 0.0000 61.5380 65.9936 2.5431 0.1497  1037.8560 0.0000 0.0000 0.0000 0.0000 1037.8560
2022 9 16 15 4.7200 404.2600 0.8000 4.7200 0.0000 61.5373 65.9930 2.5431 0.1497  1028.0549 0.0000 0.0000 0.0000 0.0000 1028.0549
2022 9 16 16 4.7200 266.5500 0.8000 4.7200 0.0000 61.5367 65.9924 2.5430 0.1497  677.8441 0.0000 0.0000 0.0000 0.0000 677.8441
2022 9 16 17 4.7200 327.2600 0.8000 4.7200 0.0000 61.5361 65.9918 2.5430 0.1497  832.2229 0.0000 0.0000 0.0000 0.0000 832.2229
2022 9 16 18 4.7200 379.6100 0.8000 4.7200 0.0000 61.5355 65.9911 2.5430 0.1497  965.3391 0.0000 0.0000 0.0000 0.0000 965.3391
2022 9 16 19 4.7200 365.0900 0.8000 4.7200 0.0000 61.5348 65.9905 2.5429 0.1497  928.4056 0.0000 0.0000 0.0000 0.0000 928.4056
2022 9 16 20 4.7200 235.6200 0.8000 4.7200 0.0000 61.5342 65.9899 2.5429 0.1497  599.1636 0.0000 0.0000 0.0000 0.0000 599.1636
2022 9 16 21 4.7200 276.7700 0.8000 4.7200 0.0000 61.5335 65.9892 2.5429 0.1497  703.7976 0.0000 0.0000 0.0000 0.0000 703.7976
2022 9 16 22 4.7200 237.2900 0.8000 4.7200 0.0000 61.5329 65.9886 2.5429 0.1497  603.3976 0.0000 0.0000 0.0000 0.0000 603.3976
2022 9 16 23 4.7200 391.6600 0.8000 4.7200 0.0000 61.5322 65.9879 2.5428 0.1496  995.9298 0.0000 0.0000 0.0000 0.0000 995.9298
2022 9 17 0 4.7200 365.8200 0.8000 4.7200 0.0000 61.5316 65.9872 2.5428 0.1496  930.2127 0.0000 0.0000 0.0000 0.0000 930.2127
2022 9 17 1 4.7200 247.5600 0.8000 4.7200 0.0000 61.5309 65.9866 2.5428 0.1496  629.4925 0.0000 0.0000 0.0000 0.0000 629.4925
2022 9 17 2 4.7200 245.9400 0.8000 4.7200 0.0000 61.5302 65.9859 2.5428 0.1496  625.3663 0.0000 0.0000 0.0000 0.0000 625.3663
2022 9 17 3 4.7200 245.1300 0.8000 4.7200 0.0000 61.5295 65.9852 2.5427 0.1496  623.2998 0.0000 0.0000 0.0000 0.0000 623.2998
2022 9 17 4 4.7200 199.1900 0.8000 4.7200 0.0000 61.5288 65.9845 2.5427 0.1496  506.4810 0.0000 0.0000 0.0000 0.0000 506.4810
2022 9 17 5 4.7200 86.6800 0.8000 4.7200 0.0000 61.5282 65.9838 2.5427 0.1496  220.3990 0.0000 0.0000 0.0000 0.0000 220.3990
2022 9 17 6 4.7200 250.7100 0.8000 4.7200 0.0000 61.5275 65.9831 2.5426 0.1496  637.4668 0.0000 0.0000 0.0000 0.0000 637.4668
2022 9 17 7 4.7200 235.5200 0.8000 4.7200 0.0000 61.5268 65.9824 2.5426 0.1496  598.8371 0.0000 0.0000 0.0000 0.0000 598.8371
2022 9 17 8 4.7200 390.9700 0.8000 4.7200 0.0000 61.5261 65.9817 2.5426 0.1496  994.0755 0.0000 0.0000 0.0000 0.0000 994.0755
2022 9 17 9 4.7200 396.4800 0.8000 4.7200 0.0000 61.5253 65.9810 2.5426 0.1496  1008.0736 0.0000 0.0000 0.0000 0.0000 1008.0736
2022 9 17 10 4.7200 389.6400 0.8000 4.7200 0.0000 61.5246 65.9803 2.5425 0.1496  990.6710 0.0000 0.0000 0.0000 0.0000 990.6710
2022 9 17 11 4.7200 390.5200 0.8000 4.7200 0.0000 61.5239 65.9796 2.5425 0.1496  992.8967 0.0000 0.0000 0.0000 0.0000 992.8967
2022 9 17 12 4.7200 234.7300 0.8000 4.7200 0.0000 61.5232 65.9789 2.5425 0.1496  596.7937 0.0000 0.0000 0.0000 0.0000 596.7937
2022 9 17 13 4.7200 187.4400 0.8000 4.7200 0.0000 61.5225 65.9781 2.5424 0.1496  476.5547 0.0000 0.0000 0.0000 0.0000 476.5547
2022 9 17 14 4.7200 192.7500 0.8000 4.7200 0.0000 61.5217 65.9774 2.5424 0.1496  490.0492 0.0000 0.0000 0.0000 0.0000 490.0492
2022 9 17 15 4.7200 37.0800 0.8000 4.7200 0.0000 61.5210 65.9767 2.5424 0.1496  94.2714 0.0000 0.0000 0.0000 0.0000 94.2714
2022 9 17 16 4.7200 70.3200 0.8000 4.7200 0.0000 61.5202 65.9759 2.5423 0.1496  178.7778 0.0000 0.0000 0.0000 0.0000 178.7778
2022 9 17 17 4.7200 240.0200 0.8000 4.7200 0.0000 61.5195 65.9752 2.5423 0.1496  610.2067 0.0000 0.0000 0.0000 0.0000 610.2067
2022 9 17 18 4.7200 229.7500 0.8000 4.7200 0.0000 61.5187 65.9744 2.5423 0.1496  584.0898 0.0000 0.0000 0.0000 0.0000 584.0898
2022 9 17 19 4.7200 343.6700 0.8000 4.7200 0.0000 61.5180 65.9736 2.5423 0.1496  873.6960 0.0000 0.0000 0.0000 0.0000 873.6960
2022 9 17 20 4.7200 398.4700 0.8000 4.7200 0.0000 61.5172 65.9729 2.5422 0.1496  1012.9988 0.0000 0.0000 0.0000 0.0000 1012.9988
2022 9 17 21 4.7200 250.8600 0.8000 4.7200 0.0000 61.5164 65.9721 2.5422 0.1496  637.7335 0.0000 0.0000 0.0000 0.0000 637.7335
2022 9 17 22 4.7200 269.7300 0.8000 4.7200 0.0000 61.5156 65.9713 2.5422 0.1496  685.6959 0.0000 0.0000 0.0000 0.0000 685.6959
2022 9 17 23 4.7200 28.1300 0.8000 4.7200 0.0000 61.5148 65.9705 2.5421 0.1496  71.5099 0.0000 0.0000 0.0000 0.0000 71.5099
2022 9 18 0 4.7200 28.5400 0.8000 4.7200 0.0000 61.5140 65.9697 2.5421 0.1496  72.5513 0.0000 0.0000 0.0000 0.0000 72.5513
2022 9 18 1 4.7200 23.4000 0.8000 4.7200 0.0000 61.5132 65.9689 2.5421 0.1496  59.4842 0.0000 0.0000 0.0000 0.0000 59.4842
2022 9 18 2 4.7200 28.6500 0.8000 4.7200 0.0000 61.5124 65.9681 2.5420 0.1496  72.8290 0.0000 0.0000 0.0000 0.0000 72.8290
2022 9 18 3 4.7200 35.8800 0.8000 4.7200 0.0000 61.5116 65.9673 2.5420 0.1496  91.2067 0.0000 0.0000 0.0000 0.0000 91.2067
2022 9 18 4 4.7200 32.3500 0.8000 4.7200 0.0000 61.5108 65.9665 2.5420 0.1496  82.2323 0.0000 0.0000 0.0000 0.0000 82.2323
2022 9 18 5 4.7200 25.2300 0.8000 4.7200 0.0000 61.5100 65.9657 2.5419 0.1496  64.1328 0.0000 0.0000 0.0000 0.0000 64.1328
2022 9 18 6 4.7200 63.4600 0.8000 4.7200 0.0000 61.5092 65.9649 2.5419 0.1496  161.3085 0.0000 0.0000 0.0000 0.0000 161.3085
2022 9 18 7 4.7200 78.8100 0.8000 4.7200 0.0000 61.5084 65.9641 2.5419 0.1496  200.3239 0.0000 0.0000 0.0000 0.0000 200.3239
2022 9 18 8 4.7200 71.8100 0.8000 4.7200 0.0000 61.5076 65.9633 2.5418 0.1496  182.5284 0.0000 0.0000 0.0000 0.0000 182.5284
2022 9 18 9 4.7200 229.0200 0.8000 4.7200 0.0000 61.5068 65.9625 2.5418 0.1496  582.1210 0.0000 0.0000 0.0000 0.0000 582.1210
2022 9 18 10 4.7200 363.4200 0.8000 4.7200 0.0000 61.5060 65.9616 2.5418 0.1496  923.7254 0.0000 0.0000 0.0000 0.0000 923.7254
2022 9 18 11 4.7200 85.3300 0.8000 4.7200 0.0000 61.5051 65.9608 2.5417 0.1496  216.8852 0.0000 0.0000 0.0000 0.0000 216.8852
2022 9 18 12 4.7200 244.1100 0.8000 4.7200 0.0000 61.5043 65.9600 2.5417 0.1496  620.4515 0.0000 0.0000 0.0000 0.0000 620.4515
2022 9 18 13 4.7200 34.0000 0.8000 4.7200 0.0000 61.5035 65.9591 2.5417 0.1496  86.4162 0.0000 0.0000 0.0000 0.0000 86.4162
2022 9 18 14 4.7200 35.8900 0.8000 4.7200 0.0000 61.5026 65.9583 2.5416 0.1496  91.2187 0.0000 0.0000 0.0000 0.0000 91.2187
2022 9 18 15 4.7200 163.3000 0.8000 4.7200 0.0000 61.5018 65.9574 2.5416 0.1496  415.0407 0.0000 0.0000 0.0000 0.0000 415.0407
2022 9 18 16 4.7200 86.3800 0.8000 4.7200 0.0000 61.5009 65.9566 2.5415 0.1496  219.5390 0.0000 0.0000 0.0000 0.0000 219.5390
2022 9 18 17 4.7200 192.8800 0.8000 4.7200 0.0000 61.5001 65.9557 2.5415 0.1496  490.2072 0.0000 0.0000 0.0000 0.0000 490.2072
2022 9 18 18 4.7200 213.4000 0.8000 4.7200 0.0000 61.4992 65.9549 2.5415 0.1496  542.3515 0.0000 0.0000 0.0000 0.0000 542.3515
2022 9 18 19 4.7200 226.8900 0.8000 4.7200 0.0000 61.4984 65.9540 2.5414 0.1496  576.6280 0.0000 0.0000 0.0000 0.0000 576.6280
2022 9 18 20 4.7200 193.1400 0.8000 4.7200 0.0000 61.4975 65.9532 2.5414 0.1496  490.8474 0.0000 0.0000 0.0000 0.0000 490.8474
2022 9 18 21 4.7200 158.0000 0.8000 4.7200 0.0000 61.4966 65.9523 2.5414 0.1496  401.5367 0.0000 0.0000 0.0000 0.0000 401.5367
2022 9 18 22 4.7200 119.7200 0.8000 4.7200 0.0000 61.4958 65.9514 2.5413 0.1496  304.2487 0.0000 0.0000 0.0000 0.0000 304.2487
2022 9 18 23 4.7200 88.5900 0.8000 4.7200 0.0000 61.4949 65.9506 2.5413 0.1496  225.1337 0.0000 0.0000 0.0000 0.0000 225.1337
2022 9 19 0 4.7200 102.5400 0.8000 4.7200 0.0000 61.4940 65.9497 2.5413 0.1496  260.5811 0.0000 0.0000 0.0000 0.0000 260.5811
2022 9 19 1 4.7200 97.3700 0.8000 4.7200 0.0000 61.4931 65.9488 2.5412 0.1496  247.4392 0.0000 0.0000 0.0000 0.0000 247.4392
2022 9 19 2 4.7200 91.7800 0.8000 4.7200 0.0000 61.4922 65.9479 2.5412 0.1496  233.2304 0.0000 0.0000 0.0000 0.0000 233.2304
2022 9 19 3 4.7200 103.9200 0.8000 4.7200 0.0000 61.4913 65.9470 2.5412 0.1495  264.0766 0.0000 0.0000 0.0000 0.0000 264.0766
2022 9 19 4 4.7200 184.3000 0.8000 4.7200 0.0000 61.4904 65.9461 2.5411 0.1495  468.3276 0.0000 0.0000 0.0000 0.0000 468.3276
2022 9 19 5 4.7200 359.2200 0.8000 4.7200 0.0000 61.4895 65.9452 2.5411 0.1495  912.8062 0.0000 0.0000 0.0000 0.0000 912.8062
2022 9 19 6 4.7200 408.3800 0.8000 4.7200 0.0000 61.4886 65.9443 2.5410 0.1495  1037.7104 0.0000 0.0000 0.0000 0.0000 1037.7104
2022 9 19 7 4.7200 415.1800 0.8000 4.7200 0.0000 61.4877 65.9434 2.5410 0.1495  1054.9739 0.0000 0.0000 0.0000 0.0000 1054.9739
2022 9 19 8 4.7200 375.1800 0.8000 4.7200 0.0000 61.4868 65.9425 2.5410 0.1495  953.3198 0.0000 0.0000 0.0000 0.0000 953.3198
2022 9 19 9 4.7200 347.8600 0.8000 4.7200 0.0000 61.4859 65.9416 2.5409 0.1495  883.8875 0.0000 0.0000 0.0000 0.0000 883.8875
2022 9 19 10 4.7200 248.9800 0.8000 4.7200 0.0000 61.4850 65.9407 2.5409 0.1495  632.6311 0.0000 0.0000 0.0000 0.0000 632.6311
2022 9 19 11 4.7200 230.2800 0.8000 4.7200 0.0000 61.4841 65.9398 2.5409 0.1495  585.1078 0.0000 0.0000 0.0000 0.0000 585.1078
2022 9 19 12 4.7200 242.5600 0.8000 4.7200 0.0000 61.4832 65.9389 2.5408 0.1495  616.3004 0.0000 0.0000 0.0000 0.0000 616.3004
2022 9 19 13 4.7200 243.1200 0.8000 4.7200 0.0000 61.4823 65.9380 2.5408 0.1495  617.7141 0.0000 0.0000 0.0000 0.0000 617.7141
2022 9 19 14 4.7200 227.6600 0.8000 4.7200 0.0000 61.4814 65.9370 2.5407 0.1495  578.4251 0.0000 0.0000 0.0000 0.0000 578.4251
2022 9 19 15 4.7200 263.4200 0.8000 4.7200 0.0000 61.4805 65.9361 2.5407 0.1495  669.2721 0.0000 0.0000 0.0000 0.0000 669.2721
2022 9 19 16 4.7200 369.9000 0.8000 4.7200 0.0000 61.4795 65.9352 2.5407 0.1495  939.7922 0.0000 0.0000 0.0000 0.0000 939.7922
2022 9 19 17 4.7200 407.0800 0.8000 4.7200 0.0000 61.4786 65.9343 2.5406 0.1495  1034.2387 0.0000 0.0000 0.0000 0.0000 1034.2387
2022 9 19 18 4.7200 438.6700 0.8000 4.7200 0.0000 61.4777 65.9334 2.5406 0.1495  1114.4806 0.0000 0.0000 0.0000 0.0000 1114.4806
2022 9 19 19 4.7200 419.6500 0.8000 4.7200 0.0000 61.4768 65.9325 2.5406 0.1495  1066.1426 0.0000 0.0000 0.0000 0.0000 1066.1426
2022 9 19 20 4.7200 390.6100 0.8000 4.7200 0.0000 61.4759 65.9316 2.5405 0.1495  992.3501 0.0000 0.0000 0.0000 0.0000 992.3501
2022 9 19 21 4.7200 362.1600 0.8000 4.7200 0.0000 61.4750 65.9306 2.5405 0.1495  920.0587 0.0000 0.0000 0.0000 0.0000 920.0587
2022 9 19 22 4.7200 312.9200 0.8000 4.7200 0.0000 61.4740 65.9297 2.5404 0.1495  794.9537 0.0000 0.0000 0.0000 0.0000 794.9537
2022 9 19 23 4.7200 277.2800 0.8000 4.7200 0.0000 61.4731 65.9288 2.5404 0.1495  704.4018 0.0000 0.0000 0.0000 0.0000 704.4018
2022 9 20 0 4.7200 274.9500 0.8000 4.7200 0.0000 61.4722 65.9278 2.5404 0.1495  698.4722 0.0000 0.0000 0.0000 0.0000 698.4722
2022 9 20 1 4.7200 291.1200 0.8000 4.7200 0.0000 61.4712 65.9269 2.5403 0.1495  739.5386 0.0000 0.0000 0.0000 0.0000 739.5386
2022 9 20 2 4.7200 278.0300 0.8000 4.7200 0.0000 61.4703 65.9260 2.5403 0.1495  706.2751 0.0000 0.0000 0.0000 0.0000 706.2751
2022 9 20 3 4.7200 275.5200 0.8000 4.7200 0.0000 61.4694 65.9251 2.5402 0.1495  699.8883 0.0000 0.0000 0.0000 0.0000 699.8883
2022 9 20 4 4.7200 310.0400 0.8000 4.7200 0.0000 61.4684 65.9241 2.5402 0.1495  787.5656 0.0000 0.0000 0.0000 0.0000 787.5656
2022 9 20 5 4.7200 368.4200 0.8000 4.7200 0.0000 61.4675 65.9232 2.5402 0.1495  935.8487 0.0000 0.0000 0.0000 0.0000 935.8487
2022 9 20 6 4.7200 421.1600 0.8000 4.7200 0.0000 61.4666 65.9222 2.5401 0.1495  1069.8008 0.0000 0.0000 0.0000 0.0000 1069.8008
2022 9 20 7 4.7200 438.4000 0.8000 4.7200 0.0000 61.4656 65.9213 2.5401 0.1495  1113.5756 0.0000 0.0000 0.0000 0.0000 1113.5756
2022 9 20 8 4.7200 422.8200 0.8000 4.7200 0.0000 61.4647 65.9204 2.5401 0.1495  1073.9846 0.0000 0.0000 0.0000 0.0000 1073.9846
2022 9 20 9 4.7200 389.4100 0.8000 4.7200 0.0000 61.4637 65.9194 2.5400 0.1495  989.1063 0.0000 0.0000 0.0000 0.0000 989.1063
2022 9 20 10 4.7200 374.1200 0.8000 4.7200 0.0000 61.4628 65.9185 2.5400 0.1495  950.2549 0.0000 0.0000 0.0000 0.0000 950.2549
2022 9 20 11 4.7200 375.1700 0.8000 4.7200 0.0000 61.4619 65.9175 2.5399 0.1495  952.9072 0.0000 0.0000 0.0000 0.0000 952.9072
2022 9 20 12 4.7200 375.1400 0.8000 4.7200 0.0000 61.4609 65.9166 2.5399 0.1495  952.8164 0.0000 0.0000 0.0000 0.0000 952.8164
2022 9 20 13 4.7200 373.0600 0.8000 4.7200 0.0000 61.4600 65.9156 2.5399 0.1495  947.5187 0.0000 0.0000 0.0000 0.0000 947.5187
2022 9 20 14 4.7200 374.0800 0.8000 4.7200 0.0000 61.4590 65.9147 2.5398 0.1495  950.0946 0.0000 0.0000 0.0000 0.0000 950.0946
2022 9 20 15 4.7200 379.6800 0.8000 4.7200 0.0000 61.4581 65.9137 2.5398 0.1495  964.3027 0.0000 0.0000 0.0000 0.0000 964.3027
2022 9 20 16 4.7200 422.5800 0.8000 4.7200 0.0000 61.4571 65.9128 2.5397 0.1495  1073.2425 0.0000 0.0000 0.0000 0.0000 1073.2425
2022 9 20 17 4.7200 466.5300 0.8000 4.7200 0.0000 61.4561 65.9118 2.5397 0.1495  1184.8456 0.0000 0.0000 0.0000 0.0000 1184.8456
2022 9 20 18 4.7200 498.0000 0.8000 4.7200 0.0000 61.4552 65.9109 2.5397 0.1495  1264.7503 0.0000 0.0000 0.0000 0.0000 1264.7503
2022 9 20 19 4.7200 492.6500 0.8000 4.7200 0.0000 61.4542 65.9099 2.5396 0.1495  1251.1437 0.0000 0.0000 0.0000 0.0000 1251.1437
2022 9 20 20 4.7200 430.6900 0.8000 4.7200 0.0000 61.4533 65.9090 2.5396 0.1495  1093.7719 0.0000 0.0000 0.0000 0.0000 1093.7719
2022 9 20 21 4.7200 398.4700 0.8000 4.7200 0.0000 61.4523 65.9080 2.5395 0.1495  1011.9309 0.0000 0.0000 0.0000 0.0000 1011.9309
2022 9 20 22 4.7200 363.1400 0.8000 4.7200 0.0000 61.4514 65.9070 2.5395 0.1495  922.1945 0.0000 0.0000 0.0000 0.0000 922.1945
2022 9 20 23 4.7200 346.4900 0.8000 4.7200 0.0000 61.4504 65.9061 2.5395 0.1495  879.8980 0.0000 0.0000 0.0000 0.0000 879.8980
2022 9 21 0 4.7200 317.5400 0.8000 4.7200 0.0000 61.4494 65.9051 2.5394 0.1494  806.3680 0.0000 0.0000 0.0000 0.0000 806.3680
2022 9 21 1 4.7200 316.8500 0.8000 4.7200 0.0000 61.4485 65.9042 2.5394 0.1494  804.6032 0.0000 0.0000 0.0000 0.0000 804.6032
2022 9 21 2 4.7200 316.8800 0.8000 4.7200 0.0000 61.4475 65.9032 2.5393 0.1494  804.6668 0.0000 0.0000 0.0000 0.0000 804.6668
2022 9 21 3 4.7200 315.1000 0.8000 4.7200 0.0000 61.4466 65.9022 2.5393 0.1494  800.1342 0.0000 0.0000 0.0000 0.0000 800.1342
2022 9 21 4 4.7200 368.5600 0.8000 4.7200 0.0000 61.4456 65.9013 2.5393 0.1494  935.8706 0.0000 0.0000 0.0000 0.0000 935.8706
2022 9 21 5 4.7200 428.0500 0.8000 4.7200 0.0000 61.4446 65.9003 2.5392 0.1494  1086.9143 0.0000 0.0000 0.0000 0.0000 1086.9143
2022 9 21 6 4.7200 501.9500 0.8000 4.7200 0.0000 61.4437 65.8993 2.5392 0.1494  1274.5428 0.0000 0.0000 0.0000 0.0000 1274.5428
2022 9 21 7 4.7200 513.4500 0.8000 4.7200 0.0000 61.4427 65.8984 2.5391 0.1494  1303.7228 0.0000 0.0000 0.0000 0.0000 1303.7228
2022 9 21 8 4.7200 438.6700 0.8000 4.7200 0.0000 61.4417 65.8974 2.5391 0.1494  1113.8281 0.0000 0.0000 0.0000 0.0000 1113.8281
2022 9 21 9 4.7200 379.6200 0.8000 4.7200 0.0000 61.4408 65.8964 2.5391 0.1494  963.8789 0.0000 0.0000 0.0000 0.0000 963.8789
2022 9 21 10 4.7200 340.9000 0.8000 4.7200 0.0000 61.4398 65.8955 2.5390 0.1494  865.5527 0.0000 0.0000 0.0000 0.0000 865.5527
2022 9 21 11 4.7200 316.2600 0.8000 4.7200 0.0000 61.4388 65.8945 2.5390 0.1494  802.9785 0.0000 0.0000 0.0000 0.0000 802.9785
2022 9 21 12 4.7200 320.3800 0.8000 4.7200 0.0000 61.4378 65.8935 2.5389 0.1494  813.4262 0.0000 0.0000 0.0000 0.0000 813.4262
2022 9 21 13 4.7200 330.0600 0.8000 4.7200 0.0000 61.4369 65.8925 2.5389 0.1494  837.9898 0.0000 0.0000 0.0000 0.0000 837.9898
2022 9 21 14 4.7200 359.5200 0.8000 4.7200 0.0000 61.4359 65.8916 2.5389 0.1494  912.7713 0.0000 0.0000 0.0000 0.0000 912.7713
2022 9 21 15 4.7200 393.8200 0.8000 4.7200 0.0000 61.4349 65.8906 2.5388 0.1494  999.8383 0.0000 0.0000 0.0000 0.0000 999.8383
2022 9 21 16 4.7200 417.7600 0.8000 4.7200 0.0000 61.4339 65.8896 2.5388 0.1494  1060.6008 0.0000 0.0000 0.0000 0.0000 1060.6008
2022 9 21 17 4.7200 467.7700 0.8000 4.7200 0.0000 61.4329 65.8886 2.5387 0.1494  1187.5462 0.0000 0.0000 0.0000 0.0000 1187.5462
2022 9 21 18 4.7200 484.9700 0.8000 4.7200 0.0000 61.4320 65.8876 2.5387 0.1494  1231.1930 0.0000 0.0000 0.0000 0.0000 1231.1930
2022 9 21 19 4.7200 457.3800 0.8000 4.7200 0.0000 61.4310 65.8867 2.5387 0.1494  1161.1318 0.0000 0.0000 0.0000 0.0000 1161.1318
2022 9 21 20 4.7200 413.8600 0.8000 4.7200 0.0000 61.4300 65.8857 2.5386 0.1494  1050.6326 0.0000 0.0000 0.0000 0.0000 1050.6326
2022 9 21 21 4.7200 378.9100 0.8000 4.7200 0.0000 61.4290 65.8847 2.5386 0.1494  961.8925 0.0000 0.0000 0.0000 0.0000 961.8925
2022 9 21 22 4.7200 369.5000 0.8000 4.7200 0.0000 61.4280 65.8837 2.5385 0.1494  937.9894 0.0000 0.0000 0.0000 0.0000 937.9894
2022 9 21 23 4.7200 384.0500 0.8000 4.7200 0.0000 61.4270 65.8827 2.5385 0.1494  974.9094 0.0000 0.0000 0.0000 0.0000 974.9094
2022 9 22 0 4.7200 358.8600 0.8000 4.7200 0.0000 61.4261 65.8817 2.5385 0.1494  910.9500 0.0000 0.0000 0.0000 0.0000 910.9500
2022 9 22 1 4.7200 348.9900 0.8000 4.7200 0.0000 61.4251 65.8808 2.5384 0.1494  885.8813 0.0000 0.0000 0.0000 0.0000 885.8813
2022 9 22 2 4.7200 328.7500 0.8000 4.7200 0.0000 61.4241 65.8798 2.5384 0.1494  834.4904 0.0000 0.0000 0.0000 0.0000 834.4904
2022 9 22 3 4.7200 338.6800 0.8000 4.7200 0.0000 61.4231 65.8788 2.5383 0.1494  859.6826 0.0000 0.0000 0.0000 0.0000 859.6826
2022 9 22 4 4.7200 383.1700 0.8000 4.7200 0.0000 61.4221 65.8778 2.5383 0.1494  972.5974 0.0000 0.0000 0.0000 0.0000 972.5974
2022 9 22 5 4.7200 420.6000 0.8000 4.7200 0.0000 61.4211 65.8768 2.5383 0.1494  1067.5885 0.0000 0.0000 0.0000 0.0000 1067.5885
2022 9 22 6 4.7200 482.1400 0.8000 4.7200 0.0000 61.4201 65.8758 2.5382 0.1494  1223.7729 0.0000 0.0000 0.0000 0.0000 1223.7729
2022 9 22 7 4.7200 487.7100 0.8000 4.7200 0.0000 61.4191 65.8748 2.5382 0.1494  1237.8907 0.0000 0.0000 0.0000 0.0000 1237.8907
2022 9 22 8 4.7200 398.2100 0.8000 4.7200 0.0000 61.4182 65.8738 2.5381 0.1494  1010.7081 0.0000 0.0000 0.0000 0.0000 1010.7081
2022 9 22 9 4.7200 360.7400 0.8000 4.7200 0.0000 61.4172 65.8728 2.5381 0.1494  915.5896 0.0000 0.0000 0.0000 0.0000 915.5896
2022 9 22 10 4.7200 318.8900 0.8000 4.7200 0.0000 61.4162 65.8718 2.5380 0.1494  809.3576 0.0000 0.0000 0.0000 0.0000 809.3576
2022 9 22 11 4.7200 311.8700 0.8000 4.7200 0.0000 61.4152 65.8708 2.5380 0.1494  791.5276 0.0000 0.0000 0.0000 0.0000 791.5276
2022 9 22 12 4.7200 299.0500 0.8000 4.7200 0.0000 61.4142 65.8698 2.5380 0.1494  758.9781 0.0000 0.0000 0.0000 0.0000 758.9781
2022 9 22 13 4.7200 327.5900 0.8000 4.7200 0.0000 61.4132 65.8689 2.5379 0.1494  831.3981 0.0000 0.0000 0.0000 0.0000 831.3981
2022 9 22 14 4.7200 364.4500 0.8000 4.7200 0.0000 61.4122 65.8679 2.5379 0.1494  924.9310 0.0000 0.0000 0.0000 0.0000 924.9310
2022 9 22 15 4.7200 380.5200 0.8000 4.7200 0.0000 61.4112 65.8669 2.5378 0.1494  965.6990 0.0000 0.0000 0.0000 0.0000 965.6990
2022 9 22 16 4.7200 419.7600 0.8000 4.7200 0.0000 61.4102 65.8659 2.5378 0.1494  1065.2666 0.0000 0.0000 0.0000 0.0000 1065.2666
2022 9 22 17 4.7200 419.9100 0.8000 4.7200 0.0000 61.4092 65.8649 2.5378 0.1494  1065.6300 0.0000 0.0000 0.0000 0.0000 1065.6300
2022 9 22 18 4.7200 416.8000 0.8000 4.7200 0.0000 61.4082 65.8639 2.5377 0.1493  1057.7203 0.0000 0.0000 0.0000 0.0000 1057.7203
2022 9 22 19 4.7200 415.2000 0.8000 4.7200 0.0000 61.4072 65.8629 2.5377 0.1493  1053.6428 0.0000 0.0000 0.0000 0.0000 1053.6428
2022 9 22 20 4.7200 394.3000 0.8000 4.7200 0.0000 61.4062 65.8619 2.5376 0.1493  1000.5890 0.0000 0.0000 0.0000 0.0000 1000.5890
2022 9 22 21 4.7200 390.0500 0.8000 4.7200 0.0000 61.4052 65.8609 2.5376 0.1493  989.7878 0.0000 0.0000 0.0000 0.0000 989.7878
2022 9 22 22 4.7200 377.5000 0.8000 4.7200 0.0000 61.4042 65.8599 2.5376 0.1493  957.9254 0.0000 0.0000 0.0000 0.0000 957.9254
2022 9 22 23 4.7200 349.7700 0.8000 4.7200 0.0000 61.4032 65.8588 2.5375 0.1493  887.5446 0.0000 0.0000 0.0000 0.0000 887.5446
2022 9 23 0 4.7200 317.7000 0.8000 4.7200 0.0000 61.4022 65.8578 2.5375 0.1493  806.1536 0.0000 0.0000 0.0000 0.0000 806.1536
2022 9 23 1 4.7200 310.1000 0.8000 4.7200 0.0000 61.4012 65.8569 2.5374 0.1493  786.8561 0.0000 0.0000 0.0000 0.0000 786.8561
2022 9 23 2 4.7200 298.1100 0.8000 4.7200 0.0000 61.4002 65.8559 2.5374 0.1493  756.4200 0.0000 0.0000 0.0000 0.0000 756.4200
2022 9 23 3 4.7200 308.5300 0.8000 4.7200 0.0000 61.3992 65.8549 2.5373 0.1493  782.8469 0.0000 0.0000 0.0000 0.0000 782.8469
2022 9 23 4 4.7200 353.4800 0.8000 4.7200 0.0000 61.3982 65.8539 2.5373 0.1493  896.8860 0.0000 0.0000 0.0000 0.0000 896.8860
2022 9 23 5 4.7200 368.1400 0.8000 4.7200 0.0000 61.3972 65.8529 2.5373 0.1493  934.0677 0.0000 0.0000 0.0000 0.0000 934.0677
2022 9 23 6 4.7200 394.3400 0.8000 4.7200 0.0000 61.3962 65.8519 2.5372 0.1493  1000.5277 0.0000 0.0000 0.0000 0.0000 1000.5277
2022 9 23 7 4.7200 409.1700 0.8000 4.7200 0.0000 61.3952 65.8509 2.5372 0.1493  1038.1379 0.0000 0.0000 0.0000 0.0000 1038.1379
2022 9 23 8 4.7200 382.7100 0.8000 4.7200 0.0000 61.3942 65.8499 2.5371 0.1493  970.9884 0.0000 0.0000 0.0000 0.0000 970.9884
2022 9 23 9 4.7200 370.0100 0.8000 4.7200 0.0000 61.3932 65.8489 2.5371 0.1493  938.7517 0.0000 0.0000 0.0000 0.0000 938.7517
2022 9 23 10 4.7200 357.8600 0.8000 4.7200 0.0000 61.3922 65.8479 2.5371 0.1493  907.9114 0.0000 0.0000 0.0000 0.0000 907.9114
2022 9 23 11 4.7200 349.4700 0.8000 4.7200 0.0000 61.3913 65.8469 2.5370 0.1493  886.6113 0.0000 0.0000 0.0000 0.0000 886.6113
2022 9 23 12 4.7200 337.2800 0.8000 4.7200 0.0000 61.3903 65.8460 2.5370 0.1493  855.6715 0.0000 0.0000 0.0000 0.0000 855.6715
2022 9 23 13 4.7200 342.6000 0.8000 4.7200 0.0000 61.3893 65.8450 2.5369 0.1493  869.1545 0.0000 0.0000 0.0000 0.0000 869.1545
2022 9 23 14 4.7200 348.7600 0.8000 4.7200 0.0000 61.3883 65.8440 2.5369 0.1493  884.7681 0.0000 0.0000 0.0000 0.0000 884.7681
2022 9 23 15 4.7200 368.4300 0.8000 4.7200 0.0000 61.3874 65.8431 2.5369 0.1493  934.6541 0.0000 0.0000 0.0000 0.0000 934.6541
2022 9 23 16 4.7200 372.4400 0.8000 4.7200 0.0000 61.3864 65.8421 2.5368 0.1493  944.8121 0.0000 0.0000 0.0000 0.0000 944.8121
2022 9 23 17 4.7200 385.1400 0.8000 4.7200 0.0000 61.3855 65.8411 2.5368 0.1493  977.0144 0.0000 0.0000 0.0000 0.0000 977.0144
2022 9 23 18 4.7200 394.3100 0.8000 4.7200 0.0000 61.3845 65.8402 2.5367 0.1493  1000.2609 0.0000 0.0000 0.0000 0.0000 1000.2609
2022 9 23 19 4.7200 394.3100 0.8000 4.7200 0.0000 61.3835 65.8392 2.5367 0.1493  1000.2453 0.0000 0.0000 0.0000 0.0000 1000.2453
2022 9 23 20 4.7200 378.4500 0.8000 4.7200 0.0000 61.3826 65.8382 2.5367 0.1493  959.9982 0.0000 0.0000 0.0000 0.0000 959.9982
2022 9 23 21 4.7200 375.1800 0.8000 4.7200 0.0000 61.3816 65.8373 2.5366 0.1493  951.6885 0.0000 0.0000 0.0000 0.0000 951.6885
2022 9 23 22 4.7200 358.7500 0.8000 4.7200 0.0000 61.3807 65.8363 2.5366 0.1493  909.9977 0.0000 0.0000 0.0000 0.0000 909.9977
2022 9 23 23 4.7200 364.1800 0.8000 4.7200 0.0000 61.3797 65.8354 2.5365 0.1493  923.7570 0.0000 0.0000 0.0000 0.0000 923.7570
2022 9 24 0 4.7200 354.9500 0.8000 4.7200 0.0000 61.3788 65.8344 2.5365 0.1493  900.3308 0.0000 0.0000 0.0000 0.0000 900.3308
2022 9 24 1 4.7200 312.8900 0.8000 4.7200 0.0000 61.3778 65.8335 2.5365 0.1493  793.6333 0.0000 0.0000 0.0000 0.0000 793.6333
2022 9 24 2 4.7200 306.6100 0.8000 4.7200 0.0000 61.3768 65.8325 2.5364 0.1493  777.6921 0.0000 0.0000 0.0000 0.0000 777.6921
2022 9 24 3 4.7200 305.6800 0.8000 4.7200 0.0000 61.3759 65.8316 2.5364 0.1493  775.3212 0.0000 0.0000 0.0000 0.0000 775.3212
2022 9 24 4 4.7200 313.8000 0.8000 4.7200 0.0000 61.3749 65.8306 2.5363 0.1493  795.9043 0.0000 0.0000 0.0000 0.0000 795.9043
2022 9 24 5 4.7200 351.7300 0.8000 4.7200 0.0000 61.3740 65.8297 2.5363 0.1493  892.0940 0.0000 0.0000 0.0000 0.0000 892.0940
2022 9 24 6 4.7200 362.3300 0.8000 4.7200 0.0000 61.3730 65.8287 2.5363 0.1493  918.9645 0.0000 0.0000 0.0000 0.0000 918.9645
2022 9 24 7 4.7200 369.1600 0.8000 4.7200 0.0000 61.3721 65.8278 2.5362 0.1493  936.2726 0.0000 0.0000 0.0000 0.0000 936.2726
2022 9 24 8 4.7200 373.6300 0.8000 4.7200 0.0000 61.3711 65.8268 2.5362 0.1493  947.5948 0.0000 0.0000 0.0000 0.0000 947.5948
2022 9 24 9 4.7200 368.4300 0.8000 4.7200 0.0000 61.3702 65.8259 2.5361 0.1493  934.3921 0.0000 0.0000 0.0000 0.0000 934.3921
2022 9 24 10 4.7200 362.0100 0.8000 4.7200 0.0000 61.3692 65.8249 2.5361 0.1493  918.0959 0.0000 0.0000 0.0000 0.0000 918.0959
2022 9 24 11 4.7200 350.0300 0.8000 4.7200 0.0000 61.3683 65.8239 2.5361 0.1493  887.6994 0.0000 0.0000 0.0000 0.0000 887.6994
2022 9 24 12 4.7200 316.4000 0.8000 4.7200 0.0000 61.3673 65.8230 2.5360 0.1492  802.3989 0.0000 0.0000 0.0000 0.0000 802.3989
2022 9 24 13 4.7200 317.1500 0.8000 4.7200 0.0000 61.3663 65.8220 2.5360 0.1492  804.2883 0.0000 0.0000 0.0000 0.0000 804.2883
2022 9 24 14 4.7200 338.9500 0.8000 4.7200 0.0000 61.3654 65.8211 2.5359 0.1492  859.5594 0.0000 0.0000 0.0000 0.0000 859.5594
2022 9 24 15 4.7200 356.3500 0.8000 4.7200 0.0000 61.3644 65.8201 2.5359 0.1492  903.6707 0.0000 0.0000 0.0000 0.0000 903.6707
2022 9 24 16 4.7200 369.6400 0.8000 4.7200 0.0000 61.3635 65.8191 2.5359 0.1492  937.3583 0.0000 0.0000 0.0000 0.0000 937.3583
2022 9 24 17 4.7200 389.7200 0.8000 4.7200 0.0000 61.3625 65.8182 2.5358 0.1492  988.2631 0.0000 0.0000 0.0000 0.0000 988.2631
2022 9 24 18 4.7200 403.6200 0.8000 4.7200 0.0000 61.3615 65.8172 2.5358 0.1492  1023.4952 0.0000 0.0000 0.0000 0.0000 1023.4952
2022 9 24 19 4.7200 393.8700 0.8000 4.7200 0.0000 61.3606 65.8163 2.5357 0.1492  998.7557 0.0000 0.0000 0.0000 0.0000 998.7557
2022 9 24 20 4.7200 370.0400 0.8000 4.7200 0.0000 61.3596 65.8153 2.5357 0.1492  938.3143 0.0000 0.0000 0.0000 0.0000 938.3143
2022 9 24 21 4.7200 356.1100 0.8000 4.7200 0.0000 61.3587 65.8144 2.5357 0.1492  902.9777 0.0000 0.0000 0.0000 0.0000 902.9777
2022 9 24 22 4.7200 333.9800 0.8000 4.7200 0.0000 61.3577 65.8134 2.5356 0.1492  846.8502 0.0000 0.0000 0.0000 0.0000 846.8502
2022 9 24 23 4.7200 339.9900 0.8000 4.7200 0.0000 61.3568 65.8125 2.5356 0.1492  862.0759 0.0000 0.0000 0.0000 0.0000 862.0759
2022 9 25 0 4.7200 322.7200 0.8000 4.7200 0.0000 61.3558 65.8115 2.5356 0.1492  818.2736 0.0000 0.0000 0.0000 0.0000 818.2736
2022 9 25 1 4.7200 295.1700 0.8000 4.7200 0.0000 61.3549 65.8106 2.5355 0.1492  748.4077 0.0000 0.0000 0.0000 0.0000 748.4077
2022 9 25 2 4.7200 277.6900 0.8000 4.7200 0.0000 61.3539 65.8096 2.5355 0.1492  704.0761 0.0000 0.0000 0.0000 0.0000 704.0761
2022 9 25 3 4.7200 207.4000 0.8000 4.7200 0.0000 61.3530 65.8087 2.5354 0.1492  525.8495 0.0000 0.0000 0.0000 0.0000 525.8495
2022 9 25 4 4.7200 210.8100 0.8000 4.7200 0.0000 61.3521 65.8077 2.5354 0.1492  534.4872 0.0000 0.0000 0.0000 0.0000 534.4872
2022 9 25 5 4.7200 246.3600 0.8000 4.7200 0.0000 61.3511 65.8068 2.5354 0.1492  624.6111 0.0000 0.0000 0.0000 0.0000 624.6111
2022 9 25 6 4.7200 255.9400 0.8000 4.7200 0.0000 61.3502 65.8059 2.5353 0.1492  648.8902 0.0000 0.0000 0.0000 0.0000 648.8902
2022 9 25 7 4.7200 297.3800 0.8000 4.7200 0.0000 61.3493 65.8050 2.5353 0.1492  753.9430 0.0000 0.0000 0.0000 0.0000 753.9430
2022 9 25 8 4.7200 311.0900 0.8000 4.7200 0.0000 61.3485 65.8041 2.5352 0.1492  788.6906 0.0000 0.0000 0.0000 0.0000 788.6906
2022 9 25 9 4.7200 309.9700 0.8000 4.7200 0.0000 61.3476 65.8033 2.5352 0.1492  785.8405 0.0000 0.0000 0.0000 0.0000 785.8405
2022 9 25 10 4.7200 331.6600 0.8000 4.7200 0.0000 61.3469 65.8025 2.5352 0.1492  840.8187 0.0000 0.0000 0.0000 0.0000 840.8187
2022 9 25 11 4.7200 284.3100 0.8000 4.7200 0.0000 61.3462 65.8018 2.5352 0.1492  720.7695 0.0000 0.0000 0.0000 0.0000 720.7695
2022 9 25 12 4.7200 254.2800 0.8000 4.7200 0.0000 61.3456 65.8012 2.5351 0.1492  644.6325 0.0000 0.0000 0.0000 0.0000 644.6325
2022 9 25 13 4.7200 240.8700 0.8000 4.7200 0.0000 61.3450 65.8007 2.5351 0.1492  610.6313 0.0000 0.0000 0.0000 0.0000 610.6313
2022 9 25 14 4.7200 271.8500 0.8000 4.7200 0.0000 61.3446 65.8003 2.5351 0.1492  689.1641 0.0000 0.0000 0.0000 0.0000 689.1641
2022 9 25 15 4.7200 324.3400 0.8000 4.7200 0.0000 61.3443 65.8000 2.5351 0.1492  822.2265 0.0000 0.0000 0.0000 0.0000 822.2265
2022 9 25 16 4.7200 355.2400 0.8000 4.7200 0.0000 61.3440 65.7997 2.5351 0.1492  900.5566 0.0000 0.0000 0.0000 0.0000 900.5566
2022 9 25 17 4.7200 363.0100 0.8000 4.7200 0.0000 61.3438 65.7995 2.5351 0.1492  920.2513 0.0000 0.0000 0.0000 0.0000 920.2513
2022 9 25 18 4.7200 369.6700 0.8000 4.7200 0.0000 61.3437 65.7994 2.5351 0.1492  937.1327 0.0000 0.0000 0.0000 0.0000 937.1327
2022 9 25 19 4.7200 374.4700 0.8000 4.7200 0.0000 61.3436 65.7993 2.5350 0.1492  949.2994 0.0000 0.0000 0.0000 0.0000 949.2994
2022 9 25 20 4.7200 366.3400 0.8000 4.7200 0.0000 61.3435 65.7992 2.5350 0.1492  928.6884 0.0000 0.0000 0.0000 0.0000 928.6884
2022 9 25 21 4.7200 353.0700 0.8000 4.7200 0.0000 61.3435 65.7992 2.5350 0.1492  895.0476 0.0000 0.0000 0.0000 0.0000 895.0476
2022 9 25 22 4.7200 297.0400 0.8000 4.7200 0.0000 61.3434 65.7991 2.5350 0.1492  753.0087 0.0000 0.0000 0.0000 0.0000 753.0087
2022 9 25 23 4.7200 257.1800 0.8000 4.7200 0.0000 61.3434 65.7991 2.5350 0.1492  651.9615 0.0000 0.0000 0.0000 0.0000 651.9615
2022 9 26 0 4.7200 187.6300 0.8000 4.7200 0.0000 61.3434 65.7990 2.5350 0.1492  475.6491 0.0000 0.0000 0.0000 0.0000 475.6491
2022 9 26 1 4.7200 162.1400 0.8000 4.7200 0.0000 61.3433 65.7990 2.5350 0.1492  411.0306 0.0000 0.0000 0.0000 0.0000 411.0306
2022 9 26 2 4.7200 129.0800 0.8000 4.7200 0.0000 61.3432 65.7989 2.5350 0.1492  327.2220 0.0000 0.0000 0.0000 0.0000 327.2220
2022 9 26 3 4.7200 104.5700 0.8000 4.7200 0.0000 61.3432 65.7988 2.5350 0.1492  265.0881 0.0000 0.0000 0.0000 0.0000 265.0881
2022 9 26 4 4.7200 166.3500 0.8000 4.7200 0.0000 61.3431 65.7988 2.5350 0.1492  421.7018 0.0000 0.0000 0.0000 0.0000 421.7018
2022 9 26 5 4.7200 268.6000 0.8000 4.7200 0.0000 61.3430 65.7987 2.5350 0.1492  680.9076 0.0000 0.0000 0.0000 0.0000 680.9076
2022 9 26 6 4.7200 336.9000 0.8000 4.7200 0.0000 61.3430 65.7987 2.5350 0.1492  854.0490 0.0000 0.0000 0.0000 0.0000 854.0490
2022 9 26 7 4.7200 341.1500 0.8000 4.7200 0.0000 61.3429 65.7986 2.5350 0.1492  864.8223 0.0000 0.0000 0.0000 0.0000 864.8223
2022 9 26 8 4.7200 312.9300 0.8000 4.7200 0.0000 61.3429 65.7986 2.5350 0.1492  793.2838 0.0000 0.0000 0.0000 0.0000 793.2838
2022 9 26 9 4.7200 276.5500 0.8000 4.7200 0.0000 61.3430 65.7987 2.5350 0.1492  701.0602 0.0000 0.0000 0.0000 0.0000 701.0602
2022 9 26 10 4.7200 231.5400 0.8000 4.7200 0.0000 61.3431 65.7988 2.5350 0.1492  586.9604 0.0000 0.0000 0.0000 0.0000 586.9604
2022 9 26 11 4.7200 215.6000 0.8000 4.7200 0.0000 61.3435 65.7991 2.5350 0.1492  546.5550 0.0000 0.0000 0.0000 0.0000 546.5550
2022 9 26 12 4.7200 206.7900 0.8000 4.7200 0.0000 61.3439 65.7996 2.5351 0.1492  524.2253 0.0000 0.0000 0.0000 0.0000 524.2253
2022 9 26 13 4.7200 164.2200 0.8000 4.7200 0.0000 61.3445 65.8001 2.5351 0.1492  416.3113 0.0000 0.0000 0.0000 0.0000 416.3113
2022 9 26 14 4.7200 239.4100 0.8000 4.7200 0.0000 61.3450 65.8007 2.5351 0.1492  606.9294 0.0000 0.0000 0.0000 0.0000 606.9294
2022 9 26 15 4.7200 302.2400 0.8000 4.7200 0.0000 61.3455 65.8011 2.5351 0.1492  766.2161 0.0000 0.0000 0.0000 0.0000 766.2161
2022 9 26 16 4.7200 318.1000 0.8000 4.7200 0.0000 61.3459 65.8016 2.5351 0.1492  806.4291 0.0000 0.0000 0.0000 0.0000 806.4291
2022 9 26 17 4.7200 336.0100 0.8000 4.7200 0.0000 61.3463 65.8020 2.5352 0.1492  851.8389 0.0000 0.0000 0.0000 0.0000 851.8389
2022 9 26 18 4.7200 343.0200 0.8000 4.7200 0.0000 61.3467 65.8023 2.5352 0.1492  869.6153 0.0000 0.0000 0.0000 0.0000 869.6153
2022 9 26 19 4.7200 348.7100 0.8000 4.7200 0.0000 61.3470 65.8027 2.5352 0.1492  884.0451 0.0000 0.0000 0.0000 0.0000 884.0451
2022 9 26 20 4.7200 335.5400 0.8000 4.7200 0.0000 61.3473 65.8030 2.5352 0.1492  850.6610 0.0000 0.0000 0.0000 0.0000 850.6610
2022 9 26 21 4.7200 301.4200 0.8000 4.7200 0.0000 61.3476 65.8033 2.5352 0.1492  764.1639 0.0000 0.0000 0.0000 0.0000 764.1639
2022 9 26 22 4.7200 290.0600 0.8000 4.7200 0.0000 61.3480 65.8036 2.5352 0.1492  735.3681 0.0000 0.0000 0.0000 0.0000 735.3681
2022 9 26 23 4.7200 306.9800 0.8000 4.7200 0.0000 61.3484 65.8040 2.5352 0.1492  778.2693 0.0000 0.0000 0.0000 0.0000 778.2693
2022 9 27 0 4.7200 245.1800 0.8000 4.7200 0.0000 61.3488 65.8045 2.5353 0.1492  621.5957 0.0000 0.0000 0.0000 0.0000 621.5957
2022 9 27 1 4.7200 181.0000 0.8000 4.7200 0.0000 61.3493 65.8050 2.5353 0.1492  458.8862 0.0000 0.0000 0.0000 0.0000 458.8862
2022 9 27 2 4.7200 161.2800 0.8000 4.7200 0.0000 61.3498 65.8055 2.5353 0.1492  408.8936 0.0000 0.0000 0.0000 0.0000 408.8936
2022 9 27 3 4.7200 214.3300 0.8000 4.7200 0.0000 61.3503 65.8059 2.5353 0.1492  543.3957 0.0000 0.0000 0.0000 0.0000 543.3957
2022 9 27 4 4.7200 301.7700 0.8000 4.7200 0.0000 61.3507 65.8064 2.5353 0.1492  765.0902 0.0000 0.0000 0.0000 0.0000 765.0902
2022 9 27 5 4.7200 314.5900 0.8000 4.7200 0.0000 61.3512 65.8069 2.5354 0.1492  797.5994 0.0000 0.0000 0.0000 0.0000 797.5994
2022 9 27 6 4.7200 331.8400 0.8000 4.7200 0.0000 61.3517 65.8074 2.5354 0.1492  841.3410 0.0000 0.0000 0.0000 0.0000 841.3410
2022 9 27 7 4.7200 340.3900 0.8000 4.7200 0.0000 61.3522 65.8079 2.5354 0.1492  863.0255 0.0000 0.0000 0.0000 0.0000 863.0255
2022 9 27 8 4.7200 338.7400 0.8000 4.7200 0.0000 61.3527 65.8084 2.5354 0.1492  858.8493 0.0000 0.0000 0.0000 0.0000 858.8493
2022 9 27 9 4.7200 338.6300 0.8000 4.7200 0.0000 61.3532 65.8089 2.5354 0.1492  858.5780 0.0000 0.0000 0.0000 0.0000 858.5780
2022 9 27 10 4.7200 335.6900 0.8000 4.7200 0.0000 61.3538 65.8095 2.5355 0.1492  851.1315 0.0000 0.0000 0.0000 0.0000 851.1315
2022 9 27 11 4.7200 330.8600 0.8000 4.7200 0.0000 61.3544 65.8100 2.5355 0.1492  838.8930 0.0000 0.0000 0.0000 0.0000 838.8930
2022 9 27 12 4.7200 314.3700 0.8000 4.7200 0.0000 61.3550 65.8106 2.5355 0.1492  797.0904 0.0000 0.0000 0.0000 0.0000 797.0904
2022 9 27 13 4.7200 307.7000 0.8000 4.7200 0.0000 61.3556 65.8112 2.5355 0.1492  780.1862 0.0000 0.0000 0.0000 0.0000 780.1862
2022 9 27 14 4.7200 322.1100 0.8000 4.7200 0.0000 61.3562 65.8119 2.5356 0.1492  816.7317 0.0000 0.0000 0.0000 0.0000 816.7317
2022 9 27 15 4.7200 326.6400 0.8000 4.7200 0.0000 61.3569 65.8125 2.5356 0.1492  828.2270 0.0000 0.0000 0.0000 0.0000 828.2270
2022 9 27 16 4.7200 333.7800 0.8000 4.7200 0.0000 61.3576 65.8133 2.5356 0.1492  846.3416 0.0000 0.0000 0.0000 0.0000 846.3416
2022 9 27 17 4.7200 341.4300 0.8000 4.7200 0.0000 61.3586 65.8142 2.5357 0.1492  865.7522 0.0000 0.0000 0.0000 0.0000 865.7522
2022 9 27 18 4.7200 344.4400 0.8000 4.7200 0.0000 61.3598 65.8155 2.5357 0.1492  873.4023 0.0000 0.0000 0.0000 0.0000 873.4023
2022 9 27 19 4.7200 346.9500 0.8000 4.7200 0.0000 61.3615 65.8171 2.5358 0.1492  879.7908 0.0000 0.0000 0.0000 0.0000 879.7908
2022 9 27 20 4.7200 337.8300 0.8000 4.7200 0.0000 61.3635 65.8192 2.5359 0.1492  856.6932 0.0000 0.0000 0.0000 0.0000 856.6932
2022 9 27 21 4.7200 327.3200 0.8000 4.7200 0.0000 61.3660 65.8216 2.5360 0.1492  830.0742 0.0000 0.0000 0.0000 0.0000 830.0742
2022 9 27 22 4.7200 321.3200 0.8000 4.7200 0.0000 61.3688 65.8244 2.5361 0.1493  814.8955 0.0000 0.0000 0.0000 0.0000 814.8955
2022 9 27 23 4.7200 307.0600 0.8000 4.7200 0.0000 61.3719 65.8275 2.5362 0.1493  778.7704 0.0000 0.0000 0.0000 0.0000 778.7704
2022 9 28 0 4.7200 276.3500 0.8000 4.7200 0.0000 61.3752 65.8308 2.5364 0.1493  700.9209 0.0000 0.0000 0.0000 0.0000 700.9209
2022 9 28 1 4.7200 246.4400 0.8000 4.7200 0.0000 61.3785 65.8342 2.5365 0.1493  625.0930 0.0000 0.0000 0.0000 0.0000 625.0930
2022 9 28 2 4.7200 243.4900 0.8000 4.7200 0.0000 61.3820 65.8376 2.5366 0.1493  617.6447 0.0000 0.0000 0.0000 0.0000 617.6447
2022 9 28 3 4.7200 274.3400 0.8000 4.7200 0.0000 61.3854 65.8410 2.5368 0.1493  695.9384 0.0000 0.0000 0.0000 0.0000 695.9384
2022 9 28 4 4.7200 306.6800 0.8000 4.7200 0.0000 61.3888 65.8444 2.5369 0.1493  778.0207 0.0000 0.0000 0.0000 0.0000 778.0207
2022 9 28 5 4.7200 312.1100 0.8000 4.7200 0.0000 61.3921 65.8478 2.5371 0.1493  791.8395 0.0000 0.0000 0.0000 0.0000 791.8395
2022 9 28 6 4.7200 312.6200 0.8000 4.7200 0.0000 61.3955 65.8511 2.5372 0.1493  793.1766 0.0000 0.0000 0.0000 0.0000 793.1766
2022 9 28 7 4.7200 324.8100 0.8000 4.7200 0.0000 61.3988 65.8545 2.5373 0.1493  824.1498 0.0000 0.0000 0.0000 0.0000 824.1498
2022 9 28 8 4.7200 333.1500 0.8000 4.7200 0.0000 61.4022 65.8578 2.5375 0.1493  845.3573 0.0000 0.0000 0.0000 0.0000 845.3573
2022 9 28 9 4.7200 328.0300 0.8000 4.7200 0.0000 61.4055 65.8612 2.5376 0.1493  832.4110 0.0000 0.0000 0.0000 0.0000 832.4110
2022 9 28 10 4.7200 323.9500 0.8000 4.7200 0.0000 61.4089 65.8645 2.5377 0.1493  822.1024 0.0000 0.0000 0.0000 0.0000 822.1024
2022 9 28 11 4.7200 325.5900 0.8000 4.7200 0.0000 61.4122 65.8679 2.5379 0.1494  826.3088 0.0000 0.0000 0.0000 0.0000 826.3088
2022 9 28 12 4.7200 328.8300 0.8000 4.7200 0.0000 61.4154 65.8711 2.5380 0.1494  834.5758 0.0000 0.0000 0.0000 0.0000 834.5758
2022 9 28 13 4.7200 330.2400 0.8000 4.7200 0.0000 61.4186 65.8743 2.5381 0.1494  838.1979 0.0000 0.0000 0.0000 0.0000 838.1979
2022 9 28 14 4.7200 329.7100 0.8000 4.7200 0.0000 61.4217 65.8774 2.5383 0.1494  836.8948 0.0000 0.0000 0.0000 0.0000 836.8948
2022 9 28 15 4.7200 320.1000 0.8000 4.7200 0.0000 61.4247 65.8804 2.5384 0.1494  812.5418 0.0000 0.0000 0.0000 0.0000 812.5418
2022 9 28 16 4.7200 315.4400 0.8000 4.7200 0.0000 61.4276 65.8833 2.5385 0.1494  800.7509 0.0000 0.0000 0.0000 0.0000 800.7509
2022 9 28 17 4.7200 320.0600 0.8000 4.7200 0.0000 61.4305 65.8861 2.5386 0.1494  812.5163 0.0000 0.0000 0.0000 0.0000 812.5163
2022 9 28 18 4.7200 320.7100 0.8000 4.7200 0.0000 61.4332 65.8889 2.5388 0.1494  814.2029 0.0000 0.0000 0.0000 0.0000 814.2029
2022 9 28 19 4.7200 316.6600 0.8000 4.7200 0.0000 61.4359 65.8916 2.5389 0.1494  803.9559 0.0000 0.0000 0.0000 0.0000 803.9559
2022 9 28 20 4.7200 312.1300 0.8000 4.7200 0.0000 61.4385 65.8942 2.5390 0.1494  792.4882 0.0000 0.0000 0.0000 0.0000 792.4882
2022 9 28 21 4.7200 293.6400 0.8000 4.7200 0.0000 61.4410 65.8967 2.5391 0.1494  745.5733 0.0000 0.0000 0.0000 0.0000 745.5733
2022 9 28 22 4.7200 292.4600 0.8000 4.7200 0.0000 61.4434 65.8991 2.5392 0.1494  742.6067 0.0000 0.0000 0.0000 0.0000 742.6067
2022 9 28 23 4.7200 316.9900 0.8000 4.7200 0.0000 61.4458 65.9015 2.5393 0.1494  804.9238 0.0000 0.0000 0.0000 0.0000 804.9238
2022 9 29 0 4.7200 314.0000 0.8000 4.7200 0.0000 61.4481 65.9038 2.5394 0.1494  797.3614 0.0000 0.0000 0.0000 0.0000 797.3614
2022 9 29 1 4.7200 313.9700 0.8000 4.7200 0.0000 61.4504 65.9061 2.5395 0.1495  797.3144 0.0000 0.0000 0.0000 0.0000 797.3144
2022 9 29 2 4.7200 313.9600 0.8000 4.7200 0.0000 61.4526 65.9083 2.5396 0.1495  797.3174 0.0000 0.0000 0.0000 0.0000 797.3174
2022 9 29 3 4.7200 314.5600 0.8000 4.7200 0.0000 61.4547 65.9104 2.5396 0.1495  798.8689 0.0000 0.0000 0.0000 0.0000 798.8689
2022 9 29 4 4.7200 320.6300 0.8000 4.7200 0.0000 61.4568 65.9125 2.5397 0.1495  814.3121 0.0000 0.0000 0.0000 0.0000 814.3121
2022 9 29 5 4.7200 326.5500 0.8000 4.7200 0.0000 61.4588 65.9145 2.5398 0.1495  829.3746 0.0000 0.0000 0.0000 0.0000 829.3746
2022 9 29 6 4.7200 329.3000 0.8000 4.7200 0.0000 61.4608 65.9165 2.5399 0.1495  836.3859 0.0000 0.0000 0.0000 0.0000 836.3859
2022 9 29 7 4.7200 348.4400 0.8000 4.7200 0.0000 61.4627 65.9184 2.5400 0.1495  885.0271 0.0000 0.0000 0.0000 0.0000 885.0271
2022 9 29 8 4.7200 371.5900 0.8000 4.7200 0.0000 61.4646 65.9203 2.5400 0.1495  943.8562 0.0000 0.0000 0.0000 0.0000 943.8562
2022 9 29 9 4.7200 377.8600 0.8000 4.7200 0.0000 61.4664 65.9221 2.5401 0.1495  959.8109 0.0000 0.0000 0.0000 0.0000 959.8109
2022 9 29 10 4.7200 354.6500 0.8000 4.7200 0.0000 61.4682 65.9239 2.5402 0.1495  900.8807 0.0000 0.0000 0.0000 0.0000 900.8807
2022 9 29 11 4.7200 339.8800 0.8000 4.7200 0.0000 61.4699 65.9256 2.5403 0.1495  863.3864 0.0000 0.0000 0.0000 0.0000 863.3864
2022 9 29 12 4.7200 349.1900 0.8000 4.7200 0.0000 61.4716 65.9273 2.5403 0.1495  887.0608 0.0000 0.0000 0.0000 0.0000 887.0608
2022 9 29 13 4.7200 340.8000 0.8000 4.7200 0.0000 61.4733 65.9290 2.5404 0.1495  865.7705 0.0000 0.0000 0.0000 0.0000 865.7705
2022 9 29 14 4.7200 355.7500 0.8000 4.7200 0.0000 61.4749 65.9306 2.5405 0.1495  903.7732 0.0000 0.0000 0.0000 0.0000 903.7732
2022 9 29 15 4.7200 371.6800 0.8000 4.7200 0.0000 61.4764 65.9321 2.5405 0.1495  944.2669 0.0000 0.0000 0.0000 0.0000 944.2669
2022 9 29 16 4.7200 378.1500 0.8000 4.7200 0.0000 61.4780 65.9336 2.5406 0.1495  960.7280 0.0000 0.0000 0.0000 0.0000 960.7280
2022 9 29 17 4.7200 382.6500 0.8000 4.7200 0.0000 61.4795 65.9351 2.5407 0.1495  972.1842 0.0000 0.0000 0.0000 0.0000 972.1842
2022 9 29 18 4.7200 376.7800 0.8000 4.7200 0.0000 61.4809 65.9366 2.5407 0.1495  957.2932 0.0000 0.0000 0.0000 0.0000 957.2932
2022 9 29 19 4.7200 373.9000 0.8000 4.7200 0.0000 61.4823 65.9380 2.5408 0.1495  949.9979 0.0000 0.0000 0.0000 0.0000 949.9979
2022 9 29 20 4.7200 359.2700 0.8000 4.7200 0.0000 61.4837 65.9394 2.5408 0.1495  912.8468 0.0000 0.0000 0.0000 0.0000 912.8468
2022 9 29 21 4.7200 339.6900 0.8000 4.7200 0.0000 61.4851 65.9407 2.5409 0.1495  863.1161 0.0000 0.0000 0.0000 0.0000 863.1161
2022 9 29 22 4.7200 335.5400 0.8000 4.7200 0.0000 61.4864 65.9421 2.5409 0.1495  852.5897 0.0000 0.0000 0.0000 0.0000 852.5897
2022 9 29 23 4.7200 341.5400 0.8000 4.7200 0.0000 61.4877 65.9433 2.5410 0.1495  867.8536 0.0000 0.0000 0.0000 0.0000 867.8536
2022 9 30 0 4.7200 324.5500 0.8000 4.7200 0.0000 61.4889 65.9446 2.5411 0.1495  824.6987 0.0000 0.0000 0.0000 0.0000 824.6987
2022 9 30 1 4.7200 322.1200 0.8000 4.7200 0.0000 61.4902 65.9458 2.5411 0.1495  818.5404 0.0000 0.0000 0.0000 0.0000 818.5404
2022 9 30 2 4.7200 320.8600 0.8000 4.7200 0.0000 61.4914 65.9470 2.5412 0.1495  815.3545 0.0000 0.0000 0.0000 0.0000 815.3545
2022 9 30 3 4.7200 320.8000 0.8000 4.7200 0.0000 61.4925 65.9482 2.5412 0.1496  815.2176 0.0000 0.0000 0.0000 0.0000 815.2176
2022 9 30 4 4.7200 321.3000 0.8000 4.7200 0.0000 61.4937 65.9494 2.5412 0.1496  816.5034 0.0000 0.0000 0.0000 0.0000 816.5034
2022 9 30 5 4.7200 327.7000 0.8000 4.7200 0.0000 61.4948 65.9505 2.5413 0.1496  832.7826 0.0000 0.0000 0.0000 0.0000 832.7826
2022 9 30 6 4.7200 355.5300 0.8000 4.7200 0.0000 61.4959 65.9516 2.5413 0.1496  903.5229 0.0000 0.0000 0.0000 0.0000 903.5229
2022 9 30 7 4.7200 370.8800 0.8000 4.7200 0.0000 61.4970 65.9526 2.5414 0.1496  942.5489 0.0000 0.0000 0.0000 0.0000 942.5489
2022 9 30 8 4.7200 365.2600 0.8000 4.7200 0.0000 61.4980 65.9537 2.5414 0.1496  928.2821 0.0000 0.0000 0.0000 0.0000 928.2821
2022 9 30 9 4.7200 354.3600 0.8000 4.7200 0.0000 61.4990 65.9547 2.5415 0.1496  900.5955 0.0000 0.0000 0.0000 0.0000 900.5955
2022 9 30 10 4.7200 331.2900 0.8000 4.7200 0.0000 61.5000 65.9557 2.5415 0.1496  841.9775 0.0000 0.0000 0.0000 0.0000 841.9775
2022 9 30 11 4.7200 292.1500 0.8000 4.7200 0.0000 61.5010 65.9567 2.5416 0.1496  742.5145 0.0000 0.0000 0.0000 0.0000 742.5145
2022 9 30 12 4.7200 264.0800 0.8000 4.7200 0.0000 61.5020 65.9576 2.5416 0.1496  671.1834 0.0000 0.0000 0.0000 0.0000 671.1834
2022 9 30 13 4.7200 209.4500 0.8000 4.7200 0.0000 61.5029 65.9586 2.5416 0.1496  532.3444 0.0000 0.0000 0.0000 0.0000 532.3444
2022 9 30 14 4.7200 204.5600 0.8000 4.7200 0.0000 61.5038 65.9595 2.5417 0.1496  519.9235 0.0000 0.0000 0.0000 0.0000 519.9235
2022 9 30 15 4.7200 225.8600 0.8000 4.7200 0.0000 61.5047 65.9604 2.5417 0.1496  574.0694 0.0000 0.0000 0.0000 0.0000 574.0694
2022 9 30 16 4.7200 307.7600 0.8000 4.7200 0.0000 61.5056 65.9612 2.5417 0.1496  782.2462 0.0000 0.0000 0.0000 0.0000 782.2462
2022 9 30 17 4.7200 293.1200 0.8000 4.7200 0.0000 61.5064 65.9621 2.5418 0.1496  745.0456 0.0000 0.0000 0.0000 0.0000 745.0456
2022 9 30 18 4.7200 316.2800 0.8000 4.7200 0.0000 61.5073 65.9630 2.5418 0.1496  803.9242 0.0000 0.0000 0.0000 0.0000 803.9242
2022 9 30 19 4.7200 306.5000 0.8000 4.7200 0.0000 61.5081 65.9638 2.5418 0.1496  779.0760 0.0000 0.0000 0.0000 0.0000 779.0760
2022 9 30 20 4.7200 201.5000 0.8000 4.7200 0.0000 61.5090 65.9646 2.5419 0.1496  512.1891 0.0000 0.0000 0.0000 0.0000 512.1891
2022 9 30 21 4.7200 176.8500 0.8000 4.7200 0.0000 61.5098 65.9655 2.5419 0.1496  449.5378 0.0000 0.0000 0.0000 0.0000 449.5378
2022 9 30 22 4.7200 99.1600 0.8000 4.7200 0.0000 61.5106 65.9663 2.5419 0.1496  252.0597 0.0000 0.0000 0.0000 0.0000 252.0597
2022 9 30 23 4.7200 83.4300 0.8000 4.7200 0.0000 61.5114 65.9671 2.5420 0.1496  212.0777 0.0000 0.0000 0.0000 0.0000 212.0777
2022 10 1 0 4.7200 69.2000 0.8000 4.7200 0.0000 61.5123 65.9679 2.5420 0.1496  175.9076 0.0000 0.0000 0.0000 0.0000 175.9076
2022 10 1 1 4.7200 54.4200 0.8000 4.7200 0.0000 61.5131 65.9687 2.5421 0.1496  138.3384 0.0000 0.0000 0.0000 0.0000 138.3384
2022 10 1 2 4.7200 23.3800 0.8000 4.7200 0.0000 61.5139 65.9696 2.5421 0.1496  59.4339 0.0000 0.0000 0.0000 0.0000 59.4339
2022 10 1 3 4.7200 18.4000 0.8000 4.7200 0.0000 61.5147 65.9704 2.5421 0.1496  46.7750 0.0000 0.0000 0.0000 0.0000 46.7750
2022 10 1 4 4.7200 17.4200 0.8000 4.7200 0.0000 61.5156 65.9713 2.5422 0.1496  44.2844 0.0000 0.0000 0.0000 0.0000 44.2844
2022 10 1 5 4.7200 17.0300 0.8000 4.7200 0.0000 61.5167 65.9723 2.5422 0.1496  43.2937 0.0000 0.0000 0.0000 0.0000 43.2937
2022 10 1 6 4.7200 25.9500 0.8000 4.7200 0.0000 61.5180 65.9737 2.5423 0.1496  65.9715 0.0000 0.0000 0.0000 0.0000 65.9715
2022 10 1 7 4.7200 48.9000 0.8000 4.7200 0.0000 61.5199 65.9756 2.5423 0.1496  124.3201 0.0000 0.0000 0.0000 0.0000 124.3201
2022 10 1 8 4.7200 79.6000 0.8000 4.7200 0.0000 61.5225 65.9782 2.5424 0.1496  202.3784 0.0000 0.0000 0.0000 0.0000 202.3784
2022 10 1 9 4.7200 119.5500 0.8000 4.7200 0.0000 61.5260 65.9817 2.5426 0.1496  303.9663 0.0000 0.0000 0.0000 0.0000 303.9663
2022 10 1 10 4.7200 116.2000 0.8000 4.7200 0.0000 61.5302 65.9859 2.5428 0.1496  295.4688 0.0000 0.0000 0.0000 0.0000 295.4688
2022 10 1 11 4.7200 97.9500 0.8000 4.7200 0.0000 61.5349 65.9906 2.5430 0.1497  249.0822 0.0000 0.0000 0.0000 0.0000 249.0822
2022 10 1 12 4.7200 80.5800 0.8000 4.7200 0.0000 61.5397 65.9954 2.5432 0.1497  204.9273 0.0000 0.0000 0.0000 0.0000 204.9273
2022 10 1 13 4.7200 72.0100 0.8000 4.7200 0.0000 61.5447 66.0004 2.5434 0.1497  183.1473 0.0000 0.0000 0.0000 0.0000 183.1473
2022 10 1 14 4.7200 72.8100 0.8000 4.7200 0.0000 61.5498 66.0055 2.5436 0.1497  185.1972 0.0000 0.0000 0.0000 0.0000 185.1972
2022 10 1 15 4.7200 75.9900 0.8000 4.7200 0.0000 61.5549 66.0106 2.5438 0.1497  193.3019 0.0000 0.0000 0.0000 0.0000 193.3019
2022 10 1 16 4.7200 149.9700 0.8000 4.7200 0.0000 61.5600 66.0157 2.5440 0.1497  381.5225 0.0000 0.0000 0.0000 0.0000 381.5225
2022 10 1 17 4.7200 184.2700 0.8000 4.7200 0.0000 61.5651 66.0208 2.5442 0.1497  468.8199 0.0000 0.0000 0.0000 0.0000 468.8199
2022 10 1 18 4.7200 213.0600 0.8000 4.7200 0.0000 61.5700 66.0257 2.5444 0.1497  542.1108 0.0000 0.0000 0.0000 0.0000 542.1108
2022 10 1 19 4.7200 196.2000 0.8000 4.7200 0.0000 61.5748 66.0305 2.5446 0.1498  499.2510 0.0000 0.0000 0.0000 0.0000 499.2510
2022 10 1 20 4.7200 157.6900 0.8000 4.7200 0.0000 61.5795 66.0351 2.5448 0.1498  401.2886 0.0000 0.0000 0.0000 0.0000 401.2886
2022 10 1 21 4.7200 120.0200 0.8000 4.7200 0.0000 61.5840 66.0397 2.5450 0.1498  305.4486 0.0000 0.0000 0.0000 0.0000 305.4486
2022 10 1 22 4.7200 84.2900 0.8000 4.7200 0.0000 61.5884 66.0440 2.5452 0.1498  214.5318 0.0000 0.0000 0.0000 0.0000 214.5318
2022 10 1 23 4.7200 70.8700 0.8000 4.7200 0.0000 61.5927 66.0483 2.5453 0.1498  180.3883 0.0000 0.0000 0.0000 0.0000 180.3883
2022 10 2 0 4.7200 70.3200 0.8000 4.7200 0.0000 61.5968 66.0525 2.5455 0.1498  179.0005 0.0000 0.0000 0.0000 0.0000 179.0005
2022 10 2 1 4.7200 63.9500 0.8000 4.7200 0.0000 61.6009 66.0566 2.5457 0.1498  162.7964 0.0000 0.0000 0.0000 0.0000 162.7964
2022 10 2 2 4.7200 68.0300 0.8000 4.7200 0.0000 61.6049 66.0606 2.5458 0.1498  173.1940 0.0000 0.0000 0.0000 0.0000 173.1940
2022 10 2 3 4.7200 64.9900 0.8000 4.7200 0.0000 61.6089 66.0646 2.5460 0.1498  165.4652 0.0000 0.0000 0.0000 0.0000 165.4652
2022 10 2 4 4.7200 65.3600 0.8000 4.7200 0.0000 61.6128 66.0684 2.5462 0.1498  166.4177 0.0000 0.0000 0.0000 0.0000 166.4177
2022 10 2 5 4.7200 65.2000 0.8000 4.7200 0.0000 61.6166 66.0723 2.5463 0.1499  166.0206 0.0000 0.0000 0.0000 0.0000 166.0206
2022 10 2 6 4.7200 127.7400 0.8000 4.7200 0.0000 61.6203 66.0760 2.5465 0.1499  325.2878 0.0000 0.0000 0.0000 0.0000 325.2878
2022 10 2 7 4.7200 93.3700 0.8000 4.7200 0.0000 61.6241 66.0797 2.5466 0.1499  237.7795 0.0000 0.0000 0.0000 0.0000 237.7795
2022 10 2 8 4.7200 212.7600 0.8000 4.7200 0.0000 61.6277 66.0834 2.5468 0.1499  541.8549 0.0000 0.0000 0.0000 0.0000 541.8549
2022 10 2 9 4.7200 232.8900 0.8000 4.7200 0.0000 61.6314 66.0870 2.5469 0.1499  593.1567 0.0000 0.0000 0.0000 0.0000 593.1567
2022 10 2 10 4.7200 233.2600 0.8000 4.7200 0.0000 61.6350 66.0906 2.5471 0.1499  594.1337 0.0000 0.0000 0.0000 0.0000 594.1337
2022 10 2 11 4.7200 253.5800 0.8000 4.7200 0.0000 61.6385 66.0942 2.5472 0.1499  645.9278 0.0000 0.0000 0.0000 0.0000 645.9278
2022 10 2 12 4.7200 287.3600 0.8000 4.7200 0.0000 61.6420 66.0977 2.5474 0.1499  732.0152 0.0000 0.0000 0.0000 0.0000 732.0152
2022 10 2 13 4.7200 254.1600 0.8000 4.7200 0.0000 61.6455 66.1012 2.5475 0.1499  647.4789 0.0000 0.0000 0.0000 0.0000 647.4789
2022 10 2 14 4.7200 224.5500 0.8000 4.7200 0.0000 61.6490 66.1047 2.5477 0.1499  572.0787 0.0000 0.0000 0.0000 0.0000 572.0787
2022 10 2 15 4.7200 107.4000 0.8000 4.7200 0.0000 61.6524 66.1080 2.5478 0.1499  273.6345 0.0000 0.0000 0.0000 0.0000 273.6345
2022 10 2 16 4.7200 220.4100 0.8000 4.7200 0.0000 61.6557 66.1114 2.5479 0.1499  561.5928 0.0000 0.0000 0.0000 0.0000 561.5928
2022 10 2 17 4.7200 297.9300 0.8000 4.7200 0.0000 61.6590 66.1147 2.5481 0.1500  759.1503 0.0000 0.0000 0.0000 0.0000 759.1503
2022 10 2 18 4.7200 331.6800 0.8000 4.7200 0.0000 61.6623 66.1180 2.5482 0.1500  845.1929 0.0000 0.0000 0.0000 0.0000 845.1929
2022 10 2 19 4.7200 318.4200 0.8000 4.7200 0.0000 61.6655 66.1212 2.5484 0.1500  811.4459 0.0000 0.0000 0.0000 0.0000 811.4459
2022 10 2 20 4.7200 253.0800 0.8000 4.7200 0.0000 61.6687 66.1244 2.5485 0.1500  644.9697 0.0000 0.0000 0.0000 0.0000 644.9697
2022 10 2 21 4.7200 178.6600 0.8000 4.7200 0.0000 61.6718 66.1275 2.5486 0.1500  455.3347 0.0000 0.0000 0.0000 0.0000 455.3347
2022 10 2 22 4.7200 165.3800 0.8000 4.7200 0.0000 61.6749 66.1305 2.5487 0.1500  421.5101 0.0000 0.0000 0.0000 0.0000 421.5101
2022 10 2 23 4.7200 194.7300 0.8000 4.7200 0.0000 61.6779 66.1335 2.5489 0.1500  496.3397 0.0000 0.0000 0.0000 0.0000 496.3397
2022 10 3 0 4.7200 179.9000 0.8000 4.7200 0.0000 61.6808 66.1365 2.5490 0.1500  458.5620 0.0000 0.0000 0.0000 0.0000 458.5620
2022 10 3 1 4.7200 171.6000 0.8000 4.7200 0.0000 61.6837 66.1394 2.5491 0.1500  437.4260 0.0000 0.0000 0.0000 0.0000 437.4260
2022 10 3 2 4.7200 100.4500 0.8000 4.7200 0.0000 61.6865 66.1422 2.5492 0.1500  256.0691 0.0000 0.0000 0.0000 0.0000 256.0691
2022 10 3 3 4.7200 104.5500 0.8000 4.7200 0.0000 61.6893 66.1450 2.5493 0.1500  266.5330 0.0000 0.0000 0.0000 0.0000 266.5330
2022 10 3 4 4.7200 140.4600 0.8000 4.7200 0.0000 61.6921 66.1478 2.5494 0.1500  358.0957 0.0000 0.0000 0.0000 0.0000 358.0957
2022 10 3 5 4.7200 212.7100 0.8000 4.7200 0.0000 61.6948 66.1505 2.5496 0.1500  542.3173 0.0000 0.0000 0.0000 0.0000 542.3173
2022 10 3 6 4.7200 305.1800 0.8000 4.7200 0.0000 61.6975 66.1532 2.5497 0.1501  778.1090 0.0000 0.0000 0.0000 0.0000 778.1090
2022 10 3 7 4.7200 323.5700 0.8000 4.7200 0.0000 61.7001 66.1558 2.5498 0.1501  825.0328 0.0000 0.0000 0.0000 0.0000 825.0328
2022 10 3 8 4.7200 275.9600 0.8000 4.7200 0.0000 61.7027 66.1584 2.5499 0.1501  703.6673 0.0000 0.0000 0.0000 0.0000 703.6673
2022 10 3 9 4.7200 212.7300 0.8000 4.7200 0.0000 61.7053 66.1610 2.5500 0.1501  542.4603 0.0000 0.0000 0.0000 0.0000 542.4603
2022 10 3 10 4.7200 156.7600 0.8000 4.7200 0.0000 61.7078 66.1635 2.5501 0.1501  399.7535 0.0000 0.0000 0.0000 0.0000 399.7535
2022 10 3 11 4.7200 126.7100 0.8000 4.7200 0.0000 61.7103 66.1660 2.5502 0.1501  323.1362 0.0000 0.0000 0.0000 0.0000 323.1362
2022 10 3 12 4.7200 137.5900 0.8000 4.7200 0.0000 61.7128 66.1685 2.5503 0.1501  350.8964 0.0000 0.0000 0.0000 0.0000 350.8964
2022 10 3 13 4.7200 154.3700 0.8000 4.7200 0.0000 61.7152 66.1709 2.5504 0.1501  393.7060 0.0000 0.0000 0.0000 0.0000 393.7060
2022 10 3 14 4.7200 196.1100 0.8000 4.7200 0.0000 61.7176 66.1733 2.5505 0.1501  500.1794 0.0000 0.0000 0.0000 0.0000 500.1794
2022 10 3 15 4.7200 238.2900 0.8000 4.7200 0.0000 61.7200 66.1757 2.5506 0.1501  607.7829 0.0000 0.0000 0.0000 0.0000 607.7829
2022 10 3 16 4.7200 332.4800 0.8000 4.7200 0.0000 61.7223 66.1780 2.5507 0.1501  848.0564 0.0000 0.0000 0.0000 0.0000 848.0564
2022 10 3 17 4.7200 367.0800 0.8000 4.7200 0.0000 61.7246 66.1803 2.5508 0.1501  936.3456 0.0000 0.0000 0.0000 0.0000 936.3456
2022 10 3 18 4.7200 373.7600 0.8000 4.7200 0.0000 61.7269 66.1826 2.5509 0.1501  953.4204 0.0000 0.0000 0.0000 0.0000 953.4204
2022 10 3 19 4.7200 364.8600 0.8000 4.7200 0.0000 61.7292 66.1849 2.5510 0.1501  930.7515 0.0000 0.0000 0.0000 0.0000 930.7515
2022 10 3 20 4.7200 326.4700 0.8000 4.7200 0.0000 61.7314 66.1871 2.5511 0.1501  832.8495 0.0000 0.0000 0.0000 0.0000 832.8495
2022 10 3 21 4.7200 319.0700 0.8000 4.7200 0.0000 61.7336 66.1893 2.5512 0.1501  814.0007 0.0000 0.0000 0.0000 0.0000 814.0007
2022 10 3 22 4.7200 297.8500 0.8000 4.7200 0.0000 61.7358 66.1915 2.5513 0.1501  759.8919 0.0000 0.0000 0.0000 0.0000 759.8919
2022 10 3 23 4.7200 211.7700 0.8000 4.7200 0.0000 61.7380 66.1937 2.5513 0.1501  540.2986 0.0000 0.0000 0.0000 0.0000 540.2986
2022 10 4 0 4.7200 193.6000 0.8000 4.7200 0.0000 61.7401 66.1958 2.5514 0.1502  493.9577 0.0000 0.0000 0.0000 0.0000 493.9577
2022 10 4 1 4.7200 193.0400 0.8000 4.7200 0.0000 61.7422 66.1979 2.5515 0.1502  492.5457 0.0000 0.0000 0.0000 0.0000 492.5457
2022 10 4 2 4.7200 173.9500 0.8000 4.7200 0.0000 61.7443 66.2000 2.5516 0.1502  443.8523 0.0000 0.0000 0.0000 0.0000 443.8523
2022 10 4 3 4.7200 192.6700 0.8000 4.7200 0.0000 61.7464 66.2021 2.5517 0.1502  491.6350 0.0000 0.0000 0.0000 0.0000 491.6350
2022 10 4 4 4.7200 202.5600 0.8000 4.7200 0.0000 61.7485 66.2042 2.5518 0.1502  516.8886 0.0000 0.0000 0.0000 0.0000 516.8886
2022 10 4 5 4.7200 252.2900 0.8000 4.7200 0.0000 61.7506 66.2062 2.5519 0.1502  643.8100 0.0000 0.0000 0.0000 0.0000 643.8100
2022 10 4 6 4.7200 299.2900 0.8000 4.7200 0.0000 61.7526 66.2083 2.5519 0.1502  763.7729 0.0000 0.0000 0.0000 0.0000 763.7729
2022 10 4 7 4.7200 308.4300 0.8000 4.7200 0.0000 61.7546 66.2103 2.5520 0.1502  787.1233 0.0000 0.0000 0.0000 0.0000 787.1233
2022 10 4 8 4.7200 303.3300 0.8000 4.7200 0.0000 61.7566 66.2123 2.5521 0.1502  774.1328 0.0000 0.0000 0.0000 0.0000 774.1328
2022 10 4 9 4.7200 266.3100 0.8000 4.7200 0.0000 61.7585 66.2142 2.5522 0.1502  679.6752 0.0000 0.0000 0.0000 0.0000 679.6752
2022 10 4 10 4.7200 223.4600 0.8000 4.7200 0.0000 61.7605 66.2162 2.5523 0.1502  570.3316 0.0000 0.0000 0.0000 0.0000 570.3316
2022 10 4 11 4.7200 171.5200 0.8000 4.7200 0.0000 61.7624 66.2181 2.5524 0.1502  437.7801 0.0000 0.0000 0.0000 0.0000 437.7801
2022 10 4 12 4.7200 159.6400 0.8000 4.7200 0.0000 61.7643 66.2200 2.5524 0.1502  407.4707 0.0000 0.0000 0.0000 0.0000 407.4707
2022 10 4 13 4.7200 148.3800 0.8000 4.7200 0.0000 61.7662 66.2219 2.5525 0.1502  378.7419 0.0000 0.0000 0.0000 0.0000 378.7419
2022 10 4 14 4.7200 152.6300 0.8000 4.7200 0.0000 61.7681 66.2238 2.5526 0.1502  389.6020 0.0000 0.0000 0.0000 0.0000 389.6020
2022 10 4 15 4.7200 187.8200 0.8000 4.7200 0.0000 61.7700 66.2257 2.5527 0.1502  479.4422 0.0000 0.0000 0.0000 0.0000 479.4422
2022 10 4 16 4.7200 211.9200 0.8000 4.7200 0.0000 61.7719 66.2275 2.5527 0.1502  540.9778 0.0000 0.0000 0.0000 0.0000 540.9778
2022 10 4 17 4.7200 236.0900 0.8000 4.7200 0.0000 61.7737 66.2294 2.5528 0.1502  602.6957 0.0000 0.0000 0.0000 0.0000 602.6957
2022 10 4 18 4.7200 212.0100 0.8000 4.7200 0.0000 61.7755 66.2312 2.5529 0.1502  541.2398 0.0000 0.0000 0.0000 0.0000 541.2398
2022 10 4 19 4.7200 178.5700 0.8000 4.7200 0.0000 61.7774 66.2331 2.5530 0.1502  455.8845 0.0000 0.0000 0.0000 0.0000 455.8845
2022 10 4 20 4.7200 159.3100 0.8000 4.7200 0.0000 61.7792 66.2349 2.5530 0.1503  406.7263 0.0000 0.0000 0.0000 0.0000 406.7263
2022 10 4 21 4.7200 161.8500 0.8000 4.7200 0.0000 61.7810 66.2367 2.5531 0.1503  413.2233 0.0000 0.0000 0.0000 0.0000 413.2233
2022 10 4 22 4.7200 141.6400 0.8000 4.7200 0.0000 61.7829 66.2385 2.5532 0.1503  361.6353 0.0000 0.0000 0.0000 0.0000 361.6353
2022 10 4 23 4.7200 45.8400 0.8000 4.7200 0.0000 61.7847 66.2404 2.5533 0.1503  117.0422 0.0000 0.0000 0.0000 0.0000 117.0422
2022 10 5 0 4.7200 87.4300 0.8000 4.7200 0.0000 61.7865 66.2422 2.5534 0.1503  223.2396 0.0000 0.0000 0.0000 0.0000 223.2396
2022 10 5 1 4.7200 56.7800 0.8000 4.7200 0.0000 61.7884 66.2441 2.5534 0.1503  144.9836 0.0000 0.0000 0.0000 0.0000 144.9836
2022 10 5 2 4.7200 48.3100 0.8000 4.7200 0.0000 61.7902 66.2459 2.5535 0.1503  123.3598 0.0000 0.0000 0.0000 0.0000 123.3598
2022 10 5 3 4.7200 44.0500 0.8000 4.7200 0.0000 61.7921 66.2478 2.5536 0.1503  112.4853 0.0000 0.0000 0.0000 0.0000 112.4853
2022 10 5 4 4.7200 42.4300 0.8000 4.7200 0.0000 61.7940 66.2497 2.5537 0.1503  108.3519 0.0000 0.0000 0.0000 0.0000 108.3519
2022 10 5 5 4.7200 97.9500 0.8000 4.7200 0.0000 61.7960 66.2516 2.5537 0.1503  250.1389 0.0000 0.0000 0.0000 0.0000 250.1389
2022 10 5 6 4.7200 156.5100 0.8000 4.7200 0.0000 61.7979 66.2536 2.5538 0.1503  399.6985 0.0000 0.0000 0.0000 0.0000 399.6985
2022 10 5 7 4.7200 163.2100 0.8000 4.7200 0.0000 61.7998 66.2555 2.5539 0.1503  416.8223 0.0000 0.0000 0.0000 0.0000 416.8223
2022 10 5 8 4.7200 110.0400 0.8000 4.7200 0.0000 61.8018 66.2575 2.5540 0.1503  281.0404 0.0000 0.0000 0.0000 0.0000 281.0404
2022 10 5 9 4.7200 100.8000 0.8000 4.7200 0.0000 61.8038 66.2595 2.5541 0.1503  257.4499 0.0000 0.0000 0.0000 0.0000 257.4499
2022 10 5 10 4.7200 57.5400 0.8000 4.7200 0.0000 61.8059 66.2615 2.5542 0.1503  146.9658 0.0000 0.0000 0.0000 0.0000 146.9658
2022 10 5 11 4.7200 40.8600 0.8000 4.7200 0.0000 61.8079 66.2636 2.5542 0.1503  104.3661 0.0000 0.0000 0.0000 0.0000 104.3661
2022 10 5 12 4.7200 24.7000 0.8000 4.7200 0.0000 61.8100 66.2657 2.5543 0.1503  63.0918 0.0000 0.0000 0.0000 0.0000 63.0918
2022 10 5 13 4.7200 18.0200 0.8000 4.7200 0.0000 61.8122 66.2679 2.5544 0.1503  46.0305 0.0000 0.0000 0.0000 0.0000 46.0305
2022 10 5 14 4.7200 20.4400 0.8000 4.7200 0.0000 61.8144 66.2701 2.5545 0.1503  52.2141 0.0000 0.0000 0.0000 0.0000 52.2141
2022 10 5 15 4.7200 37.6900 0.8000 4.7200 0.0000 61.8168 66.2725 2.5546 0.1503  96.2830 0.0000 0.0000 0.0000 0.0000 96.2830
2022 10 5 16 4.7200 26.9600 0.8000 4.7200 0.0000 61.8194 66.2751 2.5547 0.1503  68.8750 0.0000 0.0000 0.0000 0.0000 68.8750
2022 10 5 17 4.7200 21.1800 0.8000 4.7200 0.0000 61.8225 66.2782 2.5548 0.1504  54.1115 0.0000 0.0000 0.0000 0.0000 54.1115
2022 10 5 18 4.7200 16.7800 0.8000 4.7200 0.0000 61.8263 66.2820 2.5550 0.1504  42.8728 0.0000 0.0000 0.0000 0.0000 42.8728
2022 10 5 19 4.7200 11.5800 0.8000 4.7200 0.0000 61.8312 66.2869 2.5552 0.1504  29.5892 0.0000 0.0000 0.0000 0.0000 29.5892
2022 10 5 20 4.7200 18.3700 0.8000 4.7200 0.0000 61.8375 66.2931 2.5555 0.1504  46.9437 0.0000 0.0000 0.0000 0.0000 46.9437
2022 10 5 21 4.7200 21.8600 0.8000 4.7200 0.0000 61.8448 66.3005 2.5558 0.1504  55.8689 0.0000 0.0000 0.0000 0.0000 55.8689
2022 10 5 22 4.7200 2.0500 0.8000 4.7200 0.0000 61.8528 66.3085 2.5561 0.1504  5.2400 0.0000 0.0000 0.0000 0.0000 5.2400
2022 10 5 23 4.7200 1.0000 0.8000 4.7200 0.0000 61.8613 66.3169 2.5564 0.1504  2.5564 0.0000 0.0000 0.0000 0.0000 2.5564
2022 10 6 0 4.7200 0.4200 0.8000 4.7200 0.0000 61.8698 66.3254 2.5568 0.1505  1.0739 0.0000 0.0000 0.0000 0.0000 1.0739
2022 10 6 1 4.7200 0.0900 0.8000 4.7200 0.0000 61.8781 66.3338 2.5571 0.1505  0.2301 0.0000 0.0000 0.0000 0.0000 0.2301
2022 10 6 2 4.7200 0.0800 0.8000 4.7200 0.0000 61.8863 66.3420 2.5575 0.1505  0.2046 0.0000 0.0000 0.0000 0.0000 0.2046
2022 10 6 3 4.7200 0.0700 0.8000 4.7200 0.0000 61.8942 66.3499 2.5578 0.1505  0.1790 0.0000 0.0000 0.0000 0.0000 0.1790
2022 10 6 4 4.7200 0.6100 0.8000 4.7200 0.0000 61.9017 66.3574 2.5581 0.1505  1.5604 0.0000 0.0000 0.0000 0.0000 1.5604
2022 10 6 5 4.7200 21.7200 0.8000 4.7200 0.0000 61.9089 66.3646 2.5584 0.1506  55.5687 0.0000 0.0000 0.0000 0.0000 55.5687
2022 10 6 6 4.7200 53.6700 0.8000 4.7200 0.0000 61.9157 66.3714 2.5587 0.1506  137.3248 0.0000 0.0000 0.0000 0.0000 137.3248
2022 10 6 7 4.7200 62.8000 0.8000 4.7200 0.0000 61.9220 66.3777 2.5590 0.1506  160.7021 0.0000 0.0000 0.0000 0.0000 160.7021
2022 10 6 8 4.7200 45.2800 0.8000 4.7200 0.0000 61.9280 66.3836 2.5592 0.1506  115.8804 0.0000 0.0000 0.0000 0.0000 115.8804
2022 10 6 9 4.7200 40.1800 0.8000 4.7200 0.0000 61.9335 66.3892 2.5594 0.1506  102.8377 0.0000 0.0000 0.0000 0.0000 102.8377
2022 10 6 10 4.7200 9.3600 0.8000 4.7200 0.0000 61.9387 66.3944 2.5596 0.1506  23.9582 0.0000 0.0000 0.0000 0.0000 23.9582
2022 10 6 11 4.7200 5.9500 0.8000 4.7200 0.0000 61.9436 66.3993 2.5598 0.1506  15.2311 0.0000 0.0000 0.0000 0.0000 15.2311
2022 10 6 12 4.7200 4.6000 0.8000 4.7200 0.0000 61.9482 66.4039 2.5600 0.1507  11.7762 0.0000 0.0000 0.0000 0.0000 11.7762
2022 10 6 13 4.7200 4.2200 0.8000 4.7200 0.0000 61.9525 66.4082 2.5602 0.1507  10.8041 0.0000 0.0000 0.0000 0.0000 10.8041
2022 10 6 14 4.7200 15.6000 0.8000 4.7200 0.0000 61.9567 66.4124 2.5604 0.1507  39.9420 0.0000 0.0000 0.0000 0.0000 39.9420
2022 10 6 15 4.7200 19.1800 0.8000 4.7200 0.0000 61.9606 66.4163 2.5605 0.1507  49.1113 0.0000 0.0000 0.0000 0.0000 49.1113
2022 10 6 16 4.7200 25.5800 0.8000 4.7200 0.0000 61.9644 66.4201 2.5607 0.1507  65.5027 0.0000 0.0000 0.0000 0.0000 65.5027
2022 10 6 17 4.7200 42.8600 0.8000 4.7200 0.0000 61.9680 66.4237 2.5609 0.1507  109.7580 0.0000 0.0000 0.0000 0.0000 109.7580
2022 10 6 18 4.7200 47.0300 0.8000 4.7200 0.0000 61.9714 66.4271 2.5610 0.1507  120.4435 0.0000 0.0000 0.0000 0.0000 120.4435
2022 10 6 19 4.7200 46.6000 0.8000 4.7200 0.0000 61.9748 66.4305 2.5611 0.1507  119.3487 0.0000 0.0000 0.0000 0.0000 119.3487
2022 10 6 20 4.7200 42.9500 0.8000 4.7200 0.0000 61.9780 66.4337 2.5613 0.1507  110.0063 0.0000 0.0000 0.0000 0.0000 110.0063
2022 10 6 21 4.7200 37.9000 0.8000 4.7200 0.0000 61.9811 66.4368 2.5614 0.1507  97.0768 0.0000 0.0000 0.0000 0.0000 97.0768
2022 10 6 22 4.7200 27.9100 0.8000 4.7200 0.0000 61.9841 66.4398 2.5615 0.1507  71.4920 0.0000 0.0000 0.0000 0.0000 71.4920
2022 10 6 23 4.7200 18.2500 0.8000 4.7200 0.0000 61.9871 66.4427 2.5616 0.1508  46.7499 0.0000 0.0000 0.0000 0.0000 46.7499
2022 10 7 0 4.7200 5.0700 0.8000 4.7200 0.0000 61.9899 66.4456 2.5618 0.1508  12.9881 0.0000 0.0000 0.0000 0.0000 12.9881
2022 10 7 1 4.7200 1.4100 0.8000 4.7200 0.0000 61.9927 66.4483 2.5619 0.1508  3.6122 0.0000 0.0000 0.0000 0.0000 3.6122
2022 10 7 2 4.7200 0.4700 0.8000 4.7200 0.0000 61.9953 66.4510 2.5620 0.1508  1.2041 0.0000 0.0000 0.0000 0.0000 1.2041
2022 10 7 3 4.7200 0.1000 0.8000 4.7200 0.0000 61.9980 66.4536 2.5621 0.1508  0.2562 0.0000 0.0000 0.0000 0.0000 0.2562
2022 10 7 4 4.7200 0.8400 0.8000 4.7200 0.0000 62.0005 66.4562 2.5622 0.1508  2.1522 0.0000 0.0000 0.0000 0.0000 2.1522
2022 10 7 5 4.7200 6.2000 0.8000 4.7200 0.0000 62.0030 66.4587 2.5623 0.1508  15.8863 0.0000 0.0000 0.0000 0.0000 15.8863
2022 10 7 6 4.7200 52.1500 0.8000 4.7200 0.0000 62.0055 66.4612 2.5624 0.1508  133.6293 0.0000 0.0000 0.0000 0.0000 133.6293
2022 10 7 7 4.7200 53.4600 0.8000 4.7200 0.0000 62.0080 66.4637 2.5625 0.1508  136.9915 0.0000 0.0000 0.0000 0.0000 136.9915
2022 10 7 8 4.7200 50.7000 0.8000 4.7200 0.0000 62.0105 66.4662 2.5626 0.1508  129.9242 0.0000 0.0000 0.0000 0.0000 129.9242
2022 10 7 9 4.7200 41.6200 0.8000 4.7200 0.0000 62.0130 66.4687 2.5627 0.1508  106.6600 0.0000 0.0000 0.0000 0.0000 106.6600
2022 10 7 10 4.7200 22.0600 0.8000 4.7200 0.0000 62.0155 66.4712 2.5628 0.1508  56.5357 0.0000 0.0000 0.0000 0.0000 56.5357
2022 10 7 11 4.7200 14.6600 0.8000 4.7200 0.0000 62.0180 66.4737 2.5629 0.1508  37.5724 0.0000 0.0000 0.0000 0.0000 37.5724
2022 10 7 12 4.7200 14.7600 0.8000 4.7200 0.0000 62.0206 66.4763 2.5630 0.1508  37.8303 0.0000 0.0000 0.0000 0.0000 37.8303
2022 10 7 13 4.7200 20.9900 0.8000 4.7200 0.0000 62.0233 66.4790 2.5631 0.1508  53.8002 0.0000 0.0000 0.0000 0.0000 53.8002
2022 10 7 14 4.7200 19.3400 0.8000 4.7200 0.0000 62.0261 66.4818 2.5633 0.1509  49.5733 0.0000 0.0000 0.0000 0.0000 49.5733
2022 10 7 15 4.7200 24.8400 0.8000 4.7200 0.0000 62.0291 66.4847 2.5634 0.1509  63.6742 0.0000 0.0000 0.0000 0.0000 63.6742
2022 10 7 16 4.7200 36.4200 0.8000 4.7200 0.0000 62.0322 66.4878 2.5635 0.1509  93.3628 0.0000 0.0000 0.0000 0.0000 93.3628
2022 10 7 17 4.7200 55.8200 0.8000 4.7200 0.0000 62.0354 66.4910 2.5636 0.1509  143.1021 0.0000 0.0000 0.0000 0.0000 143.1021
2022 10 7 18 4.7200 53.6500 0.8000 4.7200 0.0000 62.0386 66.4943 2.5638 0.1509  137.5462 0.0000 0.0000 0.0000 0.0000 137.5462
2022 10 7 19 4.7200 41.8400 0.8000 4.7200 0.0000 62.0420 66.4976 2.5639 0.1509  107.2739 0.0000 0.0000 0.0000 0.0000 107.2739
2022 10 7 20 4.7200 53.6400 0.8000 4.7200 0.0000 62.0453 66.5010 2.5640 0.1509  137.5355 0.0000 0.0000 0.0000 0.0000 137.5355
2022 10 7 21 4.7200 54.9800 0.8000 4.7200 0.0000 62.0487 66.5044 2.5642 0.1509  140.9790 0.0000 0.0000 0.0000 0.0000 140.9790
2022 10 7 22 4.7200 53.6100 0.8000 4.7200 0.0000 62.0521 66.5078 2.5643 0.1509  137.4736 0.0000 0.0000 0.0000 0.0000 137.4736
2022 10 7 23 4.7200 48.2200 0.8000 4.7200 0.0000 62.0555 66.5112 2.5645 0.1509  123.6586 0.0000 0.0000 0.0000 0.0000 123.6586
2022 10 8 0 4.7200 48.6400 0.8000 4.7200 0.0000 62.0589 66.5146 2.5646 0.1509  124.7425 0.0000 0.0000 0.0000 0.0000 124.7425
2022 10 8 1 4.7200 48.9600 0.8000 4.7200 0.0000 62.0623 66.5179 2.5647 0.1509  125.5700 0.0000 0.0000 0.0000 0.0000 125.5700
2022 10 8 2 4.7200 49.1500 0.8000 4.7200 0.0000 62.0656 66.5213 2.5649 0.1509  126.0640 0.0000 0.0000 0.0000 0.0000 126.0640
2022 10 8 3 4.7200 49.1200 0.8000 4.7200 0.0000 62.0688 66.5245 2.5650 0.1510  125.9937 0.0000 0.0000 0.0000 0.0000 125.9937
2022 10 8 4 4.7200 49.4900 0.8000 4.7200 0.0000 62.0721 66.5277 2.5652 0.1510  126.9493 0.0000 0.0000 0.0000 0.0000 126.9493
2022 10 8 5 4.7200 50.1000 0.8000 4.7200 0.0000 62.0752 66.5309 2.5653 0.1510  128.5206 0.0000 0.0000 0.0000 0.0000 128.5206
2022 10 8 6 4.7200 64.2600 0.8000 4.7200 0.0000 62.0783 66.5340 2.5654 0.1510  164.8533 0.0000 0.0000 0.0000 0.0000 164.8533
2022 10 8 7 4.7200 71.4500 0.8000 4.7200 0.0000 62.0814 66.5371 2.5655 0.1510  183.3076 0.0000 0.0000 0.0000 0.0000 183.3076
2022 10 8 8 4.7200 71.4800 0.8000 4.7200 0.0000 62.0844 66.5401 2.5657 0.1510  183.3934 0.0000 0.0000 0.0000 0.0000 183.3934
2022 10 8 9 4.7200 55.0100 0.8000 4.7200 0.0000 62.0873 66.5430 2.5658 0.1510  141.1437 0.0000 0.0000 0.0000 0.0000 141.1437
2022 10 8 10 4.7200 49.0400 0.8000 4.7200 0.0000 62.0902 66.5459 2.5659 0.1510  125.8318 0.0000 0.0000 0.0000 0.0000 125.8318
2022 10 8 11 4.7200 39.7700 0.8000 4.7200 0.0000 62.0931 66.5487 2.5660 0.1510  102.0506 0.0000 0.0000 0.0000 0.0000 102.0506
2022 10 8 12 4.7200 37.7800 0.8000 4.7200 0.0000 62.0959 66.5515 2.5661 0.1510  96.9486 0.0000 0.0000 0.0000 0.0000 96.9486
2022 10 8 13 4.7200 32.3100 0.8000 4.7200 0.0000 62.0986 66.5543 2.5662 0.1510  82.9155 0.0000 0.0000 0.0000 0.0000 82.9155
2022 10 8 14 4.7200 32.2800 0.8000 4.7200 0.0000 62.1013 66.5570 2.5664 0.1510  82.8421 0.0000 0.0000 0.0000 0.0000 82.8421
2022 10 8 15 4.7200 45.2300 0.8000 4.7200 0.0000 62.1040 66.5597 2.5665 0.1510  116.0815 0.0000 0.0000 0.0000 0.0000 116.0815
2022 10 8 16 4.7200 49.0200 0.8000 4.7200 0.0000 62.1066 66.5623 2.5666 0.1510  125.8138 0.0000 0.0000 0.0000 0.0000 125.8138
2022 10 8 17 4.7200 54.9800 0.8000 4.7200 0.0000 62.1092 66.5649 2.5667 0.1511  141.1165 0.0000 0.0000 0.0000 0.0000 141.1165
2022 10 8 18 4.7200 51.4900 0.8000 4.7200 0.0000 62.1118 66.5675 2.5668 0.1511  132.1642 0.0000 0.0000 0.0000 0.0000 132.1642
2022 10 8 19 4.7200 49.7900 0.8000 4.7200 0.0000 62.1143 66.5700 2.5669 0.1511  127.8059 0.0000 0.0000 0.0000 0.0000 127.8059
2022 10 8 20 4.7200 50.2500 0.8000 4.7200 0.0000 62.1168 66.5725 2.5670 0.1511  128.9918 0.0000 0.0000 0.0000 0.0000 128.9918
2022 10 8 21 4.7200 61.8100 0.8000 4.7200 0.0000 62.1193 66.5750 2.5671 0.1511  158.6727 0.0000 0.0000 0.0000 0.0000 158.6727
2022 10 8 22 4.7200 67.7700 0.8000 4.7200 0.0000 62.1217 66.5774 2.5672 0.1511  173.9794 0.0000 0.0000 0.0000 0.0000 173.9794
2022 10 8 23 4.7200 101.8400 0.8000 4.7200 0.0000 62.1241 66.5798 2.5673 0.1511  261.4542 0.0000 0.0000 0.0000 0.0000 261.4542
2022 10 9 0 4.7200 101.4500 0.8000 4.7200 0.0000 62.1265 66.5822 2.5674 0.1511  260.4629 0.0000 0.0000 0.0000 0.0000 260.4629
2022 10 9 1 4.7200 102.2400 0.8000 4.7200 0.0000 62.1288 66.5845 2.5675 0.1511  262.5009 0.0000 0.0000 0.0000 0.0000 262.5009
2022 10 9 2 4.7200 102.7000 0.8000 4.7200 0.0000 62.1311 66.5868 2.5676 0.1511  263.6917 0.0000 0.0000 0.0000 0.0000 263.6917
2022 10 9 3 4.7200 102.7700 0.8000 4.7200 0.0000 62.1334 66.5891 2.5677 0.1511  263.8810 0.0000 0.0000 0.0000 0.0000 263.8810
2022 10 9 4 4.7200 102.2400 0.8000 4.7200 0.0000 62.1356 66.5913 2.5678 0.1511  262.5295 0.0000 0.0000 0.0000 0.0000 262.5295
2022 10 9 5 4.7200 102.7200 0.8000 4.7200 0.0000 62.1378 66.5935 2.5679 0.1511  263.7714 0.0000 0.0000 0.0000 0.0000 263.7714
2022 10 9 6 4.7200 99.4200 0.8000 4.7200 0.0000 62.1399 66.5956 2.5680 0.1511  255.3062 0.0000 0.0000 0.0000 0.0000 255.3062
2022 10 9 7 4.7200 103.4500 0.8000 4.7200 0.0000 62.1421 66.5977 2.5680 0.1511  265.6642 0.0000 0.0000 0.0000 0.0000 265.6642
2022 10 9 8 4.7200 104.4300 0.8000 4.7200 0.0000 62.1441 66.5998 2.5681 0.1511  268.1898 0.0000 0.0000 0.0000 0.0000 268.1898
2022 10 9 9 4.7200 101.2600 0.8000 4.7200 0.0000 62.1462 66.6019 2.5682 0.1511  260.0574 0.0000 0.0000 0.0000 0.0000 260.0574
2022 10 9 10 4.7200 91.5900 0.8000 4.7200 0.0000 62.1482 66.6039 2.5683 0.1511  235.2304 0.0000 0.0000 0.0000 0.0000 235.2304
2022 10 9 11 4.7200 60.8200 0.8000 4.7200 0.0000 62.1502 66.6059 2.5684 0.1512  156.2089 0.0000 0.0000 0.0000 0.0000 156.2089
2022 10 9 12 4.7200 52.2200 0.8000 4.7200 0.0000 62.1521 66.6078 2.5685 0.1512  134.1250 0.0000 0.0000 0.0000 0.0000 134.1250
2022 10 9 13 4.7200 57.1900 0.8000 4.7200 0.0000 62.1541 66.6098 2.5685 0.1512  146.8948 0.0000 0.0000 0.0000 0.0000 146.8948
2022 10 9 14 4.7200 84.2000 0.8000 4.7200 0.0000 62.1560 66.6117 2.5686 0.1512  216.2777 0.0000 0.0000 0.0000 0.0000 216.2777
2022 10 9 15 4.7200 100.5700 0.8000 4.7200 0.0000 62.1578 66.6135 2.5687 0.1512  258.3338 0.0000 0.0000 0.0000 0.0000 258.3338
2022 10 9 16 4.7200 103.3400 0.8000 4.7200 0.0000 62.1597 66.6153 2.5688 0.1512  265.4569 0.0000 0.0000 0.0000 0.0000 265.4569
2022 10 9 17 4.7200 103.9300 0.8000 4.7200 0.0000 62.1615 66.6172 2.5688 0.1512  266.9802 0.0000 0.0000 0.0000 0.0000 266.9802
2022 10 9 18 4.7200 104.3000 0.8000 4.7200 0.0000 62.1633 66.6189 2.5689 0.1512  267.9384 0.0000 0.0000 0.0000 0.0000 267.9384
2022 10 9 19 4.7200 100.5600 0.8000 4.7200 0.0000 62.1650 66.6207 2.5690 0.1512  258.3379 0.0000 0.0000 0.0000 0.0000 258.3379
2022 10 9 20 4.7200 96.1400 0.8000 4.7200 0.0000 62.1667 66.6224 2.5691 0.1512  246.9898 0.0000 0.0000 0.0000 0.0000 246.9898
2022 10 9 21 4.7200 94.0000 0.8000 4.7200 0.0000 62.1684 66.6241 2.5691 0.1512  241.4986 0.0000 0.0000 0.0000 0.0000 241.4986
2022 10 9 22 4.7200 62.7200 0.8000 4.7200 0.0000 62.1701 66.6258 2.5692 0.1512  161.1404 0.0000 0.0000 0.0000 0.0000 161.1404
2022 10 9 23 4.7200 72.3700 0.8000 4.7200 0.0000 62.1718 66.6274 2.5693 0.1512  185.9382 0.0000 0.0000 0.0000 0.0000 185.9382
2022 10 10 0 4.7200 71.7400 0.8000 4.7200 0.0000 62.1734 66.6291 2.5693 0.1512  184.3244 0.0000 0.0000 0.0000 0.0000 184.3244
2022 10 10 1 4.7200 69.5500 0.8000 4.7200 0.0000 62.1750 66.6307 2.5694 0.1512  178.7022 0.0000 0.0000 0.0000 0.0000 178.7022
2022 10 10 2 4.7200 71.7600 0.8000 4.7200 0.0000 62.1766 66.6323 2.5695 0.1512  184.3853 0.0000 0.0000 0.0000 0.0000 184.3853
2022 10 10 3 4.7200 81.6400 0.8000 4.7200 0.0000 62.1782 66.6339 2.5695 0.1512  209.7770 0.0000 0.0000 0.0000 0.0000 209.7770
2022 10 10 4 4.7200 102.5800 0.8000 4.7200 0.0000 62.1797 66.6354 2.5696 0.1512  263.5897 0.0000 0.0000 0.0000 0.0000 263.5897
2022 10 10 5 4.7200 133.4400 0.8000 4.7200 0.0000 62.1813 66.6370 2.5697 0.1512  342.8961 0.0000 0.0000 0.0000 0.0000 342.8961
2022 10 10 6 4.7200 162.5600 0.8000 4.7200 0.0000 62.1828 66.6385 2.5697 0.1512  417.7349 0.0000 0.0000 0.0000 0.0000 417.7349
2022 10 10 7 4.7200 173.7700 0.8000 4.7200 0.0000 62.1843 66.6400 2.5698 0.1512  446.5523 0.0000 0.0000 0.0000 0.0000 446.5523
2022 10 10 8 4.7200 178.8300 0.8000 4.7200 0.0000 62.1857 66.6414 2.5698 0.1512  459.5662 0.0000 0.0000 0.0000 0.0000 459.5662
2022 10 10 9 4.7200 167.0200 0.8000 4.7200 0.0000 62.1872 66.6429 2.5699 0.1512  429.2263 0.0000 0.0000 0.0000 0.0000 429.2263
2022 10 10 10 4.7200 161.4700 0.8000 4.7200 0.0000 62.1886 66.6443 2.5700 0.1512  414.9728 0.0000 0.0000 0.0000 0.0000 414.9728
2022 10 10 11 4.7200 136.1400 0.8000 4.7200 0.0000 62.1900 66.6457 2.5700 0.1512  349.8834 0.0000 0.0000 0.0000 0.0000 349.8834
2022 10 10 12 4.7200 132.9400 0.8000 4.7200 0.0000 62.1915 66.6471 2.5701 0.1513  341.6673 0.0000 0.0000 0.0000 0.0000 341.6673
2022 10 10 13 4.7200 133.0400 0.8000 4.7200 0.0000 62.1929 66.6486 2.5701 0.1513  341.9323 0.0000 0.0000 0.0000 0.0000 341.9323
2022 10 10 14 4.7200 141.3400 0.8000 4.7200 0.0000 62.1944 66.6501 2.5702 0.1513  363.2734 0.0000 0.0000 0.0000 0.0000 363.2734
2022 10 10 15 4.7200 160.4900 0.8000 4.7200 0.0000 62.1960 66.6517 2.5703 0.1513  412.5032 0.0000 0.0000 0.0000 0.0000 412.5032
2022 10 10 16 4.7200 165.5600 0.8000 4.7200 0.0000 62.1976 66.6533 2.5703 0.1513  425.5454 0.0000 0.0000 0.0000 0.0000 425.5454
2022 10 10 17 4.7200 168.6200 0.8000 4.7200 0.0000 62.1992 66.6549 2.5704 0.1513  433.4220 0.0000 0.0000 0.0000 0.0000 433.4220
2022 10 10 18 4.7200 162.6800 0.8000 4.7200 0.0000 62.2009 66.6566 2.5705 0.1513  418.1649 0.0000 0.0000 0.0000 0.0000 418.1649
2022 10 10 19 4.7200 160.5200 0.8000 4.7200 0.0000 62.2026 66.6583 2.5705 0.1513  412.6239 0.0000 0.0000 0.0000 0.0000 412.6239
2022 10 10 20 4.7200 160.1700 0.8000 4.7200 0.0000 62.2043 66.6600 2.5706 0.1513  411.7355 0.0000 0.0000 0.0000 0.0000 411.7355
2022 10 10 21 4.7200 157.6000 0.8000 4.7200 0.0000 62.2060 66.6617 2.5707 0.1513  405.1402 0.0000 0.0000 0.0000 0.0000 405.1402
2022 10 10 22 4.7200 126.3100 0.8000 4.7200 0.0000 62.2077 66.6634 2.5708 0.1513  324.7124 0.0000 0.0000 0.0000 0.0000 324.7124
2022 10 10 23 4.7200 125.2100 0.8000 4.7200 0.0000 62.2094 66.6651 2.5708 0.1513  321.8934 0.0000 0.0000 0.0000 0.0000 321.8934
2022 10 11 0 4.7200 119.9400 0.8000 4.7200 0.0000 62.2111 66.6668 2.5709 0.1513  308.3536 0.0000 0.0000 0.0000 0.0000 308.3536
2022 10 11 1 4.7200 111.4600 0.8000 4.7200 0.0000 62.2128 66.6685 2.5710 0.1513  286.5602 0.0000 0.0000 0.0000 0.0000 286.5602
2022 10 11 2 4.7200 113.5700 0.8000 4.7200 0.0000 62.2145 66.6702 2.5710 0.1513  291.9929 0.0000 0.0000 0.0000 0.0000 291.9929
2022 10 11 3 4.7200 124.1800 0.8000 4.7200 0.0000 62.2162 66.6719 2.5711 0.1513  319.2802 0.0000 0.0000 0.0000 0.0000 319.2802
2022 10 11 4 4.7200 135.4700 0.8000 4.7200 0.0000 62.2178 66.6735 2.5712 0.1513  348.3172 0.0000 0.0000 0.0000 0.0000 348.3172
2022 10 11 5 4.7200 162.6600 0.8000 4.7200 0.0000 62.2195 66.6752 2.5712 0.1513  418.2385 0.0000 0.0000 0.0000 0.0000 418.2385
2022 10 11 6 4.7200 183.1300 0.8000 4.7200 0.0000 62.2211 66.6768 2.5713 0.1513  470.8841 0.0000 0.0000 0.0000 0.0000 470.8841
2022 10 11 7 4.7200 189.7600 0.8000 4.7200 0.0000 62.2227 66.6784 2.5714 0.1513  487.9444 0.0000 0.0000 0.0000 0.0000 487.9444
2022 10 11 8 4.7200 210.0800 0.8000 4.7200 0.0000 62.2243 66.6800 2.5714 0.1513  540.2085 0.0000 0.0000 0.0000 0.0000 540.2085
2022 10 11 9 4.7200 217.8500 0.8000 4.7200 0.0000 62.2258 66.6815 2.5715 0.1513  560.2026 0.0000 0.0000 0.0000 0.0000 560.2026
2022 10 11 10 4.7200 214.9500 0.8000 4.7200 0.0000 62.2274 66.6830 2.5716 0.1513  552.7589 0.0000 0.0000 0.0000 0.0000 552.7589
2022 10 11 11 4.7200 187.4400 0.8000 4.7200 0.0000 62.2289 66.6846 2.5716 0.1513  482.0268 0.0000 0.0000 0.0000 0.0000 482.0268
2022 10 11 12 4.7200 184.0200 0.8000 4.7200 0.0000 62.2304 66.6861 2.5717 0.1513  473.2431 0.0000 0.0000 0.0000 0.0000 473.2431
2022 10 11 13 4.7200 182.3900 0.8000 4.7200 0.0000 62.2318 66.6875 2.5718 0.1514  469.0624 0.0000 0.0000 0.0000 0.0000 469.0624
2022 10 11 14 4.7200 181.7100 0.8000 4.7200 0.0000 62.2333 66.6890 2.5718 0.1514  467.3245 0.0000 0.0000 0.0000 0.0000 467.3245
2022 10 11 15 4.7200 185.6900 0.8000 4.7200 0.0000 62.2347 66.6904 2.5719 0.1514  477.5713 0.0000 0.0000 0.0000 0.0000 477.5713
2022 10 11 16 4.7200 189.7600 0.8000 4.7200 0.0000 62.2362 66.6918 2.5719 0.1514  488.0499 0.0000 0.0000 0.0000 0.0000 488.0499
2022 10 11 17 4.7200 194.2900 0.8000 4.7200 0.0000 62.2376 66.6932 2.5720 0.1514  499.7120 0.0000 0.0000 0.0000 0.0000 499.7120
2022 10 11 18 4.7200 189.3400 0.8000 4.7200 0.0000 62.2389 66.6946 2.5720 0.1514  486.9915 0.0000 0.0000 0.0000 0.0000 486.9915
2022 10 11 19 4.7200 185.5600 0.8000 4.7200 0.0000 62.2403 66.6960 2.5721 0.1514  477.2797 0.0000 0.0000 0.0000 0.0000 477.2797
2022 10 11 20 4.7200 183.9100 0.8000 4.7200 0.0000 62.2417 66.6973 2.5722 0.1514  473.0460 0.0000 0.0000 0.0000 0.0000 473.0460
2022 10 11 21 4.7200 169.1700 0.8000 4.7200 0.0000 62.2430 66.6987 2.5722 0.1514  435.1417 0.0000 0.0000 0.0000 0.0000 435.1417
2022 10 11 22 4.7200 158.2600 0.8000 4.7200 0.0000 62.2443 66.7000 2.5723 0.1514  407.0874 0.0000 0.0000 0.0000 0.0000 407.0874
2022 10 11 23 4.7200 209.0800 0.8000 4.7200 0.0000 62.2456 66.7013 2.5723 0.1514  537.8215 0.0000 0.0000 0.0000 0.0000 537.8215
2022 10 12 0 4.7200 194.2600 0.8000 4.7200 0.0000 62.2469 66.7026 2.5724 0.1514  499.7099 0.0000 0.0000 0.0000 0.0000 499.7099
2022 10 12 1 4.7200 209.5300 0.8000 4.7200 0.0000 62.2482 66.7038 2.5724 0.1514  539.0011 0.0000 0.0000 0.0000 0.0000 539.0011
2022 10 12 2 4.7200 201.3000 0.8000 4.7200 0.0000 62.2494 66.7051 2.5725 0.1514  517.8403 0.0000 0.0000 0.0000 0.0000 517.8403
2022 10 12 3 4.7200 208.1100 0.8000 4.7200 0.0000 62.2506 66.7063 2.5725 0.1514  535.3694 0.0000 0.0000 0.0000 0.0000 535.3694
2022 10 12 4 4.7200 186.0500 0.8000 4.7200 0.0000 62.2518 66.7075 2.5726 0.1514  478.6286 0.0000 0.0000 0.0000 0.0000 478.6286
2022 10 12 5 4.7200 188.4800 0.8000 4.7200 0.0000 62.2530 66.7087 2.5726 0.1514  484.8892 0.0000 0.0000 0.0000 0.0000 484.8892
2022 10 12 6 4.7200 209.5200 0.8000 4.7200 0.0000 62.2542 66.7099 2.5727 0.1514  539.0274 0.0000 0.0000 0.0000 0.0000 539.0274
2022 10 12 7 4.7200 213.0300 0.8000 4.7200 0.0000 62.2553 66.7110 2.5727 0.1514  548.0675 0.0000 0.0000 0.0000 0.0000 548.0675
2022 10 12 8 4.7200 218.9800 0.8000 4.7200 0.0000 62.2564 66.7121 2.5728 0.1514  563.3854 0.0000 0.0000 0.0000 0.0000 563.3854
2022 10 12 9 4.7200 233.6000 0.8000 4.7200 0.0000 62.2576 66.7132 2.5728 0.1514  601.0101 0.0000 0.0000 0.0000 0.0000 601.0101
2022 10 12 10 4.7200 211.0600 0.8000 4.7200 0.0000 62.2586 66.7143 2.5729 0.1514  543.0283 0.0000 0.0000 0.0000 0.0000 543.0283
2022 10 12 11 4.7200 201.2700 0.8000 4.7200 0.0000 62.2597 66.7154 2.5729 0.1514  517.8489 0.0000 0.0000 0.0000 0.0000 517.8489
2022 10 12 12 4.7200 195.1400 0.8000 4.7200 0.0000 62.2608 66.7165 2.5730 0.1514  502.0855 0.0000 0.0000 0.0000 0.0000 502.0855
2022 10 12 13 4.7200 192.6400 0.8000 4.7200 0.0000 62.2618 66.7175 2.5730 0.1514  495.6614 0.0000 0.0000 0.0000 0.0000 495.6614
2022 10 12 14 4.7200 194.1400 0.8000 4.7200 0.0000 62.2628 66.7185 2.5730 0.1514  499.5290 0.0000 0.0000 0.0000 0.0000 499.5290
2022 10 12 15 4.7200 193.5200 0.8000 4.7200 0.0000 62.2638 66.7195 2.5731 0.1514  497.9418 0.0000 0.0000 0.0000 0.0000 497.9418
2022 10 12 16 4.7200 212.2600 0.8000 4.7200 0.0000 62.2648 66.7205 2.5731 0.1514  546.1698 0.0000 0.0000 0.0000 0.0000 546.1698
2022 10 12 17 4.7200 213.9600 0.8000 4.7200 0.0000 62.2658 66.7215 2.5732 0.1514  550.5527 0.0000 0.0000 0.0000 0.0000 550.5527
2022 10 12 18 4.7200 210.9600 0.8000 4.7200 0.0000 62.2667 66.7224 2.5732 0.1514  542.8416 0.0000 0.0000 0.0000 0.0000 542.8416
2022 10 12 19 4.7200 192.8800 0.8000 4.7200 0.0000 62.2677 66.7234 2.5732 0.1514  496.3257 0.0000 0.0000 0.0000 0.0000 496.3257
2022 10 12 20 4.7200 191.7300 0.8000 4.7200 0.0000 62.2686 66.7243 2.5733 0.1514  493.3738 0.0000 0.0000 0.0000 0.0000 493.3738
2022 10 12 21 4.7200 188.9600 0.8000 4.7200 0.0000 62.2695 66.7252 2.5733 0.1514  486.2530 0.0000 0.0000 0.0000 0.0000 486.2530
2022 10 12 22 4.7200 159.1400 0.8000 4.7200 0.0000 62.2704 66.7261 2.5733 0.1514  409.5228 0.0000 0.0000 0.0000 0.0000 409.5228
2022 10 12 23 4.7200 179.3000 0.8000 4.7200 0.0000 62.2713 66.7270 2.5734 0.1514  461.4081 0.0000 0.0000 0.0000 0.0000 461.4081
2022 10 13 0 4.7200 168.1100 0.8000 4.7200 0.0000 62.2722 66.7279 2.5734 0.1514  432.6179 0.0000 0.0000 0.0000 0.0000 432.6179
2022 10 13 1 4.7200 169.5400 0.8000 4.7200 0.0000 62.2730 66.7287 2.5735 0.1515  436.3039 0.0000 0.0000 0.0000 0.0000 436.3039
2022 10 13 2 4.7200 179.7400 0.8000 4.7200 0.0000 62.2739 66.7296 2.5735 0.1515  462.5595 0.0000 0.0000 0.0000 0.0000 462.5595
2022 10 13 3 4.7200 181.1800 0.8000 4.7200 0.0000 62.2747 66.7304 2.5735 0.1515  466.2715 0.0000 0.0000 0.0000 0.0000 466.2715
2022 10 13 4 4.7200 194.6600 0.8000 4.7200 0.0000 62.2756 66.7312 2.5736 0.1515  500.9695 0.0000 0.0000 0.0000 0.0000 500.9695
2022 10 13 5 4.7200 216.5500 0.8000 4.7200 0.0000 62.2764 66.7321 2.5736 0.1515  557.3123 0.0000 0.0000 0.0000 0.0000 557.3123
2022 10 13 6 4.7200 251.2000 0.8000 4.7200 0.0000 62.2773 66.7329 2.5736 0.1515  646.4963 0.0000 0.0000 0.0000 0.0000 646.4963
2022 10 13 7 4.7200 269.5900 0.8000 4.7200 0.0000 62.2781 66.7338 2.5737 0.1515  693.8352 0.0000 0.0000 0.0000 0.0000 693.8352
2022 10 13 8 4.7200 268.6000 0.8000 4.7200 0.0000 62.2790 66.7347 2.5737 0.1515  691.2972 0.0000 0.0000 0.0000 0.0000 691.2972
2022 10 13 9 4.7200 266.3600 0.8000 4.7200 0.0000 62.2799 66.7356 2.5737 0.1515  685.5420 0.0000 0.0000 0.0000 0.0000 685.5420
2022 10 13 10 4.7200 264.9000 0.8000 4.7200 0.0000 62.2809 66.7365 2.5738 0.1515  681.7944 0.0000 0.0000 0.0000 0.0000 681.7944
2022 10 13 11 4.7200 260.9200 0.8000 4.7200 0.0000 62.2818 66.7375 2.5738 0.1515  671.5607 0.0000 0.0000 0.0000 0.0000 671.5607
2022 10 13 12 4.7200 257.7600 0.8000 4.7200 0.0000 62.2827 66.7384 2.5739 0.1515  663.4373 0.0000 0.0000 0.0000 0.0000 663.4373
2022 10 13 13 4.7200 245.6900 0.8000 4.7200 0.0000 62.2836 66.7393 2.5739 0.1515  632.3803 0.0000 0.0000 0.0000 0.0000 632.3803
2022 10 13 14 4.7200 236.4000 0.8000 4.7200 0.0000 62.2846 66.7402 2.5739 0.1515  608.4777 0.0000 0.0000 0.0000 0.0000 608.4777
2022 10 13 15 4.7200 234.6800 0.8000 4.7200 0.0000 62.2855 66.7411 2.5740 0.1515  604.0593 0.0000 0.0000 0.0000 0.0000 604.0593
2022 10 13 16 4.7200 261.7300 0.8000 4.7200 0.0000 62.2864 66.7420 2.5740 0.1515  673.6950 0.0000 0.0000 0.0000 0.0000 673.6950
2022 10 13 17 4.7200 270.7500 0.8000 4.7200 0.0000 62.2872 66.7429 2.5740 0.1515  696.9224 0.0000 0.0000 0.0000 0.0000 696.9224
2022 10 13 18 4.7200 268.1500 0.8000 4.7200 0.0000 62.2881 66.7438 2.5741 0.1515  690.2397 0.0000 0.0000 0.0000 0.0000 690.2397
2022 10 13 19 4.7200 263.5000 0.8000 4.7200 0.0000 62.2890 66.7447 2.5741 0.1515  678.2797 0.0000 0.0000 0.0000 0.0000 678.2797
2022 10 13 20 4.7200 246.4800 0.8000 4.7200 0.0000 62.2899 66.7455 2.5742 0.1515  634.4769 0.0000 0.0000 0.0000 0.0000 634.4769
2022 10 13 21 4.7200 220.6200 0.8000 4.7200 0.0000 62.2907 66.7464 2.5742 0.1515  567.9170 0.0000 0.0000 0.0000 0.0000 567.9170
2022 10 13 22 4.7200 200.5300 0.8000 4.7200 0.0000 62.2915 66.7472 2.5742 0.1515  516.2085 0.0000 0.0000 0.0000 0.0000 516.2085
2022 10 13 23 4.7200 208.8300 0.8000 4.7200 0.0000 62.2923 66.7480 2.5743 0.1515  537.5815 0.0000 0.0000 0.0000 0.0000 537.5815
2022 10 14 0 4.7200 197.2900 0.8000 4.7200 0.0000 62.2931 66.7488 2.5743 0.1515  507.8810 0.0000 0.0000 0.0000 0.0000 507.8810
2022 10 14 1 4.7200 197.2800 0.8000 4.7200 0.0000 62.2939 66.7496 2.5743 0.1515  507.8616 0.0000 0.0000 0.0000 0.0000 507.8616
2022 10 14 2 4.7200 200.3200 0.8000 4.7200 0.0000 62.2946 66.7503 2.5744 0.1515  515.6938 0.0000 0.0000 0.0000 0.0000 515.6938
2022 10 14 3 4.7200 197.5500 0.8000 4.7200 0.0000 62.2954 66.7511 2.5744 0.1515  508.5689 0.0000 0.0000 0.0000 0.0000 508.5689
2022 10 14 4 4.7200 199.2300 0.8000 4.7200 0.0000 62.2961 66.7518 2.5744 0.1515  512.8998 0.0000 0.0000 0.0000 0.0000 512.8998
2022 10 14 5 4.7200 200.2800 0.8000 4.7200 0.0000 62.2968 66.7525 2.5744 0.1515  515.6088 0.0000 0.0000 0.0000 0.0000 515.6088
2022 10 14 6 4.7200 228.2900 0.8000 4.7200 0.0000 62.2975 66.7532 2.5745 0.1515  587.7254 0.0000 0.0000 0.0000 0.0000 587.7254
2022 10 14 7 4.7200 231.4800 0.8000 4.7200 0.0000 62.2982 66.7539 2.5745 0.1515  595.9444 0.0000 0.0000 0.0000 0.0000 595.9444
2022 10 14 8 4.7200 267.1400 0.8000 4.7200 0.0000 62.2989 66.7545 2.5745 0.1515  687.7584 0.0000 0.0000 0.0000 0.0000 687.7584
2022 10 14 9 4.7200 268.3000 0.8000 4.7200 0.0000 62.2995 66.7552 2.5746 0.1515  690.7519 0.0000 0.0000 0.0000 0.0000 690.7519
2022 10 14 10 4.7200 258.6000 0.8000 4.7200 0.0000 62.3001 66.7558 2.5746 0.1515  665.7856 0.0000 0.0000 0.0000 0.0000 665.7856
2022 10 14 11 4.7200 227.2000 0.8000 4.7200 0.0000 62.3008 66.7564 2.5746 0.1515  584.9497 0.0000 0.0000 0.0000 0.0000 584.9497
2022 10 14 12 4.7200 221.0200 0.8000 4.7200 0.0000 62.3014 66.7570 2.5746 0.1515  569.0442 0.0000 0.0000 0.0000 0.0000 569.0442
2022 10 14 13 4.7200 207.6800 0.8000 4.7200 0.0000 62.3020 66.7576 2.5747 0.1515  534.7037 0.0000 0.0000 0.0000 0.0000 534.7037
2022 10 14 14 4.7200 188.1700 0.8000 4.7200 0.0000 62.3025 66.7582 2.5747 0.1515  484.4768 0.0000 0.0000 0.0000 0.0000 484.4768
2022 10 14 15 4.7200 201.9800 0.8000 4.7200 0.0000 62.3031 66.7588 2.5747 0.1515  520.0378 0.0000 0.0000 0.0000 0.0000 520.0378
2022 10 14 16 4.7200 213.1800 0.8000 4.7200 0.0000 62.3037 66.7593 2.5747 0.1515  548.8794 0.0000 0.0000 0.0000 0.0000 548.8794
2022 10 14 17 4.7200 245.8800 0.8000 4.7200 0.0000 62.3042 66.7599 2.5747 0.1515  633.0784 0.0000 0.0000 0.0000 0.0000 633.0784
2022 10 14 18 4.7200 248.4600 0.8000 4.7200 0.0000 62.3048 66.7604 2.5748 0.1515  639.7269 0.0000 0.0000 0.0000 0.0000 639.7269
2022 10 14 19 4.7200 224.9100 0.8000 4.7200 0.0000 62.3053 66.7610 2.5748 0.1515  579.0962 0.0000 0.0000 0.0000 0.0000 579.0962
2022 10 14 20 4.7200 205.4800 0.8000 4.7200 0.0000 62.3058 66.7615 2.5748 0.1515  529.0725 0.0000 0.0000 0.0000 0.0000 529.0725
2022 10 14 21 4.7200 203.1300 0.8000 4.7200 0.0000 62.3064 66.7620 2.5748 0.1515  523.0261 0.0000 0.0000 0.0000 0.0000 523.0261
2022 10 14 22 4.7200 188.8400 0.8000 4.7200 0.0000 62.3069 66.7626 2.5749 0.1515  486.2359 0.0000 0.0000 0.0000 0.0000 486.2359
2022 10 14 23 4.7200 192.0200 0.8000 4.7200 0.0000 62.3075 66.7632 2.5749 0.1515  494.4286 0.0000 0.0000 0.0000 0.0000 494.4286
2022 10 15 0 4.7200 173.8800 0.8000 4.7200 0.0000 62.3082 66.7638 2.5749 0.1515  447.7251 0.0000 0.0000 0.0000 0.0000 447.7251
2022 10 15 1 4.7200 164.3800 0.8000 4.7200 0.0000 62.3091 66.7648 2.5749 0.1515  423.2698 0.0000 0.0000 0.0000 0.0000 423.2698
2022 10 15 2 4.7200 149.2600 0.8000 4.7200 0.0000 62.3104 66.7661 2.5750 0.1515  384.3449 0.0000 0.0000 0.0000 0.0000 384.3449
2022 10 15 3 4.7200 144.2700 0.8000 4.7200 0.0000 62.3122 66.7679 2.5751 0.1515  371.5063 0.0000 0.0000 0.0000 0.0000 371.5063
2022 10 15 4 4.7200 137.5300 0.8000 4.7200 0.0000 62.3143 66.7700 2.5752 0.1516  354.1621 0.0000 0.0000 0.0000 0.0000 354.1621
2022 10 15 5 4.7200 148.4000 0.8000 4.7200 0.0000 62.3165 66.7722 2.5753 0.1516  382.1677 0.0000 0.0000 0.0000 0.0000 382.1677
2022 10 15 6 4.7200 159.3200 0.8000 4.7200 0.0000 62.3188 66.7745 2.5753 0.1516  410.3045 0.0000 0.0000 0.0000 0.0000 410.3045
2022 10 15 7 4.7200 186.4900 0.8000 4.7200 0.0000 62.3211 66.7768 2.5754 0.1516  480.2944 0.0000 0.0000 0.0000 0.0000 480.2944
2022 10 15 8 4.7200 199.1900 0.8000 4.7200 0.0000 62.3234 66.7791 2.5755 0.1516  513.0215 0.0000 0.0000 0.0000 0.0000 513.0215
2022 10 15 9 4.7200 185.0200 0.8000 4.7200 0.0000 62.3257 66.7814 2.5756 0.1516  476.5438 0.0000 0.0000 0.0000 0.0000 476.5438
2022 10 15 10 4.7200 160.5400 0.8000 4.7200 0.0000 62.3280 66.7837 2.5757 0.1516  413.5073 0.0000 0.0000 0.0000 0.0000 413.5073
2022 10 15 11 4.7200 153.9000 0.8000 4.7200 0.0000 62.3302 66.7859 2.5758 0.1516  396.4187 0.0000 0.0000 0.0000 0.0000 396.4187
2022 10 15 12 4.7200 144.7800 0.8000 4.7200 0.0000 62.3324 66.7881 2.5759 0.1516  372.9401 0.0000 0.0000 0.0000 0.0000 372.9401
2022 10 15 13 4.7200 126.4100 0.8000 4.7200 0.0000 62.3345 66.7901 2.5760 0.1516  325.6315 0.0000 0.0000 0.0000 0.0000 325.6315
2022 10 15 14 4.7200 127.4400 0.8000 4.7200 0.0000 62.3365 66.7921 2.5761 0.1516  328.2954 0.0000 0.0000 0.0000 0.0000 328.2954
2022 10 15 15 4.7200 141.7700 0.8000 4.7200 0.0000 62.3384 66.7941 2.5762 0.1516  365.2219 0.0000 0.0000 0.0000 0.0000 365.2219
2022 10 15 16 4.7200 169.3200 0.8000 4.7200 0.0000 62.3402 66.7959 2.5762 0.1516  436.2080 0.0000 0.0000 0.0000 0.0000 436.2080
2022 10 15 17 4.7200 185.0800 0.8000 4.7200 0.0000 62.3421 66.7978 2.5763 0.1516  476.8234 0.0000 0.0000 0.0000 0.0000 476.8234
2022 10 15 18 4.7200 190.4600 0.8000 4.7200 0.0000 62.3440 66.7997 2.5764 0.1516  490.6990 0.0000 0.0000 0.0000 0.0000 490.6990
2022 10 15 19 4.7200 157.9300 0.8000 4.7200 0.0000 62.3461 66.8017 2.5765 0.1516  406.9027 0.0000 0.0000 0.0000 0.0000 406.9027
2022 10 15 20 4.7200 143.2900 0.8000 4.7200 0.0000 62.3484 66.8041 2.5766 0.1516  369.1968 0.0000 0.0000 0.0000 0.0000 369.1968
2022 10 15 21 4.7200 144.4600 0.8000 4.7200 0.0000 62.3508 66.8065 2.5767 0.1516  372.2261 0.0000 0.0000 0.0000 0.0000 372.2261
2022 10 15 22 4.7200 136.9800 0.8000 4.7200 0.0000 62.3534 66.8091 2.5768 0.1516  352.9670 0.0000 0.0000 0.0000 0.0000 352.9670
2022 10 15 23 4.7200 81.8400 0.8000 4.7200 0.0000 62.3560 66.8116 2.5769 0.1517  210.8922 0.0000 0.0000 0.0000 0.0000 210.8922
2022 10 16 0 4.7200 72.4500 0.8000 4.7200 0.0000 62.3586 66.8142 2.5770 0.1517  186.7030 0.0000 0.0000 0.0000 0.0000 186.7030
2022 10 16 1 4.7200 70.4100 0.8000 4.7200 0.0000 62.3612 66.8168 2.5771 0.1517  181.4535 0.0000 0.0000 0.0000 0.0000 181.4535
2022 10 16 2 4.7200 74.0900 0.8000 4.7200 0.0000 62.3638 66.8194 2.5772 0.1517  190.9452 0.0000 0.0000 0.0000 0.0000 190.9452
2022 10 16 3 4.7200 84.4200 0.8000 4.7200 0.0000 62.3664 66.8220 2.5773 0.1517  217.5768 0.0000 0.0000 0.0000 0.0000 217.5768
2022 10 16 4 4.7200 80.6100 0.8000 4.7200 0.0000 62.3689 66.8246 2.5774 0.1517  207.7657 0.0000 0.0000 0.0000 0.0000 207.7657
2022 10 16 5 4.7200 76.1900 0.8000 4.7200 0.0000 62.3714 66.8271 2.5775 0.1517  196.3815 0.0000 0.0000 0.0000 0.0000 196.3815
2022 10 16 6 4.7200 81.0400 0.8000 4.7200 0.0000 62.3739 66.8296 2.5776 0.1517  208.8907 0.0000 0.0000 0.0000 0.0000 208.8907
2022 10 16 7 4.7200 93.2500 0.8000 4.7200 0.0000 62.3763 66.8320 2.5777 0.1517  240.3729 0.0000 0.0000 0.0000 0.0000 240.3729
2022 10 16 8 4.7200 90.7000 0.8000 4.7200 0.0000 62.3787 66.8344 2.5778 0.1517  233.8087 0.0000 0.0000 0.0000 0.0000 233.8087
2022 10 16 9 4.7200 80.3600 0.8000 4.7200 0.0000 62.3811 66.8368 2.5779 0.1517  207.1619 0.0000 0.0000 0.0000 0.0000 207.1619
2022 10 16 10 4.7200 89.8900 0.8000 4.7200 0.0000 62.3835 66.8392 2.5780 0.1517  231.7384 0.0000 0.0000 0.0000 0.0000 231.7384
2022 10 16 11 4.7200 114.0600 0.8000 4.7200 0.0000 62.3859 66.8416 2.5781 0.1517  294.0606 0.0000 0.0000 0.0000 0.0000 294.0606
2022 10 16 12 4.7200 117.9700 0.8000 4.7200 0.0000 62.3885 66.8442 2.5782 0.1517  304.1536 0.0000 0.0000 0.0000 0.0000 304.1536
2022 10 16 13 4.7200 113.5800 0.8000 4.7200 0.0000 62.3912 66.8469 2.5783 0.1517  292.8478 0.0000 0.0000 0.0000 0.0000 292.8478
2022 10 16 14 4.7200 100.1400 0.8000 4.7200 0.0000 62.3940 66.8497 2.5785 0.1517  258.2067 0.0000 0.0000 0.0000 0.0000 258.2067
2022 10 16 15 4.7200 120.3600 0.8000 4.7200 0.0000 62.3970 66.8527 2.5786 0.1518  310.3577 0.0000 0.0000 0.0000 0.0000 310.3577
2022 10 16 16 4.7200 131.0700 0.8000 4.7200 0.0000 62.4000 66.8557 2.5787 0.1518  337.9906 0.0000 0.0000 0.0000 0.0000 337.9906
2022 10 16 17 4.7200 181.6100 0.8000 4.7200 0.0000 62.4031 66.8587 2.5788 0.1518  468.3413 0.0000 0.0000 0.0000 0.0000 468.3413
2022 10 16 18 4.7200 195.9800 0.8000 4.7200 0.0000 62.4062 66.8619 2.5790 0.1518  505.4243 0.0000 0.0000 0.0000 0.0000 505.4243
2022 10 16 19 4.7200 181.2600 0.8000 4.7200 0.0000 62.4093 66.8650 2.5791 0.1518  467.4855 0.0000 0.0000 0.0000 0.0000 467.4855
2022 10 16 20 4.7200 150.1800 0.8000 4.7200 0.0000 62.4124 66.8681 2.5792 0.1518  387.3469 0.0000 0.0000 0.0000 0.0000 387.3469
2022 10 16 21 4.7200 140.8800 0.8000 4.7200 0.0000 62.4156 66.8712 2.5793 0.1518  363.3784 0.0000 0.0000 0.0000 0.0000 363.3784
2022 10 16 22 4.7200 139.4000 0.8000 4.7200 0.0000 62.4186 66.8743 2.5795 0.1518  359.5787 0.0000 0.0000 0.0000 0.0000 359.5787
2022 10 16 23 4.7200 137.1900 0.8000 4.7200 0.0000 62.4217 66.8774 2.5796 0.1518  353.8953 0.0000 0.0000 0.0000 0.0000 353.8953
2022 10 17 0 4.7200 122.0800 0.8000 4.7200 0.0000 62.4247 66.8804 2.5797 0.1518  314.9327 0.0000 0.0000 0.0000 0.0000 314.9327
2022 10 17 1 4.7200 109.4600 0.8000 4.7200 0.0000 62.4276 66.8833 2.5798 0.1518  282.3900 0.0000 0.0000 0.0000 0.0000 282.3900
2022 10 17 2 4.7200 92.8700 0.8000 4.7200 0.0000 62.4306 66.8862 2.5800 0.1518  239.6015 0.0000 0.0000 0.0000 0.0000 239.6015
2022 10 17 3 4.7200 89.2400 0.8000 4.7200 0.0000 62.4334 66.8891 2.5801 0.1518  230.2467 0.0000 0.0000 0.0000 0.0000 230.2467
2022 10 17 4 4.7200 112.3500 0.8000 4.7200 0.0000 62.4362 66.8919 2.5802 0.1518  289.8855 0.0000 0.0000 0.0000 0.0000 289.8855
2022 10 17 5 4.7200 133.9400 0.8000 4.7200 0.0000 62.4390 66.8947 2.5803 0.1519  345.6073 0.0000 0.0000 0.0000 0.0000 345.6073
2022 10 17 6 4.7200 159.2600 0.8000 4.7200 0.0000 62.4417 66.8974 2.5804 0.1519  410.9587 0.0000 0.0000 0.0000 0.0000 410.9587
2022 10 17 7 4.7200 183.1300 0.8000 4.7200 0.0000 62.4443 66.9000 2.5805 0.1519  472.5736 0.0000 0.0000 0.0000 0.0000 472.5736
2022 10 17 8 4.7200 161.8900 0.8000 4.7200 0.0000 62.4469 66.9026 2.5806 0.1519  417.7804 0.0000 0.0000 0.0000 0.0000 417.7804
2022 10 17 9 4.7200 137.1900 0.8000 4.7200 0.0000 62.4495 66.9052 2.5807 0.1519  354.0530 0.0000 0.0000 0.0000 0.0000 354.0530
2022 10 17 10 4.7200 137.8400 0.8000 4.7200 0.0000 62.4520 66.9077 2.5809 0.1519  355.7447 0.0000 0.0000 0.0000 0.0000 355.7447
2022 10 17 11 4.7200 125.3500 0.8000 4.7200 0.0000 62.4544 66.9101 2.5810 0.1519  323.5225 0.0000 0.0000 0.0000 0.0000 323.5225
2022 10 17 12 4.7200 125.7700 0.8000 4.7200 0.0000 62.4568 66.9125 2.5811 0.1519  324.6190 0.0000 0.0000 0.0000 0.0000 324.6190
2022 10 17 13 4.7200 131.8000 0.8000 4.7200 0.0000 62.4592 66.9149 2.5812 0.1519  340.1958 0.0000 0.0000 0.0000 0.0000 340.1958
2022 10 17 14 4.7200 146.5900 0.8000 4.7200 0.0000 62.4616 66.9173 2.5812 0.1519  378.3852 0.0000 0.0000 0.0000 0.0000 378.3852
2022 10 17 15 4.7200 173.6400 0.8000 4.7200 0.0000 62.4639 66.9196 2.5813 0.1519  448.2249 0.0000 0.0000 0.0000 0.0000 448.2249
2022 10 17 16 4.7200 185.5200 0.8000 4.7200 0.0000 62.4663 66.9219 2.5814 0.1519  478.9092 0.0000 0.0000 0.0000 0.0000 478.9092
2022 10 17 17 4.7200 186.2000 0.8000 4.7200 0.0000 62.4686 66.9243 2.5815 0.1519  480.6826 0.0000 0.0000 0.0000 0.0000 480.6826
2022 10 17 18 4.7200 187.5200 0.8000 4.7200 0.0000 62.4710 66.9266 2.5816 0.1519  484.1085 0.0000 0.0000 0.0000 0.0000 484.1085
2022 10 17 19 4.7200 190.5500 0.8000 4.7200 0.0000 62.4733 66.9290 2.5817 0.1519  491.9494 0.0000 0.0000 0.0000 0.0000 491.9494
2022 10 17 20 4.7200 165.8300 0.8000 4.7200 0.0000 62.4757 66.9314 2.5818 0.1519  428.1452 0.0000 0.0000 0.0000 0.0000 428.1452
2022 10 17 21 4.7200 163.6300 0.8000 4.7200 0.0000 62.4781 66.9338 2.5819 0.1519  422.4813 0.0000 0.0000 0.0000 0.0000 422.4813
2022 10 17 22 4.7200 145.8900 0.8000 4.7200 0.0000 62.4805 66.9361 2.5820 0.1520  376.6922 0.0000 0.0000 0.0000 0.0000 376.6922
2022 10 17 23 4.7200 141.6500 0.8000 4.7200 0.0000 62.4828 66.9385 2.5821 0.1520  365.7583 0.0000 0.0000 0.0000 0.0000 365.7583
2022 10 18 0 4.7200 135.8300 0.8000 4.7200 0.0000 62.4852 66.9409 2.5822 0.1520  350.7437 0.0000 0.0000 0.0000 0.0000 350.7437
2022 10 18 1 4.7200 140.4700 0.8000 4.7200 0.0000 62.4876 66.9433 2.5823 0.1520  362.7391 0.0000 0.0000 0.0000 0.0000 362.7391
2022 10 18 2 4.7200 140.0500 0.8000 4.7200 0.0000 62.4900 66.9457 2.5824 0.1520  361.6682 0.0000 0.0000 0.0000 0.0000 361.6682
2022 10 18 3 4.7200 140.0900 0.8000 4.7200 0.0000 62.4923 66.9480 2.5825 0.1520  361.7851 0.0000 0.0000 0.0000 0.0000 361.7851
2022 10 18 4 4.7200 144.1500 0.8000 4.7200 0.0000 62.4947 66.9504 2.5826 0.1520  372.2842 0.0000 0.0000 0.0000 0.0000 372.2842
2022 10 18 5 4.7200 150.2300 0.8000 4.7200 0.0000 62.4970 66.9527 2.5827 0.1520  388.0010 0.0000 0.0000 0.0000 0.0000 388.0010
2022 10 18 6 4.7200 181.4600 0.8000 4.7200 0.0000 62.4994 66.9551 2.5828 0.1520  468.6768 0.0000 0.0000 0.0000 0.0000 468.6768
2022 10 18 7 4.7200 224.2200 0.8000 4.7200 0.0000 62.5017 66.9574 2.5829 0.1520  579.1395 0.0000 0.0000 0.0000 0.0000 579.1395
2022 10 18 8 4.7200 204.1500 0.8000 4.7200 0.0000 62.5041 66.9598 2.5830 0.1520  527.3204 0.0000 0.0000 0.0000 0.0000 527.3204
2022 10 18 9 4.7200 193.5100 0.8000 4.7200 0.0000 62.5064 66.9621 2.5831 0.1520  499.8561 0.0000 0.0000 0.0000 0.0000 499.8561
2022 10 18 10 4.7200 180.3500 0.8000 4.7200 0.0000 62.5088 66.9645 2.5832 0.1520  465.8802 0.0000 0.0000 0.0000 0.0000 465.8802
2022 10 18 11 4.7200 134.4600 0.8000 4.7200 0.0000 62.5112 66.9669 2.5833 0.1520  347.3503 0.0000 0.0000 0.0000 0.0000 347.3503
2022 10 18 12 4.7200 143.2500 0.8000 4.7200 0.0000 62.5136 66.9692 2.5834 0.1520  370.0716 0.0000 0.0000 0.0000 0.0000 370.0716
2022 10 18 13 4.7200 126.1500 0.8000 4.7200 0.0000 62.5160 66.9716 2.5835 0.1520  325.9080 0.0000 0.0000 0.0000 0.0000 325.9080
2022 10 18 14 4.7200 139.8200 0.8000 4.7200 0.0000 62.5183 66.9740 2.5836 0.1520  361.2381 0.0000 0.0000 0.0000 0.0000 361.2381
2022 10 18 15 4.7200 159.1400 0.8000 4.7200 0.0000 62.5207 66.9764 2.5837 0.1521  411.1688 0.0000 0.0000 0.0000 0.0000 411.1688
2022 10 18 16 4.7200 189.0700 0.8000 4.7200 0.0000 62.5231 66.9788 2.5838 0.1521  488.5172 0.0000 0.0000 0.0000 0.0000 488.5172
2022 10 18 17 4.7200 203.0900 0.8000 4.7200 0.0000 62.5254 66.9811 2.5839 0.1521  524.7616 0.0000 0.0000 0.0000 0.0000 524.7616
2022 10 18 18 4.7200 195.7600 0.8000 4.7200 0.0000 62.5277 66.9834 2.5840 0.1521  505.8404 0.0000 0.0000 0.0000 0.0000 505.8404
2022 10 18 19 4.7200 189.7800 0.8000 4.7200 0.0000 62.5300 66.9857 2.5841 0.1521  490.4062 0.0000 0.0000 0.0000 0.0000 490.4062
2022 10 18 20 4.7200 166.3300 0.8000 4.7200 0.0000 62.5323 66.9880 2.5842 0.1521  429.8252 0.0000 0.0000 0.0000 0.0000 429.8252
2022 10 18 21 4.7200 163.6000 0.8000 4.7200 0.0000 62.5345 66.9902 2.5843 0.1521  422.7856 0.0000 0.0000 0.0000 0.0000 422.7856
2022 10 18 22 4.7200 154.2100 0.8000 4.7200 0.0000 62.5368 66.9924 2.5844 0.1521  398.5335 0.0000 0.0000 0.0000 0.0000 398.5335
2022 10 18 23 4.7200 132.4800 0.8000 4.7200 0.0000 62.5390 66.9946 2.5844 0.1521  342.3874 0.0000 0.0000 0.0000 0.0000 342.3874
2022 10 19 0 4.7200 125.9900 0.8000 4.7200 0.0000 62.5411 66.9968 2.5845 0.1521  325.6256 0.0000 0.0000 0.0000 0.0000 325.6256
2022 10 19 1 4.7200 122.2000 0.8000 4.7200 0.0000 62.5432 66.9989 2.5846 0.1521  315.8410 0.0000 0.0000 0.0000 0.0000 315.8410
2022 10 19 2 4.7200 125.9300 0.8000 4.7200 0.0000 62.5454 67.0010 2.5847 0.1521  325.4926 0.0000 0.0000 0.0000 0.0000 325.4926
2022 10 19 3 4.7200 134.0400 0.8000 4.7200 0.0000 62.5474 67.0031 2.5848 0.1521  346.4660 0.0000 0.0000 0.0000 0.0000 346.4660
2022 10 19 4 4.7200 149.5700 0.8000 4.7200 0.0000 62.5495 67.0051 2.5849 0.1521  386.6205 0.0000 0.0000 0.0000 0.0000 386.6205
2022 10 19 5 4.7200 162.9300 0.8000 4.7200 0.0000 62.5515 67.0071 2.5850 0.1521  421.1680 0.0000 0.0000 0.0000 0.0000 421.1680
2022 10 19 6 4.7200 192.5700 0.8000 4.7200 0.0000 62.5535 67.0091 2.5850 0.1521  497.8022 0.0000 0.0000 0.0000 0.0000 497.8022
2022 10 19 7 4.7200 207.3200 0.8000 4.7200 0.0000 62.5554 67.0111 2.5851 0.1521  535.9483 0.0000 0.0000 0.0000 0.0000 535.9483
2022 10 19 8 4.7200 202.6000 0.8000 4.7200 0.0000 62.5573 67.0130 2.5852 0.1521  523.7627 0.0000 0.0000 0.0000 0.0000 523.7627
2022 10 19 9 4.7200 188.9100 0.8000 4.7200 0.0000 62.5592 67.0149 2.5853 0.1521  488.3860 0.0000 0.0000 0.0000 0.0000 488.3860
2022 10 19 10 4.7200 175.4400 0.8000 4.7200 0.0000 62.5611 67.0168 2.5854 0.1522  453.5759 0.0000 0.0000 0.0000 0.0000 453.5759
2022 10 19 11 4.7200 154.7400 0.8000 4.7200 0.0000 62.5630 67.0186 2.5854 0.1522  400.0707 0.0000 0.0000 0.0000 0.0000 400.0707
2022 10 19 12 4.7200 150.2400 0.8000 4.7200 0.0000 62.5648 67.0205 2.5855 0.1522  388.4476 0.0000 0.0000 0.0000 0.0000 388.4476
2022 10 19 13 4.7200 144.4400 0.8000 4.7200 0.0000 62.5666 67.0223 2.5856 0.1522  373.4623 0.0000 0.0000 0.0000 0.0000 373.4623
2022 10 19 14 4.7200 153.3400 0.8000 4.7200 0.0000 62.5684 67.0240 2.5857 0.1522  396.4853 0.0000 0.0000 0.0000 0.0000 396.4853
2022 10 19 15 4.7200 171.2500 0.8000 4.7200 0.0000 62.5701 67.0258 2.5857 0.1522  442.8069 0.0000 0.0000 0.0000 0.0000 442.8069
2022 10 19 16 4.7200 186.9500 0.8000 4.7200 0.0000 62.5718 67.0275 2.5858 0.1522  483.4162 0.0000 0.0000 0.0000 0.0000 483.4162
2022 10 19 17 4.7200 183.5600 0.8000 4.7200 0.0000 62.5735 67.0292 2.5859 0.1522  474.6632 0.0000 0.0000 0.0000 0.0000 474.6632
2022 10 19 18 4.7200 175.2900 0.8000 4.7200 0.0000 62.5752 67.0309 2.5859 0.1522  453.2901 0.0000 0.0000 0.0000 0.0000 453.2901
2022 10 19 19 4.7200 163.3600 0.8000 4.7200 0.0000 62.5769 67.0325 2.5860 0.1522  422.4510 0.0000 0.0000 0.0000 0.0000 422.4510
2022 10 19 20 4.7200 151.6000 0.8000 4.7200 0.0000 62.5785 67.0342 2.5861 0.1522  392.0497 0.0000 0.0000 0.0000 0.0000 392.0497
2022 10 19 21 4.7200 149.1100 0.8000 4.7200 0.0000 62.5801 67.0358 2.5861 0.1522  385.6202 0.0000 0.0000 0.0000 0.0000 385.6202
2022 10 19 22 4.7200 133.0000 0.8000 4.7200 0.0000 62.5817 67.0373 2.5862 0.1522  343.9661 0.0000 0.0000 0.0000 0.0000 343.9661
2022 10 19 23 4.7200 128.4400 0.8000 4.7200 0.0000 62.5832 67.0389 2.5863 0.1522  332.1812 0.0000 0.0000 0.0000 0.0000 332.1812
2022 10 20 0 4.7200 116.2000 0.8000 4.7200 0.0000 62.5847 67.0404 2.5863 0.1522  300.5325 0.0000 0.0000 0.0000 0.0000 300.5325
2022 10 20 1 4.7200 80.4300 0.8000 4.7200 0.0000 62.5862 67.0419 2.5864 0.1522  208.0242 0.0000 0.0000 0.0000 0.0000 208.0242
2022 10 20 2 4.7200 79.0100 0.8000 4.7200 0.0000 62.5877 67.0434 2.5865 0.1522  204.3563 0.0000 0.0000 0.0000 0.0000 204.3563
2022 10 20 3 4.7200 74.8000 0.8000 4.7200 0.0000 62.5892 67.0449 2.5865 0.1522  193.4718 0.0000 0.0000 0.0000 0.0000 193.4718
2022 10 20 4 4.7200 113.3700 0.8000 4.7200 0.0000 62.5906 67.0463 2.5866 0.1522  293.2406 0.0000 0.0000 0.0000 0.0000 293.2406
2022 10 20 5 4.7200 151.6700 0.8000 4.7200 0.0000 62.5920 67.0477 2.5866 0.1522  392.3154 0.0000 0.0000 0.0000 0.0000 392.3154
2022 10 20 6 4.7200 173.5200 0.8000 4.7200 0.0000 62.5934 67.0491 2.5867 0.1522  448.8434 0.0000 0.0000 0.0000 0.0000 448.8434
2022 10 20 7 4.7200 187.5100 0.8000 4.7200 0.0000 62.5947 67.0504 2.5868 0.1522  485.0418 0.0000 0.0000 0.0000 0.0000 485.0418
2022 10 20 8 4.7200 174.2400 0.8000 4.7200 0.0000 62.5961 67.0518 2.5868 0.1522  450.7252 0.0000 0.0000 0.0000 0.0000 450.7252
2022 10 20 9 4.7200 173.9900 0.8000 4.7200 0.0000 62.5974 67.0531 2.5869 0.1522  450.0879 0.0000 0.0000 0.0000 0.0000 450.0879
2022 10 20 10 4.7200 161.0300 0.8000 4.7200 0.0000 62.5987 67.0544 2.5869 0.1522  416.5708 0.0000 0.0000 0.0000 0.0000 416.5708
2022 10 20 11 4.7200 137.9900 0.8000 4.7200 0.0000 62.5999 67.0556 2.5870 0.1522  356.9755 0.0000 0.0000 0.0000 0.0000 356.9755
2022 10 20 12 4.7200 134.9900 0.8000 4.7200 0.0000 62.6012 67.0569 2.5870 0.1522  349.2215 0.0000 0.0000 0.0000 0.0000 349.2215
2022 10 20 13 4.7200 135.1900 0.8000 4.7200 0.0000 62.6024 67.0581 2.5871 0.1523  349.7458 0.0000 0.0000 0.0000 0.0000 349.7458
2022 10 20 14 4.7200 139.6000 0.8000 4.7200 0.0000 62.6036 67.0593 2.5871 0.1523  361.1617 0.0000 0.0000 0.0000 0.0000 361.1617
2022 10 20 15 4.7200 150.1900 0.8000 4.7200 0.0000 62.6048 67.0605 2.5872 0.1523  388.5666 0.0000 0.0000 0.0000 0.0000 388.5666
2022 10 20 16 4.7200 170.5400 0.8000 4.7200 0.0000 62.6060 67.0616 2.5872 0.1523  441.2236 0.0000 0.0000 0.0000 0.0000 441.2236
2022 10 20 17 4.7200 178.9400 0.8000 4.7200 0.0000 62.6071 67.0628 2.5873 0.1523  462.9648 0.0000 0.0000 0.0000 0.0000 462.9648
2022 10 20 18 4.7200 183.6400 0.8000 4.7200 0.0000 62.6082 67.0639 2.5873 0.1523  475.1335 0.0000 0.0000 0.0000 0.0000 475.1335
2022 10 20 19 4.7200 159.7600 0.8000 4.7200 0.0000 62.6094 67.0650 2.5874 0.1523  413.3559 0.0000 0.0000 0.0000 0.0000 413.3559
2022 10 20 20 4.7200 142.4900 0.8000 4.7200 0.0000 62.6104 67.0661 2.5874 0.1523  368.6787 0.0000 0.0000 0.0000 0.0000 368.6787
2022 10 20 21 4.7200 133.6800 0.8000 4.7200 0.0000 62.6115 67.0672 2.5874 0.1523  345.8896 0.0000 0.0000 0.0000 0.0000 345.8896
2022 10 20 22 4.7200 124.9900 0.8000 4.7200 0.0000 62.6126 67.0683 2.5875 0.1523  323.4103 0.0000 0.0000 0.0000 0.0000 323.4103
2022 10 20 23 4.7200 132.9100 0.8000 4.7200 0.0000 62.6136 67.0693 2.5875 0.1523  343.9089 0.0000 0.0000 0.0000 0.0000 343.9089
2022 10 21 0 4.7200 121.1300 0.8000 4.7200 0.0000 62.6147 67.0703 2.5876 0.1523  313.4329 0.0000 0.0000 0.0000 0.0000 313.4329
2022 10 21 1 4.7200 117.7000 0.8000 4.7200 0.0000 62.6157 67.0714 2.5876 0.1523  304.5625 0.0000 0.0000 0.0000 0.0000 304.5625
2022 10 21 2 4.7200 114.0500 0.8000 4.7200 0.0000 62.6167 67.0724 2.5877 0.1523  295.1224 0.0000 0.0000 0.0000 0.0000 295.1224
2022 10 21 3 4.7200 120.1500 0.8000 4.7200 0.0000 62.6177 67.0733 2.5877 0.1523  310.9120 0.0000 0.0000 0.0000 0.0000 310.9120
2022 10 21 4 4.7200 134.8700 0.8000 4.7200 0.0000 62.6186 67.0743 2.5877 0.1523  349.0082 0.0000 0.0000 0.0000 0.0000 349.0082
2022 10 21 5 4.7200 155.8800 0.8000 4.7200 0.0000 62.6196 67.0752 2.5878 0.1523  403.3827 0.0000 0.0000 0.0000 0.0000 403.3827
2022 10 21 6 4.7200 179.8100 0.8000 4.7200 0.0000 62.6205 67.0762 2.5878 0.1523  465.3152 0.0000 0.0000 0.0000 0.0000 465.3152
2022 10 21 7 4.7200 193.8900 0.8000 4.7200 0.0000 62.6214 67.0771 2.5879 0.1523  501.7590 0.0000 0.0000 0.0000 0.0000 501.7590
2022 10 21 8 4.7200 195.9600 0.8000 4.7200 0.0000 62.6223 67.0780 2.5879 0.1523  507.1232 0.0000 0.0000 0.0000 0.0000 507.1232
2022 10 21 9 4.7200 182.9800 0.8000 4.7200 0.0000 62.6232 67.0789 2.5879 0.1523  473.5391 0.0000 0.0000 0.0000 0.0000 473.5391
2022 10 21 10 4.7200 179.1800 0.8000 4.7200 0.0000 62.6241 67.0798 2.5880 0.1523  463.7114 0.0000 0.0000 0.0000 0.0000 463.7114
2022 10 21 11 4.7200 168.8000 0.8000 4.7200 0.0000 62.6249 67.0806 2.5880 0.1523  436.8544 0.0000 0.0000 0.0000 0.0000 436.8544
2022 10 21 12 4.7200 165.8800 0.8000 4.7200 0.0000 62.6258 67.0815 2.5880 0.1523  429.3032 0.0000 0.0000 0.0000 0.0000 429.3032
2022 10 21 13 4.7200 162.9600 0.8000 4.7200 0.0000 62.6266 67.0823 2.5881 0.1523  421.7518 0.0000 0.0000 0.0000 0.0000 421.7518
2022 10 21 14 4.7200 159.7900 0.8000 4.7200 0.0000 62.6274 67.0831 2.5881 0.1523  413.5530 0.0000 0.0000 0.0000 0.0000 413.5530
2022 10 21 15 4.7200 164.4300 0.8000 4.7200 0.0000 62.6283 67.0839 2.5881 0.1523  425.5673 0.0000 0.0000 0.0000 0.0000 425.5673
2022 10 21 16 4.7200 173.7300 0.8000 4.7200 0.0000 62.6291 67.0847 2.5882 0.1523  449.6427 0.0000 0.0000 0.0000 0.0000 449.6427
2022 10 21 17 4.7200 176.2900 0.8000 4.7200 0.0000 62.6298 67.0855 2.5882 0.1523  456.2741 0.0000 0.0000 0.0000 0.0000 456.2741
2022 10 21 18 4.7200 161.5800 0.8000 4.7200 0.0000 62.6306 67.0863 2.5882 0.1523  418.2068 0.0000 0.0000 0.0000 0.0000 418.2068
2022 10 21 19 4.7200 150.1600 0.8000 4.7200 0.0000 62.6314 67.0870 2.5883 0.1523  388.6539 0.0000 0.0000 0.0000 0.0000 388.6539
2022 10 21 20 4.7200 152.4500 0.8000 4.7200 0.0000 62.6321 67.0878 2.5883 0.1523  394.5857 0.0000 0.0000 0.0000 0.0000 394.5857
2022 10 21 21 4.7200 154.1400 0.8000 4.7200 0.0000 62.6328 67.0885 2.5883 0.1523  398.9646 0.0000 0.0000 0.0000 0.0000 398.9646
2022 10 21 22 4.7200 144.4900 0.8000 4.7200 0.0000 62.6336 67.0892 2.5884 0.1523  373.9916 0.0000 0.0000 0.0000 0.0000 373.9916
2022 10 21 23 4.7200 149.1900 0.8000 4.7200 0.0000 62.6343 67.0900 2.5884 0.1523  386.1612 0.0000 0.0000 0.0000 0.0000 386.1612
2022 10 22 0 4.7200 134.2800 0.8000 4.7200 0.0000 62.6350 67.0907 2.5884 0.1523  347.5723 0.0000 0.0000 0.0000 0.0000 347.5723
2022 10 22 1 4.7200 130.5100 0.8000 4.7200 0.0000 62.6357 67.0913 2.5884 0.1523  337.8176 0.0000 0.0000 0.0000 0.0000 337.8176
2022 10 22 2 4.7200 134.0100 0.8000 4.7200 0.0000 62.6363 67.0920 2.5885 0.1523  346.8809 0.0000 0.0000 0.0000 0.0000 346.8809
2022 10 22 3 4.7200 134.2600 0.8000 4.7200 0.0000 62.6370 67.0927 2.5885 0.1523  347.5317 0.0000 0.0000 0.0000 0.0000 347.5317
2022 10 22 4 4.7200 136.4500 0.8000 4.7200 0.0000 62.6377 67.0933 2.5885 0.1523  353.2043 0.0000 0.0000 0.0000 0.0000 353.2043
2022 10 22 5 4.7200 135.3400 0.8000 4.7200 0.0000 62.6383 67.0940 2.5886 0.1523  350.3346 0.0000 0.0000 0.0000 0.0000 350.3346
2022 10 22 6 4.7200 142.5200 0.8000 4.7200 0.0000 62.6389 67.0946 2.5886 0.1523  368.9241 0.0000 0.0000 0.0000 0.0000 368.9241
2022 10 22 7 4.7200 146.7000 0.8000 4.7200 0.0000 62.6396 67.0952 2.5886 0.1523  379.7481 0.0000 0.0000 0.0000 0.0000 379.7481
2022 10 22 8 4.7200 148.0300 0.8000 4.7200 0.0000 62.6402 67.0958 2.5886 0.1523  383.1947 0.0000 0.0000 0.0000 0.0000 383.1947
2022 10 22 9 4.7200 145.8500 0.8000 4.7200 0.0000 62.6408 67.0964 2.5887 0.1523  377.5551 0.0000 0.0000 0.0000 0.0000 377.5551
2022 10 22 10 4.7200 137.8700 0.8000 4.7200 0.0000 62.6413 67.0970 2.5887 0.1523  356.9009 0.0000 0.0000 0.0000 0.0000 356.9009
2022 10 22 11 4.7200 134.5200 0.8000 4.7200 0.0000 62.6419 67.0976 2.5887 0.1523  348.2321 0.0000 0.0000 0.0000 0.0000 348.2321
2022 10 22 12 4.7200 126.2200 0.8000 4.7200 0.0000 62.6425 67.0982 2.5887 0.1523  326.7488 0.0000 0.0000 0.0000 0.0000 326.7488
2022 10 22 13 4.7200 119.6400 0.8000 4.7200 0.0000 62.6430 67.0987 2.5887 0.1524  309.7177 0.0000 0.0000 0.0000 0.0000 309.7177
2022 10 22 14 4.7200 121.6700 0.8000 4.7200 0.0000 62.6436 67.0993 2.5888 0.1524  314.9756 0.0000 0.0000 0.0000 0.0000 314.9756
2022 10 22 15 4.7200 141.4300 0.8000 4.7200 0.0000 62.6441 67.0998 2.5888 0.1524  366.1328 0.0000 0.0000 0.0000 0.0000 366.1328
2022 10 22 16 4.7200 161.3200 0.8000 4.7200 0.0000 62.6446 67.1003 2.5888 0.1524  417.6275 0.0000 0.0000 0.0000 0.0000 417.6275
2022 10 22 17 4.7200 180.8100 0.8000 4.7200 0.0000 62.6452 67.1009 2.5888 0.1524  468.0874 0.0000 0.0000 0.0000 0.0000 468.0874
2022 10 22 18 4.7200 184.9500 0.8000 4.7200 0.0000 62.6457 67.1014 2.5889 0.1524  478.8092 0.0000 0.0000 0.0000 0.0000 478.8092
2022 10 22 19 4.7200 165.1100 0.8000 4.7200 0.0000 62.6462 67.1019 2.5889 0.1524  427.4499 0.0000 0.0000 0.0000 0.0000 427.4499
2022 10 22 20 4.7200 146.1200 0.8000 4.7200 0.0000 62.6468 67.1025 2.5889 0.1524  378.2903 0.0000 0.0000 0.0000 0.0000 378.2903
2022 10 22 21 4.7200 145.5600 0.8000 4.7200 0.0000 62.6473 67.1030 2.5889 0.1524  376.8439 0.0000 0.0000 0.0000 0.0000 376.8439
2022 10 22 22 4.7200 137.9400 0.8000 4.7200 0.0000 62.6479 67.1036 2.5889 0.1524  357.1197 0.0000 0.0000 0.0000 0.0000 357.1197
2022 10 22 23 4.7200 118.5100 0.8000 4.7200 0.0000 62.6486 67.1042 2.5890 0.1524  306.8195 0.0000 0.0000 0.0000 0.0000 306.8195
2022 10 23 0 4.7200 106.1800 0.8000 4.7200 0.0000 62.6492 67.1049 2.5890 0.1524  274.9004 0.0000 0.0000 0.0000 0.0000 274.9004
2022 10 23 1 4.7200 99.9600 0.8000 4.7200 0.0000 62.6500 67.1056 2.5890 0.1524  258.7998 0.0000 0.0000 0.0000 0.0000 258.7998
2022 10 23 2 4.7200 96.1900 0.8000 4.7200 0.0000 62.6507 67.1064 2.5891 0.1524  249.0423 0.0000 0.0000 0.0000 0.0000 249.0423
2022 10 23 3 4.7200 98.5400 0.8000 4.7200 0.0000 62.6516 67.1073 2.5891 0.1524  255.1300 0.0000 0.0000 0.0000 0.0000 255.1300
2022 10 23 4 4.7200 94.6300 0.8000 4.7200 0.0000 62.6525 67.1081 2.5891 0.1524  245.0100 0.0000 0.0000 0.0000 0.0000 245.0100
2022 10 23 5 4.7200 112.0000 0.8000 4.7200 0.0000 62.6534 67.1091 2.5892 0.1524  289.9876 0.0000 0.0000 0.0000 0.0000 289.9876
2022 10 23 6 4.7200 117.5600 0.8000 4.7200 0.0000 62.6544 67.1100 2.5892 0.1524  304.3881 0.0000 0.0000 0.0000 0.0000 304.3881
2022 10 23 7 4.7200 126.0400 0.8000 4.7200 0.0000 62.6554 67.1110 2.5893 0.1524  326.3499 0.0000 0.0000 0.0000 0.0000 326.3499
2022 10 23 8 4.7200 122.9000 0.8000 4.7200 0.0000 62.6564 67.1121 2.5893 0.1524  318.2249 0.0000 0.0000 0.0000 0.0000 318.2249
2022 10 23 9 4.7200 102.9100 0.8000 4.7200 0.0000 62.6575 67.1131 2.5893 0.1524  266.4693 0.0000 0.0000 0.0000 0.0000 266.4693
2022 10 23 10 4.7200 99.9000 0.8000 4.7200 0.0000 62.6585 67.1142 2.5894 0.1524  258.6799 0.0000 0.0000 0.0000 0.0000 258.6799
2022 10 23 11 4.7200 89.3900 0.8000 4.7200 0.0000 62.6596 67.1153 2.5894 0.1524  231.4695 0.0000 0.0000 0.0000 0.0000 231.4695
2022 10 23 12 4.7200 81.6600 0.8000 4.7200 0.0000 62.6608 67.1164 2.5895 0.1524  211.4569 0.0000 0.0000 0.0000 0.0000 211.4569
2022 10 23 13 4.7200 83.9400 0.8000 4.7200 0.0000 62.6619 67.1176 2.5895 0.1524  217.3648 0.0000 0.0000 0.0000 0.0000 217.3648
2022 10 23 14 4.7200 85.6100 0.8000 4.7200 0.0000 62.6630 67.1187 2.5896 0.1524  221.6933 0.0000 0.0000 0.0000 0.0000 221.6933
2022 10 23 15 4.7200 95.2700 0.8000 4.7200 0.0000 62.6641 67.1198 2.5896 0.1524  246.7131 0.0000 0.0000 0.0000 0.0000 246.7131
2022 10 23 16 4.7200 111.0200 0.8000 4.7200 0.0000 62.6653 67.1210 2.5897 0.1524  287.5048 0.0000 0.0000 0.0000 0.0000 287.5048
2022 10 23 17 4.7200 119.9200 0.8000 4.7200 0.0000 62.6665 67.1221 2.5897 0.1524  310.5587 0.0000 0.0000 0.0000 0.0000 310.5587
2022 10 23 18 4.7200 123.6900 0.8000 4.7200 0.0000 62.6677 67.1233 2.5898 0.1524  320.3280 0.0000 0.0000 0.0000 0.0000 320.3280
2022 10 23 19 4.7200 110.0600 0.8000 4.7200 0.0000 62.6689 67.1246 2.5898 0.1524  285.0351 0.0000 0.0000 0.0000 0.0000 285.0351
2022 10 23 20 4.7200 93.3300 0.8000 4.7200 0.0000 62.6702 67.1259 2.5899 0.1524  241.7125 0.0000 0.0000 0.0000 0.0000 241.7125
2022 10 23 21 4.7200 86.2600 0.8000 4.7200 0.0000 62.6715 67.1272 2.5899 0.1524  223.4069 0.0000 0.0000 0.0000 0.0000 223.4069
2022 10 23 22 4.7200 78.5900 0.8000 4.7200 0.0000 62.6730 67.1286 2.5900 0.1524  203.5468 0.0000 0.0000 0.0000 0.0000 203.5468
2022 10 23 23 4.7200 56.4400 0.8000 4.7200 0.0000 62.6744 67.1301 2.5900 0.1524  146.1821 0.0000 0.0000 0.0000 0.0000 146.1821
2022 10 24 0 4.7200 53.2400 0.8000 4.7200 0.0000 62.6760 67.1317 2.5901 0.1524  137.8975 0.0000 0.0000 0.0000 0.0000 137.8975
2022 10 24 1 4.7200 40.7000 0.8000 4.7200 0.0000 62.6776 67.1333 2.5902 0.1524  105.4202 0.0000 0.0000 0.0000 0.0000 105.4202
2022 10 24 2 4.7200 26.8000 0.8000 4.7200 0.0000 62.6793 67.1350 2.5902 0.1524  69.4186 0.0000 0.0000 0.0000 0.0000 69.4186
2022 10 24 3 4.7200 40.6900 0.8000 4.7200 0.0000 62.6809 67.1366 2.5903 0.1524  105.3999 0.0000 0.0000 0.0000 0.0000 105.3999
2022 10 24 4 4.7200 55.9300 0.8000 4.7200 0.0000 62.6826 67.1383 2.5904 0.1524  144.8801 0.0000 0.0000 0.0000 0.0000 144.8801
2022 10 24 5 4.7200 73.1300 0.8000 4.7200 0.0000 62.6842 67.1399 2.5905 0.1525  189.4396 0.0000 0.0000 0.0000 0.0000 189.4396
2022 10 24 6 4.7200 110.6600 0.8000 4.7200 0.0000 62.6859 67.1415 2.5905 0.1525  286.6667 0.0000 0.0000 0.0000 0.0000 286.6667
2022 10 24 7 4.7200 126.7000 0.8000 4.7200 0.0000 62.6875 67.1431 2.5906 0.1525  328.2269 0.0000 0.0000 0.0000 0.0000 328.2269
2022 10 24 8 4.7200 120.1800 0.8000 4.7200 0.0000 62.6890 67.1447 2.5906 0.1525  311.3441 0.0000 0.0000 0.0000 0.0000 311.3441
2022 10 24 9 4.7200 112.1800 0.8000 4.7200 0.0000 62.6906 67.1463 2.5907 0.1525  290.6261 0.0000 0.0000 0.0000 0.0000 290.6261
2022 10 24 10 4.7200 87.2600 0.8000 4.7200 0.0000 62.6921 67.1478 2.5908 0.1525  226.0711 0.0000 0.0000 0.0000 0.0000 226.0711
2022 10 24 11 4.7200 72.9300 0.8000 4.7200 0.0000 62.6936 67.1493 2.5908 0.1525  188.9499 0.0000 0.0000 0.0000 0.0000 188.9499
2022 10 24 12 4.7200 72.6300 0.8000 4.7200 0.0000 62.6952 67.1509 2.5909 0.1525  188.1772 0.0000 0.0000 0.0000 0.0000 188.1772
2022 10 24 13 4.7200 73.0400 0.8000 4.7200 0.0000 62.6968 67.1524 2.5910 0.1525  189.2442 0.0000 0.0000 0.0000 0.0000 189.2442
2022 10 24 14 4.7200 81.5500 0.8000 4.7200 0.0000 62.6983 67.1540 2.5910 0.1525  211.2987 0.0000 0.0000 0.0000 0.0000 211.2987
2022 10 24 15 4.7200 88.3500 0.8000 4.7200 0.0000 62.6999 67.1556 2.5911 0.1525  228.9234 0.0000 0.0000 0.0000 0.0000 228.9234
2022 10 24 16 4.7200 114.1300 0.8000 4.7200 0.0000 62.7015 67.1571 2.5912 0.1525  295.7293 0.0000 0.0000 0.0000 0.0000 295.7293
2022 10 24 17 4.7200 123.8400 0.8000 4.7200 0.0000 62.7030 67.1587 2.5912 0.1525  320.8974 0.0000 0.0000 0.0000 0.0000 320.8974
2022 10 24 18 4.7200 130.7400 0.8000 4.7200 0.0000 62.7045 67.1602 2.5913 0.1525  338.7851 0.0000 0.0000 0.0000 0.0000 338.7851
2022 10 24 19 4.7200 111.0900 0.8000 4.7200 0.0000 62.7061 67.1617 2.5914 0.1525  287.8733 0.0000 0.0000 0.0000 0.0000 287.8733
2022 10 24 20 4.7200 92.6900 0.8000 4.7200 0.0000 62.7076 67.1632 2.5914 0.1525  240.1982 0.0000 0.0000 0.0000 0.0000 240.1982
2022 10 24 21 4.7200 91.7400 0.8000 4.7200 0.0000 62.7091 67.1647 2.5915 0.1525  237.7420 0.0000 0.0000 0.0000 0.0000 237.7420
2022 10 24 22 4.7200 83.6000 0.8000 4.7200 0.0000 62.7105 67.1662 2.5915 0.1525  216.6525 0.0000 0.0000 0.0000 0.0000 216.6525
2022 10 24 23 4.7200 61.0300 0.8000 4.7200 0.0000 62.7120 67.1677 2.5916 0.1525  158.1652 0.0000 0.0000 0.0000 0.0000 158.1652
2022 10 25 0 4.7200 54.2400 0.8000 4.7200 0.0000 62.7135 67.1692 2.5917 0.1525  140.5716 0.0000 0.0000 0.0000 0.0000 140.5716
2022 10 25 1 4.7200 60.5500 0.8000 4.7200 0.0000 62.7150 67.1707 2.5917 0.1525  156.9287 0.0000 0.0000 0.0000 0.0000 156.9287
2022 10 25 2 4.7200 60.2400 0.8000 4.7200 0.0000 62.7165 67.1722 2.5918 0.1525  156.1290 0.0000 0.0000 0.0000 0.0000 156.1290
2022 10 25 3 4.7200 72.2600 0.8000 4.7200 0.0000 62.7180 67.1737 2.5918 0.1525  187.2868 0.0000 0.0000 0.0000 0.0000 187.2868
2022 10 25 4 4.7200 75.7600 0.8000 4.7200 0.0000 62.7195 67.1752 2.5919 0.1525  196.3630 0.0000 0.0000 0.0000 0.0000 196.3630
2022 10 25 5 4.7200 92.5200 0.8000 4.7200 0.0000 62.7210 67.1767 2.5920 0.1525  239.8091 0.0000 0.0000 0.0000 0.0000 239.8091
2022 10 25 6 4.7200 121.1600 0.8000 4.7200 0.0000 62.7225 67.1782 2.5920 0.1525  314.0507 0.0000 0.0000 0.0000 0.0000 314.0507
2022 10 25 7 4.7200 131.5800 0.8000 4.7200 0.0000 62.7241 67.1797 2.5921 0.1525  341.0680 0.0000 0.0000 0.0000 0.0000 341.0680
2022 10 25 8 4.7200 131.0700 0.8000 4.7200 0.0000 62.7256 67.1813 2.5922 0.1526  339.7544 0.0000 0.0000 0.0000 0.0000 339.7544
2022 10 25 9 4.7200 113.2600 0.8000 4.7200 0.0000 62.7272 67.1828 2.5922 0.1526  293.5953 0.0000 0.0000 0.0000 0.0000 293.5953
2022 10 25 10 4.7200 107.0900 0.8000 4.7200 0.0000 62.7287 67.1844 2.5923 0.1526  277.6082 0.0000 0.0000 0.0000 0.0000 277.6082
2022 10 25 11 4.7200 100.1800 0.8000 4.7200 0.0000 62.7303 67.1860 2.5924 0.1526  259.7021 0.0000 0.0000 0.0000 0.0000 259.7021
2022 10 25 12 4.7200 84.3800 0.8000 4.7200 0.0000 62.7319 67.1876 2.5924 0.1526  218.7484 0.0000 0.0000 0.0000 0.0000 218.7484
2022 10 25 13 4.7200 85.7400 0.8000 4.7200 0.0000 62.7335 67.1892 2.5925 0.1526  222.2797 0.0000 0.0000 0.0000 0.0000 222.2797
2022 10 25 14 4.7200 103.6100 0.8000 4.7200 0.0000 62.7351 67.1908 2.5926 0.1526  268.6143 0.0000 0.0000 0.0000 0.0000 268.6143
2022 10 25 15 4.7200 120.0900 0.8000 4.7200 0.0000 62.7367 67.1923 2.5926 0.1526  311.3473 0.0000 0.0000 0.0000 0.0000 311.3473
2022 10 25 16 4.7200 154.7800 0.8000 4.7200 0.0000 62.7382 67.1939 2.5927 0.1526  401.2953 0.0000 0.0000 0.0000 0.0000 401.2953
2022 10 25 17 4.7200 177.6700 0.8000 4.7200 0.0000 62.7398 67.1955 2.5927 0.1526  460.6532 0.0000 0.0000 0.0000 0.0000 460.6532
2022 10 25 18 4.7200 184.2700 0.8000 4.7200 0.0000 62.7413 67.1970 2.5928 0.1526  477.7770 0.0000 0.0000 0.0000 0.0000 477.7770
2022 10 25 19 4.7200 154.0300 0.8000 4.7200 0.0000 62.7428 67.1985 2.5929 0.1526  399.3801 0.0000 0.0000 0.0000 0.0000 399.3801
2022 10 25 20 4.7200 131.2900 0.8000 4.7200 0.0000 62.7443 67.2000 2.5929 0.1526  340.4263 0.0000 0.0000 0.0000 0.0000 340.4263
2022 10 25 21 4.7200 121.4600 0.8000 4.7200 0.0000 62.7458 67.2015 2.5930 0.1526  314.9451 0.0000 0.0000 0.0000 0.0000 314.9451
2022 10 25 22 4.7200 116.2600 0.8000 4.7200 0.0000 62.7473 67.2029 2.5931 0.1526  301.4685 0.0000 0.0000 0.0000 0.0000 301.4685
2022 10 25 23 4.7200 98.6900 0.8000 4.7200 0.0000 62.7487 67.2044 2.5931 0.1526  255.9144 0.0000 0.0000 0.0000 0.0000 255.9144
2022 10 26 0 4.7200 94.2900 0.8000 4.7200 0.0000 62.7501 67.2058 2.5932 0.1526  244.5102 0.0000 0.0000 0.0000 0.0000 244.5102
2022 10 26 1 4.7200 91.3300 0.8000 4.7200 0.0000 62.7515 67.2072 2.5932 0.1526  236.8397 0.0000 0.0000 0.0000 0.0000 236.8397
2022 10 26 2 4.7200 89.6800 0.8000 4.7200 0.0000 62.7529 67.2086 2.5933 0.1526  232.5661 0.0000 0.0000 0.0000 0.0000 232.5661
2022 10 26 3 4.7200 97.6000 0.8000 4.7200 0.0000 62.7544 67.2101 2.5933 0.1526  253.1109 0.0000 0.0000 0.0000 0.0000 253.1109
2022 10 26 4 4.7200 108.9800 0.8000 4.7200 0.0000 62.7560 67.2117 2.5934 0.1526  282.6306 0.0000 0.0000 0.0000 0.0000 282.6306
2022 10 26 5 4.7200 129.2000 0.8000 4.7200 0.0000 62.7580 67.2137 2.5935 0.1526  335.0798 0.0000 0.0000 0.0000 0.0000 335.0798
2022 10 26 6 4.7200 156.7000 0.8000 4.7200 0.0000 62.7602 67.2159 2.5936 0.1526  406.4157 0.0000 0.0000 0.0000 0.0000 406.4157
2022 10 26 7 4.7200 163.5600 0.8000 4.7200 0.0000 62.7630 67.2186 2.5937 0.1526  424.2261 0.0000 0.0000 0.0000 0.0000 424.2261
2022 10 26 8 4.7200 151.4200 0.8000 4.7200 0.0000 62.7662 67.2219 2.5938 0.1527  392.7589 0.0000 0.0000 0.0000 0.0000 392.7589
2022 10 26 9 4.7200 134.7900 0.8000 4.7200 0.0000 62.7700 67.2257 2.5940 0.1527  349.6444 0.0000 0.0000 0.0000 0.0000 349.6444
2022 10 26 10 4.7200 119.9000 0.8000 4.7200 0.0000 62.7742 67.2298 2.5942 0.1527  311.0405 0.0000 0.0000 0.0000 0.0000 311.0405
2022 10 26 11 4.7200 117.1400 0.8000 4.7200 0.0000 62.7786 67.2342 2.5943 0.1527  303.9019 0.0000 0.0000 0.0000 0.0000 303.9019
2022 10 26 12 4.7200 117.2200 0.8000 4.7200 0.0000 62.7830 67.2387 2.5945 0.1527  304.1312 0.0000 0.0000 0.0000 0.0000 304.1312
2022 10 26 13 4.7200 120.4200 0.8000 4.7200 0.0000 62.7875 67.2432 2.5947 0.1527  312.4557 0.0000 0.0000 0.0000 0.0000 312.4557
2022 10 26 14 4.7200 130.0700 0.8000 4.7200 0.0000 62.7918 67.2475 2.5949 0.1527  337.5181 0.0000 0.0000 0.0000 0.0000 337.5181
2022 10 26 15 4.7200 144.2800 0.8000 4.7200 0.0000 62.7960 67.2517 2.5951 0.1527  374.4164 0.0000 0.0000 0.0000 0.0000 374.4164
2022 10 26 16 4.7200 144.4000 0.8000 4.7200 0.0000 62.8000 67.2557 2.5952 0.1527  374.7516 0.0000 0.0000 0.0000 0.0000 374.7516
2022 10 26 17 4.7200 140.8600 0.8000 4.7200 0.0000 62.8038 67.2594 2.5954 0.1527  365.5866 0.0000 0.0000 0.0000 0.0000 365.5866
2022 10 26 18 4.7200 140.5200 0.8000 4.7200 0.0000 62.8073 67.2630 2.5955 0.1528  364.7249 0.0000 0.0000 0.0000 0.0000 364.7249
2022 10 26 19 4.7200 128.8000 0.8000 4.7200 0.0000 62.8107 67.2664 2.5957 0.1528  334.3232 0.0000 0.0000 0.0000 0.0000 334.3232
2022 10 26 20 4.7200 111.7400 0.8000 4.7200 0.0000 62.8139 67.2696 2.5958 0.1528  290.0557 0.0000 0.0000 0.0000 0.0000 290.0557
2022 10 26 21 4.7200 99.5600 0.8000 4.7200 0.0000 62.8169 67.2726 2.5959 0.1528  258.4511 0.0000 0.0000 0.0000 0.0000 258.4511
2022 10 26 22 4.7200 91.1100 0.8000 4.7200 0.0000 62.8198 67.2755 2.5961 0.1528  236.5263 0.0000 0.0000 0.0000 0.0000 236.5263
2022 10 26 23 4.7200 92.2500 0.8000 4.7200 0.0000 62.8225 67.2782 2.5962 0.1528  239.4961 0.0000 0.0000 0.0000 0.0000 239.4961
2022 10 27 0 4.7200 96.4600 0.8000 4.7200 0.0000 62.8251 67.2808 2.5963 0.1528  250.4363 0.0000 0.0000 0.0000 0.0000 250.4363
2022 10 27 1 4.7200 98.5000 0.8000 4.7200 0.0000 62.8276 67.2833 2.5964 0.1528  255.7429 0.0000 0.0000 0.0000 0.0000 255.7429
2022 10 27 2 4.7200 96.3600 0.8000 4.7200 0.0000 62.8300 67.2857 2.5965 0.1528  250.1961 0.0000 0.0000 0.0000 0.0000 250.1961
2022 10 27 3 4.7200 98.7000 0.8000 4.7200 0.0000 62.8323 67.2880 2.5966 0.1528  256.2812 0.0000 0.0000 0.0000 0.0000 256.2812
2022 10 27 4 4.7200 109.7800 0.8000 4.7200 0.0000 62.8345 67.2902 2.5967 0.1528  285.0612 0.0000 0.0000 0.0000 0.0000 285.0612
2022 10 27 5 4.7200 124.4500 0.8000 4.7200 0.0000 62.8366 67.2923 2.5967 0.1528  323.1652 0.0000 0.0000 0.0000 0.0000 323.1652
2022 10 27 6 4.7200 161.5500 0.8000 4.7200 0.0000 62.8387 67.2944 2.5968 0.1528  419.5184 0.0000 0.0000 0.0000 0.0000 419.5184
2022 10 27 7 4.7200 142.8300 0.8000 4.7200 0.0000 62.8407 67.2964 2.5969 0.1528  370.9174 0.0000 0.0000 0.0000 0.0000 370.9174
2022 10 27 8 4.7200 135.2100 0.8000 4.7200 0.0000 62.8426 67.2983 2.5970 0.1528  351.1397 0.0000 0.0000 0.0000 0.0000 351.1397
2022 10 27 9 4.7200 130.7300 0.8000 4.7200 0.0000 62.8445 67.3002 2.5971 0.1528  339.5152 0.0000 0.0000 0.0000 0.0000 339.5152
2022 10 27 10 4.7200 119.3600 0.8000 4.7200 0.0000 62.8463 67.3020 2.5971 0.1528  309.9954 0.0000 0.0000 0.0000 0.0000 309.9954
2022 10 27 11 4.7200 108.3600 0.8000 4.7200 0.0000 62.8480 67.3037 2.5972 0.1528  281.4346 0.0000 0.0000 0.0000 0.0000 281.4346
2022 10 27 12 4.7200 101.4400 0.8000 4.7200 0.0000 62.8497 67.3054 2.5973 0.1529  263.4690 0.0000 0.0000 0.0000 0.0000 263.4690
2022 10 27 13 4.7200 106.3200 0.8000 4.7200 0.0000 62.8514 67.3071 2.5974 0.1529  276.1510 0.0000 0.0000 0.0000 0.0000 276.1510
2022 10 27 14 4.7200 120.2800 0.8000 4.7200 0.0000 62.8530 67.3086 2.5974 0.1529  312.4180 0.0000 0.0000 0.0000 0.0000 312.4180
2022 10 27 15 4.7200 128.8300 0.8000 4.7200 0.0000 62.8545 67.3102 2.5975 0.1529  334.6342 0.0000 0.0000 0.0000 0.0000 334.6342
2022 10 27 16 4.7200 124.8800 0.8000 4.7200 0.0000 62.8560 67.3117 2.5975 0.1529  324.3819 0.0000 0.0000 0.0000 0.0000 324.3819
2022 10 27 17 4.7200 126.5800 0.8000 4.7200 0.0000 62.8575 67.3132 2.5976 0.1529  328.8054 0.0000 0.0000 0.0000 0.0000 328.8054
2022 10 27 18 4.7200 127.9400 0.8000 4.7200 0.0000 62.8589 67.3146 2.5977 0.1529  332.3456 0.0000 0.0000 0.0000 0.0000 332.3456
2022 10 27 19 4.7200 125.3200 0.8000 4.7200 0.0000 62.8603 67.3160 2.5977 0.1529  325.5469 0.0000 0.0000 0.0000 0.0000 325.5469
2022 10 27 20 4.7200 128.3400 0.8000 4.7200 0.0000 62.8616 67.3173 2.5978 0.1529  333.3992 0.0000 0.0000 0.0000 0.0000 333.3992
2022 10 27 21 4.7200 118.7100 0.8000 4.7200 0.0000 62.8630 67.3186 2.5978 0.1529  308.3890 0.0000 0.0000 0.0000 0.0000 308.3890
2022 10 27 22 4.7200 101.7200 0.8000 4.7200 0.0000 62.8642 67.3199 2.5979 0.1529  264.2572 0.0000 0.0000 0.0000 0.0000 264.2572
2022 10 27 23 4.7200 91.1400 0.8000 4.7200 0.0000 62.8655 67.3212 2.5979 0.1529  236.7763 0.0000 0.0000 0.0000 0.0000 236.7763
2022 10 28 0 4.7200 91.4600 0.8000 4.7200 0.0000 62.8667 67.3224 2.5980 0.1529  237.6124 0.0000 0.0000 0.0000 0.0000 237.6124
2022 10 28 1 4.7200 91.1400 0.8000 4.7200 0.0000 62.8680 67.3236 2.5980 0.1529  236.7856 0.0000 0.0000 0.0000 0.0000 236.7856
2022 10 28 2 4.7200 91.0000 0.8000 4.7200 0.0000 62.8692 67.3248 2.5981 0.1529  236.4264 0.0000 0.0000 0.0000 0.0000 236.4264
2022 10 28 3 4.7200 92.2100 0.8000 4.7200 0.0000 62.8704 67.3260 2.5981 0.1529  239.5746 0.0000 0.0000 0.0000 0.0000 239.5746
2022 10 28 4 4.7200 100.1900 0.8000 4.7200 0.0000 62.8715 67.3272 2.5982 0.1529  260.3126 0.0000 0.0000 0.0000 0.0000 260.3126
2022 10 28 5 4.7200 106.6800 0.8000 4.7200 0.0000 62.8727 67.3283 2.5982 0.1529  277.1799 0.0000 0.0000 0.0000 0.0000 277.1799
2022 10 28 6 4.7200 118.6700 0.8000 4.7200 0.0000 62.8738 67.3295 2.5983 0.1529  308.3383 0.0000 0.0000 0.0000 0.0000 308.3383
2022 10 28 7 4.7200 122.1100 0.8000 4.7200 0.0000 62.8749 67.3306 2.5983 0.1529  317.2821 0.0000 0.0000 0.0000 0.0000 317.2821
2022 10 28 8 4.7200 123.5800 0.8000 4.7200 0.0000 62.8760 67.3317 2.5984 0.1529  321.1074 0.0000 0.0000 0.0000 0.0000 321.1074
2022 10 28 9 4.7200 111.6000 0.8000 4.7200 0.0000 62.8772 67.3328 2.5984 0.1529  289.9840 0.0000 0.0000 0.0000 0.0000 289.9840
2022 10 28 10 4.7200 105.3800 0.8000 4.7200 0.0000 62.8783 67.3340 2.5985 0.1529  273.8267 0.0000 0.0000 0.0000 0.0000 273.8267
2022 10 28 11 4.7200 100.3100 0.8000 4.7200 0.0000 62.8794 67.3351 2.5985 0.1529  260.6572 0.0000 0.0000 0.0000 0.0000 260.6572
2022 10 28 12 4.7200 89.2200 0.8000 4.7200 0.0000 62.8806 67.3363 2.5986 0.1529  231.8439 0.0000 0.0000 0.0000 0.0000 231.8439
2022 10 28 13 4.7200 92.5200 0.8000 4.7200 0.0000 62.8817 67.3374 2.5986 0.1529  240.4236 0.0000 0.0000 0.0000 0.0000 240.4236
2022 10 28 14 4.7200 96.5200 0.8000 4.7200 0.0000 62.8829 67.3386 2.5987 0.1529  250.8227 0.0000 0.0000 0.0000 0.0000 250.8227
2022 10 28 15 4.7200 105.8900 0.8000 4.7200 0.0000 62.8841 67.3398 2.5987 0.1529  275.1772 0.0000 0.0000 0.0000 0.0000 275.1772
2022 10 28 16 4.7200 108.7200 0.8000 4.7200 0.0000 62.8853 67.3409 2.5988 0.1529  282.5369 0.0000 0.0000 0.0000 0.0000 282.5369
2022 10 28 17 4.7200 117.8800 0.8000 4.7200 0.0000 62.8864 67.3421 2.5988 0.1529  306.3473 0.0000 0.0000 0.0000 0.0000 306.3473
2022 10 28 18 4.7200 124.8000 0.8000 4.7200 0.0000 62.8876 67.3433 2.5989 0.1529  324.3372 0.0000 0.0000 0.0000 0.0000 324.3372
2022 10 28 19 4.7200 111.7800 0.8000 4.7200 0.0000 62.8888 67.3445 2.5989 0.1529  290.5056 0.0000 0.0000 0.0000 0.0000 290.5056
2022 10 28 20 4.7200 102.3700 0.8000 4.7200 0.0000 62.8901 67.3457 2.5990 0.1530  266.0551 0.0000 0.0000 0.0000 0.0000 266.0551
2022 10 28 21 4.7200 94.5000 0.8000 4.7200 0.0000 62.8913 67.3470 2.5990 0.1530  245.6061 0.0000 0.0000 0.0000 0.0000 245.6061
2022 10 28 22 4.7200 85.8800 0.8000 4.7200 0.0000 62.8926 67.3482 2.5991 0.1530  223.2072 0.0000 0.0000 0.0000 0.0000 223.2072
2022 10 28 23 4.7200 92.7900 0.8000 4.7200 0.0000 62.8939 67.3496 2.5991 0.1530  241.1717 0.0000 0.0000 0.0000 0.0000 241.1717
2022 10 29 0 4.7200 92.2500 0.8000 4.7200 0.0000 62.8952 67.3509 2.5992 0.1530  239.7733 0.0000 0.0000 0.0000 0.0000 239.7733
2022 10 29 1 4.7200 89.9100 0.8000 4.7200 0.0000 62.8966 67.3522 2.5992 0.1530  233.6962 0.0000 0.0000 0.0000 0.0000 233.6962
2022 10 29 2 4.7200 89.7900 0.8000 4.7200 0.0000 62.8979 67.3536 2.5993 0.1530  233.3893 0.0000 0.0000 0.0000 0.0000 233.3893
2022 10 29 3 4.7200 87.8600 0.8000 4.7200 0.0000 62.8992 67.3549 2.5993 0.1530  228.3776 0.0000 0.0000 0.0000 0.0000 228.3776
2022 10 29 4 4.7200 86.1900 0.8000 4.7200 0.0000 62.9006 67.3563 2.5994 0.1530  224.0415 0.0000 0.0000 0.0000 0.0000 224.0415
2022 10 29 5 4.7200 90.8800 0.8000 4.7200 0.0000 62.9019 67.3576 2.5994 0.1530  236.2377 0.0000 0.0000 0.0000 0.0000 236.2377
2022 10 29 6 4.7200 100.7500 0.8000 4.7200 0.0000 62.9033 67.3590 2.5995 0.1530  261.8999 0.0000 0.0000 0.0000 0.0000 261.8999
2022 10 29 7 4.7200 114.2300 0.8000 4.7200 0.0000 62.9047 67.3603 2.5996 0.1530  296.9477 0.0000 0.0000 0.0000 0.0000 296.9477
2022 10 29 8 4.7200 108.5600 0.8000 4.7200 0.0000 62.9060 67.3617 2.5996 0.1530  282.2143 0.0000 0.0000 0.0000 0.0000 282.2143
2022 10 29 9 4.7200 98.4600 0.8000 4.7200 0.0000 62.9074 67.3631 2.5997 0.1530  255.9639 0.0000 0.0000 0.0000 0.0000 255.9639
2022 10 29 10 4.7200 89.2800 0.8000 4.7200 0.0000 62.9089 67.3645 2.5997 0.1530  232.1041 0.0000 0.0000 0.0000 0.0000 232.1041
2022 10 29 11 4.7200 87.0800 0.8000 4.7200 0.0000 62.9103 67.3660 2.5998 0.1530  226.3899 0.0000 0.0000 0.0000 0.0000 226.3899
2022 10 29 12 4.7200 83.6000 0.8000 4.7200 0.0000 62.9118 67.3674 2.5999 0.1530  217.3476 0.0000 0.0000 0.0000 0.0000 217.3476
2022 10 29 13 4.7200 86.7300 0.8000 4.7200 0.0000 62.9133 67.3689 2.5999 0.1530  225.4906 0.0000 0.0000 0.0000 0.0000 225.4906
2022 10 29 14 4.7200 92.3200 0.8000 4.7200 0.0000 62.9148 67.3705 2.6000 0.1530  240.0299 0.0000 0.0000 0.0000 0.0000 240.0299
2022 10 29 15 4.7200 109.4300 0.8000 4.7200 0.0000 62.9164 67.3720 2.6000 0.1530  284.5227 0.0000 0.0000 0.0000 0.0000 284.5227
2022 10 29 16 4.7200 120.6600 0.8000 4.7200 0.0000 62.9180 67.3737 2.6001 0.1530  313.7293 0.0000 0.0000 0.0000 0.0000 313.7293
2022 10 29 17 4.7200 139.1200 0.8000 4.7200 0.0000 62.9196 67.3753 2.6002 0.1530  361.7368 0.0000 0.0000 0.0000 0.0000 361.7368
2022 10 29 18 4.7200 137.4600 0.8000 4.7200 0.0000 62.9213 67.3770 2.6002 0.1530  357.4301 0.0000 0.0000 0.0000 0.0000 357.4301
2022 10 29 19 4.7200 120.6200 0.8000 4.7200 0.0000 62.9230 67.3787 2.6003 0.1530  313.6505 0.0000 0.0000 0.0000 0.0000 313.6505
2022 10 29 20 4.7200 109.8000 0.8000 4.7200 0.0000 62.9248 67.3804 2.6004 0.1530  285.5228 0.0000 0.0000 0.0000 0.0000 285.5228
2022 10 29 21 4.7200 103.6700 0.8000 4.7200 0.0000 62.9265 67.3822 2.6005 0.1530  269.5898 0.0000 0.0000 0.0000 0.0000 269.5898
2022 10 29 22 4.7200 97.1400 0.8000 4.7200 0.0000 62.9282 67.3839 2.6005 0.1530  252.6156 0.0000 0.0000 0.0000 0.0000 252.6156
2022 10 29 23 4.7200 103.0900 0.8000 4.7200 0.0000 62.9299 67.3856 2.6006 0.1530  268.0960 0.0000 0.0000 0.0000 0.0000 268.0960
2022 10 30 0 4.7200 100.9400 0.8000 4.7200 0.0000 62.9316 67.3872 2.6007 0.1531  262.5117 0.0000 0.0000 0.0000 0.0000 262.5117
2022 10 30 1 4.7200 100.6700 0.8000 4.7200 0.0000 62.9332 67.3889 2.6007 0.1531  261.8163 0.0000 0.0000 0.0000 0.0000 261.8163
2022 10 30 2 4.7200 100.3400 0.8000 4.7200 0.0000 62.9348 67.3905 2.6008 0.1531  260.9647 0.0000 0.0000 0.0000 0.0000 260.9647
2022 10 30 3 4.7200 98.4200 0.8000 4.7200 0.0000 62.9364 67.3921 2.6009 0.1531  255.9776 0.0000 0.0000 0.0000 0.0000 255.9776
2022 10 30 4 4.7200 98.5700 0.8000 4.7200 0.0000 62.9379 67.3936 2.6009 0.1531  256.3740 0.0000 0.0000 0.0000 0.0000 256.3740
2022 10 30 5 4.7200 99.0900 0.8000 4.7200 0.0000 62.9394 67.3951 2.6010 0.1531  257.7326 0.0000 0.0000 0.0000 0.0000 257.7326
2022 10 30 6 4.7200 100.8900 0.8000 4.7200 0.0000 62.9409 67.3965 2.6011 0.1531  262.4204 0.0000 0.0000 0.0000 0.0000 262.4204
2022 10 30 7 4.7200 109.9400 0.8000 4.7200 0.0000 62.9423 67.3980 2.6011 0.1531  285.9664 0.0000 0.0000 0.0000 0.0000 285.9664
2022 10 30 8 4.7200 113.2300 0.8000 4.7200 0.0000 62.9436 67.3993 2.6012 0.1531  294.5305 0.0000 0.0000 0.0000 0.0000 294.5305
2022 10 30 9 4.7200 105.2600 0.8000 4.7200 0.0000 62.9450 67.4007 2.6012 0.1531  273.8050 0.0000 0.0000 0.0000 0.0000 273.8050
2022 10 30 10 4.7200 103.0000 0.8000 4.7200 0.0000 62.9463 67.4019 2.6013 0.1531  267.9316 0.0000 0.0000 0.0000 0.0000 267.9316
2022 10 30 11 4.7200 103.1400 0.8000 4.7200 0.0000 62.9475 67.4032 2.6013 0.1531  268.3011 0.0000 0.0000 0.0000 0.0000 268.3011
2022 10 30 12 4.7200 103.1000 0.8000 4.7200 0.0000 62.9487 67.4044 2.6014 0.1531  268.2021 0.0000 0.0000 0.0000 0.0000 268.2021
2022 10 30 13 4.7200 105.8200 0.8000 4.7200 0.0000 62.9498 67.4055 2.6014 0.1531  275.2829 0.0000 0.0000 0.0000 0.0000 275.2829
2022 10 30 14 4.7200 110.1200 0.8000 4.7200 0.0000 62.9509 67.4066 2.6015 0.1531  286.4740 0.0000 0.0000 0.0000 0.0000 286.4740
2022 10 30 15 4.7200 125.4000 0.8000 4.7200 0.0000 62.9520 67.4077 2.6015 0.1531  326.2301 0.0000 0.0000 0.0000 0.0000 326.2301
2022 10 30 16 4.7200 139.7600 0.8000 4.7200 0.0000 62.9530 67.4087 2.6016 0.1531  363.5938 0.0000 0.0000 0.0000 0.0000 363.5938
2022 10 30 17 4.7200 155.8500 0.8000 4.7200 0.0000 62.9540 67.4097 2.6016 0.1531  405.4593 0.0000 0.0000 0.0000 0.0000 405.4593
2022 10 30 18 4.7200 170.0500 0.8000 4.7200 0.0000 62.9550 67.4107 2.6016 0.1531  442.4088 0.0000 0.0000 0.0000 0.0000 442.4088
2022 10 30 19 4.7200 164.6800 0.8000 4.7200 0.0000 62.9559 67.4116 2.6017 0.1531  428.4443 0.0000 0.0000 0.0000 0.0000 428.4443
2022 10 30 20 4.7200 147.2300 0.8000 4.7200 0.0000 62.9568 67.4125 2.6017 0.1531  383.0505 0.0000 0.0000 0.0000 0.0000 383.0505
2022 10 30 21 4.7200 138.8300 0.8000 4.7200 0.0000 62.9577 67.4134 2.6018 0.1531  361.2012 0.0000 0.0000 0.0000 0.0000 361.2012
2022 10 30 22 4.7200 126.8800 0.8000 4.7200 0.0000 62.9586 67.4142 2.6018 0.1531  330.1147 0.0000 0.0000 0.0000 0.0000 330.1147
2022 10 30 23 4.7200 109.1600 0.8000 4.7200 0.0000 62.9594 67.4151 2.6018 0.1531  284.0147 0.0000 0.0000 0.0000 0.0000 284.0147
2022 10 31 0 4.7200 129.2600 0.8000 4.7200 0.0000 62.9602 67.4159 2.6019 0.1531  336.3156 0.0000 0.0000 0.0000 0.0000 336.3156
2022 10 31 1 4.7200 118.9800 0.8000 4.7200 0.0000 62.9610 67.4166 2.6019 0.1531  309.5723 0.0000 0.0000 0.0000 0.0000 309.5723
2022 10 31 2 4.7200 116.2100 0.8000 4.7200 0.0000 62.9617 67.4174 2.6019 0.1531  302.3687 0.0000 0.0000 0.0000 0.0000 302.3687
2022 10 31 3 4.7200 114.5000 0.8000 4.7200 0.0000 62.9624 67.4181 2.6019 0.1531  297.9228 0.0000 0.0000 0.0000 0.0000 297.9228
2022 10 31 4 4.7200 114.9600 0.8000 4.7200 0.0000 62.9631 67.4188 2.6020 0.1531  299.1230 0.0000 0.0000 0.0000 0.0000 299.1230
2022 10 31 5 4.7200 123.5900 0.8000 4.7200 0.0000 62.9638 67.4195 2.6020 0.1531  321.5815 0.0000 0.0000 0.0000 0.0000 321.5815
2022 10 31 6 4.7200 144.6800 0.8000 4.7200 0.0000 62.9645 67.4201 2.6020 0.1531  376.4617 0.0000 0.0000 0.0000 0.0000 376.4617
2022 10 31 7 4.7200 166.2400 0.8000 4.7200 0.0000 62.9651 67.4208 2.6021 0.1531  432.5659 0.0000 0.0000 0.0000 0.0000 432.5659
2022 10 31 8 4.7200 167.5400 0.8000 4.7200 0.0000 62.9657 67.4214 2.6021 0.1531  435.9528 0.0000 0.0000 0.0000 0.0000 435.9528
2022 10 31 9 4.7200 153.4700 0.8000 4.7200 0.0000 62.9663 67.4220 2.6021 0.1531  399.3454 0.0000 0.0000 0.0000 0.0000 399.3454
2022 10 31 10 4.7200 143.5100 0.8000 4.7200 0.0000 62.9669 67.4226 2.6021 0.1531  373.4318 0.0000 0.0000 0.0000 0.0000 373.4318
2022 10 31 11 4.7200 142.1100 0.8000 4.7200 0.0000 62.9675 67.4231 2.6022 0.1531  369.7922 0.0000 0.0000 0.0000 0.0000 369.7922
2022 10 31 12 4.7200 142.1200 0.8000 4.7200 0.0000 62.9680 67.4237 2.6022 0.1531  369.8214 0.0000 0.0000 0.0000 0.0000 369.8214
2022 10 31 13 4.7200 146.1300 0.8000 4.7200 0.0000 62.9686 67.4242 2.6022 0.1531  380.2594 0.0000 0.0000 0.0000 0.0000 380.2594
2022 10 31 14 4.7200 155.1800 0.8000 4.7200 0.0000 62.9691 67.4248 2.6022 0.1531  403.8127 0.0000 0.0000 0.0000 0.0000 403.8127
2022 10 31 15 4.7200 168.6800 0.8000 4.7200 0.0000 62.9696 67.4253 2.6022 0.1531  438.9462 0.0000 0.0000 0.0000 0.0000 438.9462
2022 10 31 16 4.7200 172.2000 0.8000 4.7200 0.0000 62.9701 67.4258 2.6023 0.1531  448.1096 0.0000 0.0000 0.0000 0.0000 448.1096
2022 10 31 17 4.7200 181.3900 0.8000 4.7200 0.0000 62.9706 67.4263 2.6023 0.1531  472.0281 0.0000 0.0000 0.0000 0.0000 472.0281
2022 10 31 18 4.7200 182.1300 0.8000 4.7200 0.0000 62.9711 67.4267 2.6023 0.1531  473.9575 0.0000 0.0000 0.0000 0.0000 473.9575
2022 10 31 19 4.7200 168.0100 0.8000 4.7200 0.0000 62.9716 67.4272 2.6023 0.1531  437.2163 0.0000 0.0000 0.0000 0.0000 437.2163
2022 10 31 20 4.7200 147.1500 0.8000 4.7200 0.0000 62.9720 67.4277 2.6023 0.1532  382.9348 0.0000 0.0000 0.0000 0.0000 382.9348
2022 10 31 21 4.7200 136.9300 0.8000 4.7200 0.0000 62.9725 67.4282 2.6024 0.1532  356.3415 0.0000 0.0000 0.0000 0.0000 356.3415
2022 10 31 22 4.7200 120.4000 0.8000 4.7200 0.0000 62.9730 67.4287 2.6024 0.1532  313.3268 0.0000 0.0000 0.0000 0.0000 313.3268
2022 10 31 23 4.7200 103.8600 0.8000 4.7200 0.0000 62.9734 67.4291 2.6024 0.1532  270.2854 0.0000 0.0000 0.0000 0.0000 270.2854
2022 11 1 0 4.7200 72.4900 0.8000 4.7200 0.0000 62.9820 67.4377 62.4661 0.1532  4528.1671 0.0000 0.0000 0.0000 0.0000 4528.1671
2022 11 2 0 4.7200 71.1700 0.8000 4.7200 0.0000 63.0151 67.4708 62.4990 0.1533  4448.0536 0.0000 0.0000 0.0000 0.0000 4448.0536
2022 11 3 0 4.7200 86.5000 0.8000 4.7200 0.0000 63.1038 67.5595 62.5869 0.1535  5413.7674 0.0000 0.0000 0.0000 0.0000 5413.7674
2022 11 4 0 4.7200 72.6700 0.8000 4.7200 0.0000 63.2421 67.6978 62.7241 0.1538  4558.1575 0.0000 0.0000 0.0000 0.0000 4558.1575
2022 11 5 0 4.7200 47.6500 0.8000 4.7200 0.0000 63.3838 67.8394 62.8646 0.1542  2995.4975 0.0000 0.0000 0.0000 0.0000 2995.4975
2022 11 6 0 4.7200 35.7500 0.8000 4.7200 0.0000 63.4995 67.9551 62.9793 0.1544  2251.5114 0.0000 0.0000 0.0000 0.0000 2251.5114
2022 11 7 0 4.7200 43.8300 0.8000 4.7200 0.0000 63.6247 68.0803 63.1035 0.1547  2765.8276 0.0000 0.0000 0.0000 0.0000 2765.8276
2022 11 8 0 4.7200 51.0900 0.8000 4.7200 0.0000 63.7712 68.2269 63.2489 0.1551  3231.3839 0.0000 0.0000 0.0000 0.0000 3231.3839
2022 11 9 0 4.7200 42.5700 0.8000 4.7200 0.0000 63.9301 68.3858 63.4065 0.1555  2699.2126 0.0000 0.0000 0.0000 0.0000 2699.2126
2022 11 10 0 4.7200 27.4000 0.8000 4.7200 0.0000 64.0902 68.5459 63.5652 0.1559  1741.6876 0.0000 0.0000 0.0000 0.0000 1741.6876
2022 11 11 0 4.7200 2.0000 0.8000 4.7200 0.0000 64.2189 68.6746 63.6929 0.1562  127.3857 0.0000 0.0000 0.0000 0.0000 127.3857
2022 11 12 0 4.7200 2.3700 0.8000 4.7200 0.0000 64.3219 68.7776 63.7951 0.1564  151.1943 0.0000 0.0000 0.0000 0.0000 151.1943
2022 11 13 0 4.7200 29.9300 0.8000 4.7200 0.0000 64.4026 68.8583 63.8751 0.1566  1911.7807 0.0000 0.0000 0.0000 0.0000 1911.7807
2022 11 14 0 4.7200 53.6800 0.8000 4.7200 0.0000 64.4658 68.9215 63.9378 0.1568  3432.1802 0.0000 0.0000 0.0000 0.0000 3432.1802
2022 11 15 0 4.7200 53.7500 0.8000 4.7200 0.0000 64.5191 68.9747 63.9906 0.1569  3439.4947 0.0000 0.0000 0.0000 0.0000 3439.4947
2022 11 16 0 4.7200 27.6900 0.8000 4.7200 0.0000 64.5443 69.0000 64.0156 0.1570  1772.5933 0.0000 0.0000 0.0000 0.0000 1772.5933
2022 11 17 0 4.7200 48.9100 0.8000 4.7200 0.0000 64.5443 69.0000 64.0156 0.1570  3131.0052 0.0000 0.0000 0.0000 0.0000 3131.0052
2022 11 18 0 4.7200 113.7000 0.8000 4.7200 0.0000 64.5443 69.0000 64.0156 0.1570  7278.5788 0.0000 0.0000 0.0000 0.0000 7278.5788
2022 11 19 0 4.7200 167.1000 0.8000 4.7200 0.0000 64.5443 69.0000 64.0156 0.1570  10697.0148 0.0000 0.0000 0.0000 0.0000 10697.0148
2022 11 20 0 4.7200 162.8400 0.8000 4.7200 0.0000 64.5443 69.0000 64.0156 0.1570  10424.3076 0.0000 0.0000 0.0000 0.0000 10424.3076
2022 11 21 0 4.7200 209.5500 0.8000 4.7200 0.0000 64.5443 69.0000 64.0156 0.1570  13414.4788 0.0000 0.0000 0.0000 0.0000 13414.4788
2022 11 22 0 4.7200 174.4300 0.8000 4.7200 0.0000 64.5443 69.0000 64.0156 0.1570  11166.2487 0.0000 0.0000 0.0000 0.0000 11166.2487
2022 11 23 0 4.7200 149.8400 0.8000 4.7200 0.0000 64.5443 69.0000 64.0156 0.1570  9592.1042 0.0000 0.0000 0.0000 0.0000 9592.1042
2022 11 24 0 4.7200 172.1800 0.8000 4.7200 0.0000 64.5443 69.0000 64.0156 0.1570  11022.2135 0.0000 0.0000 0.0000 0.0000 11022.2135
2022 11 25 0 4.7200 200.3300 0.8000 4.7200 0.0000 64.5443 69.0000 64.0156 0.1570  12824.2545 0.0000 0.0000 0.0000 0.0000 12824.2545
2022 11 26 0 4.7200 196.0200 0.8000 4.7200 0.0000 64.5443 69.0000 64.0156 0.1570  12548.3472 0.0000 0.0000 0.0000 0.0000 12548.3472
2022 11 27 0 4.7200 146.0400 0.8000 4.7200 0.0000 64.5443 69.0000 64.0156 0.1570  9348.8445 0.0000 0.0000 0.0000 0.0000 9348.8445
2022 11 28 0 4.7200 195.3000 0.8000 4.7200 0.0000 64.5443 69.0000 64.0156 0.1570  12502.2559 0.0000 0.0000 0.0000 0.0000 12502.2559
2022 11 29 0 4.7200 362.5600 0.8000 4.7200 0.0000 64.5443 69.0000 64.0156 0.1570  23209.5125 0.0000 0.0000 0.0000 0.0000 23209.5125
2022 11 30 0 4.7200 364.6000 0.8000 4.7200 0.0000 64.5443 69.0000 64.0156 0.1570  23340.1049 0.0000 0.0000 0.0000 0.0000 23340.1049
2022 12 1 0 4.7200 349.6500 0.8000 4.7200 0.0000 64.5443 69.0000 64.0156 0.1570  22383.0703 0.0000 0.0000 0.0000 0.0000 22383.0703
2022 12 2 0 4.7200 324.9900 0.8000 4.7200 0.0000 64.5443 69.0000 64.0156 0.1570  20804.4442 0.0000 0.0000 0.0000 0.0000 20804.4442
2022 12 3 0 4.7200 268.8200 0.8000 4.7200 0.0000 64.5443 69.0000 64.0156 0.1570  17208.6864 0.0000 0.0000 0.0000 0.0000 17208.6864
2022 12 4 0 4.7200 271.5000 0.8000 4.7200 0.0000 64.5443 69.0000 64.0156 0.1570  17380.2479 0.0000 0.0000 0.0000 0.0000 17380.2479
2022 12 5 0 4.7200 290.7800 0.8000 4.7200 0.0000 64.5443 69.0000 64.0156 0.1570  18614.4695 0.0000 0.0000 0.0000 0.0000 18614.4695
2022 12 6 0 4.7200 346.8000 0.8000 4.7200 0.0000 64.5443 69.0000 64.0156 0.1570  22200.6253 0.0000 0.0000 0.0000 0.0000 22200.6253
2022 12 7 0 4.7200 334.1100 0.8000 4.7200 0.0000 64.5443 69.0000 64.0156 0.1570  21388.2666 0.0000 0.0000 0.0000 0.0000 21388.2666
2022 12 8 0 4.7200 399.0300 0.8000 4.7200 0.0000 64.5443 69.0000 64.0156 0.1570  25544.1632 0.0000 0.0000 0.0000 0.0000 25544.1632
2022 12 9 0 4.7200 418.6900 0.8000 4.7200 0.0000 64.5443 69.0000 64.0156 0.1570  26802.7110 0.0000 0.0000 0.0000 0.0000 26802.7110
2022 12 10 0 4.7200 362.9800 0.8000 4.7200 0.0000 64.5443 69.0000 64.0156 0.1570  23236.3999 0.0000 0.0000 0.0000 0.0000 23236.3999
2022 12 11 0 4.7200 338.6100 0.8000 4.7200 0.0000 64.5443 69.0000 64.0156 0.1570  21676.3370 0.0000 0.0000 0.0000 0.0000 21676.3370
2022 12 12 0 4.7200 446.1100 0.8000 4.7200 0.0000 64.5443 69.0000 64.0156 0.1570  28558.0189 0.0000 0.0000 0.0000 0.0000 28558.0189
2022 12 13 0 4.7200 458.6300 0.8000 4.7200 0.0000 64.5443 69.0000 64.0156 0.1570  29359.4961 0.0000 0.0000 0.0000 0.0000 29359.4961
2022 12 14 0 4.7200 451.4100 0.8000 4.7200 0.0000 64.5443 69.0000 64.0156 0.1570  28897.3030 0.0000 0.0000 0.0000 0.0000 28897.3030
2022 12 15 0 4.7200 396.6100 0.8000 4.7200 0.0000 64.5443 69.0000 64.0156 0.1570  25389.2444 0.0000 0.0000 0.0000 0.0000 25389.2444
2022 12 16 0 4.7200 413.8400 0.8000 4.7200 0.0000 64.5443 69.0000 64.0156 0.1570  26492.2347 0.0000 0.0000 0.0000 0.0000 26492.2347
2022 12 17 0 4.7200 254.6500 0.8000 4.7200 0.0000 64.5443 69.0000 64.0156 0.1570  16301.5839 0.0000 0.0000 0.0000 0.0000 16301.5839
2022 12 18 0 4.7200 206.4000 0.8000 4.7200 0.0000 64.5443 69.0000 64.0156 0.1570  13212.8290 0.0000 0.0000 0.0000 0.0000 13212.8290
2022 12 19 0 4.7200 211.4800 0.8000 4.7200 0.0000 64.5443 69.0000 64.0156 0.1570  13538.0286 0.0000 0.0000 0.0000 0.0000 13538.0286
2022 12 20 0 4.7200 205.2500 0.8000 4.7200 0.0000 64.5443 69.0000 64.0156 0.1570  13139.2114 0.0000 0.0000 0.0000 0.0000 13139.2114
2022 12 21 0 4.7200 223.3000 0.8000 4.7200 0.0000 64.5443 69.0000 64.0156 0.1570  14294.6940 0.0000 0.0000 0.0000 0.0000 14294.6940
2022 12 22 0 4.7200 201.9700 0.8000 4.7200 0.0000 64.5443 69.0000 64.0156 0.1570  12929.2401 0.0000 0.0000 0.0000 0.0000 12929.2401
2022 12 23 0 4.7200 193.2900 0.8000 4.7200 0.0000 64.5443 69.0000 64.0156 0.1570  12373.5838 0.0000 0.0000 0.0000 0.0000 12373.5838
2022 12 24 0 4.7200 142.3700 0.8000 4.7200 0.0000 64.5443 69.0000 64.0156 0.1570  9113.9072 0.0000 0.0000 0.0000 0.0000 9113.9072
2022 12 25 0 4.7200 129.4400 0.8000 4.7200 0.0000 64.5443 69.0000 64.0156 0.1570  8286.1854 0.0000 0.0000 0.0000 0.0000 8286.1854
2022 12 26 0 4.7200 111.7200 0.8000 4.7200 0.0000 64.5443 69.0000 64.0156 0.1570  7151.8281 0.0000 0.0000 0.0000 0.0000 7151.8281
2022 12 27 0 4.7200 141.3500 0.8000 4.7200 0.0000 64.5443 69.0000 64.0156 0.1570  9048.6120 0.0000 0.0000 0.0000 0.0000 9048.6120
2022 12 28 0 4.7200 122.1300 0.8000 4.7200 0.0000 64.5443 69.0000 64.0156 0.1570  7818.2307 0.0000 0.0000 0.0000 0.0000 7818.2307
2022 12 29 0 4.7200 96.2800 0.8000 4.7200 0.0000 64.5443 69.0000 64.0156 0.1570  6163.4263 0.0000 0.0000 0.0000 0.0000 6163.4263
2022 12 30 0 4.7200 100.4100 0.8000 4.7200 0.0000 64.5443 69.0000 64.0156 0.1570  6427.8113 0.0000 0.0000 0.0000 0.0000 6427.8113
2022 12 31 0 4.7200 116.2200 0.8000 4.7200 0.0000 64.5443 69.0000 64.0156 0.1570  7439.8985 0.0000 0.0000 0.0000 0.0000 7439.8985
2023 1 1 0 4.7200 129.1100 0.8000 4.7200 0.0000 64.5443 69.0000 448.1095 0.1570  57855.4207 0.0000 0.0000 0.0000 0.0000 57855.4207
2023 1 8 0 4.7200 100.5200 0.8000 4.7200 0.0000 64.4615 68.9172 447.5349 0.1568  44986.2016 0.0000 0.0000 0.0000 0.0000 44986.2016
2023 1 15 0 4.7200 134.9100 0.8000 4.7200 0.0000 64.1403 68.5959 445.3042 0.1560  60075.9969 0.0000 0.0000 0.0000 0.0000 60075.9969
2023 1 22 0 3.7365 153.5500 0.6333 3.7365 0.0000 65.3821 68.1744 353.4151 0.1564  54266.8953 0.0000 0.0000 0.0000 0.0000 54266.8953
2023 1 29 0 0.0000 114.0700 0.0000 0.0000 0.0000 68.1339 68.1339 0.0000 0.0000  0.0000 1.0000 1.0000 0.0000 0.0000 -1.0000
2023 2 5 0 0.0000 118.2100 0.0000 0.0000 0.0000 68.3945 68.3945 0.0000 0.0000  0.0000 0.0000 0.0000 0.0000 0.0000 0.0000
2023 2 12 0 0.0000 114.5300 0.0000 0.0000 0.0000 68.6457 68.6457 0.0000 0.0000  0.0000 0.0000 0.0000 0.0000 0.0000 0.0000
2023 2 19 0 0.0000 103.9800 0.0000 0.0000 0.0000 68.8895 68.8895 0.0000 0.0000  0.0000 0.0000 0.0000 0.0000 0.0000 0.0000
2023 2 26 0 0.0000 119.9500 0.0000 0.0000 0.0000 69.0000 69.0000 0.0000 0.0000  0.0000 0.0000 0.0000 0.0000 0.0000 0.0000
2023 3 5 0 0.0000 132.3400 0.0000 0.0000 0.0000 69.0000 69.0000 0.0000 0.0000  0.0000 0.0000 0.0000 0.0000 0.0000 0.0000
2023 3 12 0 0.0000 107.4200 0.0000 0.0000 0.0000 69.0000 69.0000 0.0000 0.0000  0.0000 0.0000 0.0000 0.0000 0.0000 0.0000
2023 3 19 0 0.0000 96.2600 0.0000 0.0000 0.0000 69.0000 69.0000 0.0000 0.0000  0.0000 0.0000 0.0000 0.0000 0.0000 0.0000
2023 3 26 0 0.0000 108.2600 0.0000 0.0000 0.0000 69.0000 69.0000 0.0000 0.0000  0.0000 0.0000 0.0000 0.0000 0.0000 0.0000
2023 4 2 0 0.0000 122.8700 0.0000 0.0000 0.0000 69.0000 69.0000 0.0000 0.0000  0.0000 0.0000 0.0000 0.0000 0.0000 0.0000
2023 4 9 0 2.7535 99.8300 0.4667 2.7535 0.0000 67.4836 69.0000 242.7675 0.1458  24235.4790 1.0000 1.0000 0.0000 0.0000 24234.4790
2023 4 16 0 4.7200 111.6700 0.8000 4.7200 0.0000 64.5443 69.0000 448.1095 0.1570  50040.3895 0.0000 0.0000 0.0000 0.0000 50040.3895
2023 4 23 0 4.7200 113.0000 0.8000 4.7200 0.0000 64.5443 69.0000 448.1095 0.1570  50636.3760 0.0000 0.0000 0.0000 0.0000 50636.3760
2023 4 30 0 4.7200 107.2500 0.8000 4.7200 0.0000 64.5443 69.0000 448.1095 0.1570  48059.7463 0.0000 0.0000 0.0000 0.0000 48059.7463
2023 5 7 0 2.8940 92.5400 0.4905 2.8940 0.0000 67.3250 69.0000 259.8251 0.1484  24044.2110 0.0000 0.0000 0.0000 0.0000 24044.2110
2023 5 14 0 0.0000 74.1000 0.0000 0.0000 0.0000 69.0000 69.0000 0.0000 0.0000  0.0000 1.0000 1.0000 0.0000 0.0000 -1.0000
2023 5 21 0 0.0000 64.0600 0.0000 0.0000 0.0000 69.0000 69.0000 0.0000 0.0000  0.0000 0.0000 0.0000 0.0000 0.0000 0.0000
2023 5 28 0 0.0000 63.7800 0.0000 0.0000 0.0000 69.0000 69.0000 0.0000 0.0000  0.0000 0.0000 0.0000 0.0000 0.0000 0.0000
2023 6 4 0 0.0000 82.2700 0.0000 0.0000 0.0000 69.0000 69.0000 0.0000 0.0000  0.0000 0.0000 0.0000 0.0000 0.0000 0.0000
2023 6 11 0 0.0000 98.3300 0.0000 0.0000 0.0000 69.0000 69.0000 0.0000 0.0000  0.0000 0.0000 0.0000 0.0000 0.0000 0.0000
2023 6 18 0 0.0000 116.6200 0.0000 0.0000 0.0000 69.0000 69.0000 0.0000 0.0000  0.0000 0.0000 0.0000 0.0000 0.0000 0.0000
2023 6 25 0 0.0000 95.2200 0.0000 0.0000 0.0000 69.0000 69.0000 0.0000 0.0000  0.0000 0.0000 0.0000 0.0000 0.0000 0.0000
2023 7 2 0 0.0000 73.6100 0.0000 0.0000 0.0000 69.0000 69.0000 0.0000 0.0000  0.0000 0.0000 0.0000 0.0000 0.0000 0.0000
2023 7 9 0 0.0000 80.1600 0.0000 0.0000 0.0000 69.0000 69.0000 0.0000 0.0000  0.0000 0.0000 0.0000 0.0000 0.0000 0.0000
2023 7 16 0 2.6969 59.1900 0.4571 2.6969 0.0000 67.5454 69.0000 236.0013 0.1447  13968.9140 1.0000 1.0000 0.0000 0.0000 13967.9140
2023 7 23 0 4.7200 68.8000 0.8000 4.7200 0.0000 64.5443 69.0000 448.1095 0.1570  30829.9365 0.0000 0.0000 0.0000 0.0000 30829.9365
2023 7 30 0 4.7200 61.4400 0.8000 4.7200 0.0000 64.5443 69.0000 448.1095 0.1570  27531.8484 0.0000 0.0000 0.0000 0.0000 27531.8484
2023 8 6 0 4.7200 40.3600 0.8000 4.7200 0.0000 64.5443 69.0000 448.1095 0.1570  18085.7006 0.0000 0.0000 0.0000 0.0000 18085.7006
2023 8 13 0 4.7200 78.8100 0.8000 4.7200 0.0000 64.5443 69.0000 448.1095 0.1570  35315.5104 0.0000 0.0000 0.0000 0.0000 35315.5104
2023 8 20 0 4.7200 90.9300 0.8000 4.7200 0.0000 64.5443 69.0000 448.1095 0.1570  40746.5990 0.0000 0.0000 0.0000 0.0000 40746.5990
2023 8 27 0 4.7200 94.6300 0.8000 4.7200 0.0000 64.5443 69.0000 448.1095 0.1570  42404.6029 0.0000 0.0000 0.0000 0.0000 42404.6029
