POWERSTATION node 7 SVEIGSHYL_II
init_Power = 0.00000
penstock_config = SEPARATE
headloss_coef = 0.145000
yyyy mm dd hh [m3/s]    [Euro/MWh]  [fr_g0] [m3/s] [m3/s] [m] [m] [MWh] [GWh/Mm3] [Euro] [Euro] [Euro] [Euro] [Euro] [Euro]
yyyy mm dd hh Up_Inflow Price Action_g0 tot_outflow auto_qmin Hnetto Hbrutto Power est_eekv income tot_cost startstopCost adjust_cost cost_aggressive_actions profit
2022 9 1 0 0.0000 495.0100 0.0000 0.0000 0.0000 166.2721 166.2721 0.0000 0.0000  0.0000 0.0000 0.0000 0.0000 0.0000 0.0000
2022 9 1 1 0.0000 494.9900 0.0000 0.0000 0.0000 166.2722 166.2722 0.0000 0.0000  0.0000 0.0000 0.0000 0.0000 0.0000 0.0000
2022 9 1 2 0.0000 490.5800 0.0000 0.0000 0.0000 166.2723 166.2723 0.0000 0.0000  0.0000 0.0000 0.0000 0.0000 0.0000 0.0000
2022 9 1 3 0.0000 501.0100 0.0000 0.0000 0.0000 166.2724 166.2724 0.0000 0.0000  0.0000 0.0000 0.0000 0.0000 0.0000 0.0000
2022 9 1 4 0.0000 568.4400 0.0000 0.0000 0.0000 166.2725 166.2725 0.0000 0.0000  0.0000 0.0000 0.0000 0.0000 0.0000 0.0000
2022 9 1 5 0.0000 590.4500 0.0000 0.0000 0.0000 166.2727 166.2727 0.0000 0.0000  0.0000 0.0000 0.0000 0.0000 0.0000 0.0000
2022 9 1 6 0.0000 643.5100 0.0000 0.0000 0.0000 166.2728 166.2728 0.0000 0.0000  0.0000 0.0000 0.0000 0.0000 0.0000 0.0000
2022 9 1 7 0.0000 639.9000 0.0000 0.0000 0.0000 166.2729 166.2729 0.0000 0.0000  0.0000 0.0000 0.0000 0.0000 0.0000 0.0000
2022 9 1 8 0.0000 595.2600 0.0000 0.0000 0.0000 166.2730 166.2730 0.0000 0.0000  0.0000 0.0000 0.0000 0.0000 0.0000 0.0000
2022 9 1 9 0.0000 577.0100 0.0000 0.0000 0.0000 166.2731 166.2731 0.0000 0.0000  0.0000 0.0000 0.0000 0.0000 0.0000 0.0000
2022 9 1 10 0.0000 534.6000 0.0000 0.0000 0.0000 166.2732 166.2732 0.0000 0.0000  0.0000 0.0000 0.0000 0.0000 0.0000 0.0000
2022 9 1 11 0.0000 507.1900 0.0000 0.0000 0.0000 166.2733 166.2733 0.0000 0.0000  0.0000 0.0000 0.0000 0.0000 0.0000 0.0000
2022 9 1 12 0.0000 503.4000 0.0000 0.0000 0.0000 166.2735 166.2735 0.0000 0.0000  0.0000 0.0000 0.0000 0.0000 0.0000 0.0000
2022 9 1 13 0.0000 523.5600 0.0000 0.0000 0.0000 166.2736 166.2736 0.0000 0.0000  0.0000 0.0000 0.0000 0.0000 0.0000 0.0000
2022 9 1 14 0.0000 552.6500 0.0000 0.0000 0.0000 166.2737 166.2737 0.0000 0.0000  0.0000 0.0000 0.0000 0.0000 0.0000 0.0000
2022 9 1 15 0.0000 575.6100 0.0000 0.0000 0.0000 166.2738 166.2738 0.0000 0.0000  0.0000 0.0000 0.0000 0.0000 0.0000 0.0000
2022 9 1 16 0.0000 615.1800 0.0000 0.0000 0.0000 166.2739 166.2739 0.0000 0.0000  0.0000 0.0000 0.0000 0.0000 0.0000 0.0000
2022 9 1 17 0.0000 649.8000 0.0000 0.0000 0.0000 166.2740 166.2740 0.0000 0.0000  0.0000 0.0000 0.0000 0.0000 0.0000 0.0000
2022 9 1 18 0.0000 673.7200 0.0000 0.0000 0.0000 166.2741 166.2741 0.0000 0.0000  0.0000 0.0000 0.0000 0.0000 0.0000 0.0000
2022 9 1 19 0.0000 658.0800 0.0000 0.0000 0.0000 166.2742 166.2742 0.0000 0.0000  0.0000 0.0000 0.0000 0.0000 0.0000 0.0000
2022 9 1 20 0.0000 627.5700 0.0000 0.0000 0.0000 166.2743 166.2743 0.0000 0.0000  0.0000 0.0000 0.0000 0.0000 0.0000 0.0000
2022 9 1 21 0.0000 560.7000 0.0000 0.0000 0.0000 166.2744 166.2744 0.0000 0.0000  0.0000 0.0000 0.0000 0.0000 0.0000 0.0000
2022 9 1 22 0.0000 507.1200 0.0000 0.0000 0.0000 166.2745 166.2745 0.0000 0.0000  0.0000 0.0000 0.0000 0.0000 0.0000 0.0000
2022 9 1 23 0.0000 471.8500 0.0000 0.0000 0.0000 166.2746 166.2746 0.0000 0.0000  0.0000 0.0000 0.0000 0.0000 0.0000 0.0000
2022 9 2 0 0.0000 433.2400 0.0000 0.0000 0.0000 166.2748 166.2748 0.0000 0.0000  0.0000 0.0000 0.0000 0.0000 0.0000 0.0000
2022 9 2 1 0.0000 409.0500 0.0000 0.0000 0.0000 166.2749 166.2749 0.0000 0.0000  0.0000 0.0000 0.0000 0.0000 0.0000 0.0000
2022 9 2 2 0.0000 375.2400 0.0000 0.0000 0.0000 166.2750 166.2750 0.0000 0.0000  0.0000 0.0000 0.0000 0.0000 0.0000 0.0000
2022 9 2 3 0.0000 406.1400 0.0000 0.0000 0.0000 166.2751 166.2751 0.0000 0.0000  0.0000 0.0000 0.0000 0.0000 0.0000 0.0000
2022 9 2 4 0.0000 448.6600 0.0000 0.0000 0.0000 166.2752 166.2752 0.0000 0.0000  0.0000 0.0000 0.0000 0.0000 0.0000 0.0000
2022 9 2 5 0.0000 533.3700 0.0000 0.0000 0.0000 166.2753 166.2753 0.0000 0.0000  0.0000 0.0000 0.0000 0.0000 0.0000 0.0000
2022 9 2 6 0.0000 567.7100 0.0000 0.0000 0.0000 166.2754 166.2754 0.0000 0.0000  0.0000 0.0000 0.0000 0.0000 0.0000 0.0000
2022 9 2 7 0.0000 584.6700 0.0000 0.0000 0.0000 166.2755 166.2755 0.0000 0.0000  0.0000 0.0000 0.0000 0.0000 0.0000 0.0000
2022 9 2 8 0.0000 549.3000 0.0000 0.0000 0.0000 166.2756 166.2756 0.0000 0.0000  0.0000 0.0000 0.0000 0.0000 0.0000 0.0000
2022 9 2 9 0.0000 514.7700 0.0000 0.0000 0.0000 166.2757 166.2757 0.0000 0.0000  0.0000 0.0000 0.0000 0.0000 0.0000 0.0000
2022 9 2 10 0.0000 428.5100 0.0000 0.0000 0.0000 166.2758 166.2758 0.0000 0.0000  0.0000 0.0000 0.0000 0.0000 0.0000 0.0000
2022 9 2 11 0.0000 292.7800 0.0000 0.0000 0.0000 166.2759 166.2759 0.0000 0.0000  0.0000 0.0000 0.0000 0.0000 0.0000 0.0000
2022 9 2 12 0.0000 271.2500 0.0000 0.0000 0.0000 166.2760 166.2760 0.0000 0.0000  0.0000 0.0000 0.0000 0.0000 0.0000 0.0000
2022 9 2 13 0.0000 273.1100 0.0000 0.0000 0.0000 166.2761 166.2761 0.0000 0.0000  0.0000 0.0000 0.0000 0.0000 0.0000 0.0000
2022 9 2 14 0.0000 321.3800 0.0000 0.0000 0.0000 166.2762 166.2762 0.0000 0.0000  0.0000 0.0000 0.0000 0.0000 0.0000 0.0000
2022 9 2 15 0.0000 396.6400 0.0000 0.0000 0.0000 166.2763 166.2763 0.0000 0.0000  0.0000 0.0000 0.0000 0.0000 0.0000 0.0000
2022 9 2 16 0.0000 491.8000 0.0000 0.0000 0.0000 166.2764 166.2764 0.0000 0.0000  0.0000 0.0000 0.0000 0.0000 0.0000 0.0000
2022 9 2 17 0.0000 552.5100 0.0000 0.0000 0.0000 166.2765 166.2765 0.0000 0.0000  0.0000 0.0000 0.0000 0.0000 0.0000 0.0000
2022 9 2 18 0.0000 572.7500 0.0000 0.0000 0.0000 166.2766 166.2766 0.0000 0.0000  0.0000 0.0000 0.0000 0.0000 0.0000 0.0000
2022 9 2 19 0.0000 545.0200 0.0000 0.0000 0.0000 166.2767 166.2767 0.0000 0.0000  0.0000 0.0000 0.0000 0.0000 0.0000 0.0000
2022 9 2 20 0.0000 440.6200 0.0000 0.0000 0.0000 166.2768 166.2768 0.0000 0.0000  0.0000 0.0000 0.0000 0.0000 0.0000 0.0000
2022 9 2 21 0.0000 355.8800 0.0000 0.0000 0.0000 166.2769 166.2769 0.0000 0.0000  0.0000 0.0000 0.0000 0.0000 0.0000 0.0000
2022 9 2 22 0.0000 217.7900 0.0000 0.0000 0.0000 166.2770 166.2770 0.0000 0.0000  0.0000 0.0000 0.0000 0.0000 0.0000 0.0000
2022 9 2 23 0.0000 238.2100 0.0000 0.0000 0.0000 166.2771 166.2771 0.0000 0.0000  0.0000 0.0000 0.0000 0.0000 0.0000 0.0000
2022 9 3 0 0.0000 253.5000 0.0000 0.0000 0.0000 166.2772 166.2772 0.0000 0.0000  0.0000 0.0000 0.0000 0.0000 0.0000 0.0000
2022 9 3 1 0.0000 271.6000 0.0000 0.0000 0.0000 166.2773 166.2773 0.0000 0.0000  0.0000 0.0000 0.0000 0.0000 0.0000 0.0000
2022 9 3 2 0.0000 258.7100 0.0000 0.0000 0.0000 166.2774 166.2774 0.0000 0.0000  0.0000 0.0000 0.0000 0.0000 0.0000 0.0000
2022 9 3 3 0.0000 243.5100 0.0000 0.0000 0.0000 166.2774 166.2774 0.0000 0.0000  0.0000 0.0000 0.0000 0.0000 0.0000 0.0000
2022 9 3 4 0.0000 301.8400 0.0000 0.0000 0.0000 166.2775 166.2775 0.0000 0.0000  0.0000 0.0000 0.0000 0.0000 0.0000 0.0000
2022 9 3 5 0.0000 284.0000 0.0000 0.0000 0.0000 166.2776 166.2776 0.0000 0.0000  0.0000 0.0000 0.0000 0.0000 0.0000 0.0000
2022 9 3 6 0.0000 382.1900 0.0000 0.0000 0.0000 166.2777 166.2777 0.0000 0.0000  0.0000 0.0000 0.0000 0.0000 0.0000 0.0000
2022 9 3 7 0.0000 413.5400 0.0000 0.0000 0.0000 166.2778 166.2778 0.0000 0.0000  0.0000 0.0000 0.0000 0.0000 0.0000 0.0000
2022 9 3 8 0.0000 393.5100 0.0000 0.0000 0.0000 166.2779 166.2779 0.0000 0.0000  0.0000 0.0000 0.0000 0.0000 0.0000 0.0000
2022 9 3 9 0.0000 442.1400 0.0000 0.0000 0.0000 166.2780 166.2780 0.0000 0.0000  0.0000 0.0000 0.0000 0.0000 0.0000 0.0000
2022 9 3 10 0.0000 453.6600 0.0000 0.0000 0.0000 166.2781 166.2781 0.0000 0.0000  0.0000 0.0000 0.0000 0.0000 0.0000 0.0000
2022 9 3 11 0.0000 468.9000 0.0000 0.0000 0.0000 166.2782 166.2782 0.0000 0.0000  0.0000 0.0000 0.0000 0.0000 0.0000 0.0000
2022 9 3 12 0.0000 456.4300 0.0000 0.0000 0.0000 166.2783 166.2783 0.0000 0.0000  0.0000 0.0000 0.0000 0.0000 0.0000 0.0000
2022 9 3 13 0.0000 459.8200 0.0000 0.0000 0.0000 166.2784 166.2784 0.0000 0.0000  0.0000 0.0000 0.0000 0.0000 0.0000 0.0000
2022 9 3 14 0.0000 431.0300 0.0000 0.0000 0.0000 166.2785 166.2785 0.0000 0.0000  0.0000 0.0000 0.0000 0.0000 0.0000 0.0000
2022 9 3 15 0.0000 387.1700 0.0000 0.0000 0.0000 166.2786 166.2786 0.0000 0.0000  0.0000 0.0000 0.0000 0.0000 0.0000 0.0000
2022 9 3 16 0.0000 414.6800 0.0000 0.0000 0.0000 166.2787 166.2787 0.0000 0.0000  0.0000 0.0000 0.0000 0.0000 0.0000 0.0000
2022 9 3 17 0.0000 468.4800 0.0000 0.0000 0.0000 166.2787 166.2787 0.0000 0.0000  0.0000 0.0000 0.0000 0.0000 0.0000 0.0000
2022 9 3 18 0.0000 531.4800 0.0000 0.0000 0.0000 166.2788 166.2788 0.0000 0.0000  0.0000 0.0000 0.0000 0.0000 0.0000 0.0000
2022 9 3 19 0.0000 513.1200 0.0000 0.0000 0.0000 166.2789 166.2789 0.0000 0.0000  0.0000 0.0000 0.0000 0.0000 0.0000 0.0000
2022 9 3 20 0.0000 443.1200 0.0000 0.0000 0.0000 166.2790 166.2790 0.0000 0.0000  0.0000 0.0000 0.0000 0.0000 0.0000 0.0000
2022 9 3 21 0.0000 395.0200 0.0000 0.0000 0.0000 166.2791 166.2791 0.0000 0.0000  0.0000 0.0000 0.0000 0.0000 0.0000 0.0000
2022 9 3 22 0.0000 330.8700 0.0000 0.0000 0.0000 166.2792 166.2792 0.0000 0.0000  0.0000 0.0000 0.0000 0.0000 0.0000 0.0000
2022 9 3 23 0.0000 215.7900 0.0000 0.0000 0.0000 166.2793 166.2793 0.0000 0.0000  0.0000 0.0000 0.0000 0.0000 0.0000 0.0000
2022 9 4 0 0.0000 210.1400 0.0000 0.0000 0.0000 166.2794 166.2794 0.0000 0.0000  0.0000 0.0000 0.0000 0.0000 0.0000 0.0000
2022 9 4 1 0.0000 205.3000 0.0000 0.0000 0.0000 166.2795 166.2795 0.0000 0.0000  0.0000 0.0000 0.0000 0.0000 0.0000 0.0000
2022 9 4 2 0.0000 209.5200 0.0000 0.0000 0.0000 166.2796 166.2796 0.0000 0.0000  0.0000 0.0000 0.0000 0.0000 0.0000 0.0000
2022 9 4 3 0.0000 225.8600 0.0000 0.0000 0.0000 166.2797 166.2797 0.0000 0.0000  0.0000 0.0000 0.0000 0.0000 0.0000 0.0000
2022 9 4 4 0.0000 228.5700 0.0000 0.0000 0.0000 166.2798 166.2798 0.0000 0.0000  0.0000 0.0000 0.0000 0.0000 0.0000 0.0000
2022 9 4 5 4.8000 216.1600 0.8000 4.8000 0.0000 162.9379 166.2787 6.6477 0.3847  1436.9762 1.0000 1.0000 0.0000 0.0000 1435.9762
2022 9 4 6 4.8000 231.8500 0.8000 4.8000 0.0000 162.9355 166.2763 6.6476 0.3847  1541.2570 0.0000 0.0000 0.0000 0.0000 1541.2570
2022 9 4 7 4.8000 215.0200 0.8000 4.8000 0.0000 162.9332 166.2740 6.6476 0.3847  1429.3565 0.0000 0.0000 0.0000 0.0000 1429.3565
2022 9 4 8 4.8000 188.9800 0.8000 4.8000 0.0000 162.9308 166.2716 6.6475 0.3847  1256.2360 0.0000 0.0000 0.0000 0.0000 1256.2360
2022 9 4 9 4.8000 298.2800 0.8000 4.8000 0.0000 162.9285 166.2693 6.6474 0.3847  1982.7742 0.0000 0.0000 0.0000 0.0000 1982.7742
2022 9 4 10 4.8000 200.4200 0.8000 4.8000 0.0000 162.9261 166.2669 6.6473 0.3847  1332.2444 0.0000 0.0000 0.0000 0.0000 1332.2444
2022 9 4 11 4.8000 248.6000 0.8000 4.8000 0.0000 162.9237 166.2645 6.6472 0.3847  1652.4857 0.0000 0.0000 0.0000 0.0000 1652.4857
2022 9 4 12 4.8000 404.7600 0.8000 4.8000 0.0000 162.9214 166.2622 6.6471 0.3847  2690.4684 0.0000 0.0000 0.0000 0.0000 2690.4684
2022 9 4 13 4.8000 404.3900 0.8000 4.8000 0.0000 162.9190 166.2598 6.6470 0.3847  2687.9702 0.0000 0.0000 0.0000 0.0000 2687.9702
2022 9 4 14 4.8000 364.4300 0.8000 4.8000 0.0000 162.9167 166.2575 6.6469 0.3847  2422.3219 0.0000 0.0000 0.0000 0.0000 2422.3219
2022 9 4 15 4.8000 248.5300 0.8000 4.8000 0.0000 162.9143 166.2551 6.6468 0.3847  1651.9248 0.0000 0.0000 0.0000 0.0000 1651.9248
2022 9 4 16 4.8000 410.2000 0.8000 4.8000 0.0000 162.9120 166.2528 6.6467 0.3846  2726.4708 0.0000 0.0000 0.0000 0.0000 2726.4708
2022 9 4 17 4.8000 442.0700 0.8000 4.8000 0.0000 162.9096 166.2504 6.6466 0.3846  2938.2582 0.0000 0.0000 0.0000 0.0000 2938.2582
2022 9 4 18 4.8000 501.0600 0.8000 4.8000 0.0000 162.9073 166.2481 6.6465 0.3846  3330.2924 0.0000 0.0000 0.0000 0.0000 3330.2924
2022 9 4 19 4.8000 500.6000 0.8000 4.8000 0.0000 162.9049 166.2457 6.6464 0.3846  3327.1870 0.0000 0.0000 0.0000 0.0000 3327.1870
2022 9 4 20 4.8000 449.0300 0.8000 4.8000 0.0000 162.9026 166.2434 6.6463 0.3846  2984.3891 0.0000 0.0000 0.0000 0.0000 2984.3891
2022 9 4 21 4.8000 418.8500 0.8000 4.8000 0.0000 162.9002 166.2410 6.6462 0.3846  2783.7636 0.0000 0.0000 0.0000 0.0000 2783.7636
2022 9 4 22 4.8000 344.0800 0.8000 4.8000 0.0000 162.8979 166.2387 6.6461 0.3846  2286.7936 0.0000 0.0000 0.0000 0.0000 2286.7936
2022 9 4 23 4.8000 275.7500 0.8000 4.8000 0.0000 162.8955 166.2363 6.6460 0.3846  1832.6385 0.0000 0.0000 0.0000 0.0000 1832.6385
2022 9 5 0 4.8000 225.3100 0.8000 4.8000 0.0000 162.8932 166.2340 6.6459 0.3846  1497.3919 0.0000 0.0000 0.0000 0.0000 1497.3919
2022 9 5 1 4.8000 217.5800 0.8000 4.8000 0.0000 162.8908 166.2316 6.6458 0.3846  1445.9981 0.0000 0.0000 0.0000 0.0000 1445.9981
2022 9 5 2 4.8000 228.2200 0.8000 4.8000 0.0000 162.8885 166.2293 6.6457 0.3846  1516.6878 0.0000 0.0000 0.0000 0.0000 1516.6878
2022 9 5 3 4.8000 245.1000 0.8000 4.8000 0.0000 162.8861 166.2269 6.6456 0.3846  1628.8442 0.0000 0.0000 0.0000 0.0000 1628.8442
2022 9 5 4 4.8000 376.3900 0.8000 4.8000 0.0000 162.8838 166.2246 6.6455 0.3846  2501.3131 0.0000 0.0000 0.0000 0.0000 2501.3131
2022 9 5 5 4.8000 457.3400 0.8000 4.8000 0.0000 162.8814 166.2222 6.6454 0.3846  3039.2252 0.0000 0.0000 0.0000 0.0000 3039.2252
2022 9 5 6 4.8000 503.6800 0.8000 4.8000 0.0000 162.8791 166.2199 6.6453 0.3846  3347.1266 0.0000 0.0000 0.0000 0.0000 3347.1266
2022 9 5 7 4.8000 517.0400 0.8000 4.8000 0.0000 162.8767 166.2175 6.6452 0.3846  3435.8587 0.0000 0.0000 0.0000 0.0000 3435.8587
2022 9 5 8 4.8000 476.2600 0.8000 4.8000 0.0000 162.8744 166.2152 6.6452 0.3846  3164.8202 0.0000 0.0000 0.0000 0.0000 3164.8202
2022 9 5 9 4.8000 429.2600 0.8000 4.8000 0.0000 162.8720 166.2128 6.6451 0.3846  2852.4570 0.0000 0.0000 0.0000 0.0000 2852.4570
2022 9 5 10 4.8000 385.8200 0.8000 4.8000 0.0000 162.8697 166.2105 6.6450 0.3845  2563.7588 0.0000 0.0000 0.0000 0.0000 2563.7588
2022 9 5 11 4.8000 402.6600 0.8000 4.8000 0.0000 162.8673 166.2081 6.6449 0.3845  2675.6215 0.0000 0.0000 0.0000 0.0000 2675.6215
2022 9 5 12 4.8000 398.7600 0.8000 4.8000 0.0000 162.8650 166.2058 6.6448 0.3845  2649.6684 0.0000 0.0000 0.0000 0.0000 2649.6684
2022 9 5 13 4.8000 291.4200 0.8000 4.8000 0.0000 162.8627 166.2035 6.6447 0.3845  1936.3911 0.0000 0.0000 0.0000 0.0000 1936.3911
2022 9 5 14 4.8000 402.6800 0.8000 4.8000 0.0000 162.8603 166.2011 6.6446 0.3845  2675.6389 0.0000 0.0000 0.0000 0.0000 2675.6389
2022 9 5 15 4.8000 401.9700 0.8000 4.8000 0.0000 162.8580 166.1988 6.6445 0.3845  2670.8830 0.0000 0.0000 0.0000 0.0000 2670.8830
2022 9 5 16 4.8000 484.3400 0.8000 4.8000 0.0000 162.8556 166.1964 6.6444 0.3845  3218.1428 0.0000 0.0000 0.0000 0.0000 3218.1428
2022 9 5 17 4.8000 546.8400 0.8000 4.8000 0.0000 162.8533 166.1941 6.6443 0.3845  3633.3651 0.0000 0.0000 0.0000 0.0000 3633.3651
2022 9 5 18 4.8000 579.7300 0.8000 4.8000 0.0000 162.8510 166.1918 6.6442 0.3845  3851.8402 0.0000 0.0000 0.0000 0.0000 3851.8402
2022 9 5 19 4.8000 504.0000 0.8000 4.8000 0.0000 162.8486 166.1894 6.6441 0.3845  3348.6272 0.0000 0.0000 0.0000 0.0000 3348.6272
2022 9 5 20 4.8000 417.8100 0.8000 4.8000 0.0000 162.8463 166.1871 6.6440 0.3845  2775.9322 0.0000 0.0000 0.0000 0.0000 2775.9322
2022 9 5 21 4.8000 329.4400 0.8000 4.8000 0.0000 162.8439 166.1847 6.6439 0.3845  2188.7699 0.0000 0.0000 0.0000 0.0000 2188.7699
2022 9 5 22 4.8000 230.8900 0.8000 4.8000 0.0000 162.8416 166.1824 6.6438 0.3845  1533.9905 0.0000 0.0000 0.0000 0.0000 1533.9905
2022 9 5 23 4.8000 279.5100 0.8000 4.8000 0.0000 162.8393 166.1801 6.6437 0.3845  1856.9862 0.0000 0.0000 0.0000 0.0000 1856.9862
2022 9 6 0 4.8000 305.4700 0.8000 4.8000 0.0000 162.8369 166.1777 6.6436 0.3845  2029.4280 0.0000 0.0000 0.0000 0.0000 2029.4280
2022 9 6 1 4.8000 282.3100 0.8000 4.8000 0.0000 162.8346 166.1754 6.6435 0.3845  1875.5348 0.0000 0.0000 0.0000 0.0000 1875.5348
2022 9 6 2 4.8000 289.6700 0.8000 4.8000 0.0000 162.8323 166.1731 6.6434 0.3845  1924.4036 0.0000 0.0000 0.0000 0.0000 1924.4036
2022 9 6 3 4.8000 293.6400 0.8000 4.8000 0.0000 162.8299 166.1707 6.6433 0.3845  1950.7501 0.0000 0.0000 0.0000 0.0000 1950.7501
2022 9 6 4 4.8000 393.0700 0.8000 4.8000 0.0000 162.8276 166.1684 6.6432 0.3844  2611.2598 0.0000 0.0000 0.0000 0.0000 2611.2598
2022 9 6 5 4.8000 462.0400 0.8000 4.8000 0.0000 162.8253 166.1661 6.6431 0.3844  3069.4003 0.0000 0.0000 0.0000 0.0000 3069.4003
2022 9 6 6 4.8000 521.0100 0.8000 4.8000 0.0000 162.8229 166.1637 6.6431 0.3844  3461.0972 0.0000 0.0000 0.0000 0.0000 3461.0972
2022 9 6 7 4.8000 540.1400 0.8000 4.8000 0.0000 162.8206 166.1614 6.6430 0.3844  3588.1275 0.0000 0.0000 0.0000 0.0000 3588.1275
2022 9 6 8 4.8000 474.4700 0.8000 4.8000 0.0000 162.8183 166.1591 6.6429 0.3844  3151.8393 0.0000 0.0000 0.0000 0.0000 3151.8393
2022 9 6 9 4.8000 441.4400 0.8000 4.8000 0.0000 162.8159 166.1567 6.6428 0.3844  2932.3836 0.0000 0.0000 0.0000 0.0000 2932.3836
2022 9 6 10 4.8000 311.8200 0.8000 4.8000 0.0000 162.8136 166.1544 6.6427 0.3844  2071.3184 0.0000 0.0000 0.0000 0.0000 2071.3184
2022 9 6 11 4.8000 261.3000 0.8000 4.8000 0.0000 162.8113 166.1521 6.6426 0.3844  1735.7057 0.0000 0.0000 0.0000 0.0000 1735.7057
2022 9 6 12 4.8000 273.5200 0.8000 4.8000 0.0000 162.8090 166.1498 6.6425 0.3844  1816.8520 0.0000 0.0000 0.0000 0.0000 1816.8520
2022 9 6 13 4.8000 286.6500 0.8000 4.8000 0.0000 162.8066 166.1474 6.6424 0.3844  1904.0407 0.0000 0.0000 0.0000 0.0000 1904.0407
2022 9 6 14 4.8000 386.9200 0.8000 4.8000 0.0000 162.8043 166.1451 6.6423 0.3844  2570.0364 0.0000 0.0000 0.0000 0.0000 2570.0364
2022 9 6 15 4.8000 472.2400 0.8000 4.8000 0.0000 162.8020 166.1428 6.6422 0.3844  3136.7121 0.0000 0.0000 0.0000 0.0000 3136.7121
2022 9 6 16 4.8000 481.7900 0.8000 4.8000 0.0000 162.7997 166.1405 6.6421 0.3844  3200.0996 0.0000 0.0000 0.0000 0.0000 3200.0996
2022 9 6 17 4.8000 525.8500 0.8000 4.8000 0.0000 162.7974 166.1382 6.6420 0.3844  3492.7008 0.0000 0.0000 0.0000 0.0000 3492.7008
2022 9 6 18 4.8000 549.4500 0.8000 4.8000 0.0000 162.7950 166.1358 6.6419 0.3844  3649.4005 0.0000 0.0000 0.0000 0.0000 3649.4005
2022 9 6 19 4.8000 541.0200 0.8000 4.8000 0.0000 162.7927 166.1335 6.6418 0.3844  3593.3580 0.0000 0.0000 0.0000 0.0000 3593.3580
2022 9 6 20 4.8000 509.6200 0.8000 4.8000 0.0000 162.7904 166.1312 6.6417 0.3844  3384.7564 0.0000 0.0000 0.0000 0.0000 3384.7564
2022 9 6 21 4.8000 466.2000 0.8000 4.8000 0.0000 162.7881 166.1289 6.6416 0.3844  3096.3285 0.0000 0.0000 0.0000 0.0000 3096.3285
2022 9 6 22 4.8000 453.1000 0.8000 4.8000 0.0000 162.7857 166.1265 6.6415 0.3843  3009.2802 0.0000 0.0000 0.0000 0.0000 3009.2802
2022 9 6 23 4.8000 421.7600 0.8000 4.8000 0.0000 162.7834 166.1242 6.6414 0.3843  2801.0944 0.0000 0.0000 0.0000 0.0000 2801.0944
2022 9 7 0 4.8000 391.3100 0.8000 4.8000 0.0000 162.7811 166.1219 6.6413 0.3843  2598.8254 0.0000 0.0000 0.0000 0.0000 2598.8254
2022 9 7 1 4.8000 374.3800 0.8000 4.8000 0.0000 162.7788 166.1196 6.6413 0.3843  2486.3519 0.0000 0.0000 0.0000 0.0000 2486.3519
2022 9 7 2 4.8000 373.0200 0.8000 4.8000 0.0000 162.7764 166.1172 6.6412 0.3843  2477.2843 0.0000 0.0000 0.0000 0.0000 2477.2843
2022 9 7 3 4.8000 394.9700 0.8000 4.8000 0.0000 162.7741 166.1149 6.6411 0.3843  2623.0204 0.0000 0.0000 0.0000 0.0000 2623.0204
2022 9 7 4 4.8000 402.2600 0.8000 4.8000 0.0000 162.7718 166.1126 6.6410 0.3843  2671.3956 0.0000 0.0000 0.0000 0.0000 2671.3956
2022 9 7 5 4.8000 467.0300 0.8000 4.8000 0.0000 162.7695 166.1103 6.6409 0.3843  3101.4867 0.0000 0.0000 0.0000 0.0000 3101.4867
2022 9 7 6 4.8000 498.4000 0.8000 4.8000 0.0000 162.7671 166.1079 6.6408 0.3843  3309.7636 0.0000 0.0000 0.0000 0.0000 3309.7636
2022 9 7 7 4.8000 502.5900 0.8000 4.8000 0.0000 162.7648 166.1056 6.6407 0.3843  3337.5408 0.0000 0.0000 0.0000 0.0000 3337.5408
2022 9 7 8 4.8000 494.7000 0.8000 4.8000 0.0000 162.7625 166.1033 6.6406 0.3843  3285.0990 0.0000 0.0000 0.0000 0.0000 3285.0990
2022 9 7 9 4.8000 464.9200 0.8000 4.8000 0.0000 162.7602 166.1010 6.6405 0.3843  3087.2982 0.0000 0.0000 0.0000 0.0000 3087.2982
2022 9 7 10 4.8000 445.5600 0.8000 4.8000 0.0000 162.7579 166.0987 6.6404 0.3843  2958.6959 0.0000 0.0000 0.0000 0.0000 2958.6959
2022 9 7 11 4.8000 401.2200 0.8000 4.8000 0.0000 162.7555 166.0963 6.6403 0.3843  2664.2226 0.0000 0.0000 0.0000 0.0000 2664.2226
2022 9 7 12 4.8000 397.7500 0.8000 4.8000 0.0000 162.7532 166.0940 6.6402 0.3843  2641.1431 0.0000 0.0000 0.0000 0.0000 2641.1431
2022 9 7 13 4.8000 404.9600 0.8000 4.8000 0.0000 162.7509 166.0917 6.6401 0.3843  2688.9805 0.0000 0.0000 0.0000 0.0000 2688.9805
2022 9 7 14 4.8000 408.3600 0.8000 4.8000 0.0000 162.7486 166.0894 6.6400 0.3843  2711.5181 0.0000 0.0000 0.0000 0.0000 2711.5181
2022 9 7 15 4.8000 466.8800 0.8000 4.8000 0.0000 162.7462 166.0870 6.6399 0.3843  3100.0479 0.0000 0.0000 0.0000 0.0000 3100.0479
2022 9 7 16 4.8000 499.4900 0.8000 4.8000 0.0000 162.7439 166.0847 6.6398 0.3842  3316.5284 0.0000 0.0000 0.0000 0.0000 3316.5284
2022 9 7 17 4.8000 520.7000 0.8000 4.8000 0.0000 162.7416 166.0824 6.6397 0.3842  3457.3099 0.0000 0.0000 0.0000 0.0000 3457.3099
2022 9 7 18 4.8000 544.1300 0.8000 4.8000 0.0000 162.7393 166.0801 6.6396 0.3842  3612.8272 0.0000 0.0000 0.0000 0.0000 3612.8272
2022 9 7 19 4.8000 524.2600 0.8000 4.8000 0.0000 162.7369 166.0777 6.6395 0.3842  3480.8478 0.0000 0.0000 0.0000 0.0000 3480.8478
2022 9 7 20 4.8000 502.1600 0.8000 4.8000 0.0000 162.7346 166.0754 6.6394 0.3842  3334.0661 0.0000 0.0000 0.0000 0.0000 3334.0661
2022 9 7 21 4.8000 484.5200 0.8000 4.8000 0.0000 162.7323 166.0731 6.6394 0.3842  3216.9000 0.0000 0.0000 0.0000 0.0000 3216.9000
2022 9 7 22 4.8000 434.1200 0.8000 4.8000 0.0000 162.7299 166.0707 6.6393 0.3842  2882.2352 0.0000 0.0000 0.0000 0.0000 2882.2352
2022 9 7 23 4.8000 439.0400 0.8000 4.8000 0.0000 162.7276 166.0684 6.6392 0.3842  2914.8586 0.0000 0.0000 0.0000 0.0000 2914.8586
2022 9 8 0 4.8000 405.0600 0.8000 4.8000 0.0000 162.7253 166.0661 6.6391 0.3842  2689.2212 0.0000 0.0000 0.0000 0.0000 2689.2212
2022 9 8 1 4.8000 397.6600 0.8000 4.8000 0.0000 162.7229 166.0637 6.6390 0.3842  2640.0543 0.0000 0.0000 0.0000 0.0000 2640.0543
2022 9 8 2 4.8000 379.4100 0.8000 4.8000 0.0000 162.7206 166.0614 6.6389 0.3842  2518.8569 0.0000 0.0000 0.0000 0.0000 2518.8569
2022 9 8 3 4.8000 376.7300 0.8000 4.8000 0.0000 162.7183 166.0591 6.6388 0.3842  2501.0288 0.0000 0.0000 0.0000 0.0000 2501.0288
2022 9 8 4 4.8000 439.1000 0.8000 4.8000 0.0000 162.7159 166.0567 6.6387 0.3842  2915.0479 0.0000 0.0000 0.0000 0.0000 2915.0479
2022 9 8 5 4.8000 459.8200 0.8000 4.8000 0.0000 162.7136 166.0544 6.6386 0.3842  3052.5577 0.0000 0.0000 0.0000 0.0000 3052.5577
2022 9 8 6 4.8000 486.0300 0.8000 4.8000 0.0000 162.7113 166.0521 6.6385 0.3842  3226.5089 0.0000 0.0000 0.0000 0.0000 3226.5089
2022 9 8 7 4.8000 504.4700 0.8000 4.8000 0.0000 162.7089 166.0497 6.6384 0.3842  3348.8747 0.0000 0.0000 0.0000 0.0000 3348.8747
2022 9 8 8 4.8000 473.3100 0.8000 4.8000 0.0000 162.7066 166.0474 6.6383 0.3842  3141.9769 0.0000 0.0000 0.0000 0.0000 3141.9769
2022 9 8 9 4.8000 465.6200 0.8000 4.8000 0.0000 162.7042 166.0450 6.6382 0.3842  3090.8838 0.0000 0.0000 0.0000 0.0000 3090.8838
2022 9 8 10 4.8000 438.5300 0.8000 4.8000 0.0000 162.7019 166.0427 6.6381 0.3842  2911.0128 0.0000 0.0000 0.0000 0.0000 2911.0128
2022 9 8 11 4.8000 426.1800 0.8000 4.8000 0.0000 162.6996 166.0404 6.6380 0.3841  2828.9914 0.0000 0.0000 0.0000 0.0000 2828.9914
2022 9 8 12 4.8000 407.0500 0.8000 4.8000 0.0000 162.6972 166.0380 6.6379 0.3841  2701.9672 0.0000 0.0000 0.0000 0.0000 2701.9672
2022 9 8 13 4.8000 397.2700 0.8000 4.8000 0.0000 162.6949 166.0357 6.6378 0.3841  2637.0104 0.0000 0.0000 0.0000 0.0000 2637.0104
2022 9 8 14 4.8000 402.0900 0.8000 4.8000 0.0000 162.6925 166.0333 6.6377 0.3841  2668.9664 0.0000 0.0000 0.0000 0.0000 2668.9664
2022 9 8 15 4.8000 413.1900 0.8000 4.8000 0.0000 162.6902 166.0310 6.6376 0.3841  2742.6058 0.0000 0.0000 0.0000 0.0000 2742.6058
2022 9 8 16 4.8000 452.1600 0.8000 4.8000 0.0000 162.6879 166.0287 6.6375 0.3841  3001.2314 0.0000 0.0000 0.0000 0.0000 3001.2314
2022 9 8 17 4.8000 467.2000 0.8000 4.8000 0.0000 162.6855 166.0263 6.6374 0.3841  3101.0155 0.0000 0.0000 0.0000 0.0000 3101.0155
2022 9 8 18 4.8000 478.3100 0.8000 4.8000 0.0000 162.6832 166.0240 6.6374 0.3841  3174.7117 0.0000 0.0000 0.0000 0.0000 3174.7117
2022 9 8 19 4.8000 484.0800 0.8000 4.8000 0.0000 162.6808 166.0216 6.6373 0.3841  3212.9628 0.0000 0.0000 0.0000 0.0000 3212.9628
2022 9 8 20 4.8000 450.0900 0.8000 4.8000 0.0000 162.6785 166.0193 6.6372 0.3841  2987.3195 0.0000 0.0000 0.0000 0.0000 2987.3195
2022 9 8 21 4.8000 391.6800 0.8000 4.8000 0.0000 162.6761 166.0169 6.6371 0.3841  2599.6054 0.0000 0.0000 0.0000 0.0000 2599.6054
2022 9 8 22 4.8000 332.2700 0.8000 4.8000 0.0000 162.6738 166.0146 6.6370 0.3841  2205.2655 0.0000 0.0000 0.0000 0.0000 2205.2655
2022 9 8 23 4.8000 310.0400 0.8000 4.8000 0.0000 162.6714 166.0122 6.6369 0.3841  2057.6961 0.0000 0.0000 0.0000 0.0000 2057.6961
2022 9 9 0 4.8000 246.1600 0.8000 4.8000 0.0000 162.6691 166.0099 6.6368 0.3841  1633.7091 0.0000 0.0000 0.0000 0.0000 1633.7091
2022 9 9 1 4.8000 211.8700 0.8000 4.8000 0.0000 162.6667 166.0075 6.6367 0.3841  1406.1136 0.0000 0.0000 0.0000 0.0000 1406.1136
2022 9 9 2 4.8000 199.4500 0.8000 4.8000 0.0000 162.6644 166.0052 6.6366 0.3841  1323.6669 0.0000 0.0000 0.0000 0.0000 1323.6669
2022 9 9 3 4.8000 234.9400 0.8000 4.8000 0.0000 162.6620 166.0028 6.6365 0.3841  1559.1769 0.0000 0.0000 0.0000 0.0000 1559.1769
2022 9 9 4 4.8000 288.6200 0.8000 4.8000 0.0000 162.6597 166.0005 6.6364 0.3841  1915.3960 0.0000 0.0000 0.0000 0.0000 1915.3960
2022 9 9 5 4.8000 371.2400 0.8000 4.8000 0.0000 162.6574 165.9982 6.6363 0.3840  2463.6593 0.0000 0.0000 0.0000 0.0000 2463.6593
2022 9 9 6 4.8000 419.0900 0.8000 4.8000 0.0000 162.6550 165.9958 6.6362 0.3840  2781.1662 0.0000 0.0000 0.0000 0.0000 2781.1662
2022 9 9 7 4.8000 419.5300 0.8000 4.8000 0.0000 162.6527 165.9935 6.6361 0.3840  2784.0461 0.0000 0.0000 0.0000 0.0000 2784.0461
2022 9 9 8 4.8000 404.5500 0.8000 4.8000 0.0000 162.6503 165.9911 6.6360 0.3840  2684.5984 0.0000 0.0000 0.0000 0.0000 2684.5984
2022 9 9 9 4.8000 376.5400 0.8000 4.8000 0.0000 162.6480 165.9888 6.6359 0.3840  2498.6878 0.0000 0.0000 0.0000 0.0000 2498.6878
2022 9 9 10 4.8000 341.6000 0.8000 4.8000 0.0000 162.6456 165.9864 6.6358 0.3840  2266.7962 0.0000 0.0000 0.0000 0.0000 2266.7962
2022 9 9 11 4.8000 351.8400 0.8000 4.8000 0.0000 162.6433 165.9841 6.6357 0.3840  2334.7132 0.0000 0.0000 0.0000 0.0000 2334.7132
2022 9 9 12 4.8000 302.8800 0.8000 4.8000 0.0000 162.6409 165.9817 6.6356 0.3840  2009.7992 0.0000 0.0000 0.0000 0.0000 2009.7992
2022 9 9 13 4.8000 304.3300 0.8000 4.8000 0.0000 162.6386 165.9794 6.6355 0.3840  2019.3915 0.0000 0.0000 0.0000 0.0000 2019.3915
2022 9 9 14 4.8000 301.3700 0.8000 4.8000 0.0000 162.6362 165.9770 6.6354 0.3840  1999.7215 0.0000 0.0000 0.0000 0.0000 1999.7215
2022 9 9 15 4.8000 377.1900 0.8000 4.8000 0.0000 162.6339 165.9747 6.6353 0.3840  2502.7842 0.0000 0.0000 0.0000 0.0000 2502.7842
2022 9 9 16 4.8000 403.7700 0.8000 4.8000 0.0000 162.6315 165.9723 6.6352 0.3840  2679.1128 0.0000 0.0000 0.0000 0.0000 2679.1128
2022 9 9 17 4.8000 423.2800 0.8000 4.8000 0.0000 162.6292 165.9700 6.6351 0.3840  2808.5258 0.0000 0.0000 0.0000 0.0000 2808.5258
2022 9 9 18 4.8000 454.4300 0.8000 4.8000 0.0000 162.6268 165.9676 6.6351 0.3840  3015.1670 0.0000 0.0000 0.0000 0.0000 3015.1670
2022 9 9 19 4.8000 452.1400 0.8000 4.8000 0.0000 162.6245 165.9653 6.6350 0.3840  2999.9295 0.0000 0.0000 0.0000 0.0000 2999.9295
2022 9 9 20 4.8000 408.3400 0.8000 4.8000 0.0000 162.6221 165.9629 6.6349 0.3840  2709.2790 0.0000 0.0000 0.0000 0.0000 2709.2790
2022 9 9 21 4.8000 388.4600 0.8000 4.8000 0.0000 162.6198 165.9606 6.6348 0.3840  2577.3405 0.0000 0.0000 0.0000 0.0000 2577.3405
2022 9 9 22 4.8000 388.7900 0.8000 4.8000 0.0000 162.6174 165.9582 6.6347 0.3840  2579.4926 0.0000 0.0000 0.0000 0.0000 2579.4926
2022 9 9 23 4.8000 399.9600 0.8000 4.8000 0.0000 162.6150 165.9558 6.6346 0.3839  2653.5633 0.0000 0.0000 0.0000 0.0000 2653.5633
2022 9 10 0 4.8000 369.7600 0.8000 4.8000 0.0000 162.6127 165.9535 6.6345 0.3839  2453.1637 0.0000 0.0000 0.0000 0.0000 2453.1637
2022 9 10 1 4.8000 361.7900 0.8000 4.8000 0.0000 162.6103 165.9511 6.6344 0.3839  2400.2521 0.0000 0.0000 0.0000 0.0000 2400.2521
2022 9 10 2 4.8000 357.6700 0.8000 4.8000 0.0000 162.6080 165.9488 6.6343 0.3839  2372.8840 0.0000 0.0000 0.0000 0.0000 2372.8840
2022 9 10 3 4.8000 357.6900 0.8000 4.8000 0.0000 162.6056 165.9464 6.6342 0.3839  2372.9822 0.0000 0.0000 0.0000 0.0000 2372.9822
2022 9 10 4 4.8000 366.6100 0.8000 4.8000 0.0000 162.6032 165.9440 6.6341 0.3839  2432.1237 0.0000 0.0000 0.0000 0.0000 2432.1237
2022 9 10 5 4.8000 392.6200 0.8000 4.8000 0.0000 162.6009 165.9417 6.6340 0.3839  2604.6387 0.0000 0.0000 0.0000 0.0000 2604.6387
2022 9 10 6 4.8000 405.5500 0.8000 4.8000 0.0000 162.5985 165.9393 6.6339 0.3839  2690.3772 0.0000 0.0000 0.0000 0.0000 2690.3772
2022 9 10 7 4.8000 422.6400 0.8000 4.8000 0.0000 162.5962 165.9370 6.6338 0.3839  2803.7101 0.0000 0.0000 0.0000 0.0000 2803.7101
2022 9 10 8 4.8000 420.7900 0.8000 4.8000 0.0000 162.5938 165.9346 6.6337 0.3839  2791.3971 0.0000 0.0000 0.0000 0.0000 2791.3971
2022 9 10 9 4.8000 441.6700 0.8000 4.8000 0.0000 162.5915 165.9323 6.6336 0.3839  2929.8664 0.0000 0.0000 0.0000 0.0000 2929.8664
2022 9 10 10 4.8000 430.7900 0.8000 4.8000 0.0000 162.5891 165.9299 6.6335 0.3839  2857.6513 0.0000 0.0000 0.0000 0.0000 2857.6513
2022 9 10 11 4.8000 411.8500 0.8000 4.8000 0.0000 162.5868 165.9276 6.6334 0.3839  2731.9731 0.0000 0.0000 0.0000 0.0000 2731.9731
2022 9 10 12 4.8000 365.5500 0.8000 4.8000 0.0000 162.5844 165.9252 6.6333 0.3839  2424.8108 0.0000 0.0000 0.0000 0.0000 2424.8108
2022 9 10 13 4.8000 359.3500 0.8000 4.8000 0.0000 162.5821 165.9229 6.6332 0.3839  2383.6499 0.0000 0.0000 0.0000 0.0000 2383.6499
2022 9 10 14 4.8000 363.8900 0.8000 4.8000 0.0000 162.5797 165.9205 6.6331 0.3839  2413.7300 0.0000 0.0000 0.0000 0.0000 2413.7300
2022 9 10 15 4.8000 394.0800 0.8000 4.8000 0.0000 162.5774 165.9182 6.6330 0.3839  2613.9465 0.0000 0.0000 0.0000 0.0000 2613.9465
2022 9 10 16 4.8000 457.2000 0.8000 4.8000 0.0000 162.5750 165.9158 6.6329 0.3839  3032.5802 0.0000 0.0000 0.0000 0.0000 3032.5802
2022 9 10 17 4.8000 441.1300 0.8000 4.8000 0.0000 162.5727 165.9135 6.6328 0.3838  2925.9467 0.0000 0.0000 0.0000 0.0000 2925.9467
2022 9 10 18 4.8000 478.8600 0.8000 4.8000 0.0000 162.5704 165.9112 6.6327 0.3838  3176.1582 0.0000 0.0000 0.0000 0.0000 3176.1582
2022 9 10 19 4.8000 478.7500 0.8000 4.8000 0.0000 162.5680 165.9088 6.6327 0.3838  3175.3831 0.0000 0.0000 0.0000 0.0000 3175.3831
2022 9 10 20 4.8000 453.0000 0.8000 4.8000 0.0000 162.5657 165.9065 6.6326 0.3838  3004.5491 0.0000 0.0000 0.0000 0.0000 3004.5491
2022 9 10 21 4.8000 448.9200 0.8000 4.8000 0.0000 162.5634 165.9042 6.6325 0.3838  2977.4456 0.0000 0.0000 0.0000 0.0000 2977.4456
2022 9 10 22 4.8000 447.8000 0.8000 4.8000 0.0000 162.5610 165.9018 6.6324 0.3838  2969.9744 0.0000 0.0000 0.0000 0.0000 2969.9744
2022 9 10 23 4.8000 434.5600 0.8000 4.8000 0.0000 162.5587 165.8995 6.6323 0.3838  2882.1206 0.0000 0.0000 0.0000 0.0000 2882.1206
2022 9 11 0 4.8000 397.0500 0.8000 4.8000 0.0000 162.5564 165.8972 6.6322 0.3838  2633.3062 0.0000 0.0000 0.0000 0.0000 2633.3062
2022 9 11 1 4.8000 397.0400 0.8000 4.8000 0.0000 162.5540 165.8948 6.6321 0.3838  2633.2022 0.0000 0.0000 0.0000 0.0000 2633.2022
2022 9 11 2 4.8000 380.7100 0.8000 4.8000 0.0000 162.5517 165.8925 6.6320 0.3838  2524.8640 0.0000 0.0000 0.0000 0.0000 2524.8640
2022 9 11 3 4.8000 369.7000 0.8000 4.8000 0.0000 162.5494 165.8902 6.6319 0.3838  2451.8108 0.0000 0.0000 0.0000 0.0000 2451.8108
2022 9 11 4 4.8000 380.5100 0.8000 4.8000 0.0000 162.5470 165.8878 6.6318 0.3838  2523.4654 0.0000 0.0000 0.0000 0.0000 2523.4654
2022 9 11 5 4.8000 390.0100 0.8000 4.8000 0.0000 162.5447 165.8855 6.6317 0.3838  2586.4304 0.0000 0.0000 0.0000 0.0000 2586.4304
2022 9 11 6 4.8000 396.1600 0.8000 4.8000 0.0000 162.5424 165.8832 6.6316 0.3838  2627.1776 0.0000 0.0000 0.0000 0.0000 2627.1776
2022 9 11 7 4.8000 413.7900 0.8000 4.8000 0.0000 162.5401 165.8809 6.6315 0.3838  2744.0536 0.0000 0.0000 0.0000 0.0000 2744.0536
2022 9 11 8 4.8000 414.6400 0.8000 4.8000 0.0000 162.5377 165.8785 6.6314 0.3838  2749.6510 0.0000 0.0000 0.0000 0.0000 2749.6510
2022 9 11 9 4.8000 400.5900 0.8000 4.8000 0.0000 162.5354 165.8762 6.6313 0.3838  2656.4415 0.0000 0.0000 0.0000 0.0000 2656.4415
2022 9 11 10 4.8000 391.8700 0.8000 4.8000 0.0000 162.5331 165.8739 6.6312 0.3838  2598.5792 0.0000 0.0000 0.0000 0.0000 2598.5792
2022 9 11 11 4.8000 371.2000 0.8000 4.8000 0.0000 162.5307 165.8715 6.6311 0.3837  2461.4766 0.0000 0.0000 0.0000 0.0000 2461.4766
2022 9 11 12 4.8000 344.8200 0.8000 4.8000 0.0000 162.5284 165.8692 6.6310 0.3837  2286.5145 0.0000 0.0000 0.0000 0.0000 2286.5145
2022 9 11 13 4.8000 284.3200 0.8000 4.8000 0.0000 162.5261 165.8669 6.6309 0.3837  1885.3097 0.0000 0.0000 0.0000 0.0000 1885.3097
2022 9 11 14 4.8000 306.2400 0.8000 4.8000 0.0000 162.5238 165.8646 6.6308 0.3837  2030.6308 0.0000 0.0000 0.0000 0.0000 2030.6308
2022 9 11 15 4.8000 376.2900 0.8000 4.8000 0.0000 162.5214 165.8622 6.6308 0.3837  2495.0860 0.0000 0.0000 0.0000 0.0000 2495.0860
2022 9 11 16 4.8000 426.0100 0.8000 4.8000 0.0000 162.5191 165.8599 6.6307 0.3837  2824.7266 0.0000 0.0000 0.0000 0.0000 2824.7266
2022 9 11 17 4.8000 465.2000 0.8000 4.8000 0.0000 162.5168 165.8576 6.6306 0.3837  3084.5379 0.0000 0.0000 0.0000 0.0000 3084.5379
2022 9 11 18 4.8000 493.3800 0.8000 4.8000 0.0000 162.5144 165.8552 6.6305 0.3837  3271.3402 0.0000 0.0000 0.0000 0.0000 3271.3402
2022 9 11 19 4.8000 504.5400 0.8000 4.8000 0.0000 162.5121 165.8529 6.6304 0.3837  3345.2883 0.0000 0.0000 0.0000 0.0000 3345.2883
2022 9 11 20 4.8000 484.5300 0.8000 4.8000 0.0000 162.5098 165.8506 6.6303 0.3837  3212.5684 0.0000 0.0000 0.0000 0.0000 3212.5684
2022 9 11 21 4.8000 450.8800 0.8000 4.8000 0.0000 162.5075 165.8483 6.6302 0.3837  2989.4168 0.0000 0.0000 0.0000 0.0000 2989.4168
2022 9 11 22 4.8000 403.6900 0.8000 4.8000 0.0000 162.5051 165.8459 6.6301 0.3837  2676.5000 0.0000 0.0000 0.0000 0.0000 2676.5000
2022 9 11 23 4.8000 357.1600 0.8000 4.8000 0.0000 162.5028 165.8436 6.6300 0.3837  2367.9680 0.0000 0.0000 0.0000 0.0000 2367.9680
2022 9 12 0 4.8000 365.7900 0.8000 4.8000 0.0000 162.5005 165.8413 6.6299 0.3837  2425.1501 0.0000 0.0000 0.0000 0.0000 2425.1501
2022 9 12 1 4.8000 365.2900 0.8000 4.8000 0.0000 162.4981 165.8389 6.6298 0.3837  2421.8003 0.0000 0.0000 0.0000 0.0000 2421.8003
2022 9 12 2 4.8000 360.0400 0.8000 4.8000 0.0000 162.4958 165.8366 6.6297 0.3837  2386.9596 0.0000 0.0000 0.0000 0.0000 2386.9596
2022 9 12 3 4.8000 363.6300 0.8000 4.8000 0.0000 162.4935 165.8343 6.6296 0.3837  2410.7256 0.0000 0.0000 0.0000 0.0000 2410.7256
2022 9 12 4 4.8000 401.1500 0.8000 4.8000 0.0000 162.4911 165.8319 6.6295 0.3837  2659.4303 0.0000 0.0000 0.0000 0.0000 2659.4303
2022 9 12 5 4.8000 454.5300 0.8000 4.8000 0.0000 162.4888 165.8296 6.6294 0.3836  3013.2706 0.0000 0.0000 0.0000 0.0000 3013.2706
2022 9 12 6 4.8000 486.6800 0.8000 4.8000 0.0000 162.4864 165.8272 6.6293 0.3836  3226.3600 0.0000 0.0000 0.0000 0.0000 3226.3600
2022 9 12 7 4.8000 489.8100 0.8000 4.8000 0.0000 162.4841 165.8249 6.6292 0.3836  3247.0631 0.0000 0.0000 0.0000 0.0000 3247.0631
2022 9 12 8 4.8000 458.5800 0.8000 4.8000 0.0000 162.4818 165.8226 6.6291 0.3836  3039.9884 0.0000 0.0000 0.0000 0.0000 3039.9884
2022 9 12 9 4.8000 417.6200 0.8000 4.8000 0.0000 162.4794 165.8202 6.6290 0.3836  2768.4193 0.0000 0.0000 0.0000 0.0000 2768.4193
2022 9 12 10 4.8000 370.5200 0.8000 4.8000 0.0000 162.4771 165.8179 6.6289 0.3836  2456.1561 0.0000 0.0000 0.0000 0.0000 2456.1561
2022 9 12 11 4.8000 362.2600 0.8000 4.8000 0.0000 162.4748 165.8156 6.6288 0.3836  2401.3666 0.0000 0.0000 0.0000 0.0000 2401.3666
2022 9 12 12 4.8000 339.4700 0.8000 4.8000 0.0000 162.4724 165.8132 6.6288 0.3836  2250.2627 0.0000 0.0000 0.0000 0.0000 2250.2627
2022 9 12 13 4.8000 347.4200 0.8000 4.8000 0.0000 162.4701 165.8109 6.6287 0.3836  2302.9282 0.0000 0.0000 0.0000 0.0000 2302.9282
2022 9 12 14 4.8000 354.9400 0.8000 4.8000 0.0000 162.4677 165.8085 6.6286 0.3836  2352.7418 0.0000 0.0000 0.0000 0.0000 2352.7418
2022 9 12 15 4.8000 407.2800 0.8000 4.8000 0.0000 162.4654 165.8062 6.6285 0.3836  2699.6419 0.0000 0.0000 0.0000 0.0000 2699.6419
2022 9 12 16 4.8000 457.5900 0.8000 4.8000 0.0000 162.4631 165.8039 6.6284 0.3836  3033.0765 0.0000 0.0000 0.0000 0.0000 3033.0765
2022 9 12 17 4.8000 490.3000 0.8000 4.8000 0.0000 162.4607 165.8015 6.6283 0.3836  3249.8439 0.0000 0.0000 0.0000 0.0000 3249.8439
2022 9 12 18 4.8000 495.5800 0.8000 4.8000 0.0000 162.4584 165.7992 6.6282 0.3836  3284.7943 0.0000 0.0000 0.0000 0.0000 3284.7943
2022 9 12 19 4.8000 486.8400 0.8000 4.8000 0.0000 162.4561 165.7969 6.6281 0.3836  3226.8186 0.0000 0.0000 0.0000 0.0000 3226.8186
2022 9 12 20 4.8000 449.5400 0.8000 4.8000 0.0000 162.4540 165.7948 6.6280 0.3836  2979.5513 0.0000 0.0000 0.0000 0.0000 2979.5513
2022 9 12 21 4.8000 375.1400 0.8000 4.8000 0.0000 162.4520 165.7928 6.6279 0.3836  2486.3984 0.0000 0.0000 0.0000 0.0000 2486.3984
2022 9 12 22 4.8000 341.6700 0.8000 4.8000 0.0000 162.4503 165.7911 6.6278 0.3836  2264.5374 0.0000 0.0000 0.0000 0.0000 2264.5374
2022 9 12 23 4.8000 349.1800 0.8000 4.8000 0.0000 162.4486 165.7894 6.6278 0.3836  2314.2886 0.0000 0.0000 0.0000 0.0000 2314.2886
2022 9 13 0 4.8000 302.8800 0.8000 4.8000 0.0000 162.4470 165.7878 6.6277 0.3835  2007.4021 0.0000 0.0000 0.0000 0.0000 2007.4021
2022 9 13 1 4.8000 289.9200 0.8000 4.8000 0.0000 162.4453 165.7861 6.6276 0.3835  1921.4874 0.0000 0.0000 0.0000 0.0000 1921.4874
2022 9 13 2 4.8000 303.0000 0.8000 4.8000 0.0000 162.4436 165.7844 6.6276 0.3835  2008.1562 0.0000 0.0000 0.0000 0.0000 2008.1562
2022 9 13 3 4.8000 311.0300 0.8000 4.8000 0.0000 162.4419 165.7827 6.6275 0.3835  2061.3539 0.0000 0.0000 0.0000 0.0000 2061.3539
2022 9 13 4 4.8000 308.9200 0.8000 4.8000 0.0000 162.4402 165.7810 6.6274 0.3835  2047.3481 0.0000 0.0000 0.0000 0.0000 2047.3481
2022 9 13 5 4.8000 394.8500 0.8000 4.8000 0.0000 162.4384 165.7792 6.6274 0.3835  2616.8155 0.0000 0.0000 0.0000 0.0000 2616.8155
2022 9 13 6 4.8000 444.2200 0.8000 4.8000 0.0000 162.4367 165.7775 6.6273 0.3835  2943.9766 0.0000 0.0000 0.0000 0.0000 2943.9766
2022 9 13 7 4.8000 454.6600 0.8000 4.8000 0.0000 162.4349 165.7757 6.6272 0.3835  3013.1328 0.0000 0.0000 0.0000 0.0000 3013.1328
2022 9 13 8 4.8000 445.1700 0.8000 4.8000 0.0000 162.4331 165.7739 6.6271 0.3835  2950.2084 0.0000 0.0000 0.0000 0.0000 2950.2084
2022 9 13 9 4.8000 434.5700 0.8000 4.8000 0.0000 162.4314 165.7722 6.6271 0.3835  2879.9293 0.0000 0.0000 0.0000 0.0000 2879.9293
2022 9 13 10 4.8000 442.0500 0.8000 4.8000 0.0000 162.4296 165.7704 6.6270 0.3835  2929.4679 0.0000 0.0000 0.0000 0.0000 2929.4679
2022 9 13 11 4.8000 345.7200 0.8000 4.8000 0.0000 162.4278 165.7686 6.6269 0.3835  2291.0635 0.0000 0.0000 0.0000 0.0000 2291.0635
2022 9 13 12 4.8000 334.8100 0.8000 4.8000 0.0000 162.4261 165.7669 6.6269 0.3835  2218.7394 0.0000 0.0000 0.0000 0.0000 2218.7394
2022 9 13 13 4.8000 340.6700 0.8000 4.8000 0.0000 162.4243 165.7651 6.6268 0.3835  2257.5482 0.0000 0.0000 0.0000 0.0000 2257.5482
2022 9 13 14 4.8000 354.9900 0.8000 4.8000 0.0000 162.4225 165.7633 6.6267 0.3835  2352.4177 0.0000 0.0000 0.0000 0.0000 2352.4177
2022 9 13 15 4.8000 372.5300 0.8000 4.8000 0.0000 162.4207 165.7615 6.6266 0.3835  2468.6229 0.0000 0.0000 0.0000 0.0000 2468.6229
2022 9 13 16 4.8000 414.6100 0.8000 4.8000 0.0000 162.4189 165.7597 6.6266 0.3835  2747.4411 0.0000 0.0000 0.0000 0.0000 2747.4411
2022 9 13 17 4.8000 449.3400 0.8000 4.8000 0.0000 162.4170 165.7578 6.6265 0.3835  2977.5482 0.0000 0.0000 0.0000 0.0000 2977.5482
2022 9 13 18 4.8000 468.8000 0.8000 4.8000 0.0000 162.4152 165.7560 6.6264 0.3835  3106.4642 0.0000 0.0000 0.0000 0.0000 3106.4642
2022 9 13 19 4.8000 465.7900 0.8000 4.8000 0.0000 162.4133 165.7541 6.6263 0.3835  3086.4833 0.0000 0.0000 0.0000 0.0000 3086.4833
2022 9 13 20 4.8000 425.4300 0.8000 4.8000 0.0000 162.4114 165.7522 6.6263 0.3835  2819.0115 0.0000 0.0000 0.0000 0.0000 2819.0115
2022 9 13 21 4.8000 388.8200 0.8000 4.8000 0.0000 162.4095 165.7503 6.6262 0.3835  2576.3940 0.0000 0.0000 0.0000 0.0000 2576.3940
2022 9 13 22 4.8000 333.2800 0.8000 4.8000 0.0000 162.4076 165.7484 6.6261 0.3835  2208.3496 0.0000 0.0000 0.0000 0.0000 2208.3496
2022 9 13 23 4.8000 355.7400 0.8000 4.8000 0.0000 162.4057 165.7465 6.6260 0.3835  2357.1441 0.0000 0.0000 0.0000 0.0000 2357.1441
2022 9 14 0 4.8000 319.5800 0.8000 4.8000 0.0000 162.4038 165.7446 6.6260 0.3834  2117.5217 0.0000 0.0000 0.0000 0.0000 2117.5217
2022 9 14 1 4.8000 329.7100 0.8000 4.8000 0.0000 162.4018 165.7426 6.6259 0.3834  2184.6165 0.0000 0.0000 0.0000 0.0000 2184.6165
2022 9 14 2 4.8000 325.5600 0.8000 4.8000 0.0000 162.3999 165.7407 6.6258 0.3834  2157.0934 0.0000 0.0000 0.0000 0.0000 2157.0934
2022 9 14 3 4.8000 337.0300 0.8000 4.8000 0.0000 162.3979 165.7387 6.6257 0.3834  2233.0644 0.0000 0.0000 0.0000 0.0000 2233.0644
2022 9 14 4 4.8000 363.8700 0.8000 4.8000 0.0000 162.3960 165.7368 6.6256 0.3834  2410.8694 0.0000 0.0000 0.0000 0.0000 2410.8694
2022 9 14 5 4.8000 413.8000 0.8000 4.8000 0.0000 162.3940 165.7348 6.6256 0.3834  2741.6539 0.0000 0.0000 0.0000 0.0000 2741.6539
2022 9 14 6 4.8000 460.5400 0.8000 4.8000 0.0000 162.3920 165.7328 6.6255 0.3834  3051.2951 0.0000 0.0000 0.0000 0.0000 3051.2951
2022 9 14 7 4.8000 478.9300 0.8000 4.8000 0.0000 162.3900 165.7308 6.6254 0.3834  3173.0986 0.0000 0.0000 0.0000 0.0000 3173.0986
2022 9 14 8 4.8000 486.6400 0.8000 4.8000 0.0000 162.3880 165.7288 6.6253 0.3834  3224.1410 0.0000 0.0000 0.0000 0.0000 3224.1410
2022 9 14 9 4.8000 478.5400 0.8000 4.8000 0.0000 162.3860 165.7268 6.6252 0.3834  3170.4369 0.0000 0.0000 0.0000 0.0000 3170.4369
2022 9 14 10 4.8000 476.0000 0.8000 4.8000 0.0000 162.3840 165.7248 6.6251 0.3834  3153.5698 0.0000 0.0000 0.0000 0.0000 3153.5698
2022 9 14 11 4.8000 460.8700 0.8000 4.8000 0.0000 162.3820 165.7228 6.6251 0.3834  3053.2936 0.0000 0.0000 0.0000 0.0000 3053.2936
2022 9 14 12 4.8000 450.3700 0.8000 4.8000 0.0000 162.3800 165.7208 6.6250 0.3834  2983.6934 0.0000 0.0000 0.0000 0.0000 2983.6934
2022 9 14 13 4.8000 422.0900 0.8000 4.8000 0.0000 162.3780 165.7188 6.6249 0.3834  2796.3041 0.0000 0.0000 0.0000 0.0000 2796.3041
2022 9 14 14 4.8000 440.4100 0.8000 4.8000 0.0000 162.3760 165.7168 6.6248 0.3834  2917.6360 0.0000 0.0000 0.0000 0.0000 2917.6360
2022 9 14 15 4.8000 447.2400 0.8000 4.8000 0.0000 162.3739 165.7147 6.6247 0.3834  2962.8464 0.0000 0.0000 0.0000 0.0000 2962.8464
2022 9 14 16 4.8000 461.9100 0.8000 4.8000 0.0000 162.3719 165.7127 6.6247 0.3834  3059.9930 0.0000 0.0000 0.0000 0.0000 3059.9930
2022 9 14 17 4.8000 466.8800 0.8000 4.8000 0.0000 162.3699 165.7107 6.6246 0.3834  3092.8787 0.0000 0.0000 0.0000 0.0000 3092.8787
2022 9 14 18 4.8000 474.3900 0.8000 4.8000 0.0000 162.3678 165.7086 6.6245 0.3834  3142.5898 0.0000 0.0000 0.0000 0.0000 3142.5898
2022 9 14 19 4.8000 474.1500 0.8000 4.8000 0.0000 162.3658 165.7066 6.6244 0.3834  3140.9602 0.0000 0.0000 0.0000 0.0000 3140.9602
2022 9 14 20 4.8000 460.8100 0.8000 4.8000 0.0000 162.3637 165.7045 6.6243 0.3834  3052.5523 0.0000 0.0000 0.0000 0.0000 3052.5523
2022 9 14 21 4.8000 419.9700 0.8000 4.8000 0.0000 162.3617 165.7025 6.6242 0.3833  2781.9800 0.0000 0.0000 0.0000 0.0000 2781.9800
2022 9 14 22 4.8000 355.9400 0.8000 4.8000 0.0000 162.3596 165.7004 6.6242 0.3833  2357.8004 0.0000 0.0000 0.0000 0.0000 2357.8004
2022 9 14 23 4.8000 406.7400 0.8000 4.8000 0.0000 162.3576 165.6984 6.6241 0.3833  2694.2730 0.0000 0.0000 0.0000 0.0000 2694.2730
2022 9 15 0 4.8000 353.2000 0.8000 4.8000 0.0000 162.3555 165.6963 6.6240 0.3833  2339.5909 0.0000 0.0000 0.0000 0.0000 2339.5909
2022 9 15 1 4.8000 330.0700 0.8000 4.8000 0.0000 162.3534 165.6942 6.6239 0.3833  2186.3504 0.0000 0.0000 0.0000 0.0000 2186.3504
2022 9 15 2 4.8000 314.7200 0.8000 4.8000 0.0000 162.3514 165.6922 6.6238 0.3833  2084.6470 0.0000 0.0000 0.0000 0.0000 2084.6470
2022 9 15 3 4.8000 283.5700 0.8000 4.8000 0.0000 162.3493 165.6901 6.6237 0.3833  1878.2913 0.0000 0.0000 0.0000 0.0000 1878.2913
2022 9 15 4 4.8000 381.1500 0.8000 4.8000 0.0000 162.3472 165.6880 6.6236 0.3833  2524.6026 0.0000 0.0000 0.0000 0.0000 2524.6026
2022 9 15 5 4.8000 396.4000 0.8000 4.8000 0.0000 162.3452 165.6860 6.6236 0.3833  2625.5797 0.0000 0.0000 0.0000 0.0000 2625.5797
2022 9 15 6 4.8000 430.1700 0.8000 4.8000 0.0000 162.3431 165.6839 6.6235 0.3833  2849.2211 0.0000 0.0000 0.0000 0.0000 2849.2211
2022 9 15 7 4.8000 431.7700 0.8000 4.8000 0.0000 162.3410 165.6818 6.6234 0.3833  2859.7819 0.0000 0.0000 0.0000 0.0000 2859.7819
2022 9 15 8 4.8000 433.2200 0.8000 4.8000 0.0000 162.3389 165.6797 6.6233 0.3833  2869.3491 0.0000 0.0000 0.0000 0.0000 2869.3491
2022 9 15 9 4.8000 411.8400 0.8000 4.8000 0.0000 162.3369 165.6777 6.6232 0.3833  2727.7078 0.0000 0.0000 0.0000 0.0000 2727.7078
2022 9 15 10 4.8000 388.5700 0.8000 4.8000 0.0000 162.3348 165.6756 6.6231 0.3833  2573.5524 0.0000 0.0000 0.0000 0.0000 2573.5524
2022 9 15 11 4.8000 344.9700 0.8000 4.8000 0.0000 162.3327 165.6735 6.6231 0.3833  2284.7542 0.0000 0.0000 0.0000 0.0000 2284.7542
2022 9 15 12 4.8000 315.3800 0.8000 4.8000 0.0000 162.3306 165.6714 6.6230 0.3833  2088.7512 0.0000 0.0000 0.0000 0.0000 2088.7512
2022 9 15 13 4.8000 309.6800 0.8000 4.8000 0.0000 162.3285 165.6693 6.6229 0.3833  2050.9738 0.0000 0.0000 0.0000 0.0000 2050.9738
2022 9 15 14 4.8000 271.9200 0.8000 4.8000 0.0000 162.3264 165.6672 6.6228 0.3833  1800.8707 0.0000 0.0000 0.0000 0.0000 1800.8707
2022 9 15 15 4.8000 302.7300 0.8000 4.8000 0.0000 162.3243 165.6651 6.6227 0.3833  2004.8932 0.0000 0.0000 0.0000 0.0000 2004.8932
2022 9 15 16 4.8000 364.8600 0.8000 4.8000 0.0000 162.3222 165.6630 6.6226 0.3833  2416.3308 0.0000 0.0000 0.0000 0.0000 2416.3308
2022 9 15 17 4.8000 414.9600 0.8000 4.8000 0.0000 162.3201 165.6609 6.6225 0.3832  2748.0887 0.0000 0.0000 0.0000 0.0000 2748.0887
2022 9 15 18 4.8000 422.8400 0.8000 4.8000 0.0000 162.3180 165.6588 6.6225 0.3832  2800.2381 0.0000 0.0000 0.0000 0.0000 2800.2381
2022 9 15 19 4.8000 428.2900 0.8000 4.8000 0.0000 162.3159 165.6567 6.6224 0.3832  2836.2937 0.0000 0.0000 0.0000 0.0000 2836.2937
2022 9 15 20 4.8000 397.2500 0.8000 4.8000 0.0000 162.3138 165.6546 6.6223 0.3832  2630.7012 0.0000 0.0000 0.0000 0.0000 2630.7012
2022 9 15 21 4.8000 356.7900 0.8000 4.8000 0.0000 162.3117 165.6525 6.6222 0.3832  2362.7329 0.0000 0.0000 0.0000 0.0000 2362.7329
2022 9 15 22 4.8000 264.9100 0.8000 4.8000 0.0000 162.3096 165.6504 6.6221 0.3832  1754.2628 0.0000 0.0000 0.0000 0.0000 1754.2628
2022 9 15 23 4.8000 190.4700 0.8000 4.8000 0.0000 162.3074 165.6482 6.6220 0.3832  1261.2965 0.0000 0.0000 0.0000 0.0000 1261.2965
2022 9 16 0 4.8000 170.7800 0.8000 4.8000 0.0000 162.3053 165.6461 6.6219 0.3832  1130.8941 0.0000 0.0000 0.0000 0.0000 1130.8941
2022 9 16 1 4.8000 228.1700 0.8000 4.8000 0.0000 162.3032 165.6440 6.6218 0.3832  1510.9071 0.0000 0.0000 0.0000 0.0000 1510.9071
2022 9 16 2 4.8000 181.9800 0.8000 4.8000 0.0000 162.3010 165.6418 6.6218 0.3832  1205.0281 0.0000 0.0000 0.0000 0.0000 1205.0281
2022 9 16 3 4.8000 148.7300 0.8000 4.8000 0.0000 162.2989 165.6397 6.6217 0.3832  984.8416 0.0000 0.0000 0.0000 0.0000 984.8416
2022 9 16 4 4.8000 220.6300 0.8000 4.8000 0.0000 162.2968 165.6376 6.6216 0.3832  1460.9208 0.0000 0.0000 0.0000 0.0000 1460.9208
2022 9 16 5 4.8000 369.3600 0.8000 4.8000 0.0000 162.2946 165.6354 6.6215 0.3832  2445.7170 0.0000 0.0000 0.0000 0.0000 2445.7170
2022 9 16 6 4.8000 424.4300 0.8000 4.8000 0.0000 162.2925 165.6333 6.6214 0.3832  2810.3260 0.0000 0.0000 0.0000 0.0000 2810.3260
2022 9 16 7 4.8000 418.4700 0.8000 4.8000 0.0000 162.2904 165.6312 6.6213 0.3832  2770.8258 0.0000 0.0000 0.0000 0.0000 2770.8258
2022 9 16 8 4.8000 405.9100 0.8000 4.8000 0.0000 162.2882 165.6290 6.6212 0.3832  2687.6264 0.0000 0.0000 0.0000 0.0000 2687.6264
2022 9 16 9 4.8000 408.1000 0.8000 4.8000 0.0000 162.2861 165.6269 6.6211 0.3832  2702.0911 0.0000 0.0000 0.0000 0.0000 2702.0911
2022 9 16 10 4.8000 406.6700 0.8000 4.8000 0.0000 162.2839 165.6247 6.6211 0.3832  2692.5872 0.0000 0.0000 0.0000 0.0000 2692.5872
2022 9 16 11 4.8000 411.1900 0.8000 4.8000 0.0000 162.2817 165.6225 6.6210 0.3832  2722.4782 0.0000 0.0000 0.0000 0.0000 2722.4782
2022 9 16 12 4.8000 409.4500 0.8000 4.8000 0.0000 162.2796 165.6204 6.6209 0.3832  2710.9217 0.0000 0.0000 0.0000 0.0000 2710.9217
2022 9 16 13 4.8000 409.3200 0.8000 4.8000 0.0000 162.2774 165.6182 6.6208 0.3831  2710.0249 0.0000 0.0000 0.0000 0.0000 2710.0249
2022 9 16 14 4.8000 408.1100 0.8000 4.8000 0.0000 162.2753 165.6161 6.6207 0.3831  2701.9775 0.0000 0.0000 0.0000 0.0000 2701.9775
2022 9 16 15 4.8000 404.2600 0.8000 4.8000 0.0000 162.2731 165.6139 6.6206 0.3831  2676.4522 0.0000 0.0000 0.0000 0.0000 2676.4522
2022 9 16 16 4.8000 266.5500 0.8000 4.8000 0.0000 162.2709 165.6117 6.6205 0.3831  1764.7028 0.0000 0.0000 0.0000 0.0000 1764.7028
2022 9 16 17 4.8000 327.2600 0.8000 4.8000 0.0000 162.2688 165.6096 6.6204 0.3831  2166.6064 0.0000 0.0000 0.0000 0.0000 2166.6064
2022 9 16 18 4.8000 379.6100 0.8000 4.8000 0.0000 162.2666 165.6074 6.6204 0.3831  2513.1528 0.0000 0.0000 0.0000 0.0000 2513.1528
2022 9 16 19 4.8000 365.0900 0.8000 4.8000 0.0000 162.2644 165.6052 6.6203 0.3831  2416.9930 0.0000 0.0000 0.0000 0.0000 2416.9930
2022 9 16 20 4.8000 235.6200 0.8000 4.8000 0.0000 162.2622 165.6030 6.6202 0.3831  1559.8462 0.0000 0.0000 0.0000 0.0000 1559.8462
2022 9 16 21 4.8000 276.7700 0.8000 4.8000 0.0000 162.2601 165.6009 6.6201 0.3831  1832.2418 0.0000 0.0000 0.0000 0.0000 1832.2418
2022 9 16 22 4.8000 237.2900 0.8000 4.8000 0.0000 162.2579 165.5987 6.6200 0.3831  1570.8596 0.0000 0.0000 0.0000 0.0000 1570.8596
2022 9 16 23 4.8000 391.6600 0.8000 4.8000 0.0000 162.2557 165.5965 6.6199 0.3831  2592.7541 0.0000 0.0000 0.0000 0.0000 2592.7541
2022 9 17 0 4.8000 365.8200 0.8000 4.8000 0.0000 162.2535 165.5943 6.6198 0.3831  2421.6630 0.0000 0.0000 0.0000 0.0000 2421.6630
2022 9 17 1 4.8000 247.5600 0.8000 4.8000 0.0000 162.2513 165.5921 6.6197 0.3831  1638.7808 0.0000 0.0000 0.0000 0.0000 1638.7808
2022 9 17 2 4.8000 245.9400 0.8000 4.8000 0.0000 162.2491 165.5899 6.6196 0.3831  1628.0348 0.0000 0.0000 0.0000 0.0000 1628.0348
2022 9 17 3 4.8000 245.1300 0.8000 4.8000 0.0000 162.2469 165.5877 6.6196 0.3831  1622.6510 0.0000 0.0000 0.0000 0.0000 1622.6510
2022 9 17 4 4.8000 199.1900 0.8000 4.8000 0.0000 162.2447 165.5855 6.6195 0.3831  1318.5309 0.0000 0.0000 0.0000 0.0000 1318.5309
2022 9 17 5 4.8000 86.6800 0.8000 4.8000 0.0000 162.2425 165.5833 6.6194 0.3831  573.7673 0.0000 0.0000 0.0000 0.0000 573.7673
2022 9 17 6 4.8000 250.7100 0.8000 4.8000 0.0000 162.2403 165.5811 6.6193 0.3831  1659.5208 0.0000 0.0000 0.0000 0.0000 1659.5208
2022 9 17 7 4.8000 235.5200 0.8000 4.8000 0.0000 162.2381 165.5789 6.6192 0.3831  1558.9527 0.0000 0.0000 0.0000 0.0000 1558.9527
2022 9 17 8 4.8000 390.9700 0.8000 4.8000 0.0000 162.2359 165.5767 6.6191 0.3831  2587.8712 0.0000 0.0000 0.0000 0.0000 2587.8712
2022 9 17 9 4.8000 396.4800 0.8000 4.8000 0.0000 162.2337 165.5745 6.6190 0.3830  2624.3068 0.0000 0.0000 0.0000 0.0000 2624.3068
2022 9 17 10 4.8000 389.6400 0.8000 4.8000 0.0000 162.2315 165.5723 6.6189 0.3830  2578.9976 0.0000 0.0000 0.0000 0.0000 2578.9976
2022 9 17 11 4.8000 390.5200 0.8000 4.8000 0.0000 162.2293 165.5701 6.6188 0.3830  2584.7868 0.0000 0.0000 0.0000 0.0000 2584.7868
2022 9 17 12 4.8000 234.7300 0.8000 4.8000 0.0000 162.2271 165.5679 6.6187 0.3830  1553.6176 0.0000 0.0000 0.0000 0.0000 1553.6176
2022 9 17 13 4.8000 187.4400 0.8000 4.8000 0.0000 162.2249 165.5657 6.6187 0.3830  1240.6003 0.0000 0.0000 0.0000 0.0000 1240.6003
2022 9 17 14 4.8000 192.7500 0.8000 4.8000 0.0000 162.2226 165.5634 6.6186 0.3830  1275.7279 0.0000 0.0000 0.0000 0.0000 1275.7279
2022 9 17 15 4.8000 37.0800 0.8000 4.8000 0.0000 162.2204 165.5612 6.6185 0.3830  245.4129 0.0000 0.0000 0.0000 0.0000 245.4129
2022 9 17 16 4.8000 70.3200 0.8000 4.8000 0.0000 162.2182 165.5590 6.6184 0.3830  465.4045 0.0000 0.0000 0.0000 0.0000 465.4045
2022 9 17 17 4.8000 240.0200 0.8000 4.8000 0.0000 162.2160 165.5568 6.6183 0.3830  1588.5220 0.0000 0.0000 0.0000 0.0000 1588.5220
2022 9 17 18 4.8000 229.7500 0.8000 4.8000 0.0000 162.2137 165.5545 6.6182 0.3830  1520.5313 0.0000 0.0000 0.0000 0.0000 1520.5313
2022 9 17 19 4.8000 343.6700 0.8000 4.8000 0.0000 162.2115 165.5523 6.6181 0.3830  2274.4453 0.0000 0.0000 0.0000 0.0000 2274.4453
2022 9 17 20 4.8000 398.4700 0.8000 4.8000 0.0000 162.2093 165.5501 6.6180 0.3830  2637.0812 0.0000 0.0000 0.0000 0.0000 2637.0812
2022 9 17 21 4.8000 250.8600 0.8000 4.8000 0.0000 162.2070 165.5478 6.6179 0.3830  1660.1728 0.0000 0.0000 0.0000 0.0000 1660.1728
2022 9 17 22 4.8000 269.7300 0.8000 4.8000 0.0000 162.2048 165.5456 6.6178 0.3830  1785.0286 0.0000 0.0000 0.0000 0.0000 1785.0286
2022 9 17 23 4.8000 28.1300 0.8000 4.8000 0.0000 162.2026 165.5434 6.6177 0.3830  186.1571 0.0000 0.0000 0.0000 0.0000 186.1571
2022 9 18 0 4.8000 28.5400 0.8000 4.8000 0.0000 162.2003 165.5411 6.6177 0.3830  188.8678 0.0000 0.0000 0.0000 0.0000 188.8678
2022 9 18 1 4.8000 23.4000 0.8000 4.8000 0.0000 162.1981 165.5389 6.6176 0.3830  154.8509 0.0000 0.0000 0.0000 0.0000 154.8509
2022 9 18 2 4.8000 28.6500 0.8000 4.8000 0.0000 162.1958 165.5366 6.6175 0.3830  189.5905 0.0000 0.0000 0.0000 0.0000 189.5905
2022 9 18 3 4.8000 35.8800 0.8000 4.8000 0.0000 162.1936 165.5344 6.6174 0.3830  237.4315 0.0000 0.0000 0.0000 0.0000 237.4315
2022 9 18 4 4.8000 32.3500 0.8000 4.8000 0.0000 162.1913 165.5321 6.6173 0.3829  214.0692 0.0000 0.0000 0.0000 0.0000 214.0692
2022 9 18 5 4.8000 25.2300 0.8000 4.8000 0.0000 162.1891 165.5299 6.6172 0.3829  166.9518 0.0000 0.0000 0.0000 0.0000 166.9518
2022 9 18 6 4.8000 63.4600 0.8000 4.8000 0.0000 162.1868 165.5276 6.6171 0.3829  419.9213 0.0000 0.0000 0.0000 0.0000 419.9213
2022 9 18 7 4.8000 78.8100 0.8000 4.8000 0.0000 162.1846 165.5254 6.6170 0.3829  521.4865 0.0000 0.0000 0.0000 0.0000 521.4865
2022 9 18 8 4.8000 71.8100 0.8000 4.8000 0.0000 162.1823 165.5231 6.6169 0.3829  475.1608 0.0000 0.0000 0.0000 0.0000 475.1608
2022 9 18 9 4.8000 229.0200 0.8000 4.8000 0.0000 162.1801 165.5209 6.6168 0.3829  1515.3854 0.0000 0.0000 0.0000 0.0000 1515.3854
2022 9 18 10 4.8000 363.4200 0.8000 4.8000 0.0000 162.1778 165.5186 6.6167 0.3829  2404.6533 0.0000 0.0000 0.0000 0.0000 2404.6533
2022 9 18 11 4.8000 85.3300 0.8000 4.8000 0.0000 162.1756 165.5164 6.6166 0.3829  564.5980 0.0000 0.0000 0.0000 0.0000 564.5980
2022 9 18 12 4.8000 244.1100 0.8000 4.8000 0.0000 162.1733 165.5141 6.6165 0.3829  1615.1657 0.0000 0.0000 0.0000 0.0000 1615.1657
2022 9 18 13 4.8000 34.0000 0.8000 4.8000 0.0000 162.1710 165.5118 6.6165 0.3829  224.9595 0.0000 0.0000 0.0000 0.0000 224.9595
2022 9 18 14 4.8000 35.8900 0.8000 4.8000 0.0000 162.1688 165.5096 6.6164 0.3829  237.4613 0.0000 0.0000 0.0000 0.0000 237.4613
2022 9 18 15 4.8000 163.3000 0.8000 4.8000 0.0000 162.1665 165.5073 6.6163 0.3829  1080.4372 0.0000 0.0000 0.0000 0.0000 1080.4372
2022 9 18 16 4.8000 86.3800 0.8000 4.8000 0.0000 162.1642 165.5050 6.6162 0.3829  571.5055 0.0000 0.0000 0.0000 0.0000 571.5055
2022 9 18 17 4.8000 192.8800 0.8000 4.8000 0.0000 162.1620 165.5028 6.6161 0.3829  1276.1108 0.0000 0.0000 0.0000 0.0000 1276.1108
2022 9 18 18 4.8000 213.4000 0.8000 4.8000 0.0000 162.1597 165.5005 6.6160 0.3829  1411.8531 0.0000 0.0000 0.0000 0.0000 1411.8531
2022 9 18 19 4.8000 226.8900 0.8000 4.8000 0.0000 162.1574 165.4982 6.6159 0.3829  1501.0819 0.0000 0.0000 0.0000 0.0000 1501.0819
2022 9 18 20 4.8000 193.1400 0.8000 4.8000 0.0000 162.1551 165.4959 6.6158 0.3829  1277.7773 0.0000 0.0000 0.0000 0.0000 1277.7773
2022 9 18 21 4.8000 158.0000 0.8000 4.8000 0.0000 162.1529 165.4937 6.6157 0.3829  1045.2831 0.0000 0.0000 0.0000 0.0000 1045.2831
2022 9 18 22 4.8000 119.7200 0.8000 4.8000 0.0000 162.1506 165.4914 6.6156 0.3828  792.0224 0.0000 0.0000 0.0000 0.0000 792.0224
2022 9 18 23 4.8000 88.5900 0.8000 4.8000 0.0000 162.1483 165.4891 6.6155 0.3828  586.0697 0.0000 0.0000 0.0000 0.0000 586.0697
2022 9 19 0 4.8000 102.5400 0.8000 4.8000 0.0000 162.1460 165.4868 6.6154 0.3828  678.3469 0.0000 0.0000 0.0000 0.0000 678.3469
2022 9 19 1 4.8000 97.3700 0.8000 4.8000 0.0000 162.1437 165.4845 6.6153 0.3828  644.1360 0.0000 0.0000 0.0000 0.0000 644.1360
2022 9 19 2 4.8000 91.7800 0.8000 4.8000 0.0000 162.1415 165.4823 6.6153 0.3828  607.1476 0.0000 0.0000 0.0000 0.0000 607.1476
2022 9 19 3 4.8000 103.9200 0.8000 4.8000 0.0000 162.1392 165.4800 6.6152 0.3828  687.4471 0.0000 0.0000 0.0000 0.0000 687.4471
2022 9 19 4 4.8000 184.3000 0.8000 4.8000 0.0000 162.1369 165.4777 6.6151 0.3828  1219.1562 0.0000 0.0000 0.0000 0.0000 1219.1562
2022 9 19 5 4.8000 359.2200 0.8000 4.8000 0.0000 162.1346 165.4754 6.6150 0.3828  2376.2295 0.0000 0.0000 0.0000 0.0000 2376.2295
2022 9 19 6 4.8000 408.3800 0.8000 4.8000 0.0000 162.1323 165.4731 6.6149 0.3828  2701.3833 0.0000 0.0000 0.0000 0.0000 2701.3833
2022 9 19 7 4.8000 415.1800 0.8000 4.8000 0.0000 162.1300 165.4708 6.6148 0.3828  2746.3256 0.0000 0.0000 0.0000 0.0000 2746.3256
2022 9 19 8 4.8000 375.1800 0.8000 4.8000 0.0000 162.1277 165.4685 6.6147 0.3828  2481.6991 0.0000 0.0000 0.0000 0.0000 2481.6991
2022 9 19 9 4.8000 347.8600 0.8000 4.8000 0.0000 162.1254 165.4662 6.6146 0.3828  2300.9532 0.0000 0.0000 0.0000 0.0000 2300.9532
2022 9 19 10 4.8000 248.9800 0.8000 4.8000 0.0000 162.1231 165.4639 6.6145 0.3828  1646.8787 0.0000 0.0000 0.0000 0.0000 1646.8787
2022 9 19 11 4.8000 230.2800 0.8000 4.8000 0.0000 162.1208 165.4616 6.6144 0.3828  1523.1660 0.0000 0.0000 0.0000 0.0000 1523.1660
2022 9 19 12 4.8000 242.5600 0.8000 4.8000 0.0000 162.1185 165.4593 6.6143 0.3828  1604.3683 0.0000 0.0000 0.0000 0.0000 1604.3683
2022 9 19 13 4.8000 243.1200 0.8000 4.8000 0.0000 162.1162 165.4570 6.6142 0.3828  1608.0495 0.0000 0.0000 0.0000 0.0000 1608.0495
2022 9 19 14 4.8000 227.6600 0.8000 4.8000 0.0000 162.1140 165.4548 6.6141 0.3828  1505.7724 0.0000 0.0000 0.0000 0.0000 1505.7724
2022 9 19 15 4.8000 263.4200 0.8000 4.8000 0.0000 162.1117 165.4525 6.6140 0.3828  1742.2690 0.0000 0.0000 0.0000 0.0000 1742.2690
2022 9 19 16 4.8000 369.9000 0.8000 4.8000 0.0000 162.1094 165.4502 6.6139 0.3828  2446.4967 0.0000 0.0000 0.0000 0.0000 2446.4967
2022 9 19 17 4.8000 407.0800 0.8000 4.8000 0.0000 162.1071 165.4479 6.6138 0.3827  2692.3648 0.0000 0.0000 0.0000 0.0000 2692.3648
2022 9 19 18 4.8000 438.6700 0.8000 4.8000 0.0000 162.1048 165.4456 6.6138 0.3827  2901.2553 0.0000 0.0000 0.0000 0.0000 2901.2553
2022 9 19 19 4.8000 419.6500 0.8000 4.8000 0.0000 162.1025 165.4433 6.6137 0.3827  2775.4222 0.0000 0.0000 0.0000 0.0000 2775.4222
2022 9 19 20 4.8000 390.6100 0.8000 4.8000 0.0000 162.1002 165.4410 6.6136 0.3827  2583.3247 0.0000 0.0000 0.0000 0.0000 2583.3247
2022 9 19 21 4.8000 362.1600 0.8000 4.8000 0.0000 162.0979 165.4387 6.6135 0.3827  2395.1349 0.0000 0.0000 0.0000 0.0000 2395.1349
2022 9 19 22 4.8000 312.9200 0.8000 4.8000 0.0000 162.0956 165.4364 6.6134 0.3827  2069.4582 0.0000 0.0000 0.0000 0.0000 2069.4582
2022 9 19 23 4.8000 277.2800 0.8000 4.8000 0.0000 162.0933 165.4341 6.6133 0.3827  1833.7313 0.0000 0.0000 0.0000 0.0000 1833.7313
2022 9 20 0 4.8000 274.9500 0.8000 4.8000 0.0000 162.0910 165.4318 6.6132 0.3827  1818.2966 0.0000 0.0000 0.0000 0.0000 1818.2966
2022 9 20 1 4.8000 291.1200 0.8000 4.8000 0.0000 162.0887 165.4295 6.6131 0.3827  1925.2044 0.0000 0.0000 0.0000 0.0000 1925.2044
2022 9 20 2 4.8000 278.0300 0.8000 4.8000 0.0000 162.0863 165.4271 6.6130 0.3827  1838.6128 0.0000 0.0000 0.0000 0.0000 1838.6128
2022 9 20 3 4.8000 275.5200 0.8000 4.8000 0.0000 162.0840 165.4248 6.6129 0.3827  1821.9882 0.0000 0.0000 0.0000 0.0000 1821.9882
2022 9 20 4 4.8000 310.0400 0.8000 4.8000 0.0000 162.0817 165.4225 6.6128 0.3827  2050.2367 0.0000 0.0000 0.0000 0.0000 2050.2367
2022 9 20 5 4.8000 368.4200 0.8000 4.8000 0.0000 162.0794 165.4202 6.6127 0.3827  2436.2581 0.0000 0.0000 0.0000 0.0000 2436.2581
2022 9 20 6 4.8000 421.1600 0.8000 4.8000 0.0000 162.0771 165.4179 6.6126 0.3827  2784.9731 0.0000 0.0000 0.0000 0.0000 2784.9731
2022 9 20 7 4.8000 438.4000 0.8000 4.8000 0.0000 162.0748 165.4156 6.6125 0.3827  2898.9334 0.0000 0.0000 0.0000 0.0000 2898.9334
2022 9 20 8 4.8000 422.8200 0.8000 4.8000 0.0000 162.0725 165.4133 6.6124 0.3827  2795.8705 0.0000 0.0000 0.0000 0.0000 2795.8705
2022 9 20 9 4.8000 389.4100 0.8000 4.8000 0.0000 162.0702 165.4110 6.6123 0.3827  2574.9123 0.0000 0.0000 0.0000 0.0000 2574.9123
2022 9 20 10 4.8000 374.1200 0.8000 4.8000 0.0000 162.0679 165.4087 6.6122 0.3827  2473.7742 0.0000 0.0000 0.0000 0.0000 2473.7742
2022 9 20 11 4.8000 375.1700 0.8000 4.8000 0.0000 162.0656 165.4064 6.6122 0.3826  2480.6818 0.0000 0.0000 0.0000 0.0000 2480.6818
2022 9 20 12 4.8000 375.1400 0.8000 4.8000 0.0000 162.0633 165.4041 6.6121 0.3826  2480.4481 0.0000 0.0000 0.0000 0.0000 2480.4481
2022 9 20 13 4.8000 373.0600 0.8000 4.8000 0.0000 162.0609 165.4017 6.6120 0.3826  2466.6597 0.0000 0.0000 0.0000 0.0000 2466.6597
2022 9 20 14 4.8000 374.0800 0.8000 4.8000 0.0000 162.0586 165.3994 6.6119 0.3826  2473.3685 0.0000 0.0000 0.0000 0.0000 2473.3685
2022 9 20 15 4.8000 379.6800 0.8000 4.8000 0.0000 162.0563 165.3971 6.6118 0.3826  2510.3591 0.0000 0.0000 0.0000 0.0000 2510.3591
2022 9 20 16 4.8000 422.5800 0.8000 4.8000 0.0000 162.0540 165.3948 6.6117 0.3826  2793.9644 0.0000 0.0000 0.0000 0.0000 2793.9644
2022 9 20 17 4.8000 466.5300 0.8000 4.8000 0.0000 162.0517 165.3925 6.6116 0.3826  3084.5037 0.0000 0.0000 0.0000 0.0000 3084.5037
2022 9 20 18 4.8000 498.0000 0.8000 4.8000 0.0000 162.0494 165.3902 6.6115 0.3826  3292.5233 0.0000 0.0000 0.0000 0.0000 3292.5233
2022 9 20 19 4.8000 492.6500 0.8000 4.8000 0.0000 162.0470 165.3878 6.6114 0.3826  3257.1051 0.0000 0.0000 0.0000 0.0000 3257.1051
2022 9 20 20 4.8000 430.6900 0.8000 4.8000 0.0000 162.0447 165.3855 6.6113 0.3826  2847.4222 0.0000 0.0000 0.0000 0.0000 2847.4222
2022 9 20 21 4.8000 398.4700 0.8000 4.8000 0.0000 162.0424 165.3832 6.6112 0.3826  2634.3683 0.0000 0.0000 0.0000 0.0000 2634.3683
2022 9 20 22 4.8000 363.1400 0.8000 4.8000 0.0000 162.0401 165.3809 6.6111 0.3826  2400.7600 0.0000 0.0000 0.0000 0.0000 2400.7600
2022 9 20 23 4.8000 346.4900 0.8000 4.8000 0.0000 162.0378 165.3786 6.6110 0.3826  2290.6520 0.0000 0.0000 0.0000 0.0000 2290.6520
2022 9 21 0 4.8000 317.5400 0.8000 4.8000 0.0000 162.0354 165.3762 6.6109 0.3826  2099.2331 0.0000 0.0000 0.0000 0.0000 2099.2331
2022 9 21 1 4.8000 316.8500 0.8000 4.8000 0.0000 162.0331 165.3739 6.6108 0.3826  2094.6416 0.0000 0.0000 0.0000 0.0000 2094.6416
2022 9 21 2 4.8000 316.8800 0.8000 4.8000 0.0000 162.0308 165.3716 6.6107 0.3826  2094.8099 0.0000 0.0000 0.0000 0.0000 2094.8099
2022 9 21 3 4.8000 315.1000 0.8000 4.8000 0.0000 162.0285 165.3693 6.6106 0.3826  2083.0130 0.0000 0.0000 0.0000 0.0000 2083.0130
2022 9 21 4 4.8000 368.5600 0.8000 4.8000 0.0000 162.0262 165.3670 6.6105 0.3826  2436.3829 0.0000 0.0000 0.0000 0.0000 2436.3829
2022 9 21 5 4.8000 428.0500 0.8000 4.8000 0.0000 162.0238 165.3646 6.6105 0.3825  2829.6037 0.0000 0.0000 0.0000 0.0000 2829.6037
2022 9 21 6 4.8000 501.9500 0.8000 4.8000 0.0000 162.0215 165.3623 6.6104 0.3825  3318.0687 0.0000 0.0000 0.0000 0.0000 3318.0687
2022 9 21 7 4.8000 513.4500 0.8000 4.8000 0.0000 162.0192 165.3600 6.6103 0.3825  3394.0391 0.0000 0.0000 0.0000 0.0000 3394.0391
2022 9 21 8 4.8000 438.6700 0.8000 4.8000 0.0000 162.0169 165.3577 6.6102 0.3825  2899.6821 0.0000 0.0000 0.0000 0.0000 2899.6821
2022 9 21 9 4.8000 379.6200 0.8000 4.8000 0.0000 162.0146 165.3554 6.6101 0.3825  2509.3156 0.0000 0.0000 0.0000 0.0000 2509.3156
2022 9 21 10 4.8000 340.9000 0.8000 4.8000 0.0000 162.0122 165.3530 6.6100 0.3825  2253.3413 0.0000 0.0000 0.0000 0.0000 2253.3413
2022 9 21 11 4.8000 316.2600 0.8000 4.8000 0.0000 162.0099 165.3507 6.6099 0.3825  2090.4416 0.0000 0.0000 0.0000 0.0000 2090.4416
2022 9 21 12 4.8000 320.3800 0.8000 4.8000 0.0000 162.0076 165.3484 6.6098 0.3825  2117.6439 0.0000 0.0000 0.0000 0.0000 2117.6439
2022 9 21 13 4.8000 330.0600 0.8000 4.8000 0.0000 162.0053 165.3461 6.6097 0.3825  2181.5953 0.0000 0.0000 0.0000 0.0000 2181.5953
2022 9 21 14 4.8000 359.5200 0.8000 4.8000 0.0000 162.0029 165.3437 6.6096 0.3825  2376.2827 0.0000 0.0000 0.0000 0.0000 2376.2827
2022 9 21 15 4.8000 393.8200 0.8000 4.8000 0.0000 162.0006 165.3414 6.6095 0.3825  2602.9546 0.0000 0.0000 0.0000 0.0000 2602.9546
2022 9 21 16 4.8000 417.7600 0.8000 4.8000 0.0000 161.9983 165.3391 6.6094 0.3825  2761.1464 0.0000 0.0000 0.0000 0.0000 2761.1464
2022 9 21 17 4.8000 467.7700 0.8000 4.8000 0.0000 161.9959 165.3367 6.6093 0.3825  3091.6384 0.0000 0.0000 0.0000 0.0000 3091.6384
2022 9 21 18 4.8000 484.9700 0.8000 4.8000 0.0000 161.9936 165.3344 6.6092 0.3825  3205.2725 0.0000 0.0000 0.0000 0.0000 3205.2725
2022 9 21 19 4.8000 457.3800 0.8000 4.8000 0.0000 161.9913 165.3321 6.6091 0.3825  3022.8808 0.0000 0.0000 0.0000 0.0000 3022.8808
2022 9 21 20 4.8000 413.8600 0.8000 4.8000 0.0000 161.9890 165.3298 6.6090 0.3825  2735.2123 0.0000 0.0000 0.0000 0.0000 2735.2123
2022 9 21 21 4.8000 378.9100 0.8000 4.8000 0.0000 161.9866 165.3274 6.6089 0.3825  2504.1908 0.0000 0.0000 0.0000 0.0000 2504.1908
2022 9 21 22 4.8000 369.5000 0.8000 4.8000 0.0000 161.9843 165.3251 6.6088 0.3825  2441.9656 0.0000 0.0000 0.0000 0.0000 2441.9656
2022 9 21 23 4.8000 384.0500 0.8000 4.8000 0.0000 161.9820 165.3228 6.6087 0.3825  2538.0877 0.0000 0.0000 0.0000 0.0000 2538.0877
2022 9 22 0 4.8000 358.8600 0.8000 4.8000 0.0000 161.9796 165.3204 6.6086 0.3824  2371.5793 0.0000 0.0000 0.0000 0.0000 2371.5793
2022 9 22 1 4.8000 348.9900 0.8000 4.8000 0.0000 161.9773 165.3181 6.6086 0.3824  2306.3188 0.0000 0.0000 0.0000 0.0000 2306.3188
2022 9 22 2 4.8000 328.7500 0.8000 4.8000 0.0000 161.9750 165.3158 6.6085 0.3824  2172.5305 0.0000 0.0000 0.0000 0.0000 2172.5305
2022 9 22 3 4.8000 338.6800 0.8000 4.8000 0.0000 161.9727 165.3135 6.6084 0.3824  2238.1203 0.0000 0.0000 0.0000 0.0000 2238.1203
2022 9 22 4 4.8000 383.1700 0.8000 4.8000 0.0000 161.9703 165.3111 6.6083 0.3824  2532.0900 0.0000 0.0000 0.0000 0.0000 2532.0900
2022 9 22 5 4.8000 420.6000 0.8000 4.8000 0.0000 161.9680 165.3088 6.6082 0.3824  2779.3974 0.0000 0.0000 0.0000 0.0000 2779.3974
2022 9 22 6 4.8000 482.1400 0.8000 4.8000 0.0000 161.9657 165.3065 6.6081 0.3824  3186.0184 0.0000 0.0000 0.0000 0.0000 3186.0184
2022 9 22 7 4.8000 487.7100 0.8000 4.8000 0.0000 161.9633 165.3041 6.6080 0.3824  3222.7788 0.0000 0.0000 0.0000 0.0000 3222.7788
2022 9 22 8 4.8000 398.2100 0.8000 4.8000 0.0000 161.9610 165.3018 6.6079 0.3824  2631.3265 0.0000 0.0000 0.0000 0.0000 2631.3265
2022 9 22 9 4.8000 360.7400 0.8000 4.8000 0.0000 161.9586 165.2994 6.6078 0.3824  2383.6946 0.0000 0.0000 0.0000 0.0000 2383.6946
2022 9 22 10 4.8000 318.8900 0.8000 4.8000 0.0000 161.9563 165.2971 6.6077 0.3824  2107.1284 0.0000 0.0000 0.0000 0.0000 2107.1284
2022 9 22 11 4.8000 311.8700 0.8000 4.8000 0.0000 161.9540 165.2948 6.6076 0.3824  2060.7125 0.0000 0.0000 0.0000 0.0000 2060.7125
2022 9 22 12 4.8000 299.0500 0.8000 4.8000 0.0000 161.9516 165.2924 6.6075 0.3824  1975.9745 0.0000 0.0000 0.0000 0.0000 1975.9745
2022 9 22 13 4.8000 327.5900 0.8000 4.8000 0.0000 161.9493 165.2901 6.6074 0.3824  2164.5216 0.0000 0.0000 0.0000 0.0000 2164.5216
2022 9 22 14 4.8000 364.4500 0.8000 4.8000 0.0000 161.9470 165.2878 6.6073 0.3824  2408.0361 0.0000 0.0000 0.0000 0.0000 2408.0361
2022 9 22 15 4.8000 380.5200 0.8000 4.8000 0.0000 161.9446 165.2854 6.6072 0.3824  2514.1793 0.0000 0.0000 0.0000 0.0000 2514.1793
2022 9 22 16 4.8000 419.7600 0.8000 4.8000 0.0000 161.9423 165.2831 6.6071 0.3824  2773.4068 0.0000 0.0000 0.0000 0.0000 2773.4068
2022 9 22 17 4.8000 419.9100 0.8000 4.8000 0.0000 161.9400 165.2808 6.6070 0.3824  2774.3578 0.0000 0.0000 0.0000 0.0000 2774.3578
2022 9 22 18 4.8000 416.8000 0.8000 4.8000 0.0000 161.9376 165.2784 6.6069 0.3823  2753.7701 0.0000 0.0000 0.0000 0.0000 2753.7701
2022 9 22 19 4.8000 415.2000 0.8000 4.8000 0.0000 161.9353 165.2761 6.6068 0.3823  2743.1597 0.0000 0.0000 0.0000 0.0000 2743.1597
2022 9 22 20 4.8000 394.3000 0.8000 4.8000 0.0000 161.9330 165.2738 6.6067 0.3823  2605.0390 0.0000 0.0000 0.0000 0.0000 2605.0390
2022 9 22 21 4.8000 390.0500 0.8000 4.8000 0.0000 161.9306 165.2714 6.6066 0.3823  2576.9231 0.0000 0.0000 0.0000 0.0000 2576.9231
2022 9 22 22 4.8000 377.5000 0.8000 4.8000 0.0000 161.9283 165.2691 6.6066 0.3823  2493.9737 0.0000 0.0000 0.0000 0.0000 2493.9737
2022 9 22 23 4.8000 349.7700 0.8000 4.8000 0.0000 161.9259 165.2667 6.6065 0.3823  2310.7406 0.0000 0.0000 0.0000 0.0000 2310.7406
2022 9 23 0 4.8000 317.7000 0.8000 4.8000 0.0000 161.9236 165.2644 6.6064 0.3823  2098.8414 0.0000 0.0000 0.0000 0.0000 2098.8414
2022 9 23 1 4.8000 310.1000 0.8000 4.8000 0.0000 161.9213 165.2621 6.6063 0.3823  2048.6034 0.0000 0.0000 0.0000 0.0000 2048.6034
2022 9 23 2 4.8000 298.1100 0.8000 4.8000 0.0000 161.9189 165.2597 6.6062 0.3823  1969.3658 0.0000 0.0000 0.0000 0.0000 1969.3658
2022 9 23 3 4.8000 308.5300 0.8000 4.8000 0.0000 161.9166 165.2574 6.6061 0.3823  2038.1728 0.0000 0.0000 0.0000 0.0000 2038.1728
2022 9 23 4 4.8000 353.4800 0.8000 4.8000 0.0000 161.9143 165.2551 6.6060 0.3823  2335.0823 0.0000 0.0000 0.0000 0.0000 2335.0823
2022 9 23 5 4.8000 368.1400 0.8000 4.8000 0.0000 161.9119 165.2527 6.6059 0.3823  2431.8909 0.0000 0.0000 0.0000 0.0000 2431.8909
2022 9 23 6 4.8000 394.3400 0.8000 4.8000 0.0000 161.9096 165.2504 6.6058 0.3823  2604.9274 0.0000 0.0000 0.0000 0.0000 2604.9274
2022 9 23 7 4.8000 409.1700 0.8000 4.8000 0.0000 161.9073 165.2481 6.6057 0.3823  2702.8524 0.0000 0.0000 0.0000 0.0000 2702.8524
2022 9 23 8 4.8000 382.7100 0.8000 4.8000 0.0000 161.9049 165.2457 6.6056 0.3823  2528.0291 0.0000 0.0000 0.0000 0.0000 2528.0291
2022 9 23 9 4.8000 370.0100 0.8000 4.8000 0.0000 161.9026 165.2434 6.6055 0.3823  2444.1029 0.0000 0.0000 0.0000 0.0000 2444.1029
2022 9 23 10 4.8000 357.8600 0.8000 4.8000 0.0000 161.9003 165.2411 6.6054 0.3823  2363.8118 0.0000 0.0000 0.0000 0.0000 2363.8118
2022 9 23 11 4.8000 349.4700 0.8000 4.8000 0.0000 161.8979 165.2387 6.6053 0.3823  2308.3593 0.0000 0.0000 0.0000 0.0000 2308.3593
2022 9 23 12 4.8000 337.2800 0.8000 4.8000 0.0000 161.8956 165.2364 6.6052 0.3822  2227.8085 0.0000 0.0000 0.0000 0.0000 2227.8085
2022 9 23 13 4.8000 342.6000 0.8000 4.8000 0.0000 161.8933 165.2341 6.6051 0.3822  2262.9157 0.0000 0.0000 0.0000 0.0000 2262.9157
2022 9 23 14 4.8000 348.7600 0.8000 4.8000 0.0000 161.8910 165.2318 6.6050 0.3822  2303.5702 0.0000 0.0000 0.0000 0.0000 2303.5702
2022 9 23 15 4.8000 368.4300 0.8000 4.8000 0.0000 161.8886 165.2294 6.6049 0.3822  2433.4561 0.0000 0.0000 0.0000 0.0000 2433.4561
2022 9 23 16 4.8000 372.4400 0.8000 4.8000 0.0000 161.8863 165.2271 6.6048 0.3822  2459.9066 0.0000 0.0000 0.0000 0.0000 2459.9066
2022 9 23 17 4.8000 385.1400 0.8000 4.8000 0.0000 161.8840 165.2248 6.6047 0.3822  2543.7516 0.0000 0.0000 0.0000 0.0000 2543.7516
2022 9 23 18 4.8000 394.3100 0.8000 4.8000 0.0000 161.8817 165.2225 6.6047 0.3822  2604.2797 0.0000 0.0000 0.0000 0.0000 2604.2797
2022 9 23 19 4.8000 394.3100 0.8000 4.8000 0.0000 161.8793 165.2201 6.6046 0.3822  2604.2423 0.0000 0.0000 0.0000 0.0000 2604.2423
2022 9 23 20 4.8000 378.4500 0.8000 4.8000 0.0000 161.8770 165.2178 6.6045 0.3822  2499.4582 0.0000 0.0000 0.0000 0.0000 2499.4582
2022 9 23 21 4.8000 375.1800 0.8000 4.8000 0.0000 161.8747 165.2155 6.6044 0.3822  2477.8259 0.0000 0.0000 0.0000 0.0000 2477.8259
2022 9 23 22 4.8000 358.7500 0.8000 4.8000 0.0000 161.8724 165.2132 6.6043 0.3822  2369.2822 0.0000 0.0000 0.0000 0.0000 2369.2822
2022 9 23 23 4.8000 364.1800 0.8000 4.8000 0.0000 161.8700 165.2108 6.6042 0.3822  2405.1088 0.0000 0.0000 0.0000 0.0000 2405.1088
2022 9 24 0 4.8000 354.9500 0.8000 4.8000 0.0000 161.8677 165.2085 6.6041 0.3822  2344.1188 0.0000 0.0000 0.0000 0.0000 2344.1188
2022 9 24 1 4.8000 312.8900 0.8000 4.8000 0.0000 161.8654 165.2062 6.6040 0.3822  2066.3215 0.0000 0.0000 0.0000 0.0000 2066.3215
2022 9 24 2 4.8000 306.6100 0.8000 4.8000 0.0000 161.8631 165.2039 6.6039 0.3822  2024.8191 0.0000 0.0000 0.0000 0.0000 2024.8191
2022 9 24 3 4.8000 305.6800 0.8000 4.8000 0.0000 161.8607 165.2015 6.6038 0.3822  2018.6486 0.0000 0.0000 0.0000 0.0000 2018.6486
2022 9 24 4 4.8000 313.8000 0.8000 4.8000 0.0000 161.8584 165.1992 6.6037 0.3822  2072.2416 0.0000 0.0000 0.0000 0.0000 2072.2416
2022 9 24 5 4.8000 351.7300 0.8000 4.8000 0.0000 161.8561 165.1969 6.6036 0.3822  2322.6869 0.0000 0.0000 0.0000 0.0000 2322.6869
2022 9 24 6 4.8000 362.3300 0.8000 4.8000 0.0000 161.8538 165.1946 6.6035 0.3821  2392.6506 0.0000 0.0000 0.0000 0.0000 2392.6506
2022 9 24 7 4.8000 369.1600 0.8000 4.8000 0.0000 161.8514 165.1922 6.6034 0.3821  2437.7177 0.0000 0.0000 0.0000 0.0000 2437.7177
2022 9 24 8 4.8000 373.6300 0.8000 4.8000 0.0000 161.8491 165.1899 6.6033 0.3821  2467.1995 0.0000 0.0000 0.0000 0.0000 2467.1995
2022 9 24 9 4.8000 368.4300 0.8000 4.8000 0.0000 161.8468 165.1876 6.6032 0.3821  2432.8272 0.0000 0.0000 0.0000 0.0000 2432.8272
2022 9 24 10 4.8000 362.0100 0.8000 4.8000 0.0000 161.8445 165.1853 6.6031 0.3821  2390.4003 0.0000 0.0000 0.0000 0.0000 2390.4003
2022 9 24 11 4.8000 350.0300 0.8000 4.8000 0.0000 161.8421 165.1829 6.6030 0.3821  2311.2615 0.0000 0.0000 0.0000 0.0000 2311.2615
2022 9 24 12 4.8000 316.4000 0.8000 4.8000 0.0000 161.8398 165.1806 6.6029 0.3821  2089.1713 0.0000 0.0000 0.0000 0.0000 2089.1713
2022 9 24 13 4.8000 317.1500 0.8000 4.8000 0.0000 161.8375 165.1783 6.6028 0.3821  2094.0934 0.0000 0.0000 0.0000 0.0000 2094.0934
2022 9 24 14 4.8000 338.9500 0.8000 4.8000 0.0000 161.8352 165.1760 6.6028 0.3821  2238.0035 0.0000 0.0000 0.0000 0.0000 2238.0035
2022 9 24 15 4.8000 356.3500 0.8000 4.8000 0.0000 161.8328 165.1736 6.6027 0.3821  2352.8576 0.0000 0.0000 0.0000 0.0000 2352.8576
2022 9 24 16 4.8000 369.6400 0.8000 4.8000 0.0000 161.8305 165.1713 6.6026 0.3821  2440.5719 0.0000 0.0000 0.0000 0.0000 2440.5719
2022 9 24 17 4.8000 389.7200 0.8000 4.8000 0.0000 161.8282 165.1690 6.6025 0.3821  2573.1144 0.0000 0.0000 0.0000 0.0000 2573.1144
2022 9 24 18 4.8000 403.6200 0.8000 4.8000 0.0000 161.8259 165.1667 6.6024 0.3821  2664.8504 0.0000 0.0000 0.0000 0.0000 2664.8504
2022 9 24 19 4.8000 393.8700 0.8000 4.8000 0.0000 161.8236 165.1644 6.6023 0.3821  2600.4399 0.0000 0.0000 0.0000 0.0000 2600.4399
2022 9 24 20 4.8000 370.0400 0.8000 4.8000 0.0000 161.8212 165.1620 6.6022 0.3821  2443.0727 0.0000 0.0000 0.0000 0.0000 2443.0727
2022 9 24 21 4.8000 356.1100 0.8000 4.8000 0.0000 161.8189 165.1597 6.6021 0.3821  2351.0704 0.0000 0.0000 0.0000 0.0000 2351.0704
2022 9 24 22 4.8000 333.9800 0.8000 4.8000 0.0000 161.8166 165.1574 6.6020 0.3821  2204.9347 0.0000 0.0000 0.0000 0.0000 2204.9347
2022 9 24 23 4.8000 339.9900 0.8000 4.8000 0.0000 161.8143 165.1551 6.6019 0.3821  2244.5804 0.0000 0.0000 0.0000 0.0000 2244.5804
2022 9 25 0 4.8000 322.7200 0.8000 4.8000 0.0000 161.8120 165.1528 6.6018 0.3820  2130.5351 0.0000 0.0000 0.0000 0.0000 2130.5351
2022 9 25 1 4.8000 295.1700 0.8000 4.8000 0.0000 161.8097 165.1505 6.6017 0.3820  1948.6276 0.0000 0.0000 0.0000 0.0000 1948.6276
2022 9 25 2 4.8000 277.6900 0.8000 4.8000 0.0000 161.8073 165.1481 6.6016 0.3820  1833.2034 0.0000 0.0000 0.0000 0.0000 1833.2034
2022 9 25 3 4.8000 207.4000 0.8000 4.8000 0.0000 161.8050 165.1458 6.6015 0.3820  1369.1561 0.0000 0.0000 0.0000 0.0000 1369.1561
2022 9 25 4 4.8000 210.8100 0.8000 4.8000 0.0000 161.8027 165.1435 6.6014 0.3820  1391.6475 0.0000 0.0000 0.0000 0.0000 1391.6475
2022 9 25 5 4.8000 246.3600 0.8000 4.8000 0.0000 161.8004 165.1412 6.6013 0.3820  1626.3052 0.0000 0.0000 0.0000 0.0000 1626.3052
2022 9 25 6 4.8000 255.9400 0.8000 4.8000 0.0000 161.7981 165.1389 6.6012 0.3820  1689.5222 0.0000 0.0000 0.0000 0.0000 1689.5222
2022 9 25 7 4.8000 297.3800 0.8000 4.8000 0.0000 161.7959 165.1367 6.6012 0.3820  1963.0502 0.0000 0.0000 0.0000 0.0000 1963.0502
2022 9 25 8 4.8000 311.0900 0.8000 4.8000 0.0000 161.7936 165.1344 6.6011 0.3820  2053.5235 0.0000 0.0000 0.0000 0.0000 2053.5235
2022 9 25 9 4.8000 309.9700 0.8000 4.8000 0.0000 161.7914 165.1322 6.6010 0.3820  2046.1024 0.0000 0.0000 0.0000 0.0000 2046.1024
2022 9 25 10 4.8000 331.6600 0.8000 4.8000 0.0000 161.7893 165.1301 6.6009 0.3820  2189.2484 0.0000 0.0000 0.0000 0.0000 2189.2484
2022 9 25 11 4.8000 284.3100 0.8000 4.8000 0.0000 161.7872 165.1280 6.6008 0.3820  1876.6724 0.0000 0.0000 0.0000 0.0000 1876.6724
2022 9 25 12 4.8000 254.2800 0.8000 4.8000 0.0000 161.7852 165.1260 6.6007 0.3820  1678.4298 0.0000 0.0000 0.0000 0.0000 1678.4298
2022 9 25 13 4.8000 240.8700 0.8000 4.8000 0.0000 161.7833 165.1241 6.6006 0.3820  1589.8955 0.0000 0.0000 0.0000 0.0000 1589.8955
2022 9 25 14 4.8000 271.8500 0.8000 4.8000 0.0000 161.7815 165.1223 6.6006 0.3820  1794.3631 0.0000 0.0000 0.0000 0.0000 1794.3631
2022 9 25 15 4.8000 324.3400 0.8000 4.8000 0.0000 161.7797 165.1205 6.6005 0.3820  2140.8036 0.0000 0.0000 0.0000 0.0000 2140.8036
2022 9 25 16 4.8000 355.2400 0.8000 4.8000 0.0000 161.7781 165.1189 6.6004 0.3820  2344.7347 0.0000 0.0000 0.0000 0.0000 2344.7347
2022 9 25 17 4.8000 363.0100 0.8000 4.8000 0.0000 161.7765 165.1173 6.6004 0.3820  2395.9965 0.0000 0.0000 0.0000 0.0000 2395.9965
2022 9 25 18 4.8000 369.6700 0.8000 4.8000 0.0000 161.7749 165.1157 6.6003 0.3820  2439.9316 0.0000 0.0000 0.0000 0.0000 2439.9316
2022 9 25 19 4.8000 374.4700 0.8000 4.8000 0.0000 161.7734 165.1142 6.6002 0.3820  2471.5898 0.0000 0.0000 0.0000 0.0000 2471.5898
2022 9 25 20 4.8000 366.3400 0.8000 4.8000 0.0000 161.7719 165.1127 6.6002 0.3820  2417.9076 0.0000 0.0000 0.0000 0.0000 2417.9076
2022 9 25 21 4.8000 353.0700 0.8000 4.8000 0.0000 161.7705 165.1113 6.6001 0.3820  2330.3021 0.0000 0.0000 0.0000 0.0000 2330.3021
2022 9 25 22 4.8000 297.0400 0.8000 4.8000 0.0000 161.7690 165.1098 6.6001 0.3819  1960.4800 0.0000 0.0000 0.0000 0.0000 1960.4800
2022 9 25 23 4.8000 257.1800 0.8000 4.8000 0.0000 161.7675 165.1083 6.6000 0.3819  1697.3864 0.0000 0.0000 0.0000 0.0000 1697.3864
2022 9 26 0 4.8000 187.6300 0.8000 4.8000 0.0000 161.7660 165.1068 6.5999 0.3819  1238.3455 0.0000 0.0000 0.0000 0.0000 1238.3455
2022 9 26 1 4.8000 162.1400 0.8000 4.8000 0.0000 161.7645 165.1053 6.5999 0.3819  1070.1033 0.0000 0.0000 0.0000 0.0000 1070.1033
2022 9 26 2 4.8000 129.0800 0.8000 4.8000 0.0000 161.7630 165.1038 6.5998 0.3819  851.9036 0.0000 0.0000 0.0000 0.0000 851.9036
2022 9 26 3 4.8000 104.5700 0.8000 4.8000 0.0000 161.7615 165.1023 6.5997 0.3819  690.1357 0.0000 0.0000 0.0000 0.0000 690.1357
2022 9 26 4 4.8000 166.3500 0.8000 4.8000 0.0000 161.7600 165.1008 6.5997 0.3819  1097.8578 0.0000 0.0000 0.0000 0.0000 1097.8578
2022 9 26 5 4.8000 268.6000 0.8000 4.8000 0.0000 161.7584 165.0992 6.5996 0.3819  1772.6586 0.0000 0.0000 0.0000 0.0000 1772.6586
2022 9 26 6 4.8000 336.9000 0.8000 4.8000 0.0000 161.7569 165.0977 6.5996 0.3819  2223.3912 0.0000 0.0000 0.0000 0.0000 2223.3912
2022 9 26 7 4.8000 341.1500 0.8000 4.8000 0.0000 161.7553 165.0961 6.5995 0.3819  2251.4174 0.0000 0.0000 0.0000 0.0000 2251.4174
2022 9 26 8 4.8000 312.9300 0.8000 4.8000 0.0000 161.7537 165.0945 6.5994 0.3819  2065.1595 0.0000 0.0000 0.0000 0.0000 2065.1595
2022 9 26 9 4.8000 276.5500 0.8000 4.8000 0.0000 161.7521 165.0929 6.5994 0.3819  1825.0545 0.0000 0.0000 0.0000 0.0000 1825.0545
2022 9 26 10 4.8000 231.5400 0.8000 4.8000 0.0000 161.7506 165.0914 6.5993 0.3819  1528.0025 0.0000 0.0000 0.0000 0.0000 1528.0025
2022 9 26 11 4.8000 215.6000 0.8000 4.8000 0.0000 161.7491 165.0899 6.5992 0.3819  1422.7965 0.0000 0.0000 0.0000 0.0000 1422.7965
2022 9 26 12 4.8000 206.7900 0.8000 4.8000 0.0000 161.7476 165.0884 6.5992 0.3819  1364.6449 0.0000 0.0000 0.0000 0.0000 1364.6449
2022 9 26 13 4.8000 164.2200 0.8000 4.8000 0.0000 161.7462 165.0870 6.5991 0.3819  1083.7080 0.0000 0.0000 0.0000 0.0000 1083.7080
2022 9 26 14 4.8000 239.4100 0.8000 4.8000 0.0000 161.7447 165.0855 6.5991 0.3819  1579.8818 0.0000 0.0000 0.0000 0.0000 1579.8818
2022 9 26 15 4.8000 302.2400 0.8000 4.8000 0.0000 161.7432 165.0840 6.5990 0.3819  1994.4826 0.0000 0.0000 0.0000 0.0000 1994.4826
2022 9 26 16 4.8000 318.1000 0.8000 4.8000 0.0000 161.7417 165.0825 6.5989 0.3819  2099.1233 0.0000 0.0000 0.0000 0.0000 2099.1233
2022 9 26 17 4.8000 336.0100 0.8000 4.8000 0.0000 161.7402 165.0810 6.5989 0.3819  2217.2892 0.0000 0.0000 0.0000 0.0000 2217.2892
2022 9 26 18 4.8000 343.0200 0.8000 4.8000 0.0000 161.7386 165.0794 6.5988 0.3819  2263.5253 0.0000 0.0000 0.0000 0.0000 2263.5253
2022 9 26 19 4.8000 348.7100 0.8000 4.8000 0.0000 161.7370 165.0778 6.5987 0.3819  2301.0500 0.0000 0.0000 0.0000 0.0000 2301.0500
2022 9 26 20 4.8000 335.5400 0.8000 4.8000 0.0000 161.7354 165.0762 6.5987 0.3819  2214.1227 0.0000 0.0000 0.0000 0.0000 2214.1227
2022 9 26 21 4.8000 301.4200 0.8000 4.8000 0.0000 161.7338 165.0746 6.5986 0.3819  1988.9560 0.0000 0.0000 0.0000 0.0000 1988.9560
2022 9 26 22 4.8000 290.0600 0.8000 4.8000 0.0000 161.7322 165.0730 6.5986 0.3819  1913.9767 0.0000 0.0000 0.0000 0.0000 1913.9767
2022 9 26 23 4.8000 306.9800 0.8000 4.8000 0.0000 161.7307 165.0715 6.5985 0.3819  2025.6046 0.0000 0.0000 0.0000 0.0000 2025.6046
2022 9 27 0 4.8000 245.1800 0.8000 4.8000 0.0000 161.7291 165.0699 6.5984 0.3819  1617.8022 0.0000 0.0000 0.0000 0.0000 1617.8022
2022 9 27 1 4.8000 181.0000 0.8000 4.8000 0.0000 161.7276 165.0684 6.5984 0.3818  1194.3038 0.0000 0.0000 0.0000 0.0000 1194.3038
2022 9 27 2 4.8000 161.2800 0.8000 4.8000 0.0000 161.7260 165.0668 6.5983 0.3818  1064.1739 0.0000 0.0000 0.0000 0.0000 1064.1739
2022 9 27 3 4.8000 214.3300 0.8000 4.8000 0.0000 161.7245 165.0653 6.5982 0.3818  1414.2003 0.0000 0.0000 0.0000 0.0000 1414.2003
2022 9 27 4 4.8000 301.7700 0.8000 4.8000 0.0000 161.7229 165.0637 6.5982 0.3818  1991.1311 0.0000 0.0000 0.0000 0.0000 1991.1311
2022 9 27 5 4.8000 314.5900 0.8000 4.8000 0.0000 161.7214 165.0622 6.5981 0.3818  2075.7001 0.0000 0.0000 0.0000 0.0000 2075.7001
2022 9 27 6 4.8000 331.8400 0.8000 4.8000 0.0000 161.7199 165.0607 6.5981 0.3818  2189.4972 0.0000 0.0000 0.0000 0.0000 2189.4972
2022 9 27 7 4.8000 340.3900 0.8000 4.8000 0.0000 161.7184 165.0592 6.5980 0.3818  2245.8900 0.0000 0.0000 0.0000 0.0000 2245.8900
2022 9 27 8 4.8000 338.7400 0.8000 4.8000 0.0000 161.7170 165.0578 6.5979 0.3818  2234.9831 0.0000 0.0000 0.0000 0.0000 2234.9831
2022 9 27 9 4.8000 338.6300 0.8000 4.8000 0.0000 161.7155 165.0563 6.5979 0.3818  2234.2379 0.0000 0.0000 0.0000 0.0000 2234.2379
2022 9 27 10 4.8000 335.6900 0.8000 4.8000 0.0000 161.7142 165.0550 6.5978 0.3818  2214.8212 0.0000 0.0000 0.0000 0.0000 2214.8212
2022 9 27 11 4.8000 330.8600 0.8000 4.8000 0.0000 161.7128 165.0536 6.5978 0.3818  2182.9353 0.0000 0.0000 0.0000 0.0000 2182.9353
2022 9 27 12 4.8000 314.3700 0.8000 4.8000 0.0000 161.7115 165.0523 6.5977 0.3818  2074.1210 0.0000 0.0000 0.0000 0.0000 2074.1210
2022 9 27 13 4.8000 307.7000 0.8000 4.8000 0.0000 161.7101 165.0509 6.5977 0.3818  2030.0977 0.0000 0.0000 0.0000 0.0000 2030.0977
2022 9 27 14 4.8000 322.1100 0.8000 4.8000 0.0000 161.7088 165.0496 6.5976 0.3818  2125.1525 0.0000 0.0000 0.0000 0.0000 2125.1525
2022 9 27 15 4.8000 326.6400 0.8000 4.8000 0.0000 161.7075 165.0483 6.5975 0.3818  2155.0226 0.0000 0.0000 0.0000 0.0000 2155.0226
2022 9 27 16 4.8000 333.7800 0.8000 4.8000 0.0000 161.7063 165.0471 6.5975 0.3818  2202.1118 0.0000 0.0000 0.0000 0.0000 2202.1118
2022 9 27 17 4.8000 341.4300 0.8000 4.8000 0.0000 161.7051 165.0459 6.5974 0.3818  2252.5660 0.0000 0.0000 0.0000 0.0000 2252.5660
2022 9 27 18 4.8000 344.4400 0.8000 4.8000 0.0000 161.7040 165.0448 6.5974 0.3818  2272.4092 0.0000 0.0000 0.0000 0.0000 2272.4092
2022 9 27 19 4.8000 346.9500 0.8000 4.8000 0.0000 161.7031 165.0439 6.5974 0.3818  2288.9556 0.0000 0.0000 0.0000 0.0000 2288.9556
2022 9 27 20 4.8000 337.8300 0.8000 4.8000 0.0000 161.7023 165.0431 6.5973 0.3818  2228.7766 0.0000 0.0000 0.0000 0.0000 2228.7766
2022 9 27 21 4.8000 327.3200 0.8000 4.8000 0.0000 161.7016 165.0424 6.5973 0.3818  2159.4300 0.0000 0.0000 0.0000 0.0000 2159.4300
2022 9 27 22 4.8000 321.3200 0.8000 4.8000 0.0000 161.7011 165.0419 6.5973 0.3818  2119.8392 0.0000 0.0000 0.0000 0.0000 2119.8392
2022 9 27 23 4.8000 307.0600 0.8000 4.8000 0.0000 161.7007 165.0415 6.5973 0.3818  2025.7566 0.0000 0.0000 0.0000 0.0000 2025.7566
2022 9 28 0 4.8000 276.3500 0.8000 4.8000 0.0000 161.7003 165.0411 6.5973 0.3818  1823.1505 0.0000 0.0000 0.0000 0.0000 1823.1505
2022 9 28 1 4.8000 246.4400 0.8000 4.8000 0.0000 161.7000 165.0408 6.5972 0.3818  1625.8232 0.0000 0.0000 0.0000 0.0000 1625.8232
2022 9 28 2 4.8000 243.4900 0.8000 4.8000 0.0000 161.6996 165.0404 6.5972 0.3818  1606.3580 0.0000 0.0000 0.0000 0.0000 1606.3580
2022 9 28 3 4.8000 274.3400 0.8000 4.8000 0.0000 161.6993 165.0401 6.5972 0.3818  1809.8784 0.0000 0.0000 0.0000 0.0000 1809.8784
2022 9 28 4 4.8000 306.6800 0.8000 4.8000 0.0000 161.6989 165.0397 6.5972 0.3818  2023.2275 0.0000 0.0000 0.0000 0.0000 2023.2275
2022 9 28 5 4.8000 312.1100 0.8000 4.8000 0.0000 161.6985 165.0393 6.5972 0.3818  2059.0453 0.0000 0.0000 0.0000 0.0000 2059.0453
2022 9 28 6 4.8000 312.6200 0.8000 4.8000 0.0000 161.6981 165.0389 6.5972 0.3818  2062.4048 0.0000 0.0000 0.0000 0.0000 2062.4048
2022 9 28 7 4.8000 324.8100 0.8000 4.8000 0.0000 161.6977 165.0385 6.5971 0.3818  2142.8188 0.0000 0.0000 0.0000 0.0000 2142.8188
2022 9 28 8 4.8000 333.1500 0.8000 4.8000 0.0000 161.6973 165.0381 6.5971 0.3818  2197.8333 0.0000 0.0000 0.0000 0.0000 2197.8333
2022 9 28 9 4.8000 328.0300 0.8000 4.8000 0.0000 161.6969 165.0377 6.5971 0.3818  2164.0503 0.0000 0.0000 0.0000 0.0000 2164.0503
2022 9 28 10 4.8000 323.9500 0.8000 4.8000 0.0000 161.6964 165.0372 6.5971 0.3818  2137.1284 0.0000 0.0000 0.0000 0.0000 2137.1284
2022 9 28 11 4.8000 325.5900 0.8000 4.8000 0.0000 161.6960 165.0368 6.5971 0.3818  2147.9414 0.0000 0.0000 0.0000 0.0000 2147.9414
2022 9 28 12 4.8000 328.8300 0.8000 4.8000 0.0000 161.6955 165.0363 6.5971 0.3818  2169.3094 0.0000 0.0000 0.0000 0.0000 2169.3094
2022 9 28 13 4.8000 330.2400 0.8000 4.8000 0.0000 161.6950 165.0358 6.5970 0.3818  2178.6043 0.0000 0.0000 0.0000 0.0000 2178.6043
2022 9 28 14 4.8000 329.7100 0.8000 4.8000 0.0000 161.6944 165.0352 6.5970 0.3818  2175.1004 0.0000 0.0000 0.0000 0.0000 2175.1004
2022 9 28 15 4.8000 320.1000 0.8000 4.8000 0.0000 161.6938 165.0346 6.5970 0.3818  2111.6953 0.0000 0.0000 0.0000 0.0000 2111.6953
2022 9 28 16 4.8000 315.4400 0.8000 4.8000 0.0000 161.6932 165.0340 6.5970 0.3818  2080.9451 0.0000 0.0000 0.0000 0.0000 2080.9451
2022 9 28 17 4.8000 320.0600 0.8000 4.8000 0.0000 161.6925 165.0333 6.5969 0.3818  2111.4143 0.0000 0.0000 0.0000 0.0000 2111.4143
2022 9 28 18 4.8000 320.7100 0.8000 4.8000 0.0000 161.6918 165.0326 6.5969 0.3818  2115.6929 0.0000 0.0000 0.0000 0.0000 2115.6929
2022 9 28 19 4.8000 316.6600 0.8000 4.8000 0.0000 161.6910 165.0318 6.5969 0.3818  2088.9658 0.0000 0.0000 0.0000 0.0000 2088.9658
2022 9 28 20 4.8000 312.1300 0.8000 4.8000 0.0000 161.6903 165.0311 6.5968 0.3818  2059.0720 0.0000 0.0000 0.0000 0.0000 2059.0720
2022 9 28 21 4.8000 293.6400 0.8000 4.8000 0.0000 161.6894 165.0302 6.5968 0.3818  1937.0867 0.0000 0.0000 0.0000 0.0000 1937.0867
2022 9 28 22 4.8000 292.4600 0.8000 4.8000 0.0000 161.6886 165.0294 6.5968 0.3818  1929.2923 0.0000 0.0000 0.0000 0.0000 1929.2923
2022 9 28 23 4.8000 316.9900 0.8000 4.8000 0.0000 161.6877 165.0285 6.5967 0.3818  2091.0998 0.0000 0.0000 0.0000 0.0000 2091.0998
2022 9 29 0 4.8000 314.0000 0.8000 4.8000 0.0000 161.6868 165.0276 6.5967 0.3818  2071.3640 0.0000 0.0000 0.0000 0.0000 2071.3640
2022 9 29 1 4.8000 313.9700 0.8000 4.8000 0.0000 161.6859 165.0267 6.5967 0.3818  2071.1541 0.0000 0.0000 0.0000 0.0000 2071.1541
2022 9 29 2 4.8000 313.9600 0.8000 4.8000 0.0000 161.6849 165.0257 6.5966 0.3817  2071.0758 0.0000 0.0000 0.0000 0.0000 2071.0758
2022 9 29 3 4.8000 314.5600 0.8000 4.8000 0.0000 161.6839 165.0247 6.5966 0.3817  2075.0211 0.0000 0.0000 0.0000 0.0000 2075.0211
2022 9 29 4 4.8000 320.6300 0.8000 4.8000 0.0000 161.6829 165.0237 6.5965 0.3817  2115.0493 0.0000 0.0000 0.0000 0.0000 2115.0493
2022 9 29 5 4.8000 326.5500 0.8000 4.8000 0.0000 161.6819 165.0227 6.5965 0.3817  2154.0869 0.0000 0.0000 0.0000 0.0000 2154.0869
2022 9 29 6 4.8000 329.3000 0.8000 4.8000 0.0000 161.6808 165.0216 6.5965 0.3817  2172.2131 0.0000 0.0000 0.0000 0.0000 2172.2131
2022 9 29 7 4.8000 348.4400 0.8000 4.8000 0.0000 161.6798 165.0206 6.5964 0.3817  2298.4541 0.0000 0.0000 0.0000 0.0000 2298.4541
2022 9 29 8 4.8000 371.5900 0.8000 4.8000 0.0000 161.6787 165.0195 6.5964 0.3817  2451.1444 0.0000 0.0000 0.0000 0.0000 2451.1444
2022 9 29 9 4.8000 377.8600 0.8000 4.8000 0.0000 161.6775 165.0183 6.5963 0.3817  2492.4863 0.0000 0.0000 0.0000 0.0000 2492.4863
2022 9 29 10 4.8000 354.6500 0.8000 4.8000 0.0000 161.6764 165.0172 6.5963 0.3817  2339.3692 0.0000 0.0000 0.0000 0.0000 2339.3692
2022 9 29 11 4.8000 339.8800 0.8000 4.8000 0.0000 161.6752 165.0160 6.5962 0.3817  2241.9262 0.0000 0.0000 0.0000 0.0000 2241.9262
2022 9 29 12 4.8000 349.1900 0.8000 4.8000 0.0000 161.6741 165.0149 6.5962 0.3817  2303.3203 0.0000 0.0000 0.0000 0.0000 2303.3203
2022 9 29 13 4.8000 340.8000 0.8000 4.8000 0.0000 161.6729 165.0137 6.5961 0.3817  2247.9616 0.0000 0.0000 0.0000 0.0000 2247.9616
2022 9 29 14 4.8000 355.7500 0.8000 4.8000 0.0000 161.6716 165.0124 6.5961 0.3817  2346.5562 0.0000 0.0000 0.0000 0.0000 2346.5562
2022 9 29 15 4.8000 371.6800 0.8000 4.8000 0.0000 161.6704 165.0112 6.5960 0.3817  2451.6130 0.0000 0.0000 0.0000 0.0000 2451.6130
2022 9 29 16 4.8000 378.1500 0.8000 4.8000 0.0000 161.6692 165.0100 6.5960 0.3817  2494.2699 0.0000 0.0000 0.0000 0.0000 2494.2699
2022 9 29 17 4.8000 382.6500 0.8000 4.8000 0.0000 161.6679 165.0087 6.5959 0.3817  2523.9320 0.0000 0.0000 0.0000 0.0000 2523.9320
2022 9 29 18 4.8000 376.7800 0.8000 4.8000 0.0000 161.6666 165.0074 6.5959 0.3817  2485.1942 0.0000 0.0000 0.0000 0.0000 2485.1942
2022 9 29 19 4.8000 373.9000 0.8000 4.8000 0.0000 161.6653 165.0061 6.5958 0.3817  2466.1782 0.0000 0.0000 0.0000 0.0000 2466.1782
2022 9 29 20 4.8000 359.2700 0.8000 4.8000 0.0000 161.6640 165.0048 6.5958 0.3817  2369.6620 0.0000 0.0000 0.0000 0.0000 2369.6620
2022 9 29 21 4.8000 339.6900 0.8000 4.8000 0.0000 161.6627 165.0035 6.5957 0.3817  2240.4985 0.0000 0.0000 0.0000 0.0000 2240.4985
2022 9 29 22 4.8000 335.5400 0.8000 4.8000 0.0000 161.6613 165.0021 6.5957 0.3817  2213.1079 0.0000 0.0000 0.0000 0.0000 2213.1079
2022 9 29 23 4.8000 341.5400 0.8000 4.8000 0.0000 161.6600 165.0008 6.5956 0.3817  2252.6630 0.0000 0.0000 0.0000 0.0000 2252.6630
2022 9 30 0 4.8000 324.5500 0.8000 4.8000 0.0000 161.6586 164.9994 6.5955 0.3817  2140.5854 0.0000 0.0000 0.0000 0.0000 2140.5854
2022 9 30 1 4.8000 322.1200 0.8000 4.8000 0.0000 161.6572 164.9980 6.5955 0.3817  2124.5401 0.0000 0.0000 0.0000 0.0000 2124.5401
2022 9 30 2 4.8000 320.8600 0.8000 4.8000 0.0000 161.6558 164.9966 6.5954 0.3817  2116.2114 0.0000 0.0000 0.0000 0.0000 2116.2114
2022 9 30 3 4.8000 320.8000 0.8000 4.8000 0.0000 161.6544 164.9952 6.5954 0.3817  2115.7973 0.0000 0.0000 0.0000 0.0000 2115.7973
2022 9 30 4 4.8000 321.3000 0.8000 4.8000 0.0000 161.6530 164.9938 6.5953 0.3817  2119.0764 0.0000 0.0000 0.0000 0.0000 2119.0764
2022 9 30 5 4.8000 327.7000 0.8000 4.8000 0.0000 161.6516 164.9924 6.5953 0.3817  2161.2675 0.0000 0.0000 0.0000 0.0000 2161.2675
2022 9 30 6 4.8000 355.5300 0.8000 4.8000 0.0000 161.6501 164.9909 6.5952 0.3817  2344.7927 0.0000 0.0000 0.0000 0.0000 2344.7927
2022 9 30 7 4.8000 370.8800 0.8000 4.8000 0.0000 161.6487 164.9895 6.5951 0.3817  2446.0072 0.0000 0.0000 0.0000 0.0000 2446.0072
2022 9 30 8 4.8000 365.2600 0.8000 4.8000 0.0000 161.6472 164.9880 6.5951 0.3817  2408.9207 0.0000 0.0000 0.0000 0.0000 2408.9207
2022 9 30 9 4.8000 354.3600 0.8000 4.8000 0.0000 161.6457 164.9865 6.5950 0.3817  2337.0129 0.0000 0.0000 0.0000 0.0000 2337.0129
2022 9 30 10 4.8000 331.2900 0.8000 4.8000 0.0000 161.6443 164.9851 6.5950 0.3817  2184.8458 0.0000 0.0000 0.0000 0.0000 2184.8458
2022 9 30 11 4.8000 292.1500 0.8000 4.8000 0.0000 161.6428 164.9836 6.5949 0.3816  1926.7010 0.0000 0.0000 0.0000 0.0000 1926.7010
2022 9 30 12 4.8000 264.0800 0.8000 4.8000 0.0000 161.6413 164.9821 6.5948 0.3816  1741.5659 0.0000 0.0000 0.0000 0.0000 1741.5659
2022 9 30 13 4.8000 209.4500 0.8000 4.8000 0.0000 161.6398 164.9806 6.5948 0.3816  1381.2768 0.0000 0.0000 0.0000 0.0000 1381.2768
2022 9 30 14 4.8000 204.5600 0.8000 4.8000 0.0000 161.6382 164.9790 6.5947 0.3816  1349.0157 0.0000 0.0000 0.0000 0.0000 1349.0157
2022 9 30 15 4.8000 225.8600 0.8000 4.8000 0.0000 161.6367 164.9775 6.5947 0.3816  1489.4692 0.0000 0.0000 0.0000 0.0000 1489.4692
2022 9 30 16 4.8000 307.7600 0.8000 4.8000 0.0000 161.6352 164.9760 6.5946 0.3816  2029.5524 0.0000 0.0000 0.0000 0.0000 2029.5524
2022 9 30 17 4.8000 293.1200 0.8000 4.8000 0.0000 161.6336 164.9744 6.5945 0.3816  1932.9891 0.0000 0.0000 0.0000 0.0000 1932.9891
2022 9 30 18 4.8000 316.2800 0.8000 4.8000 0.0000 161.6321 164.9729 6.5945 0.3816  2085.6986 0.0000 0.0000 0.0000 0.0000 2085.6986
2022 9 30 19 4.8000 306.5000 0.8000 4.8000 0.0000 161.6306 164.9714 6.5944 0.3816  2021.1853 0.0000 0.0000 0.0000 0.0000 2021.1853
2022 9 30 20 4.8000 201.5000 0.8000 4.8000 0.0000 161.6290 164.9698 6.5943 0.3816  1328.7601 0.0000 0.0000 0.0000 0.0000 1328.7601
2022 9 30 21 4.8000 176.8500 0.8000 4.8000 0.0000 161.6275 164.9683 6.5943 0.3816  1166.1984 0.0000 0.0000 0.0000 0.0000 1166.1984
2022 9 30 22 4.8000 99.1600 0.8000 4.8000 0.0000 161.6259 164.9667 6.5942 0.3816  653.8825 0.0000 0.0000 0.0000 0.0000 653.8825
2022 9 30 23 4.8000 83.4300 0.8000 4.8000 0.0000 161.6244 164.9652 6.5942 0.3816  550.1502 0.0000 0.0000 0.0000 0.0000 550.1502
2022 10 1 0 4.8000 69.2000 0.8000 4.8000 0.0000 161.6228 164.9636 6.5941 0.3816  456.3110 0.0000 0.0000 0.0000 0.0000 456.3110
2022 10 1 1 4.8000 54.4200 0.8000 4.8000 0.0000 161.6213 164.9621 6.5940 0.3816  358.8469 0.0000 0.0000 0.0000 0.0000 358.8469
2022 10 1 2 4.8000 23.3800 0.8000 4.8000 0.0000 161.6197 164.9605 6.5940 0.3816  154.1668 0.0000 0.0000 0.0000 0.0000 154.1668
2022 10 1 3 4.8000 18.4000 0.8000 4.8000 0.0000 161.6182 164.9590 6.5939 0.3816  121.3278 0.0000 0.0000 0.0000 0.0000 121.3278
2022 10 1 4 4.8000 17.4200 0.8000 4.8000 0.0000 161.6166 164.9574 6.5938 0.3816  114.8647 0.0000 0.0000 0.0000 0.0000 114.8647
2022 10 1 5 4.8000 17.0300 0.8000 4.8000 0.0000 161.6152 164.9560 6.5938 0.3816  112.2920 0.0000 0.0000 0.0000 0.0000 112.2920
2022 10 1 6 4.8000 25.9500 0.8000 4.8000 0.0000 161.6138 164.9546 6.5937 0.3816  171.1071 0.0000 0.0000 0.0000 0.0000 171.1071
2022 10 1 7 4.8000 48.9000 0.8000 4.8000 0.0000 161.6127 164.9535 6.5937 0.3816  322.4308 0.0000 0.0000 0.0000 0.0000 322.4308
2022 10 1 8 4.8000 79.6000 0.8000 4.8000 0.0000 161.6118 164.9526 6.5936 0.3816  524.8539 0.0000 0.0000 0.0000 0.0000 524.8539
2022 10 1 9 4.8000 119.5500 0.8000 4.8000 0.0000 161.6113 164.9521 6.5936 0.3816  788.2673 0.0000 0.0000 0.0000 0.0000 788.2673
2022 10 1 10 4.8000 116.2000 0.8000 4.8000 0.0000 161.6110 164.9518 6.5936 0.3816  766.1773 0.0000 0.0000 0.0000 0.0000 766.1773
2022 10 1 11 4.8000 97.9500 0.8000 4.8000 0.0000 161.6109 164.9517 6.5936 0.3816  645.8436 0.0000 0.0000 0.0000 0.0000 645.8436
2022 10 1 12 4.8000 80.5800 0.8000 4.8000 0.0000 161.6109 164.9517 6.5936 0.3816  531.3127 0.0000 0.0000 0.0000 0.0000 531.3127
2022 10 1 13 4.8000 72.0100 0.8000 4.8000 0.0000 161.6110 164.9518 6.5936 0.3816  474.8056 0.0000 0.0000 0.0000 0.0000 474.8056
2022 10 1 14 4.8000 72.8100 0.8000 4.8000 0.0000 161.6110 164.9518 6.5936 0.3816  480.0807 0.0000 0.0000 0.0000 0.0000 480.0807
2022 10 1 15 4.8000 75.9900 0.8000 4.8000 0.0000 161.6111 164.9519 6.5936 0.3816  501.0487 0.0000 0.0000 0.0000 0.0000 501.0487
2022 10 1 16 4.8000 149.9700 0.8000 4.8000 0.0000 161.6112 164.9520 6.5936 0.3816  988.8449 0.0000 0.0000 0.0000 0.0000 988.8449
2022 10 1 17 4.8000 184.2700 0.8000 4.8000 0.0000 161.6113 164.9521 6.5936 0.3816  1215.0066 0.0000 0.0000 0.0000 0.0000 1215.0066
2022 10 1 18 4.8000 213.0600 0.8000 4.8000 0.0000 161.6114 164.9522 6.5936 0.3816  1404.8373 0.0000 0.0000 0.0000 0.0000 1404.8373
2022 10 1 19 4.8000 196.2000 0.8000 4.8000 0.0000 161.6114 164.9522 6.5936 0.3816  1293.6688 0.0000 0.0000 0.0000 0.0000 1293.6688
2022 10 1 20 4.8000 157.6900 0.8000 4.8000 0.0000 161.6113 164.9521 6.5936 0.3816  1039.7480 0.0000 0.0000 0.0000 0.0000 1039.7480
2022 10 1 21 4.8000 120.0200 0.8000 4.8000 0.0000 161.6112 164.9520 6.5936 0.3816  791.3658 0.0000 0.0000 0.0000 0.0000 791.3658
2022 10 1 22 4.8000 84.2900 0.8000 4.8000 0.0000 161.6111 164.9519 6.5936 0.3816  555.7755 0.0000 0.0000 0.0000 0.0000 555.7755
2022 10 1 23 4.8000 70.8700 0.8000 4.8000 0.0000 161.6109 164.9517 6.5936 0.3816  467.2887 0.0000 0.0000 0.0000 0.0000 467.2887
2022 10 2 0 4.8000 70.3200 0.8000 4.8000 0.0000 161.6107 164.9515 6.5936 0.3816  463.6617 0.0000 0.0000 0.0000 0.0000 463.6617
2022 10 2 1 4.8000 63.9500 0.8000 4.8000 0.0000 161.6105 164.9513 6.5936 0.3816  421.6599 0.0000 0.0000 0.0000 0.0000 421.6599
2022 10 2 2 4.8000 68.0300 0.8000 4.8000 0.0000 161.6103 164.9511 6.5936 0.3816  448.5611 0.0000 0.0000 0.0000 0.0000 448.5611
2022 10 2 3 4.8000 64.9900 0.8000 4.8000 0.0000 161.6100 164.9508 6.5936 0.3816  428.5159 0.0000 0.0000 0.0000 0.0000 428.5159
2022 10 2 4 4.8000 65.3600 0.8000 4.8000 0.0000 161.6097 164.9505 6.5936 0.3816  430.9549 0.0000 0.0000 0.0000 0.0000 430.9549
2022 10 2 5 4.8000 65.2000 0.8000 4.8000 0.0000 161.6095 164.9503 6.5935 0.3816  429.8992 0.0000 0.0000 0.0000 0.0000 429.8992
2022 10 2 6 4.8000 127.7400 0.8000 4.8000 0.0000 161.6092 164.9500 6.5935 0.3816  842.2581 0.0000 0.0000 0.0000 0.0000 842.2581
2022 10 2 7 4.8000 93.3700 0.8000 4.8000 0.0000 161.6089 164.9497 6.5935 0.3816  615.6373 0.0000 0.0000 0.0000 0.0000 615.6373
2022 10 2 8 4.8000 212.7600 0.8000 4.8000 0.0000 161.6087 164.9495 6.5935 0.3816  1402.8356 0.0000 0.0000 0.0000 0.0000 1402.8356
2022 10 2 9 4.8000 232.8900 0.8000 4.8000 0.0000 161.6084 164.9492 6.5935 0.3816  1535.5603 0.0000 0.0000 0.0000 0.0000 1535.5603
2022 10 2 10 4.8000 233.2600 0.8000 4.8000 0.0000 161.6081 164.9489 6.5935 0.3816  1537.9972 0.0000 0.0000 0.0000 0.0000 1537.9972
2022 10 2 11 4.8000 253.5800 0.8000 4.8000 0.0000 161.6078 164.9486 6.5935 0.3816  1671.9739 0.0000 0.0000 0.0000 0.0000 1671.9739
2022 10 2 12 4.8000 287.3600 0.8000 4.8000 0.0000 161.6075 164.9483 6.5935 0.3816  1894.6981 0.0000 0.0000 0.0000 0.0000 1894.6981
2022 10 2 13 4.8000 254.1600 0.8000 4.8000 0.0000 161.6072 164.9480 6.5935 0.3816  1675.7922 0.0000 0.0000 0.0000 0.0000 1675.7922
2022 10 2 14 4.8000 224.5500 0.8000 4.8000 0.0000 161.6069 164.9477 6.5934 0.3816  1480.5572 0.0000 0.0000 0.0000 0.0000 1480.5572
2022 10 2 15 4.8000 107.4000 0.8000 4.8000 0.0000 161.6066 164.9474 6.5934 0.3816  708.1342 0.0000 0.0000 0.0000 0.0000 708.1342
2022 10 2 16 4.8000 220.4100 0.8000 4.8000 0.0000 161.6063 164.9471 6.5934 0.3816  1453.2546 0.0000 0.0000 0.0000 0.0000 1453.2546
2022 10 2 17 4.8000 297.9300 0.8000 4.8000 0.0000 161.6059 164.9467 6.5934 0.3816  1964.3719 0.0000 0.0000 0.0000 0.0000 1964.3719
2022 10 2 18 4.8000 331.6800 0.8000 4.8000 0.0000 161.6056 164.9464 6.5934 0.3816  2186.8944 0.0000 0.0000 0.0000 0.0000 2186.8944
2022 10 2 19 4.8000 318.4200 0.8000 4.8000 0.0000 161.6052 164.9460 6.5934 0.3816  2099.4614 0.0000 0.0000 0.0000 0.0000 2099.4614
2022 10 2 20 4.8000 253.0800 0.8000 4.8000 0.0000 161.6048 164.9456 6.5934 0.3816  1668.6464 0.0000 0.0000 0.0000 0.0000 1668.6464
2022 10 2 21 4.8000 178.6600 0.8000 4.8000 0.0000 161.6044 164.9452 6.5933 0.3816  1177.9659 0.0000 0.0000 0.0000 0.0000 1177.9659
2022 10 2 22 4.8000 165.3800 0.8000 4.8000 0.0000 161.6040 164.9448 6.5933 0.3816  1090.4034 0.0000 0.0000 0.0000 0.0000 1090.4034
2022 10 2 23 4.8000 194.7300 0.8000 4.8000 0.0000 161.6035 164.9443 6.5933 0.3816  1283.9135 0.0000 0.0000 0.0000 0.0000 1283.9135
2022 10 3 0 4.8000 179.9000 0.8000 4.8000 0.0000 161.6030 164.9438 6.5933 0.3816  1186.1313 0.0000 0.0000 0.0000 0.0000 1186.1313
2022 10 3 1 4.8000 171.6000 0.8000 4.8000 0.0000 161.6025 164.9433 6.5933 0.3816  1131.4035 0.0000 0.0000 0.0000 0.0000 1131.4035
2022 10 3 2 4.8000 100.4500 0.8000 4.8000 0.0000 161.6019 164.9427 6.5932 0.3816  662.2907 0.0000 0.0000 0.0000 0.0000 662.2907
2022 10 3 3 4.8000 104.5500 0.8000 4.8000 0.0000 161.6014 164.9422 6.5932 0.3816  689.3206 0.0000 0.0000 0.0000 0.0000 689.3206
2022 10 3 4 4.8000 140.4600 0.8000 4.8000 0.0000 161.6008 164.9416 6.5932 0.3816  926.0797 0.0000 0.0000 0.0000 0.0000 926.0797
2022 10 3 5 4.8000 212.7100 0.8000 4.8000 0.0000 161.6002 164.9410 6.5932 0.3815  1402.4327 0.0000 0.0000 0.0000 0.0000 1402.4327
2022 10 3 6 4.8000 305.1800 0.8000 4.8000 0.0000 161.5996 164.9404 6.5931 0.3815  2012.0954 0.0000 0.0000 0.0000 0.0000 2012.0954
2022 10 3 7 4.8000 323.5700 0.8000 4.8000 0.0000 161.5990 164.9398 6.5931 0.3815  2133.3353 0.0000 0.0000 0.0000 0.0000 2133.3353
2022 10 3 8 4.8000 275.9600 0.8000 4.8000 0.0000 161.5984 164.9392 6.5931 0.3815  1819.4297 0.0000 0.0000 0.0000 0.0000 1819.4297
2022 10 3 9 4.8000 212.7300 0.8000 4.8000 0.0000 161.5977 164.9385 6.5931 0.3815  1402.5430 0.0000 0.0000 0.0000 0.0000 1402.5430
2022 10 3 10 4.8000 156.7600 0.8000 4.8000 0.0000 161.5971 164.9379 6.5930 0.3815  1033.5249 0.0000 0.0000 0.0000 0.0000 1033.5249
2022 10 3 11 4.8000 126.7100 0.8000 4.8000 0.0000 161.5964 164.9372 6.5930 0.3815  835.4007 0.0000 0.0000 0.0000 0.0000 835.4007
2022 10 3 12 4.8000 137.5900 0.8000 4.8000 0.0000 161.5957 164.9365 6.5930 0.3815  907.1289 0.0000 0.0000 0.0000 0.0000 907.1289
2022 10 3 13 4.8000 154.3700 0.8000 4.8000 0.0000 161.5951 164.9359 6.5930 0.3815  1017.7548 0.0000 0.0000 0.0000 0.0000 1017.7548
2022 10 3 14 4.8000 196.1100 0.8000 4.8000 0.0000 161.5944 164.9352 6.5929 0.3815  1292.9393 0.0000 0.0000 0.0000 0.0000 1292.9393
2022 10 3 15 4.8000 238.2900 0.8000 4.8000 0.0000 161.5937 164.9345 6.5929 0.3815  1571.0221 0.0000 0.0000 0.0000 0.0000 1571.0221
2022 10 3 16 4.8000 332.4800 0.8000 4.8000 0.0000 161.5929 164.9337 6.5929 0.3815  2191.9978 0.0000 0.0000 0.0000 0.0000 2191.9978
2022 10 3 17 4.8000 367.0800 0.8000 4.8000 0.0000 161.5922 164.9330 6.5928 0.3815  2420.1002 0.0000 0.0000 0.0000 0.0000 2420.1002
2022 10 3 18 4.8000 373.7600 0.8000 4.8000 0.0000 161.5915 164.9323 6.5928 0.3815  2464.1295 0.0000 0.0000 0.0000 0.0000 2464.1295
2022 10 3 19 4.8000 364.8600 0.8000 4.8000 0.0000 161.5908 164.9316 6.5928 0.3815  2405.4424 0.0000 0.0000 0.0000 0.0000 2405.4424
2022 10 3 20 4.8000 326.4700 0.8000 4.8000 0.0000 161.5900 164.9308 6.5928 0.3815  2152.3357 0.0000 0.0000 0.0000 0.0000 2152.3357
2022 10 3 21 4.8000 319.0700 0.8000 4.8000 0.0000 161.5893 164.9301 6.5927 0.3815  2103.5397 0.0000 0.0000 0.0000 0.0000 2103.5397
2022 10 3 22 4.8000 297.8500 0.8000 4.8000 0.0000 161.5885 164.9293 6.5927 0.3815  1963.6329 0.0000 0.0000 0.0000 0.0000 1963.6329
2022 10 3 23 4.8000 211.7700 0.8000 4.8000 0.0000 161.5878 164.9286 6.5927 0.3815  1396.1276 0.0000 0.0000 0.0000 0.0000 1396.1276
2022 10 4 0 4.8000 193.6000 0.8000 4.8000 0.0000 161.5870 164.9278 6.5926 0.3815  1276.3329 0.0000 0.0000 0.0000 0.0000 1276.3329
2022 10 4 1 4.8000 193.0400 0.8000 4.8000 0.0000 161.5862 164.9270 6.5926 0.3815  1272.6349 0.0000 0.0000 0.0000 0.0000 1272.6349
2022 10 4 2 4.8000 173.9500 0.8000 4.8000 0.0000 161.5855 164.9263 6.5926 0.3815  1146.7768 0.0000 0.0000 0.0000 0.0000 1146.7768
2022 10 4 3 4.8000 192.6700 0.8000 4.8000 0.0000 161.5847 164.9255 6.5925 0.3815  1270.1836 0.0000 0.0000 0.0000 0.0000 1270.1836
2022 10 4 4 4.8000 202.5600 0.8000 4.8000 0.0000 161.5839 164.9247 6.5925 0.3815  1335.3775 0.0000 0.0000 0.0000 0.0000 1335.3775
2022 10 4 5 4.8000 252.2900 0.8000 4.8000 0.0000 161.5832 164.9240 6.5925 0.3815  1663.2148 0.0000 0.0000 0.0000 0.0000 1663.2148
2022 10 4 6 4.8000 299.2900 0.8000 4.8000 0.0000 161.5824 164.9232 6.5924 0.3815  1973.0516 0.0000 0.0000 0.0000 0.0000 1973.0516
2022 10 4 7 4.8000 308.4300 0.8000 4.8000 0.0000 161.5816 164.9224 6.5924 0.3815  2033.2966 0.0000 0.0000 0.0000 0.0000 2033.2966
2022 10 4 8 4.8000 303.3300 0.8000 4.8000 0.0000 161.5808 164.9216 6.5924 0.3815  1999.6656 0.0000 0.0000 0.0000 0.0000 1999.6656
2022 10 4 9 4.8000 266.3100 0.8000 4.8000 0.0000 161.5800 164.9208 6.5923 0.3815  1755.6072 0.0000 0.0000 0.0000 0.0000 1755.6072
2022 10 4 10 4.8000 223.4600 0.8000 4.8000 0.0000 161.5792 164.9200 6.5923 0.3815  1473.1181 0.0000 0.0000 0.0000 0.0000 1473.1181
2022 10 4 11 4.8000 171.5200 0.8000 4.8000 0.0000 161.5784 164.9192 6.5923 0.3815  1130.7078 0.0000 0.0000 0.0000 0.0000 1130.7078
2022 10 4 12 4.8000 159.6400 0.8000 4.8000 0.0000 161.5776 164.9184 6.5922 0.3815  1052.3862 0.0000 0.0000 0.0000 0.0000 1052.3862
2022 10 4 13 4.8000 148.3800 0.8000 4.8000 0.0000 161.5768 164.9176 6.5922 0.3815  978.1527 0.0000 0.0000 0.0000 0.0000 978.1527
2022 10 4 14 4.8000 152.6300 0.8000 4.8000 0.0000 161.5760 164.9168 6.5922 0.3815  1006.1646 0.0000 0.0000 0.0000 0.0000 1006.1646
2022 10 4 15 4.8000 187.8200 0.8000 4.8000 0.0000 161.5752 164.9160 6.5921 0.3815  1238.1373 0.0000 0.0000 0.0000 0.0000 1238.1373
2022 10 4 16 4.8000 211.9200 0.8000 4.8000 0.0000 161.5744 164.9152 6.5921 0.3815  1397.0010 0.0000 0.0000 0.0000 0.0000 1397.0010
2022 10 4 17 4.8000 236.0900 0.8000 4.8000 0.0000 161.5736 164.9144 6.5921 0.3815  1556.3247 0.0000 0.0000 0.0000 0.0000 1556.3247
2022 10 4 18 4.8000 212.0100 0.8000 4.8000 0.0000 161.5728 164.9136 6.5920 0.3815  1397.5804 0.0000 0.0000 0.0000 0.0000 1397.5804
2022 10 4 19 4.8000 178.5700 0.8000 4.8000 0.0000 161.5720 164.9128 6.5920 0.3815  1177.1365 0.0000 0.0000 0.0000 0.0000 1177.1365
2022 10 4 20 4.8000 159.3100 0.8000 4.8000 0.0000 161.5712 164.9120 6.5920 0.3815  1050.1690 0.0000 0.0000 0.0000 0.0000 1050.1690
2022 10 4 21 4.8000 161.8500 0.8000 4.8000 0.0000 161.5704 164.9112 6.5920 0.3815  1066.9075 0.0000 0.0000 0.0000 0.0000 1066.9075
2022 10 4 22 4.8000 141.6400 0.8000 4.8000 0.0000 161.5696 164.9104 6.5919 0.3815  933.6796 0.0000 0.0000 0.0000 0.0000 933.6796
2022 10 4 23 4.8000 45.8400 0.8000 4.8000 0.0000 161.5689 164.9097 6.5919 0.3815  302.1722 0.0000 0.0000 0.0000 0.0000 302.1722
2022 10 5 0 4.8000 87.4300 0.8000 4.8000 0.0000 161.5681 164.9089 6.5919 0.3815  576.3261 0.0000 0.0000 0.0000 0.0000 576.3261
2022 10 5 1 4.8000 56.7800 0.8000 4.8000 0.0000 161.5674 164.9082 6.5918 0.3815  374.2839 0.0000 0.0000 0.0000 0.0000 374.2839
2022 10 5 2 4.8000 48.3100 0.8000 4.8000 0.0000 161.5666 164.9074 6.5918 0.3815  318.4498 0.0000 0.0000 0.0000 0.0000 318.4498
2022 10 5 3 4.8000 44.0500 0.8000 4.8000 0.0000 161.5659 164.9067 6.5918 0.3815  290.3674 0.0000 0.0000 0.0000 0.0000 290.3674
2022 10 5 4 4.8000 42.4300 0.8000 4.8000 0.0000 161.5653 164.9061 6.5917 0.3815  279.6876 0.0000 0.0000 0.0000 0.0000 279.6876
2022 10 5 5 4.8000 97.9500 0.8000 4.8000 0.0000 161.5646 164.9054 6.5917 0.3815  645.6586 0.0000 0.0000 0.0000 0.0000 645.6586
2022 10 5 6 4.8000 156.5100 0.8000 4.8000 0.0000 161.5640 164.9048 6.5917 0.3815  1031.6654 0.0000 0.0000 0.0000 0.0000 1031.6654
2022 10 5 7 4.8000 163.2100 0.8000 4.8000 0.0000 161.5634 164.9042 6.5917 0.3815  1075.8258 0.0000 0.0000 0.0000 0.0000 1075.8258
2022 10 5 8 4.8000 110.0400 0.8000 4.8000 0.0000 161.5628 164.9036 6.5916 0.3815  725.3443 0.0000 0.0000 0.0000 0.0000 725.3443
2022 10 5 9 4.8000 100.8000 0.8000 4.8000 0.0000 161.5623 164.9031 6.5916 0.3815  664.4352 0.0000 0.0000 0.0000 0.0000 664.4352
2022 10 5 10 4.8000 57.5400 0.8000 4.8000 0.0000 161.5617 164.9025 6.5916 0.3815  379.2805 0.0000 0.0000 0.0000 0.0000 379.2805
2022 10 5 11 4.8000 40.8600 0.8000 4.8000 0.0000 161.5612 164.9020 6.5916 0.3815  269.3318 0.0000 0.0000 0.0000 0.0000 269.3318
2022 10 5 12 4.8000 24.7000 0.8000 4.8000 0.0000 161.5607 164.9015 6.5916 0.3815  162.8114 0.0000 0.0000 0.0000 0.0000 162.8114
2022 10 5 13 4.8000 18.0200 0.8000 4.8000 0.0000 161.5602 164.9010 6.5915 0.3815  118.7795 0.0000 0.0000 0.0000 0.0000 118.7795
2022 10 5 14 4.8000 20.4400 0.8000 4.8000 0.0000 161.5599 164.9007 6.5915 0.3815  134.7307 0.0000 0.0000 0.0000 0.0000 134.7307
2022 10 5 15 4.8000 37.6900 0.8000 4.8000 0.0000 161.5596 164.9004 6.5915 0.3815  248.4340 0.0000 0.0000 0.0000 0.0000 248.4340
2022 10 5 16 4.8000 26.9600 0.8000 4.8000 0.0000 161.5595 164.9003 6.5915 0.3815  177.7070 0.0000 0.0000 0.0000 0.0000 177.7070
2022 10 5 17 4.8000 21.1800 0.8000 4.8000 0.0000 161.5598 164.9006 6.5915 0.3815  139.6084 0.0000 0.0000 0.0000 0.0000 139.6084
2022 10 5 18 4.8000 16.7800 0.8000 4.8000 0.0000 161.5608 164.9016 6.5916 0.3815  110.6064 0.0000 0.0000 0.0000 0.0000 110.6064
2022 10 5 19 4.8000 11.5800 0.8000 4.8000 0.0000 161.5628 164.9036 6.5916 0.3815  76.3312 0.0000 0.0000 0.0000 0.0000 76.3312
2022 10 5 20 4.8000 18.3700 0.8000 4.8000 0.0000 161.5659 164.9067 6.5918 0.3815  121.0908 0.0000 0.0000 0.0000 0.0000 121.0908
2022 10 5 21 4.8000 21.8600 0.8000 4.8000 0.0000 161.5700 164.9108 6.5919 0.3815  144.0997 0.0000 0.0000 0.0000 0.0000 144.0997
2022 10 5 22 4.8000 2.0500 0.8000 4.8000 0.0000 161.5747 164.9155 6.5921 0.3815  13.5139 0.0000 0.0000 0.0000 0.0000 13.5139
2022 10 5 23 4.8000 1.0000 0.8000 4.8000 0.0000 161.5797 164.9205 6.5923 0.3815  6.5923 0.0000 0.0000 0.0000 0.0000 6.5923
2022 10 6 0 4.8000 0.4200 0.8000 4.8000 0.0000 161.5848 164.9256 6.5925 0.3815  2.7689 0.0000 0.0000 0.0000 0.0000 2.7689
2022 10 6 1 4.8000 0.0900 0.8000 4.8000 0.0000 161.5897 164.9305 6.5927 0.3815  0.5933 0.0000 0.0000 0.0000 0.0000 0.5933
2022 10 6 2 4.8000 0.0800 0.8000 4.8000 0.0000 161.5944 164.9352 6.5929 0.3815  0.5274 0.0000 0.0000 0.0000 0.0000 0.5274
2022 10 6 3 4.8000 0.0700 0.8000 4.8000 0.0000 161.5989 164.9397 6.5931 0.3815  0.4615 0.0000 0.0000 0.0000 0.0000 0.4615
2022 10 6 4 4.8000 0.6100 0.8000 4.8000 0.0000 161.6030 164.9438 6.5933 0.3816  4.0219 0.0000 0.0000 0.0000 0.0000 4.0219
2022 10 6 5 4.8000 21.7200 0.8000 4.8000 0.0000 161.6068 164.9476 6.5934 0.3816  143.2094 0.0000 0.0000 0.0000 0.0000 143.2094
2022 10 6 6 4.8000 53.6700 0.8000 4.8000 0.0000 161.6102 164.9510 6.5936 0.3816  353.8772 0.0000 0.0000 0.0000 0.0000 353.8772
2022 10 6 7 4.8000 62.8000 0.8000 4.8000 0.0000 161.6132 164.9540 6.5937 0.3816  414.0843 0.0000 0.0000 0.0000 0.0000 414.0843
2022 10 6 8 4.8000 45.2800 0.8000 4.8000 0.0000 161.6159 164.9567 6.5938 0.3816  298.5676 0.0000 0.0000 0.0000 0.0000 298.5676
2022 10 6 9 4.8000 40.1800 0.8000 4.8000 0.0000 161.6182 164.9590 6.5939 0.3816  264.9430 0.0000 0.0000 0.0000 0.0000 264.9430
2022 10 6 10 4.8000 9.3600 0.8000 4.8000 0.0000 161.6202 164.9610 6.5940 0.3816  61.7197 0.0000 0.0000 0.0000 0.0000 61.7197
2022 10 6 11 4.8000 5.9500 0.8000 4.8000 0.0000 161.6219 164.9627 6.5941 0.3816  39.2346 0.0000 0.0000 0.0000 0.0000 39.2346
2022 10 6 12 4.8000 4.6000 0.8000 4.8000 0.0000 161.6234 164.9642 6.5941 0.3816  30.3329 0.0000 0.0000 0.0000 0.0000 30.3329
2022 10 6 13 4.8000 4.2200 0.8000 4.8000 0.0000 161.6246 164.9654 6.5942 0.3816  27.8274 0.0000 0.0000 0.0000 0.0000 27.8274
2022 10 6 14 4.8000 15.6000 0.8000 4.8000 0.0000 161.6256 164.9664 6.5942 0.3816  102.8696 0.0000 0.0000 0.0000 0.0000 102.8696
2022 10 6 15 4.8000 19.1800 0.8000 4.8000 0.0000 161.6265 164.9673 6.5942 0.3816  126.4775 0.0000 0.0000 0.0000 0.0000 126.4775
2022 10 6 16 4.8000 25.5800 0.8000 4.8000 0.0000 161.6271 164.9679 6.5943 0.3816  168.6813 0.0000 0.0000 0.0000 0.0000 168.6813
2022 10 6 17 4.8000 42.8600 0.8000 4.8000 0.0000 161.6277 164.9685 6.5943 0.3816  282.6312 0.0000 0.0000 0.0000 0.0000 282.6312
2022 10 6 18 4.8000 47.0300 0.8000 4.8000 0.0000 161.6280 164.9688 6.5943 0.3816  310.1301 0.0000 0.0000 0.0000 0.0000 310.1301
2022 10 6 19 4.8000 46.6000 0.8000 4.8000 0.0000 161.6283 164.9691 6.5943 0.3816  307.2951 0.0000 0.0000 0.0000 0.0000 307.2951
2022 10 6 20 4.8000 42.9500 0.8000 4.8000 0.0000 161.6285 164.9693 6.5943 0.3816  283.2261 0.0000 0.0000 0.0000 0.0000 283.2261
2022 10 6 21 4.8000 37.9000 0.8000 4.8000 0.0000 161.6286 164.9694 6.5943 0.3816  249.9250 0.0000 0.0000 0.0000 0.0000 249.9250
2022 10 6 22 4.8000 27.9100 0.8000 4.8000 0.0000 161.6286 164.9694 6.5943 0.3816  184.0476 0.0000 0.0000 0.0000 0.0000 184.0476
2022 10 6 23 4.8000 18.2500 0.8000 4.8000 0.0000 161.6285 164.9693 6.5943 0.3816  120.3464 0.0000 0.0000 0.0000 0.0000 120.3464
2022 10 7 0 4.8000 5.0700 0.8000 4.8000 0.0000 161.6284 164.9692 6.5943 0.3816  33.4332 0.0000 0.0000 0.0000 0.0000 33.4332
2022 10 7 1 4.8000 1.4100 0.8000 4.8000 0.0000 161.6282 164.9690 6.5943 0.3816  9.2980 0.0000 0.0000 0.0000 0.0000 9.2980
2022 10 7 2 4.8000 0.4700 0.8000 4.8000 0.0000 161.6279 164.9687 6.5943 0.3816  3.0993 0.0000 0.0000 0.0000 0.0000 3.0993
2022 10 7 3 4.8000 0.1000 0.8000 4.8000 0.0000 161.6276 164.9684 6.5943 0.3816  0.6594 0.0000 0.0000 0.0000 0.0000 0.6594
2022 10 7 4 4.8000 0.8400 0.8000 4.8000 0.0000 161.6272 164.9680 6.5943 0.3816  5.5392 0.0000 0.0000 0.0000 0.0000 5.5392
2022 10 7 5 4.8000 6.2000 0.8000 4.8000 0.0000 161.6268 164.9676 6.5943 0.3816  40.8844 0.0000 0.0000 0.0000 0.0000 40.8844
2022 10 7 6 4.8000 52.1500 0.8000 4.8000 0.0000 161.6264 164.9672 6.5942 0.3816  343.8893 0.0000 0.0000 0.0000 0.0000 343.8893
2022 10 7 7 4.8000 53.4600 0.8000 4.8000 0.0000 161.6259 164.9667 6.5942 0.3816  352.5267 0.0000 0.0000 0.0000 0.0000 352.5267
2022 10 7 8 4.8000 50.7000 0.8000 4.8000 0.0000 161.6254 164.9662 6.5942 0.3816  334.3257 0.0000 0.0000 0.0000 0.0000 334.3257
2022 10 7 9 4.8000 41.6200 0.8000 4.8000 0.0000 161.6249 164.9657 6.5942 0.3816  274.4495 0.0000 0.0000 0.0000 0.0000 274.4495
2022 10 7 10 4.8000 22.0600 0.8000 4.8000 0.0000 161.6243 164.9651 6.5942 0.3816  145.4670 0.0000 0.0000 0.0000 0.0000 145.4670
2022 10 7 11 4.8000 14.6600 0.8000 4.8000 0.0000 161.6238 164.9646 6.5941 0.3816  96.6699 0.0000 0.0000 0.0000 0.0000 96.6699
2022 10 7 12 4.8000 14.7600 0.8000 4.8000 0.0000 161.6232 164.9640 6.5941 0.3816  97.3290 0.0000 0.0000 0.0000 0.0000 97.3290
2022 10 7 13 4.8000 20.9900 0.8000 4.8000 0.0000 161.6227 164.9635 6.5941 0.3816  138.4099 0.0000 0.0000 0.0000 0.0000 138.4099
2022 10 7 14 4.8000 19.3400 0.8000 4.8000 0.0000 161.6222 164.9630 6.5941 0.3816  127.5292 0.0000 0.0000 0.0000 0.0000 127.5292
2022 10 7 15 4.8000 24.8400 0.8000 4.8000 0.0000 161.6218 164.9626 6.5940 0.3816  163.7962 0.0000 0.0000 0.0000 0.0000 163.7962
2022 10 7 16 4.8000 36.4200 0.8000 4.8000 0.0000 161.6214 164.9622 6.5940 0.3816  240.1546 0.0000 0.0000 0.0000 0.0000 240.1546
2022 10 7 17 4.8000 55.8200 0.8000 4.8000 0.0000 161.6210 164.9618 6.5940 0.3816  368.0780 0.0000 0.0000 0.0000 0.0000 368.0780
2022 10 7 18 4.8000 53.6500 0.8000 4.8000 0.0000 161.6207 164.9615 6.5940 0.3816  353.7683 0.0000 0.0000 0.0000 0.0000 353.7683
2022 10 7 19 4.8000 41.8400 0.8000 4.8000 0.0000 161.6204 164.9612 6.5940 0.3816  275.8925 0.0000 0.0000 0.0000 0.0000 275.8925
2022 10 7 20 4.8000 53.6400 0.8000 4.8000 0.0000 161.6200 164.9608 6.5940 0.3816  353.7009 0.0000 0.0000 0.0000 0.0000 353.7009
2022 10 7 21 4.8000 54.9800 0.8000 4.8000 0.0000 161.6197 164.9605 6.5940 0.3816  362.5361 0.0000 0.0000 0.0000 0.0000 362.5361
2022 10 7 22 4.8000 53.6100 0.8000 4.8000 0.0000 161.6194 164.9602 6.5940 0.3816  353.5017 0.0000 0.0000 0.0000 0.0000 353.5017
2022 10 7 23 4.8000 48.2200 0.8000 4.8000 0.0000 161.6191 164.9599 6.5939 0.3816  317.9597 0.0000 0.0000 0.0000 0.0000 317.9597
2022 10 8 0 4.8000 48.6400 0.8000 4.8000 0.0000 161.6187 164.9595 6.5939 0.3816  320.7285 0.0000 0.0000 0.0000 0.0000 320.7285
2022 10 8 1 4.8000 48.9600 0.8000 4.8000 0.0000 161.6184 164.9592 6.5939 0.3816  322.8378 0.0000 0.0000 0.0000 0.0000 322.8378
2022 10 8 2 4.8000 49.1500 0.8000 4.8000 0.0000 161.6180 164.9588 6.5939 0.3816  324.0899 0.0000 0.0000 0.0000 0.0000 324.0899
2022 10 8 3 4.8000 49.1200 0.8000 4.8000 0.0000 161.6176 164.9584 6.5939 0.3816  323.8913 0.0000 0.0000 0.0000 0.0000 323.8913
2022 10 8 4 4.8000 49.4900 0.8000 4.8000 0.0000 161.6172 164.9580 6.5939 0.3816  326.3302 0.0000 0.0000 0.0000 0.0000 326.3302
2022 10 8 5 4.8000 50.1000 0.8000 4.8000 0.0000 161.6168 164.9576 6.5938 0.3816  330.3515 0.0000 0.0000 0.0000 0.0000 330.3515
2022 10 8 6 4.8000 64.2600 0.8000 4.8000 0.0000 161.6163 164.9571 6.5938 0.3816  423.7191 0.0000 0.0000 0.0000 0.0000 423.7191
2022 10 8 7 4.8000 71.4500 0.8000 4.8000 0.0000 161.6158 164.9566 6.5938 0.3816  471.1272 0.0000 0.0000 0.0000 0.0000 471.1272
2022 10 8 8 4.8000 71.4800 0.8000 4.8000 0.0000 161.6153 164.9561 6.5938 0.3816  471.3236 0.0000 0.0000 0.0000 0.0000 471.3236
2022 10 8 9 4.8000 55.0100 0.8000 4.8000 0.0000 161.6147 164.9555 6.5938 0.3816  362.7227 0.0000 0.0000 0.0000 0.0000 362.7227
2022 10 8 10 4.8000 49.0400 0.8000 4.8000 0.0000 161.6141 164.9549 6.5937 0.3816  323.3568 0.0000 0.0000 0.0000 0.0000 323.3568
2022 10 8 11 4.8000 39.7700 0.8000 4.8000 0.0000 161.6136 164.9544 6.5937 0.3816  262.2319 0.0000 0.0000 0.0000 0.0000 262.2319
2022 10 8 12 4.8000 37.7800 0.8000 4.8000 0.0000 161.6129 164.9537 6.5937 0.3816  249.1095 0.0000 0.0000 0.0000 0.0000 249.1095
2022 10 8 13 4.8000 32.3100 0.8000 4.8000 0.0000 161.6123 164.9531 6.5937 0.3816  213.0412 0.0000 0.0000 0.0000 0.0000 213.0412
2022 10 8 14 4.8000 32.2800 0.8000 4.8000 0.0000 161.6116 164.9524 6.5936 0.3816  212.8425 0.0000 0.0000 0.0000 0.0000 212.8425
2022 10 8 15 4.8000 45.2300 0.8000 4.8000 0.0000 161.6110 164.9518 6.5936 0.3816  298.2288 0.0000 0.0000 0.0000 0.0000 298.2288
2022 10 8 16 4.8000 49.0200 0.8000 4.8000 0.0000 161.6103 164.9511 6.5936 0.3816  323.2172 0.0000 0.0000 0.0000 0.0000 323.2172
2022 10 8 17 4.8000 54.9800 0.8000 4.8000 0.0000 161.6095 164.9503 6.5935 0.3816  362.5133 0.0000 0.0000 0.0000 0.0000 362.5133
2022 10 8 18 4.8000 51.4900 0.8000 4.8000 0.0000 161.6088 164.9496 6.5935 0.3816  339.5003 0.0000 0.0000 0.0000 0.0000 339.5003
2022 10 8 19 4.8000 49.7900 0.8000 4.8000 0.0000 161.6081 164.9489 6.5935 0.3816  328.2898 0.0000 0.0000 0.0000 0.0000 328.2898
2022 10 8 20 4.8000 50.2500 0.8000 4.8000 0.0000 161.6073 164.9481 6.5935 0.3816  331.3212 0.0000 0.0000 0.0000 0.0000 331.3212
2022 10 8 21 4.8000 61.8100 0.8000 4.8000 0.0000 161.6065 164.9473 6.5934 0.3816  407.5397 0.0000 0.0000 0.0000 0.0000 407.5397
2022 10 8 22 4.8000 67.7700 0.8000 4.8000 0.0000 161.6058 164.9466 6.5934 0.3816  446.8343 0.0000 0.0000 0.0000 0.0000 446.8343
2022 10 8 23 4.8000 101.8400 0.8000 4.8000 0.0000 161.6050 164.9458 6.5934 0.3816  671.4679 0.0000 0.0000 0.0000 0.0000 671.4679
2022 10 9 0 4.8000 101.4500 0.8000 4.8000 0.0000 161.6042 164.9450 6.5933 0.3816  668.8931 0.0000 0.0000 0.0000 0.0000 668.8931
2022 10 9 1 4.8000 102.2400 0.8000 4.8000 0.0000 161.6033 164.9441 6.5933 0.3816  674.0984 0.0000 0.0000 0.0000 0.0000 674.0984
2022 10 9 2 4.8000 102.7000 0.8000 4.8000 0.0000 161.6025 164.9433 6.5933 0.3816  677.1278 0.0000 0.0000 0.0000 0.0000 677.1278
2022 10 9 3 4.8000 102.7700 0.8000 4.8000 0.0000 161.6016 164.9424 6.5932 0.3816  677.5857 0.0000 0.0000 0.0000 0.0000 677.5857
2022 10 9 4 4.8000 102.2400 0.8000 4.8000 0.0000 161.6007 164.9415 6.5932 0.3816  674.0877 0.0000 0.0000 0.0000 0.0000 674.0877
2022 10 9 5 4.8000 102.7200 0.8000 4.8000 0.0000 161.5999 164.9407 6.5932 0.3815  677.2487 0.0000 0.0000 0.0000 0.0000 677.2487
2022 10 9 6 4.8000 99.4200 0.8000 4.8000 0.0000 161.5990 164.9398 6.5931 0.3815  655.4876 0.0000 0.0000 0.0000 0.0000 655.4876
2022 10 9 7 4.8000 103.4500 0.8000 4.8000 0.0000 161.5980 164.9388 6.5931 0.3815  682.0540 0.0000 0.0000 0.0000 0.0000 682.0540
2022 10 9 8 4.8000 104.4300 0.8000 4.8000 0.0000 161.5971 164.9379 6.5930 0.3815  688.5112 0.0000 0.0000 0.0000 0.0000 688.5112
2022 10 9 9 4.8000 101.2600 0.8000 4.8000 0.0000 161.5961 164.9369 6.5930 0.3815  667.6074 0.0000 0.0000 0.0000 0.0000 667.6074
2022 10 9 10 4.8000 91.5900 0.8000 4.8000 0.0000 161.5952 164.9360 6.5930 0.3815  603.8494 0.0000 0.0000 0.0000 0.0000 603.8494
2022 10 9 11 4.8000 60.8200 0.8000 4.8000 0.0000 161.5942 164.9350 6.5929 0.3815  400.9815 0.0000 0.0000 0.0000 0.0000 400.9815
2022 10 9 12 4.8000 52.2200 0.8000 4.8000 0.0000 161.5932 164.9340 6.5929 0.3815  344.2803 0.0000 0.0000 0.0000 0.0000 344.2803
2022 10 9 13 4.8000 57.1900 0.8000 4.8000 0.0000 161.5922 164.9330 6.5928 0.3815  377.0445 0.0000 0.0000 0.0000 0.0000 377.0445
2022 10 9 14 4.8000 84.2000 0.8000 4.8000 0.0000 161.5912 164.9320 6.5928 0.3815  555.1136 0.0000 0.0000 0.0000 0.0000 555.1136
2022 10 9 15 4.8000 100.5700 0.8000 4.8000 0.0000 161.5901 164.9309 6.5928 0.3815  663.0334 0.0000 0.0000 0.0000 0.0000 663.0334
2022 10 9 16 4.8000 103.3400 0.8000 4.8000 0.0000 161.5891 164.9299 6.5927 0.3815  681.2909 0.0000 0.0000 0.0000 0.0000 681.2909
2022 10 9 17 4.8000 103.9300 0.8000 4.8000 0.0000 161.5880 164.9288 6.5927 0.3815  685.1761 0.0000 0.0000 0.0000 0.0000 685.1761
2022 10 9 18 4.8000 104.3000 0.8000 4.8000 0.0000 161.5869 164.9277 6.5926 0.3815  687.6108 0.0000 0.0000 0.0000 0.0000 687.6108
2022 10 9 19 4.8000 100.5600 0.8000 4.8000 0.0000 161.5858 164.9266 6.5926 0.3815  662.9498 0.0000 0.0000 0.0000 0.0000 662.9498
2022 10 9 20 4.8000 96.1400 0.8000 4.8000 0.0000 161.5847 164.9255 6.5925 0.3815  633.8063 0.0000 0.0000 0.0000 0.0000 633.8063
2022 10 9 21 4.8000 94.0000 0.8000 4.8000 0.0000 161.5836 164.9244 6.5925 0.3815  619.6940 0.0000 0.0000 0.0000 0.0000 619.6940
2022 10 9 22 4.8000 62.7200 0.8000 4.8000 0.0000 161.5825 164.9233 6.5924 0.3815  413.4780 0.0000 0.0000 0.0000 0.0000 413.4780
2022 10 9 23 4.8000 72.3700 0.8000 4.8000 0.0000 161.5813 164.9221 6.5924 0.3815  477.0918 0.0000 0.0000 0.0000 0.0000 477.0918
2022 10 10 0 4.8000 71.7400 0.8000 4.8000 0.0000 161.5802 164.9210 6.5923 0.3815  472.9352 0.0000 0.0000 0.0000 0.0000 472.9352
2022 10 10 1 4.8000 69.5500 0.8000 4.8000 0.0000 161.5790 164.9198 6.5923 0.3815  458.4947 0.0000 0.0000 0.0000 0.0000 458.4947
2022 10 10 2 4.8000 71.7600 0.8000 4.8000 0.0000 161.5779 164.9187 6.5923 0.3815  473.0603 0.0000 0.0000 0.0000 0.0000 473.0603
2022 10 10 3 4.8000 81.6400 0.8000 4.8000 0.0000 161.5767 164.9175 6.5922 0.3815  538.1879 0.0000 0.0000 0.0000 0.0000 538.1879
2022 10 10 4 4.8000 102.5800 0.8000 4.8000 0.0000 161.5755 164.9163 6.5922 0.3815  676.2239 0.0000 0.0000 0.0000 0.0000 676.2239
2022 10 10 5 4.8000 133.4400 0.8000 4.8000 0.0000 161.5744 164.9152 6.5921 0.3815  879.6515 0.0000 0.0000 0.0000 0.0000 879.6515
2022 10 10 6 4.8000 162.5600 0.8000 4.8000 0.0000 161.5732 164.9140 6.5921 0.3815  1071.6060 0.0000 0.0000 0.0000 0.0000 1071.6060
2022 10 10 7 4.8000 173.7700 0.8000 4.8000 0.0000 161.5720 164.9128 6.5920 0.3815  1145.4945 0.0000 0.0000 0.0000 0.0000 1145.4945
2022 10 10 8 4.8000 178.8300 0.8000 4.8000 0.0000 161.5707 164.9115 6.5920 0.3815  1178.8412 0.0000 0.0000 0.0000 0.0000 1178.8412
2022 10 10 9 4.8000 167.0200 0.8000 4.8000 0.0000 161.5695 164.9103 6.5919 0.3815  1100.9817 0.0000 0.0000 0.0000 0.0000 1100.9817
2022 10 10 10 4.8000 161.4700 0.8000 4.8000 0.0000 161.5683 164.9091 6.5919 0.3815  1064.3885 0.0000 0.0000 0.0000 0.0000 1064.3885
2022 10 10 11 4.8000 136.1400 0.8000 4.8000 0.0000 161.5671 164.9079 6.5918 0.3815  897.4096 0.0000 0.0000 0.0000 0.0000 897.4096
2022 10 10 12 4.8000 132.9400 0.8000 4.8000 0.0000 161.5658 164.9066 6.5918 0.3815  876.3092 0.0000 0.0000 0.0000 0.0000 876.3092
2022 10 10 13 4.8000 133.0400 0.8000 4.8000 0.0000 161.5646 164.9054 6.5917 0.3815  876.9617 0.0000 0.0000 0.0000 0.0000 876.9617
2022 10 10 14 4.8000 141.3400 0.8000 4.8000 0.0000 161.5634 164.9042 6.5917 0.3815  931.6659 0.0000 0.0000 0.0000 0.0000 931.6659
2022 10 10 15 4.8000 160.4900 0.8000 4.8000 0.0000 161.5622 164.9030 6.5916 0.3815  1057.8885 0.0000 0.0000 0.0000 0.0000 1057.8885
2022 10 10 16 4.8000 165.5600 0.8000 4.8000 0.0000 161.5610 164.9018 6.5916 0.3815  1091.2999 0.0000 0.0000 0.0000 0.0000 1091.2999
2022 10 10 17 4.8000 168.6200 0.8000 4.8000 0.0000 161.5598 164.9006 6.5915 0.3815  1111.4621 0.0000 0.0000 0.0000 0.0000 1111.4621
2022 10 10 18 4.8000 162.6800 0.8000 4.8000 0.0000 161.5587 164.8995 6.5915 0.3815  1072.3007 0.0000 0.0000 0.0000 0.0000 1072.3007
2022 10 10 19 4.8000 160.5200 0.8000 4.8000 0.0000 161.5575 164.8983 6.5914 0.3814  1058.0556 0.0000 0.0000 0.0000 0.0000 1058.0556
2022 10 10 20 4.8000 160.1700 0.8000 4.8000 0.0000 161.5564 164.8972 6.5914 0.3814  1055.7411 0.0000 0.0000 0.0000 0.0000 1055.7411
2022 10 10 21 4.8000 157.6000 0.8000 4.8000 0.0000 161.5552 164.8960 6.5913 0.3814  1038.7939 0.0000 0.0000 0.0000 0.0000 1038.7939
2022 10 10 22 4.8000 126.3100 0.8000 4.8000 0.0000 161.5541 164.8949 6.5913 0.3814  832.5451 0.0000 0.0000 0.0000 0.0000 832.5451
2022 10 10 23 4.8000 125.2100 0.8000 4.8000 0.0000 161.5529 164.8937 6.5912 0.3814  825.2889 0.0000 0.0000 0.0000 0.0000 825.2889
2022 10 11 0 4.8000 119.9400 0.8000 4.8000 0.0000 161.5518 164.8926 6.5912 0.3814  790.5474 0.0000 0.0000 0.0000 0.0000 790.5474
2022 10 11 1 4.8000 111.4600 0.8000 4.8000 0.0000 161.5506 164.8914 6.5911 0.3814  734.6488 0.0000 0.0000 0.0000 0.0000 734.6488
2022 10 11 2 4.8000 113.5700 0.8000 4.8000 0.0000 161.5494 164.8902 6.5911 0.3814  748.5508 0.0000 0.0000 0.0000 0.0000 748.5508
2022 10 11 3 4.8000 124.1800 0.8000 4.8000 0.0000 161.5483 164.8891 6.5910 0.3814  818.4764 0.0000 0.0000 0.0000 0.0000 818.4764
2022 10 11 4 4.8000 135.4700 0.8000 4.8000 0.0000 161.5471 164.8879 6.5910 0.3814  892.8829 0.0000 0.0000 0.0000 0.0000 892.8829
2022 10 11 5 4.8000 162.6600 0.8000 4.8000 0.0000 161.5459 164.8867 6.5910 0.3814  1072.0843 0.0000 0.0000 0.0000 0.0000 1072.0843
2022 10 11 6 4.8000 183.1300 0.8000 4.8000 0.0000 161.5447 164.8855 6.5909 0.3814  1206.9923 0.0000 0.0000 0.0000 0.0000 1206.9923
2022 10 11 7 4.8000 189.7600 0.8000 4.8000 0.0000 161.5435 164.8843 6.5909 0.3814  1250.6807 0.0000 0.0000 0.0000 0.0000 1250.6807
2022 10 11 8 4.8000 210.0800 0.8000 4.8000 0.0000 161.5423 164.8831 6.5908 0.3814  1384.5966 0.0000 0.0000 0.0000 0.0000 1384.5966
2022 10 11 9 4.8000 217.8500 0.8000 4.8000 0.0000 161.5411 164.8819 6.5908 0.3814  1435.7965 0.0000 0.0000 0.0000 0.0000 1435.7965
2022 10 11 10 4.8000 214.9500 0.8000 4.8000 0.0000 161.5399 164.8807 6.5907 0.3814  1416.6725 0.0000 0.0000 0.0000 0.0000 1416.6725
2022 10 11 11 4.8000 187.4400 0.8000 4.8000 0.0000 161.5387 164.8795 6.5907 0.3814  1235.3528 0.0000 0.0000 0.0000 0.0000 1235.3528
2022 10 11 12 4.8000 184.0200 0.8000 4.8000 0.0000 161.5375 164.8783 6.5906 0.3814  1212.8035 0.0000 0.0000 0.0000 0.0000 1212.8035
2022 10 11 13 4.8000 182.3900 0.8000 4.8000 0.0000 161.5362 164.8770 6.5906 0.3814  1202.0516 0.0000 0.0000 0.0000 0.0000 1202.0516
2022 10 11 14 4.8000 181.7100 0.8000 4.8000 0.0000 161.5350 164.8758 6.5905 0.3814  1197.5608 0.0000 0.0000 0.0000 0.0000 1197.5608
2022 10 11 15 4.8000 185.6900 0.8000 4.8000 0.0000 161.5337 164.8745 6.5905 0.3814  1223.7814 0.0000 0.0000 0.0000 0.0000 1223.7814
2022 10 11 16 4.8000 189.7600 0.8000 4.8000 0.0000 161.5324 164.8732 6.5904 0.3814  1250.5947 0.0000 0.0000 0.0000 0.0000 1250.5947
2022 10 11 17 4.8000 194.2900 0.8000 4.8000 0.0000 161.5312 164.8720 6.5904 0.3814  1280.4392 0.0000 0.0000 0.0000 0.0000 1280.4392
2022 10 11 18 4.8000 189.3400 0.8000 4.8000 0.0000 161.5299 164.8707 6.5903 0.3814  1247.8071 0.0000 0.0000 0.0000 0.0000 1247.8071
2022 10 11 19 4.8000 185.5600 0.8000 4.8000 0.0000 161.5286 164.8694 6.5902 0.3814  1222.8861 0.0000 0.0000 0.0000 0.0000 1222.8861
2022 10 11 20 4.8000 183.9100 0.8000 4.8000 0.0000 161.5273 164.8681 6.5902 0.3814  1212.0025 0.0000 0.0000 0.0000 0.0000 1212.0025
2022 10 11 21 4.8000 169.1700 0.8000 4.8000 0.0000 161.5260 164.8668 6.5901 0.3814  1114.8541 0.0000 0.0000 0.0000 0.0000 1114.8541
2022 10 11 22 4.8000 158.2600 0.8000 4.8000 0.0000 161.5247 164.8655 6.5901 0.3814  1042.9472 0.0000 0.0000 0.0000 0.0000 1042.9472
2022 10 11 23 4.8000 209.0800 0.8000 4.8000 0.0000 161.5234 164.8642 6.5900 0.3814  1377.8443 0.0000 0.0000 0.0000 0.0000 1377.8443
2022 10 12 0 4.8000 194.2600 0.8000 4.8000 0.0000 161.5221 164.8629 6.5900 0.3814  1280.1694 0.0000 0.0000 0.0000 0.0000 1280.1694
2022 10 12 1 4.8000 209.5300 0.8000 4.8000 0.0000 161.5207 164.8615 6.5899 0.3814  1380.7871 0.0000 0.0000 0.0000 0.0000 1380.7871
2022 10 12 2 4.8000 201.3000 0.8000 4.8000 0.0000 161.5194 164.8602 6.5899 0.3814  1326.5411 0.0000 0.0000 0.0000 0.0000 1326.5411
2022 10 12 3 4.8000 208.1100 0.8000 4.8000 0.0000 161.5181 164.8589 6.5898 0.3814  1371.4067 0.0000 0.0000 0.0000 0.0000 1371.4067
2022 10 12 4 4.8000 186.0500 0.8000 4.8000 0.0000 161.5167 164.8575 6.5898 0.3814  1226.0250 0.0000 0.0000 0.0000 0.0000 1226.0250
2022 10 12 5 4.8000 188.4800 0.8000 4.8000 0.0000 161.5154 164.8562 6.5897 0.3813  1242.0276 0.0000 0.0000 0.0000 0.0000 1242.0276
2022 10 12 6 4.8000 209.5200 0.8000 4.8000 0.0000 161.5140 164.8548 6.5896 0.3813  1380.6634 0.0000 0.0000 0.0000 0.0000 1380.6634
2022 10 12 7 4.8000 213.0300 0.8000 4.8000 0.0000 161.5126 164.8534 6.5896 0.3813  1403.7810 0.0000 0.0000 0.0000 0.0000 1403.7810
2022 10 12 8 4.8000 218.9800 0.8000 4.8000 0.0000 161.5112 164.8520 6.5895 0.3813  1442.9767 0.0000 0.0000 0.0000 0.0000 1442.9767
2022 10 12 9 4.8000 233.6000 0.8000 4.8000 0.0000 161.5098 164.8506 6.5895 0.3813  1539.3026 0.0000 0.0000 0.0000 0.0000 1539.3026
2022 10 12 10 4.8000 211.0600 0.8000 4.8000 0.0000 161.5084 164.8492 6.5894 0.3813  1390.7635 0.0000 0.0000 0.0000 0.0000 1390.7635
2022 10 12 11 4.8000 201.2700 0.8000 4.8000 0.0000 161.5070 164.8478 6.5894 0.3813  1326.2415 0.0000 0.0000 0.0000 0.0000 1326.2415
2022 10 12 12 4.8000 195.1400 0.8000 4.8000 0.0000 161.5056 164.8464 6.5893 0.3813  1285.8374 0.0000 0.0000 0.0000 0.0000 1285.8374
2022 10 12 13 4.8000 192.6400 0.8000 4.8000 0.0000 161.5042 164.8450 6.5892 0.3813  1269.3529 0.0000 0.0000 0.0000 0.0000 1269.3529
2022 10 12 14 4.8000 194.1400 0.8000 4.8000 0.0000 161.5027 164.8435 6.5892 0.3813  1279.2254 0.0000 0.0000 0.0000 0.0000 1279.2254
2022 10 12 15 4.8000 193.5200 0.8000 4.8000 0.0000 161.5013 164.8421 6.5891 0.3813  1275.1287 0.0000 0.0000 0.0000 0.0000 1275.1287
2022 10 12 16 4.8000 212.2600 0.8000 4.8000 0.0000 161.4998 164.8406 6.5891 0.3813  1398.5964 0.0000 0.0000 0.0000 0.0000 1398.5964
2022 10 12 17 4.8000 213.9600 0.8000 4.8000 0.0000 161.4984 164.8392 6.5890 0.3813  1409.7852 0.0000 0.0000 0.0000 0.0000 1409.7852
2022 10 12 18 4.8000 210.9600 0.8000 4.8000 0.0000 161.4969 164.8377 6.5890 0.3813  1390.0056 0.0000 0.0000 0.0000 0.0000 1390.0056
2022 10 12 19 4.8000 192.8800 0.8000 4.8000 0.0000 161.4954 164.8362 6.5889 0.3813  1270.8657 0.0000 0.0000 0.0000 0.0000 1270.8657
2022 10 12 20 4.8000 191.7300 0.8000 4.8000 0.0000 161.4940 164.8348 6.5888 0.3813  1263.2769 0.0000 0.0000 0.0000 0.0000 1263.2769
2022 10 12 21 4.8000 188.9600 0.8000 4.8000 0.0000 161.4925 164.8333 6.5888 0.3813  1245.0145 0.0000 0.0000 0.0000 0.0000 1245.0145
2022 10 12 22 4.8000 159.1400 0.8000 4.8000 0.0000 161.4910 164.8318 6.5887 0.3813  1048.5276 0.0000 0.0000 0.0000 0.0000 1048.5276
2022 10 12 23 4.8000 179.3000 0.8000 4.8000 0.0000 161.4895 164.8303 6.5887 0.3813  1181.3451 0.0000 0.0000 0.0000 0.0000 1181.3451
2022 10 13 0 4.8000 168.1100 0.8000 4.8000 0.0000 161.4880 164.8288 6.5886 0.3813  1107.6077 0.0000 0.0000 0.0000 0.0000 1107.6077
2022 10 13 1 4.8000 169.5400 0.8000 4.8000 0.0000 161.4865 164.8273 6.5885 0.3813  1117.0189 0.0000 0.0000 0.0000 0.0000 1117.0189
2022 10 13 2 4.8000 179.7400 0.8000 4.8000 0.0000 161.4850 164.8258 6.5885 0.3813  1184.2108 0.0000 0.0000 0.0000 0.0000 1184.2108
2022 10 13 3 4.8000 181.1800 0.8000 4.8000 0.0000 161.4834 164.8242 6.5884 0.3813  1193.6869 0.0000 0.0000 0.0000 0.0000 1193.6869
2022 10 13 4 4.8000 194.6600 0.8000 4.8000 0.0000 161.4819 164.8227 6.5883 0.3813  1282.4866 0.0000 0.0000 0.0000 0.0000 1282.4866
2022 10 13 5 4.8000 216.5500 0.8000 4.8000 0.0000 161.4804 164.8212 6.5883 0.3813  1426.6919 0.0000 0.0000 0.0000 0.0000 1426.6919
2022 10 13 6 4.8000 251.2000 0.8000 4.8000 0.0000 161.4789 164.8197 6.5882 0.3813  1654.9602 0.0000 0.0000 0.0000 0.0000 1654.9602
2022 10 13 7 4.8000 269.5900 0.8000 4.8000 0.0000 161.4774 164.8182 6.5882 0.3813  1776.1009 0.0000 0.0000 0.0000 0.0000 1776.1009
2022 10 13 8 4.8000 268.6000 0.8000 4.8000 0.0000 161.4759 164.8167 6.5881 0.3813  1769.5622 0.0000 0.0000 0.0000 0.0000 1769.5622
2022 10 13 9 4.8000 266.3600 0.8000 4.8000 0.0000 161.4744 164.8152 6.5880 0.3813  1754.7884 0.0000 0.0000 0.0000 0.0000 1754.7884
2022 10 13 10 4.8000 264.9000 0.8000 4.8000 0.0000 161.4729 164.8137 6.5880 0.3812  1745.1537 0.0000 0.0000 0.0000 0.0000 1745.1537
2022 10 13 11 4.8000 260.9200 0.8000 4.8000 0.0000 161.4714 164.8122 6.5879 0.3812  1718.9177 0.0000 0.0000 0.0000 0.0000 1718.9177
2022 10 13 12 4.8000 257.7600 0.8000 4.8000 0.0000 161.4699 164.8107 6.5878 0.3812  1698.0841 0.0000 0.0000 0.0000 0.0000 1698.0841
2022 10 13 13 4.8000 245.6900 0.8000 4.8000 0.0000 161.4683 164.8091 6.5878 0.3812  1618.5536 0.0000 0.0000 0.0000 0.0000 1618.5536
2022 10 13 14 4.8000 236.4000 0.8000 4.8000 0.0000 161.4668 164.8076 6.5877 0.3812  1557.3384 0.0000 0.0000 0.0000 0.0000 1557.3384
2022 10 13 15 4.8000 234.6800 0.8000 4.8000 0.0000 161.4653 164.8061 6.5877 0.3812  1545.9931 0.0000 0.0000 0.0000 0.0000 1545.9931
2022 10 13 16 4.8000 261.7300 0.8000 4.8000 0.0000 161.4638 164.8046 6.5876 0.3812  1724.1733 0.0000 0.0000 0.0000 0.0000 1724.1733
2022 10 13 17 4.8000 270.7500 0.8000 4.8000 0.0000 161.4623 164.8031 6.5875 0.3812  1783.5766 0.0000 0.0000 0.0000 0.0000 1783.5766
2022 10 13 18 4.8000 268.1500 0.8000 4.8000 0.0000 161.4608 164.8016 6.5875 0.3812  1766.4323 0.0000 0.0000 0.0000 0.0000 1766.4323
2022 10 13 19 4.8000 263.5000 0.8000 4.8000 0.0000 161.4592 164.8000 6.5874 0.3812  1735.7841 0.0000 0.0000 0.0000 0.0000 1735.7841
2022 10 13 20 4.8000 246.4800 0.8000 4.8000 0.0000 161.4577 164.7985 6.5874 0.3812  1623.6508 0.0000 0.0000 0.0000 0.0000 1623.6508
2022 10 13 21 4.8000 220.6200 0.8000 4.8000 0.0000 161.4562 164.7970 6.5873 0.3812  1453.2879 0.0000 0.0000 0.0000 0.0000 1453.2879
2022 10 13 22 4.8000 200.5300 0.8000 4.8000 0.0000 161.4546 164.7954 6.5872 0.3812  1320.9366 0.0000 0.0000 0.0000 0.0000 1320.9366
2022 10 13 23 4.8000 208.8300 0.8000 4.8000 0.0000 161.4531 164.7939 6.5872 0.3812  1375.5974 0.0000 0.0000 0.0000 0.0000 1375.5974
2022 10 14 0 4.8000 197.2900 0.8000 4.8000 0.0000 161.4515 164.7923 6.5871 0.3812  1299.5689 0.0000 0.0000 0.0000 0.0000 1299.5689
2022 10 14 1 4.8000 197.2800 0.8000 4.8000 0.0000 161.4499 164.7907 6.5870 0.3812  1299.4904 0.0000 0.0000 0.0000 0.0000 1299.4904
2022 10 14 2 4.8000 200.3200 0.8000 4.8000 0.0000 161.4483 164.7891 6.5870 0.3812  1319.5021 0.0000 0.0000 0.0000 0.0000 1319.5021
2022 10 14 3 4.8000 197.5500 0.8000 4.8000 0.0000 161.4467 164.7875 6.5869 0.3812  1301.2434 0.0000 0.0000 0.0000 0.0000 1301.2434
2022 10 14 4 4.8000 199.2300 0.8000 4.8000 0.0000 161.4452 164.7860 6.5868 0.3812  1312.2964 0.0000 0.0000 0.0000 0.0000 1312.2964
2022 10 14 5 4.8000 200.2800 0.8000 4.8000 0.0000 161.4436 164.7844 6.5868 0.3812  1319.1995 0.0000 0.0000 0.0000 0.0000 1319.1995
2022 10 14 6 4.8000 228.2900 0.8000 4.8000 0.0000 161.4419 164.7827 6.5867 0.3812  1503.6801 0.0000 0.0000 0.0000 0.0000 1503.6801
2022 10 14 7 4.8000 231.4800 0.8000 4.8000 0.0000 161.4403 164.7811 6.5866 0.3812  1524.6765 0.0000 0.0000 0.0000 0.0000 1524.6765
2022 10 14 8 4.8000 267.1400 0.8000 4.8000 0.0000 161.4387 164.7795 6.5866 0.3812  1759.5387 0.0000 0.0000 0.0000 0.0000 1759.5387
2022 10 14 9 4.8000 268.3000 0.8000 4.8000 0.0000 161.4371 164.7779 6.5865 0.3812  1767.1612 0.0000 0.0000 0.0000 0.0000 1767.1612
2022 10 14 10 4.8000 258.6000 0.8000 4.8000 0.0000 161.4355 164.7763 6.5864 0.3812  1703.2549 0.0000 0.0000 0.0000 0.0000 1703.2549
2022 10 14 11 4.8000 227.2000 0.8000 4.8000 0.0000 161.4338 164.7746 6.5864 0.3812  1496.4252 0.0000 0.0000 0.0000 0.0000 1496.4252
2022 10 14 12 4.8000 221.0200 0.8000 4.8000 0.0000 161.4322 164.7730 6.5863 0.3812  1455.7066 0.0000 0.0000 0.0000 0.0000 1455.7066
2022 10 14 13 4.8000 207.6800 0.8000 4.8000 0.0000 161.4305 164.7713 6.5862 0.3811  1367.8311 0.0000 0.0000 0.0000 0.0000 1367.8311
2022 10 14 14 4.8000 188.1700 0.8000 4.8000 0.0000 161.4289 164.7697 6.5862 0.3811  1239.3208 0.0000 0.0000 0.0000 0.0000 1239.3208
2022 10 14 15 4.8000 201.9800 0.8000 4.8000 0.0000 161.4272 164.7680 6.5861 0.3811  1330.2622 0.0000 0.0000 0.0000 0.0000 1330.2622
2022 10 14 16 4.8000 213.1800 0.8000 4.8000 0.0000 161.4255 164.7663 6.5860 0.3811  1404.0121 0.0000 0.0000 0.0000 0.0000 1404.0121
2022 10 14 17 4.8000 245.8800 0.8000 4.8000 0.0000 161.4239 164.7647 6.5860 0.3811  1619.3589 0.0000 0.0000 0.0000 0.0000 1619.3589
2022 10 14 18 4.8000 248.4600 0.8000 4.8000 0.0000 161.4222 164.7630 6.5859 0.3811  1636.3338 0.0000 0.0000 0.0000 0.0000 1636.3338
2022 10 14 19 4.8000 224.9100 0.8000 4.8000 0.0000 161.4205 164.7613 6.5858 0.3811  1481.2204 0.0000 0.0000 0.0000 0.0000 1481.2204
2022 10 14 20 4.8000 205.4800 0.8000 4.8000 0.0000 161.4188 164.7596 6.5858 0.3811  1353.2435 0.0000 0.0000 0.0000 0.0000 1353.2435
2022 10 14 21 4.8000 203.1300 0.8000 4.8000 0.0000 161.4172 164.7580 6.5857 0.3811  1337.7531 0.0000 0.0000 0.0000 0.0000 1337.7531
2022 10 14 22 4.8000 188.8400 0.8000 4.8000 0.0000 161.4155 164.7563 6.5856 0.3811  1243.6305 0.0000 0.0000 0.0000 0.0000 1243.6305
2022 10 14 23 4.8000 192.0200 0.8000 4.8000 0.0000 161.4138 164.7546 6.5856 0.3811  1264.5598 0.0000 0.0000 0.0000 0.0000 1264.5598
2022 10 15 0 4.8000 173.8800 0.8000 4.8000 0.0000 161.4122 164.7530 6.5855 0.3811  1145.0862 0.0000 0.0000 0.0000 0.0000 1145.0862
2022 10 15 1 4.8000 164.3800 0.8000 4.8000 0.0000 161.4107 164.7515 6.5854 0.3811  1082.5137 0.0000 0.0000 0.0000 0.0000 1082.5137
2022 10 15 2 4.8000 149.2600 0.8000 4.8000 0.0000 161.4093 164.7501 6.5854 0.3811  982.9335 0.0000 0.0000 0.0000 0.0000 982.9335
2022 10 15 3 4.8000 144.2700 0.8000 4.8000 0.0000 161.4081 164.7489 6.5853 0.3811  950.0654 0.0000 0.0000 0.0000 0.0000 950.0654
2022 10 15 4 4.8000 137.5300 0.8000 4.8000 0.0000 161.4070 164.7478 6.5853 0.3811  905.6740 0.0000 0.0000 0.0000 0.0000 905.6740
2022 10 15 5 4.8000 148.4000 0.8000 4.8000 0.0000 161.4059 164.7467 6.5852 0.3811  977.2496 0.0000 0.0000 0.0000 0.0000 977.2496
2022 10 15 6 4.8000 159.3200 0.8000 4.8000 0.0000 161.4049 164.7457 6.5852 0.3811  1049.1539 0.0000 0.0000 0.0000 0.0000 1049.1539
2022 10 15 7 4.8000 186.4900 0.8000 4.8000 0.0000 161.4039 164.7447 6.5852 0.3811  1228.0659 0.0000 0.0000 0.0000 0.0000 1228.0659
2022 10 15 8 4.8000 199.1900 0.8000 4.8000 0.0000 161.4028 164.7436 6.5851 0.3811  1311.6891 0.0000 0.0000 0.0000 0.0000 1311.6891
2022 10 15 9 4.8000 185.0200 0.8000 4.8000 0.0000 161.4018 164.7426 6.5851 0.3811  1218.3703 0.0000 0.0000 0.0000 0.0000 1218.3703
2022 10 15 10 4.8000 160.5400 0.8000 4.8000 0.0000 161.4008 164.7416 6.5850 0.3811  1057.1608 0.0000 0.0000 0.0000 0.0000 1057.1608
2022 10 15 11 4.8000 153.9000 0.8000 4.8000 0.0000 161.3997 164.7405 6.5850 0.3811  1013.4296 0.0000 0.0000 0.0000 0.0000 1013.4296
2022 10 15 12 4.8000 144.7800 0.8000 4.8000 0.0000 161.3986 164.7394 6.5849 0.3811  953.3682 0.0000 0.0000 0.0000 0.0000 953.3682
2022 10 15 13 4.8000 126.4100 0.8000 4.8000 0.0000 161.3975 164.7383 6.5849 0.3811  832.3970 0.0000 0.0000 0.0000 0.0000 832.3970
2022 10 15 14 4.8000 127.4400 0.8000 4.8000 0.0000 161.3964 164.7372 6.5849 0.3811  839.1735 0.0000 0.0000 0.0000 0.0000 839.1735
2022 10 15 15 4.8000 141.7700 0.8000 4.8000 0.0000 161.3952 164.7360 6.5848 0.3811  933.5277 0.0000 0.0000 0.0000 0.0000 933.5277
2022 10 15 16 4.8000 169.3200 0.8000 4.8000 0.0000 161.3940 164.7348 6.5848 0.3811  1114.9308 0.0000 0.0000 0.0000 0.0000 1114.9308
2022 10 15 17 4.8000 185.0800 0.8000 4.8000 0.0000 161.3928 164.7336 6.5847 0.3811  1218.6974 0.0000 0.0000 0.0000 0.0000 1218.6974
2022 10 15 18 4.8000 190.4600 0.8000 4.8000 0.0000 161.3916 164.7324 6.5847 0.3811  1254.1140 0.0000 0.0000 0.0000 0.0000 1254.1140
2022 10 15 19 4.8000 157.9300 0.8000 4.8000 0.0000 161.3905 164.7313 6.5846 0.3811  1039.9078 0.0000 0.0000 0.0000 0.0000 1039.9078
2022 10 15 20 4.8000 143.2900 0.8000 4.8000 0.0000 161.3895 164.7303 6.5846 0.3811  943.5031 0.0000 0.0000 0.0000 0.0000 943.5031
2022 10 15 21 4.8000 144.4600 0.8000 4.8000 0.0000 161.3885 164.7293 6.5845 0.3810  951.2014 0.0000 0.0000 0.0000 0.0000 951.2014
2022 10 15 22 4.8000 136.9800 0.8000 4.8000 0.0000 161.3876 164.7284 6.5845 0.3810  901.9438 0.0000 0.0000 0.0000 0.0000 901.9438
2022 10 15 23 4.8000 81.8400 0.8000 4.8000 0.0000 161.3867 164.7275 6.5845 0.3810  538.8718 0.0000 0.0000 0.0000 0.0000 538.8718
2022 10 16 0 4.8000 72.4500 0.8000 4.8000 0.0000 161.3857 164.7265 6.5844 0.3810  477.0410 0.0000 0.0000 0.0000 0.0000 477.0410
2022 10 16 1 4.8000 70.4100 0.8000 4.8000 0.0000 161.3848 164.7256 6.5844 0.3810  463.6062 0.0000 0.0000 0.0000 0.0000 463.6062
2022 10 16 2 4.8000 74.0900 0.8000 4.8000 0.0000 161.3839 164.7247 6.5843 0.3810  487.8339 0.0000 0.0000 0.0000 0.0000 487.8339
2022 10 16 3 4.8000 84.4200 0.8000 4.8000 0.0000 161.3830 164.7238 6.5843 0.3810  555.8470 0.0000 0.0000 0.0000 0.0000 555.8470
2022 10 16 4 4.8000 80.6100 0.8000 4.8000 0.0000 161.3820 164.7228 6.5843 0.3810  530.7577 0.0000 0.0000 0.0000 0.0000 530.7577
2022 10 16 5 4.8000 76.1900 0.8000 4.8000 0.0000 161.3811 164.7219 6.5842 0.3810  501.6523 0.0000 0.0000 0.0000 0.0000 501.6523
2022 10 16 6 4.8000 81.0400 0.8000 4.8000 0.0000 161.3801 164.7209 6.5842 0.3810  533.5826 0.0000 0.0000 0.0000 0.0000 533.5826
2022 10 16 7 4.8000 93.2500 0.8000 4.8000 0.0000 161.3791 164.7199 6.5841 0.3810  613.9717 0.0000 0.0000 0.0000 0.0000 613.9717
2022 10 16 8 4.8000 90.7000 0.8000 4.8000 0.0000 161.3781 164.7189 6.5841 0.3810  597.1785 0.0000 0.0000 0.0000 0.0000 597.1785
2022 10 16 9 4.8000 80.3600 0.8000 4.8000 0.0000 161.3771 164.7179 6.5841 0.3810  529.0955 0.0000 0.0000 0.0000 0.0000 529.0955
2022 10 16 10 4.8000 89.8900 0.8000 4.8000 0.0000 161.3761 164.7169 6.5840 0.3810  591.8380 0.0000 0.0000 0.0000 0.0000 591.8380
2022 10 16 11 4.8000 114.0600 0.8000 4.8000 0.0000 161.3751 164.7159 6.5840 0.3810  750.9693 0.0000 0.0000 0.0000 0.0000 750.9693
2022 10 16 12 4.8000 117.9700 0.8000 4.8000 0.0000 161.3742 164.7150 6.5839 0.3810  776.7081 0.0000 0.0000 0.0000 0.0000 776.7081
2022 10 16 13 4.8000 113.5800 0.8000 4.8000 0.0000 161.3733 164.7141 6.5839 0.3810  747.8005 0.0000 0.0000 0.0000 0.0000 747.8005
2022 10 16 14 4.8000 100.1400 0.8000 4.8000 0.0000 161.3725 164.7133 6.5839 0.3810  659.3093 0.0000 0.0000 0.0000 0.0000 659.3093
2022 10 16 15 4.8000 120.3600 0.8000 4.8000 0.0000 161.3717 164.7125 6.5838 0.3810  792.4313 0.0000 0.0000 0.0000 0.0000 792.4313
2022 10 16 16 4.8000 131.0700 0.8000 4.8000 0.0000 161.3709 164.7117 6.5838 0.3810  862.9402 0.0000 0.0000 0.0000 0.0000 862.9402
2022 10 16 17 4.8000 181.6100 0.8000 4.8000 0.0000 161.3701 164.7109 6.5838 0.3810  1195.6804 0.0000 0.0000 0.0000 0.0000 1195.6804
2022 10 16 18 4.8000 195.9800 0.8000 4.8000 0.0000 161.3694 164.7102 6.5838 0.3810  1290.2835 0.0000 0.0000 0.0000 0.0000 1290.2835
2022 10 16 19 4.8000 181.2600 0.8000 4.8000 0.0000 161.3687 164.7095 6.5837 0.3810  1193.3653 0.0000 0.0000 0.0000 0.0000 1193.3653
2022 10 16 20 4.8000 150.1800 0.8000 4.8000 0.0000 161.3680 164.7088 6.5837 0.3810  988.7387 0.0000 0.0000 0.0000 0.0000 988.7387
2022 10 16 21 4.8000 140.8800 0.8000 4.8000 0.0000 161.3672 164.7080 6.5837 0.3810  927.5063 0.0000 0.0000 0.0000 0.0000 927.5063
2022 10 16 22 4.8000 139.4000 0.8000 4.8000 0.0000 161.3665 164.7073 6.5836 0.3810  917.7581 0.0000 0.0000 0.0000 0.0000 917.7581
2022 10 16 23 4.8000 137.1900 0.8000 4.8000 0.0000 161.3657 164.7065 6.5836 0.3810  903.2041 0.0000 0.0000 0.0000 0.0000 903.2041
2022 10 17 0 4.8000 122.0800 0.8000 4.8000 0.0000 161.3649 164.7057 6.5836 0.3810  803.7220 0.0000 0.0000 0.0000 0.0000 803.7220
2022 10 17 1 4.8000 109.4600 0.8000 4.8000 0.0000 161.3641 164.7049 6.5835 0.3810  720.6338 0.0000 0.0000 0.0000 0.0000 720.6338
2022 10 17 2 4.8000 92.8700 0.8000 4.8000 0.0000 161.3633 164.7041 6.5835 0.3810  611.4099 0.0000 0.0000 0.0000 0.0000 611.4099
2022 10 17 3 4.8000 89.2400 0.8000 4.8000 0.0000 161.3625 164.7033 6.5835 0.3810  587.5087 0.0000 0.0000 0.0000 0.0000 587.5087
2022 10 17 4 4.8000 112.3500 0.8000 4.8000 0.0000 161.3616 164.7024 6.5834 0.3810  739.6487 0.0000 0.0000 0.0000 0.0000 739.6487
2022 10 17 5 4.8000 133.9400 0.8000 4.8000 0.0000 161.3608 164.7016 6.5834 0.3810  881.7803 0.0000 0.0000 0.0000 0.0000 881.7803
2022 10 17 6 4.8000 159.2600 0.8000 4.8000 0.0000 161.3599 164.7007 6.5834 0.3810  1048.4661 0.0000 0.0000 0.0000 0.0000 1048.4661
2022 10 17 7 4.8000 183.1300 0.8000 4.8000 0.0000 161.3589 164.6997 6.5833 0.3810  1205.6042 0.0000 0.0000 0.0000 0.0000 1205.6042
2022 10 17 8 4.8000 161.8900 0.8000 4.8000 0.0000 161.3580 164.6988 6.5833 0.3810  1065.7682 0.0000 0.0000 0.0000 0.0000 1065.7682
2022 10 17 9 4.8000 137.1900 0.8000 4.8000 0.0000 161.3571 164.6979 6.5832 0.3810  903.1557 0.0000 0.0000 0.0000 0.0000 903.1557
2022 10 17 10 4.8000 137.8400 0.8000 4.8000 0.0000 161.3561 164.6969 6.5832 0.3810  907.4293 0.0000 0.0000 0.0000 0.0000 907.4293
2022 10 17 11 4.8000 125.3500 0.8000 4.8000 0.0000 161.3551 164.6959 6.5832 0.3810  825.2000 0.0000 0.0000 0.0000 0.0000 825.2000
2022 10 17 12 4.8000 125.7700 0.8000 4.8000 0.0000 161.3541 164.6949 6.5831 0.3810  827.9597 0.0000 0.0000 0.0000 0.0000 827.9597
2022 10 17 13 4.8000 131.8000 0.8000 4.8000 0.0000 161.3531 164.6939 6.5831 0.3810  867.6505 0.0000 0.0000 0.0000 0.0000 867.6505
2022 10 17 14 4.8000 146.5900 0.8000 4.8000 0.0000 161.3520 164.6928 6.5830 0.3810  965.0081 0.0000 0.0000 0.0000 0.0000 965.0081
2022 10 17 15 4.8000 173.6400 0.8000 4.8000 0.0000 161.3510 164.6918 6.5830 0.3810  1143.0720 0.0000 0.0000 0.0000 0.0000 1143.0720
2022 10 17 16 4.8000 185.5200 0.8000 4.8000 0.0000 161.3499 164.6907 6.5830 0.3810  1221.2702 0.0000 0.0000 0.0000 0.0000 1221.2702
2022 10 17 17 4.8000 186.2000 0.8000 4.8000 0.0000 161.3489 164.6897 6.5829 0.3810  1225.7387 0.0000 0.0000 0.0000 0.0000 1225.7387
2022 10 17 18 4.8000 187.5200 0.8000 4.8000 0.0000 161.3479 164.6887 6.5829 0.3810  1234.4203 0.0000 0.0000 0.0000 0.0000 1234.4203
2022 10 17 19 4.8000 190.5500 0.8000 4.8000 0.0000 161.3468 164.6876 6.5828 0.3810  1254.3583 0.0000 0.0000 0.0000 0.0000 1254.3583
2022 10 17 20 4.8000 165.8300 0.8000 4.8000 0.0000 161.3458 164.6866 6.5828 0.3809  1091.6238 0.0000 0.0000 0.0000 0.0000 1091.6238
2022 10 17 21 4.8000 163.6300 0.8000 4.8000 0.0000 161.3448 164.6856 6.5827 0.3809  1077.1349 0.0000 0.0000 0.0000 0.0000 1077.1349
2022 10 17 22 4.8000 145.8900 0.8000 4.8000 0.0000 161.3438 164.6846 6.5827 0.3809  960.3508 0.0000 0.0000 0.0000 0.0000 960.3508
2022 10 17 23 4.8000 141.6500 0.8000 4.8000 0.0000 161.3427 164.6835 6.5827 0.3809  932.4342 0.0000 0.0000 0.0000 0.0000 932.4342
2022 10 18 0 4.8000 135.8300 0.8000 4.8000 0.0000 161.3417 164.6825 6.5826 0.3809  894.1175 0.0000 0.0000 0.0000 0.0000 894.1175
2022 10 18 1 4.8000 140.4700 0.8000 4.8000 0.0000 161.3407 164.6815 6.5826 0.3809  924.6549 0.0000 0.0000 0.0000 0.0000 924.6549
2022 10 18 2 4.8000 140.0500 0.8000 4.8000 0.0000 161.3397 164.6805 6.5825 0.3809  921.8844 0.0000 0.0000 0.0000 0.0000 921.8844
2022 10 18 3 4.8000 140.0900 0.8000 4.8000 0.0000 161.3386 164.6794 6.5825 0.3809  922.1417 0.0000 0.0000 0.0000 0.0000 922.1417
2022 10 18 4 4.8000 144.1500 0.8000 4.8000 0.0000 161.3376 164.6784 6.5825 0.3809  948.8605 0.0000 0.0000 0.0000 0.0000 948.8605
2022 10 18 5 4.8000 150.2300 0.8000 4.8000 0.0000 161.3365 164.6773 6.5824 0.3809  988.8755 0.0000 0.0000 0.0000 0.0000 988.8755
2022 10 18 6 4.8000 181.4600 0.8000 4.8000 0.0000 161.3355 164.6763 6.5824 0.3809  1194.4365 0.0000 0.0000 0.0000 0.0000 1194.4365
2022 10 18 7 4.8000 224.2200 0.8000 4.8000 0.0000 161.3345 164.6753 6.5823 0.3809  1475.8890 0.0000 0.0000 0.0000 0.0000 1475.8890
2022 10 18 8 4.8000 204.1500 0.8000 4.8000 0.0000 161.3334 164.6742 6.5823 0.3809  1343.7730 0.0000 0.0000 0.0000 0.0000 1343.7730
2022 10 18 9 4.8000 193.5100 0.8000 4.8000 0.0000 161.3324 164.6732 6.5822 0.3809  1273.7293 0.0000 0.0000 0.0000 0.0000 1273.7293
2022 10 18 10 4.8000 180.3500 0.8000 4.8000 0.0000 161.3314 164.6722 6.5822 0.3809  1187.0995 0.0000 0.0000 0.0000 0.0000 1187.0995
2022 10 18 11 4.8000 134.4600 0.8000 4.8000 0.0000 161.3303 164.6711 6.5822 0.3809  885.0368 0.0000 0.0000 0.0000 0.0000 885.0368
2022 10 18 12 4.8000 143.2500 0.8000 4.8000 0.0000 161.3293 164.6701 6.5821 0.3809  942.8879 0.0000 0.0000 0.0000 0.0000 942.8879
2022 10 18 13 4.8000 126.1500 0.8000 4.8000 0.0000 161.3283 164.6691 6.5821 0.3809  830.3284 0.0000 0.0000 0.0000 0.0000 830.3284
2022 10 18 14 4.8000 139.8200 0.8000 4.8000 0.0000 161.3272 164.6680 6.5820 0.3809  920.2995 0.0000 0.0000 0.0000 0.0000 920.2995
2022 10 18 15 4.8000 159.1400 0.8000 4.8000 0.0000 161.3262 164.6670 6.5820 0.3809  1047.4576 0.0000 0.0000 0.0000 0.0000 1047.4576
2022 10 18 16 4.8000 189.0700 0.8000 4.8000 0.0000 161.3252 164.6660 6.5819 0.3809  1244.4486 0.0000 0.0000 0.0000 0.0000 1244.4486
2022 10 18 17 4.8000 203.0900 0.8000 4.8000 0.0000 161.3241 164.6649 6.5819 0.3809  1336.7188 0.0000 0.0000 0.0000 0.0000 1336.7188
2022 10 18 18 4.8000 195.7600 0.8000 4.8000 0.0000 161.3231 164.6639 6.5819 0.3809  1288.4650 0.0000 0.0000 0.0000 0.0000 1288.4650
2022 10 18 19 4.8000 189.7800 0.8000 4.8000 0.0000 161.3220 164.6628 6.5818 0.3809  1249.0973 0.0000 0.0000 0.0000 0.0000 1249.0973
2022 10 18 20 4.8000 166.3300 0.8000 4.8000 0.0000 161.3209 164.6617 6.5818 0.3809  1094.7464 0.0000 0.0000 0.0000 0.0000 1094.7464
2022 10 18 21 4.8000 163.6000 0.8000 4.8000 0.0000 161.3199 164.6607 6.5817 0.3809  1076.7710 0.0000 0.0000 0.0000 0.0000 1076.7710
2022 10 18 22 4.8000 154.2100 0.8000 4.8000 0.0000 161.3188 164.6596 6.5817 0.3809  1014.9617 0.0000 0.0000 0.0000 0.0000 1014.9617
2022 10 18 23 4.8000 132.4800 0.8000 4.8000 0.0000 161.3177 164.6585 6.5816 0.3809  871.9356 0.0000 0.0000 0.0000 0.0000 871.9356
2022 10 19 0 4.8000 125.9900 0.8000 4.8000 0.0000 161.3165 164.6573 6.5816 0.3809  829.2151 0.0000 0.0000 0.0000 0.0000 829.2151
2022 10 19 1 4.8000 122.2000 0.8000 4.8000 0.0000 161.3154 164.6562 6.5815 0.3809  804.2652 0.0000 0.0000 0.0000 0.0000 804.2652
2022 10 19 2 4.8000 125.9300 0.8000 4.8000 0.0000 161.3143 164.6551 6.5815 0.3809  828.8085 0.0000 0.0000 0.0000 0.0000 828.8085
2022 10 19 3 4.8000 134.0400 0.8000 4.8000 0.0000 161.3131 164.6539 6.5815 0.3809  882.1782 0.0000 0.0000 0.0000 0.0000 882.1782
2022 10 19 4 4.8000 149.5700 0.8000 4.8000 0.0000 161.3120 164.6528 6.5814 0.3809  984.3811 0.0000 0.0000 0.0000 0.0000 984.3811
2022 10 19 5 4.8000 162.9300 0.8000 4.8000 0.0000 161.3108 164.6516 6.5814 0.3809  1072.3008 0.0000 0.0000 0.0000 0.0000 1072.3008
2022 10 19 6 4.8000 192.5700 0.8000 4.8000 0.0000 161.3096 164.6504 6.5813 0.3809  1267.3631 0.0000 0.0000 0.0000 0.0000 1267.3631
2022 10 19 7 4.8000 207.3200 0.8000 4.8000 0.0000 161.3084 164.6492 6.5813 0.3809  1364.4273 0.0000 0.0000 0.0000 0.0000 1364.4273
2022 10 19 8 4.8000 202.6000 0.8000 4.8000 0.0000 161.3072 164.6480 6.5812 0.3809  1333.3538 0.0000 0.0000 0.0000 0.0000 1333.3538
2022 10 19 9 4.8000 188.9100 0.8000 4.8000 0.0000 161.3060 164.6468 6.5812 0.3809  1243.2476 0.0000 0.0000 0.0000 0.0000 1243.2476
2022 10 19 10 4.8000 175.4400 0.8000 4.8000 0.0000 161.3048 164.6456 6.5811 0.3809  1154.5905 0.0000 0.0000 0.0000 0.0000 1154.5905
2022 10 19 11 4.8000 154.7400 0.8000 4.8000 0.0000 161.3035 164.6443 6.5811 0.3808  1018.3537 0.0000 0.0000 0.0000 0.0000 1018.3537
2022 10 19 12 4.8000 150.2400 0.8000 4.8000 0.0000 161.3023 164.6431 6.5810 0.3808  988.7313 0.0000 0.0000 0.0000 0.0000 988.7313
2022 10 19 13 4.8000 144.4400 0.8000 4.8000 0.0000 161.3010 164.6418 6.5810 0.3808  950.5540 0.0000 0.0000 0.0000 0.0000 950.5540
2022 10 19 14 4.8000 153.3400 0.8000 4.8000 0.0000 161.2998 164.6406 6.5809 0.3808  1009.1166 0.0000 0.0000 0.0000 0.0000 1009.1166
2022 10 19 15 4.8000 171.2500 0.8000 4.8000 0.0000 161.2985 164.6393 6.5809 0.3808  1126.9718 0.0000 0.0000 0.0000 0.0000 1126.9718
2022 10 19 16 4.8000 186.9500 0.8000 4.8000 0.0000 161.2972 164.6380 6.5808 0.3808  1230.2815 0.0000 0.0000 0.0000 0.0000 1230.2815
2022 10 19 17 4.8000 183.5600 0.8000 4.8000 0.0000 161.2959 164.6367 6.5808 0.3808  1207.9629 0.0000 0.0000 0.0000 0.0000 1207.9629
2022 10 19 18 4.8000 175.2900 0.8000 4.8000 0.0000 161.2946 164.6354 6.5807 0.3808  1153.5307 0.0000 0.0000 0.0000 0.0000 1153.5307
2022 10 19 19 4.8000 163.3600 0.8000 4.8000 0.0000 161.2933 164.6341 6.5806 0.3808  1075.0142 0.0000 0.0000 0.0000 0.0000 1075.0142
2022 10 19 20 4.8000 151.6000 0.8000 4.8000 0.0000 161.2920 164.6328 6.5806 0.3808  997.6177 0.0000 0.0000 0.0000 0.0000 997.6177
2022 10 19 21 4.8000 149.1100 0.8000 4.8000 0.0000 161.2906 164.6314 6.5805 0.3808  981.2239 0.0000 0.0000 0.0000 0.0000 981.2239
2022 10 19 22 4.8000 133.0000 0.8000 4.8000 0.0000 161.2893 164.6301 6.5805 0.3808  875.2042 0.0000 0.0000 0.0000 0.0000 875.2042
2022 10 19 23 4.8000 128.4400 0.8000 4.8000 0.0000 161.2880 164.6288 6.5804 0.3808  845.1901 0.0000 0.0000 0.0000 0.0000 845.1901
2022 10 20 0 4.8000 116.2000 0.8000 4.8000 0.0000 161.2866 164.6274 6.5804 0.3808  764.6392 0.0000 0.0000 0.0000 0.0000 764.6392
2022 10 20 1 4.8000 80.4300 0.8000 4.8000 0.0000 161.2852 164.6260 6.5803 0.3808  529.2548 0.0000 0.0000 0.0000 0.0000 529.2548
2022 10 20 2 4.8000 79.0100 0.8000 4.8000 0.0000 161.2838 164.6246 6.5803 0.3808  519.9064 0.0000 0.0000 0.0000 0.0000 519.9064
2022 10 20 3 4.8000 74.8000 0.8000 4.8000 0.0000 161.2825 164.6233 6.5802 0.3808  492.1992 0.0000 0.0000 0.0000 0.0000 492.1992
2022 10 20 4 4.8000 113.3700 0.8000 4.8000 0.0000 161.2811 164.6219 6.5801 0.3808  745.9912 0.0000 0.0000 0.0000 0.0000 745.9912
2022 10 20 5 4.8000 151.6700 0.8000 4.8000 0.0000 161.2796 164.6204 6.5801 0.3808  998.0021 0.0000 0.0000 0.0000 0.0000 998.0021
2022 10 20 6 4.8000 173.5200 0.8000 4.8000 0.0000 161.2782 164.6190 6.5800 0.3808  1141.7670 0.0000 0.0000 0.0000 0.0000 1141.7670
2022 10 20 7 4.8000 187.5100 0.8000 4.8000 0.0000 161.2768 164.6176 6.5800 0.3808  1233.8107 0.0000 0.0000 0.0000 0.0000 1233.8107
2022 10 20 8 4.8000 174.2400 0.8000 4.8000 0.0000 161.2754 164.6162 6.5799 0.3808  1146.4843 0.0000 0.0000 0.0000 0.0000 1146.4843
2022 10 20 9 4.8000 173.9900 0.8000 4.8000 0.0000 161.2739 164.6147 6.5799 0.3808  1144.8291 0.0000 0.0000 0.0000 0.0000 1144.8291
2022 10 20 10 4.8000 161.0300 0.8000 4.8000 0.0000 161.2725 164.6133 6.5798 0.3808  1059.5446 0.0000 0.0000 0.0000 0.0000 1059.5446
2022 10 20 11 4.8000 137.9900 0.8000 4.8000 0.0000 161.2710 164.6118 6.5797 0.3808  907.9379 0.0000 0.0000 0.0000 0.0000 907.9379
2022 10 20 12 4.8000 134.9900 0.8000 4.8000 0.0000 161.2695 164.6103 6.5797 0.3808  888.1906 0.0000 0.0000 0.0000 0.0000 888.1906
2022 10 20 13 4.8000 135.1900 0.8000 4.8000 0.0000 161.2681 164.6089 6.5796 0.3808  889.4983 0.0000 0.0000 0.0000 0.0000 889.4983
2022 10 20 14 4.8000 139.6000 0.8000 4.8000 0.0000 161.2666 164.6074 6.5796 0.3808  918.5060 0.0000 0.0000 0.0000 0.0000 918.5060
2022 10 20 15 4.8000 150.1900 0.8000 4.8000 0.0000 161.2651 164.6059 6.5795 0.3808  988.1743 0.0000 0.0000 0.0000 0.0000 988.1743
2022 10 20 16 4.8000 170.5400 0.8000 4.8000 0.0000 161.2636 164.6044 6.5794 0.3808  1122.0565 0.0000 0.0000 0.0000 0.0000 1122.0565
2022 10 20 17 4.8000 178.9400 0.8000 4.8000 0.0000 161.2621 164.6029 6.5794 0.3808  1177.3128 0.0000 0.0000 0.0000 0.0000 1177.3128
2022 10 20 18 4.8000 183.6400 0.8000 4.8000 0.0000 161.2606 164.6014 6.5793 0.3807  1208.2245 0.0000 0.0000 0.0000 0.0000 1208.2245
2022 10 20 19 4.8000 159.7600 0.8000 4.8000 0.0000 161.2590 164.5998 6.5792 0.3807  1051.1007 0.0000 0.0000 0.0000 0.0000 1051.1007
2022 10 20 20 4.8000 142.4900 0.8000 4.8000 0.0000 161.2575 164.5983 6.5792 0.3807  937.4682 0.0000 0.0000 0.0000 0.0000 937.4682
2022 10 20 21 4.8000 133.6800 0.8000 4.8000 0.0000 161.2560 164.5968 6.5791 0.3807  879.4972 0.0000 0.0000 0.0000 0.0000 879.4972
2022 10 20 22 4.8000 124.9900 0.8000 4.8000 0.0000 161.2544 164.5952 6.5791 0.3807  822.3168 0.0000 0.0000 0.0000 0.0000 822.3168
2022 10 20 23 4.8000 132.9100 0.8000 4.8000 0.0000 161.2529 164.5937 6.5790 0.3807  874.4146 0.0000 0.0000 0.0000 0.0000 874.4146
2022 10 21 0 4.8000 121.1300 0.8000 4.8000 0.0000 161.2514 164.5922 6.5789 0.3807  796.9063 0.0000 0.0000 0.0000 0.0000 796.9063
2022 10 21 1 4.8000 117.7000 0.8000 4.8000 0.0000 161.2498 164.5906 6.5789 0.3807  774.3331 0.0000 0.0000 0.0000 0.0000 774.3331
2022 10 21 2 4.8000 114.0500 0.8000 4.8000 0.0000 161.2483 164.5891 6.5788 0.3807  750.3131 0.0000 0.0000 0.0000 0.0000 750.3131
2022 10 21 3 4.8000 120.1500 0.8000 4.8000 0.0000 161.2467 164.5875 6.5787 0.3807  790.4361 0.0000 0.0000 0.0000 0.0000 790.4361
2022 10 21 4 4.8000 134.8700 0.8000 4.8000 0.0000 161.2451 164.5859 6.5787 0.3807  887.2665 0.0000 0.0000 0.0000 0.0000 887.2665
2022 10 21 5 4.8000 155.8800 0.8000 4.8000 0.0000 161.2435 164.5843 6.5786 0.3807  1025.4746 0.0000 0.0000 0.0000 0.0000 1025.4746
2022 10 21 6 4.8000 179.8100 0.8000 4.8000 0.0000 161.2420 164.5828 6.5786 0.3807  1182.8892 0.0000 0.0000 0.0000 0.0000 1182.8892
2022 10 21 7 4.8000 193.8900 0.8000 4.8000 0.0000 161.2404 164.5812 6.5785 0.3807  1275.5027 0.0000 0.0000 0.0000 0.0000 1275.5027
2022 10 21 8 4.8000 195.9600 0.8000 4.8000 0.0000 161.2388 164.5796 6.5784 0.3807  1289.1074 0.0000 0.0000 0.0000 0.0000 1289.1074
2022 10 21 9 4.8000 182.9800 0.8000 4.8000 0.0000 161.2372 164.5780 6.5784 0.3807  1203.7075 0.0000 0.0000 0.0000 0.0000 1203.7075
2022 10 21 10 4.8000 179.1800 0.8000 4.8000 0.0000 161.2356 164.5764 6.5783 0.3807  1178.6980 0.0000 0.0000 0.0000 0.0000 1178.6980
2022 10 21 11 4.8000 168.8000 0.8000 4.8000 0.0000 161.2340 164.5748 6.5782 0.3807  1110.4044 0.0000 0.0000 0.0000 0.0000 1110.4044
2022 10 21 12 4.8000 165.8800 0.8000 4.8000 0.0000 161.2323 164.5731 6.5782 0.3807  1091.1851 0.0000 0.0000 0.0000 0.0000 1091.1851
2022 10 21 13 4.8000 162.9600 0.8000 4.8000 0.0000 161.2307 164.5715 6.5781 0.3807  1071.9661 0.0000 0.0000 0.0000 0.0000 1071.9661
2022 10 21 14 4.8000 159.7900 0.8000 4.8000 0.0000 161.2291 164.5699 6.5780 0.3807  1051.1029 0.0000 0.0000 0.0000 0.0000 1051.1029
2022 10 21 15 4.8000 164.4300 0.8000 4.8000 0.0000 161.2275 164.5683 6.5780 0.3807  1081.6140 0.0000 0.0000 0.0000 0.0000 1081.6140
2022 10 21 16 4.8000 173.7300 0.8000 4.8000 0.0000 161.2259 164.5667 6.5779 0.3807  1142.7776 0.0000 0.0000 0.0000 0.0000 1142.7776
2022 10 21 17 4.8000 176.2900 0.8000 4.8000 0.0000 161.2242 164.5650 6.5778 0.3807  1159.6052 0.0000 0.0000 0.0000 0.0000 1159.6052
2022 10 21 18 4.8000 161.5800 0.8000 4.8000 0.0000 161.2226 164.5634 6.5778 0.3807  1062.8346 0.0000 0.0000 0.0000 0.0000 1062.8346
2022 10 21 19 4.8000 150.1600 0.8000 4.8000 0.0000 161.2209 164.5617 6.5777 0.3807  987.7065 0.0000 0.0000 0.0000 0.0000 987.7065
2022 10 21 20 4.8000 152.4500 0.8000 4.8000 0.0000 161.2193 164.5601 6.5776 0.3806  1002.7592 0.0000 0.0000 0.0000 0.0000 1002.7592
2022 10 21 21 4.8000 154.1400 0.8000 4.8000 0.0000 161.2177 164.5585 6.5776 0.3806  1013.8650 0.0000 0.0000 0.0000 0.0000 1013.8650
2022 10 21 22 4.8000 144.4900 0.8000 4.8000 0.0000 161.2160 164.5568 6.5775 0.3806  950.3819 0.0000 0.0000 0.0000 0.0000 950.3819
2022 10 21 23 4.8000 149.1900 0.8000 4.8000 0.0000 161.2143 164.5551 6.5774 0.3806  981.2860 0.0000 0.0000 0.0000 0.0000 981.2860
2022 10 22 0 4.8000 134.2800 0.8000 4.8000 0.0000 161.2127 164.5535 6.5774 0.3806  883.2075 0.0000 0.0000 0.0000 0.0000 883.2075
2022 10 22 1 4.8000 130.5100 0.8000 4.8000 0.0000 161.2110 164.5518 6.5773 0.3806  858.4019 0.0000 0.0000 0.0000 0.0000 858.4019
2022 10 22 2 4.8000 134.0100 0.8000 4.8000 0.0000 161.2093 164.5502 6.5772 0.3806  881.4133 0.0000 0.0000 0.0000 0.0000 881.4133
2022 10 22 3 4.8000 134.2600 0.8000 4.8000 0.0000 161.2077 164.5485 6.5772 0.3806  883.0485 0.0000 0.0000 0.0000 0.0000 883.0485
2022 10 22 4 4.8000 136.4500 0.8000 4.8000 0.0000 161.2060 164.5468 6.5771 0.3806  897.4431 0.0000 0.0000 0.0000 0.0000 897.4431
2022 10 22 5 4.8000 135.3400 0.8000 4.8000 0.0000 161.2043 164.5451 6.5770 0.3806  890.1333 0.0000 0.0000 0.0000 0.0000 890.1333
2022 10 22 6 4.8000 142.5200 0.8000 4.8000 0.0000 161.2026 164.5434 6.5769 0.3806  937.3465 0.0000 0.0000 0.0000 0.0000 937.3465
2022 10 22 7 4.8000 146.7000 0.8000 4.8000 0.0000 161.2009 164.5417 6.5769 0.3806  964.8280 0.0000 0.0000 0.0000 0.0000 964.8280
2022 10 22 8 4.8000 148.0300 0.8000 4.8000 0.0000 161.1993 164.5401 6.5768 0.3806  973.5650 0.0000 0.0000 0.0000 0.0000 973.5650
2022 10 22 9 4.8000 145.8500 0.8000 4.8000 0.0000 161.1976 164.5384 6.5767 0.3806  959.2175 0.0000 0.0000 0.0000 0.0000 959.2175
2022 10 22 10 4.8000 137.8700 0.8000 4.8000 0.0000 161.1959 164.5367 6.5767 0.3806  906.7255 0.0000 0.0000 0.0000 0.0000 906.7255
2022 10 22 11 4.8000 134.5200 0.8000 4.8000 0.0000 161.1942 164.5350 6.5766 0.3806  884.6843 0.0000 0.0000 0.0000 0.0000 884.6843
2022 10 22 12 4.8000 126.2200 0.8000 4.8000 0.0000 161.1924 164.5332 6.5765 0.3806  830.0897 0.0000 0.0000 0.0000 0.0000 830.0897
2022 10 22 13 4.8000 119.6400 0.8000 4.8000 0.0000 161.1907 164.5315 6.5765 0.3806  786.8078 0.0000 0.0000 0.0000 0.0000 786.8078
2022 10 22 14 4.8000 121.6700 0.8000 4.8000 0.0000 161.1890 164.5298 6.5764 0.3806  800.1495 0.0000 0.0000 0.0000 0.0000 800.1495
2022 10 22 15 4.8000 141.4300 0.8000 4.8000 0.0000 161.1873 164.5281 6.5763 0.3806  930.0890 0.0000 0.0000 0.0000 0.0000 930.0890
2022 10 22 16 4.8000 161.3200 0.8000 4.8000 0.0000 161.1856 164.5264 6.5763 0.3806  1060.8809 0.0000 0.0000 0.0000 0.0000 1060.8809
2022 10 22 17 4.8000 180.8100 0.8000 4.8000 0.0000 161.1839 164.5247 6.5762 0.3806  1189.0394 0.0000 0.0000 0.0000 0.0000 1189.0394
2022 10 22 18 4.8000 184.9500 0.8000 4.8000 0.0000 161.1822 164.5230 6.5761 0.3806  1216.2519 0.0000 0.0000 0.0000 0.0000 1216.2519
2022 10 22 19 4.8000 165.1100 0.8000 4.8000 0.0000 161.1805 164.5213 6.5760 0.3806  1085.7705 0.0000 0.0000 0.0000 0.0000 1085.7705
2022 10 22 20 4.8000 146.1200 0.8000 4.8000 0.0000 161.1788 164.5196 6.5760 0.3806  960.8813 0.0000 0.0000 0.0000 0.0000 960.8813
2022 10 22 21 4.8000 145.5600 0.8000 4.8000 0.0000 161.1771 164.5179 6.5759 0.3806  957.1890 0.0000 0.0000 0.0000 0.0000 957.1890
2022 10 22 22 4.8000 137.9400 0.8000 4.8000 0.0000 161.1755 164.5163 6.5758 0.3805  907.0715 0.0000 0.0000 0.0000 0.0000 907.0715
2022 10 22 23 4.8000 118.5100 0.8000 4.8000 0.0000 161.1739 164.5147 6.5758 0.3805  779.2952 0.0000 0.0000 0.0000 0.0000 779.2952
2022 10 23 0 4.8000 106.1800 0.8000 4.8000 0.0000 161.1724 164.5132 6.5757 0.3805  698.2092 0.0000 0.0000 0.0000 0.0000 698.2092
2022 10 23 1 4.8000 99.9600 0.8000 4.8000 0.0000 161.1709 164.5117 6.5757 0.3805  657.3023 0.0000 0.0000 0.0000 0.0000 657.3023
2022 10 23 2 4.8000 96.1900 0.8000 4.8000 0.0000 161.1695 164.5103 6.5756 0.3805  632.5064 0.0000 0.0000 0.0000 0.0000 632.5064
2022 10 23 3 4.8000 98.5400 0.8000 4.8000 0.0000 161.1681 164.5089 6.5755 0.3805  647.9535 0.0000 0.0000 0.0000 0.0000 647.9535
2022 10 23 4 4.8000 94.6300 0.8000 4.8000 0.0000 161.1668 164.5076 6.5755 0.3805  622.2380 0.0000 0.0000 0.0000 0.0000 622.2380
2022 10 23 5 4.8000 112.0000 0.8000 4.8000 0.0000 161.1655 164.5063 6.5754 0.3805  736.4483 0.0000 0.0000 0.0000 0.0000 736.4483
2022 10 23 6 4.8000 117.5600 0.8000 4.8000 0.0000 161.1643 164.5051 6.5754 0.3805  773.0018 0.0000 0.0000 0.0000 0.0000 773.0018
2022 10 23 7 4.8000 126.0400 0.8000 4.8000 0.0000 161.1631 164.5039 6.5753 0.3805  828.7549 0.0000 0.0000 0.0000 0.0000 828.7549
2022 10 23 8 4.8000 122.9000 0.8000 4.8000 0.0000 161.1619 164.5027 6.5753 0.3805  808.1025 0.0000 0.0000 0.0000 0.0000 808.1025
2022 10 23 9 4.8000 102.9100 0.8000 4.8000 0.0000 161.1608 164.5016 6.5752 0.3805  676.6578 0.0000 0.0000 0.0000 0.0000 676.6578
2022 10 23 10 4.8000 99.9000 0.8000 4.8000 0.0000 161.1597 164.5005 6.5752 0.3805  656.8618 0.0000 0.0000 0.0000 0.0000 656.8618
2022 10 23 11 4.8000 89.3900 0.8000 4.8000 0.0000 161.1586 164.4994 6.5751 0.3805  587.7526 0.0000 0.0000 0.0000 0.0000 587.7526
2022 10 23 12 4.8000 81.6600 0.8000 4.8000 0.0000 161.1575 164.4983 6.5751 0.3805  536.9232 0.0000 0.0000 0.0000 0.0000 536.9232
2022 10 23 13 4.8000 83.9400 0.8000 4.8000 0.0000 161.1565 164.4973 6.5751 0.3805  551.9108 0.0000 0.0000 0.0000 0.0000 551.9108
2022 10 23 14 4.8000 85.6100 0.8000 4.8000 0.0000 161.1554 164.4962 6.5750 0.3805  562.8874 0.0000 0.0000 0.0000 0.0000 562.8874
2022 10 23 15 4.8000 95.2700 0.8000 4.8000 0.0000 161.1544 164.4952 6.5750 0.3805  626.3981 0.0000 0.0000 0.0000 0.0000 626.3981
2022 10 23 16 4.8000 111.0200 0.8000 4.8000 0.0000 161.1534 164.4942 6.5749 0.3805  729.9494 0.0000 0.0000 0.0000 0.0000 729.9494
2022 10 23 17 4.8000 119.9200 0.8000 4.8000 0.0000 161.1524 164.4932 6.5749 0.3805  788.4615 0.0000 0.0000 0.0000 0.0000 788.4615
2022 10 23 18 4.8000 123.6900 0.8000 4.8000 0.0000 161.1514 164.4922 6.5749 0.3805  813.2440 0.0000 0.0000 0.0000 0.0000 813.2440
2022 10 23 19 4.8000 110.0600 0.8000 4.8000 0.0000 161.1505 164.4913 6.5748 0.3805  723.6245 0.0000 0.0000 0.0000 0.0000 723.6245
2022 10 23 20 4.8000 93.3300 0.8000 4.8000 0.0000 161.1496 164.4904 6.5748 0.3805  613.6245 0.0000 0.0000 0.0000 0.0000 613.6245
2022 10 23 21 4.8000 86.2600 0.8000 4.8000 0.0000 161.1488 164.4896 6.5747 0.3805  567.1379 0.0000 0.0000 0.0000 0.0000 567.1379
2022 10 23 22 4.8000 78.5900 0.8000 4.8000 0.0000 161.1480 164.4888 6.5747 0.3805  516.7072 0.0000 0.0000 0.0000 0.0000 516.7072
2022 10 23 23 4.8000 56.4400 0.8000 4.8000 0.0000 161.1474 164.4882 6.5747 0.3805  371.0756 0.0000 0.0000 0.0000 0.0000 371.0756
2022 10 24 0 4.8000 53.2400 0.8000 4.8000 0.0000 161.1468 164.4876 6.5747 0.3805  350.0354 0.0000 0.0000 0.0000 0.0000 350.0354
2022 10 24 1 4.8000 40.7000 0.8000 4.8000 0.0000 161.1463 164.4871 6.5746 0.3805  267.5881 0.0000 0.0000 0.0000 0.0000 267.5881
2022 10 24 2 4.8000 26.8000 0.8000 4.8000 0.0000 161.1457 164.4865 6.5746 0.3805  176.2000 0.0000 0.0000 0.0000 0.0000 176.2000
2022 10 24 3 4.8000 40.6900 0.8000 4.8000 0.0000 161.1453 164.4861 6.5746 0.3805  267.5207 0.0000 0.0000 0.0000 0.0000 267.5207
2022 10 24 4 4.8000 55.9300 0.8000 4.8000 0.0000 161.1448 164.4856 6.5746 0.3805  367.7166 0.0000 0.0000 0.0000 0.0000 367.7166
2022 10 24 5 4.8000 73.1300 0.8000 4.8000 0.0000 161.1443 164.4851 6.5746 0.3805  480.7980 0.0000 0.0000 0.0000 0.0000 480.7980
2022 10 24 6 4.8000 110.6600 0.8000 4.8000 0.0000 161.1438 164.4846 6.5745 0.3805  727.5392 0.0000 0.0000 0.0000 0.0000 727.5392
2022 10 24 7 4.8000 126.7000 0.8000 4.8000 0.0000 161.1432 164.4840 6.5745 0.3805  832.9921 0.0000 0.0000 0.0000 0.0000 832.9921
2022 10 24 8 4.8000 120.1800 0.8000 4.8000 0.0000 161.1427 164.4835 6.5745 0.3805  790.1235 0.0000 0.0000 0.0000 0.0000 790.1235
2022 10 24 9 4.8000 112.1800 0.8000 4.8000 0.0000 161.1421 164.4829 6.5745 0.3805  737.5247 0.0000 0.0000 0.0000 0.0000 737.5247
2022 10 24 10 4.8000 87.2600 0.8000 4.8000 0.0000 161.1414 164.4822 6.5745 0.3805  573.6865 0.0000 0.0000 0.0000 0.0000 573.6865
2022 10 24 11 4.8000 72.9300 0.8000 4.8000 0.0000 161.1408 164.4816 6.5744 0.3805  479.4727 0.0000 0.0000 0.0000 0.0000 479.4727
2022 10 24 12 4.8000 72.6300 0.8000 4.8000 0.0000 161.1401 164.4809 6.5744 0.3805  477.4984 0.0000 0.0000 0.0000 0.0000 477.4984
2022 10 24 13 4.8000 73.0400 0.8000 4.8000 0.0000 161.1394 164.4802 6.5744 0.3805  480.1918 0.0000 0.0000 0.0000 0.0000 480.1918
2022 10 24 14 4.8000 81.5500 0.8000 4.8000 0.0000 161.1387 164.4795 6.5743 0.3805  536.1373 0.0000 0.0000 0.0000 0.0000 536.1373
2022 10 24 15 4.8000 88.3500 0.8000 4.8000 0.0000 161.1380 164.4788 6.5743 0.3805  580.8401 0.0000 0.0000 0.0000 0.0000 580.8401
2022 10 24 16 4.8000 114.1300 0.8000 4.8000 0.0000 161.1372 164.4780 6.5743 0.3805  750.3222 0.0000 0.0000 0.0000 0.0000 750.3222
2022 10 24 17 4.8000 123.8400 0.8000 4.8000 0.0000 161.1364 164.4772 6.5742 0.3805  814.1544 0.0000 0.0000 0.0000 0.0000 814.1544
2022 10 24 18 4.8000 130.7400 0.8000 4.8000 0.0000 161.1356 164.4764 6.5742 0.3805  859.5124 0.0000 0.0000 0.0000 0.0000 859.5124
2022 10 24 19 4.8000 111.0900 0.8000 4.8000 0.0000 161.1347 164.4755 6.5742 0.3805  730.3252 0.0000 0.0000 0.0000 0.0000 730.3252
2022 10 24 20 4.8000 92.6900 0.8000 4.8000 0.0000 161.1339 164.4747 6.5741 0.3804  609.3571 0.0000 0.0000 0.0000 0.0000 609.3571
2022 10 24 21 4.8000 91.7400 0.8000 4.8000 0.0000 161.1330 164.4738 6.5741 0.3804  603.1083 0.0000 0.0000 0.0000 0.0000 603.1083
2022 10 24 22 4.8000 83.6000 0.8000 4.8000 0.0000 161.1320 164.4728 6.5741 0.3804  549.5919 0.0000 0.0000 0.0000 0.0000 549.5919
2022 10 24 23 4.8000 61.0300 0.8000 4.8000 0.0000 161.1311 164.4719 6.5740 0.3804  401.2129 0.0000 0.0000 0.0000 0.0000 401.2129
2022 10 25 0 4.8000 54.2400 0.8000 4.8000 0.0000 161.1301 164.4709 6.5740 0.3804  356.5732 0.0000 0.0000 0.0000 0.0000 356.5732
2022 10 25 1 4.8000 60.5500 0.8000 4.8000 0.0000 161.1292 164.4700 6.5739 0.3804  398.0526 0.0000 0.0000 0.0000 0.0000 398.0526
2022 10 25 2 4.8000 60.2400 0.8000 4.8000 0.0000 161.1282 164.4690 6.5739 0.3804  396.0124 0.0000 0.0000 0.0000 0.0000 396.0124
2022 10 25 3 4.8000 72.2600 0.8000 4.8000 0.0000 161.1272 164.4680 6.5739 0.3804  475.0279 0.0000 0.0000 0.0000 0.0000 475.0279
2022 10 25 4 4.8000 75.7600 0.8000 4.8000 0.0000 161.1262 164.4670 6.5738 0.3804  498.0333 0.0000 0.0000 0.0000 0.0000 498.0333
2022 10 25 5 4.8000 92.5200 0.8000 4.8000 0.0000 161.1252 164.4660 6.5738 0.3804  608.2069 0.0000 0.0000 0.0000 0.0000 608.2069
2022 10 25 6 4.8000 121.1600 0.8000 4.8000 0.0000 161.1242 164.4650 6.5737 0.3804  796.4753 0.0000 0.0000 0.0000 0.0000 796.4753
2022 10 25 7 4.8000 131.5800 0.8000 4.8000 0.0000 161.1232 164.4640 6.5737 0.3804  864.9683 0.0000 0.0000 0.0000 0.0000 864.9683
2022 10 25 8 4.8000 131.0700 0.8000 4.8000 0.0000 161.1222 164.4630 6.5737 0.3804  861.6104 0.0000 0.0000 0.0000 0.0000 861.6104
2022 10 25 9 4.8000 113.2600 0.8000 4.8000 0.0000 161.1212 164.4620 6.5736 0.3804  744.5287 0.0000 0.0000 0.0000 0.0000 744.5287
2022 10 25 10 4.8000 107.0900 0.8000 4.8000 0.0000 161.1202 164.4610 6.5736 0.3804  703.9650 0.0000 0.0000 0.0000 0.0000 703.9650
2022 10 25 11 4.8000 100.1800 0.8000 4.8000 0.0000 161.1192 164.4600 6.5735 0.3804  658.5374 0.0000 0.0000 0.0000 0.0000 658.5374
2022 10 25 12 4.8000 84.3800 0.8000 4.8000 0.0000 161.1182 164.4590 6.5735 0.3804  554.6719 0.0000 0.0000 0.0000 0.0000 554.6719
2022 10 25 13 4.8000 85.7400 0.8000 4.8000 0.0000 161.1171 164.4579 6.5735 0.3804  563.6083 0.0000 0.0000 0.0000 0.0000 563.6083
2022 10 25 14 4.8000 103.6100 0.8000 4.8000 0.0000 161.1161 164.4569 6.5734 0.3804  681.0716 0.0000 0.0000 0.0000 0.0000 681.0716
2022 10 25 15 4.8000 120.0900 0.8000 4.8000 0.0000 161.1150 164.4558 6.5734 0.3804  789.3964 0.0000 0.0000 0.0000 0.0000 789.3964
2022 10 25 16 4.8000 154.7800 0.8000 4.8000 0.0000 161.1140 164.4548 6.5733 0.3804  1017.4200 0.0000 0.0000 0.0000 0.0000 1017.4200
2022 10 25 17 4.8000 177.6700 0.8000 4.8000 0.0000 161.1129 164.4537 6.5733 0.3804  1167.8759 0.0000 0.0000 0.0000 0.0000 1167.8759
2022 10 25 18 4.8000 184.2700 0.8000 4.8000 0.0000 161.1119 164.4527 6.5732 0.3804  1211.2515 0.0000 0.0000 0.0000 0.0000 1211.2515
2022 10 25 19 4.8000 154.0300 0.8000 4.8000 0.0000 161.1108 164.4516 6.5732 0.3804  1012.4698 0.0000 0.0000 0.0000 0.0000 1012.4698
2022 10 25 20 4.8000 131.2900 0.8000 4.8000 0.0000 161.1097 164.4505 6.5732 0.3804  862.9894 0.0000 0.0000 0.0000 0.0000 862.9894
2022 10 25 21 4.8000 121.4600 0.8000 4.8000 0.0000 161.1086 164.4494 6.5731 0.3804  798.3698 0.0000 0.0000 0.0000 0.0000 798.3698
2022 10 25 22 4.8000 116.2600 0.8000 4.8000 0.0000 161.1074 164.4482 6.5731 0.3804  764.1843 0.0000 0.0000 0.0000 0.0000 764.1843
2022 10 25 23 4.8000 98.6900 0.8000 4.8000 0.0000 161.1063 164.4471 6.5730 0.3804  648.6911 0.0000 0.0000 0.0000 0.0000 648.6911
2022 10 26 0 4.8000 94.2900 0.8000 4.8000 0.0000 161.1052 164.4460 6.5730 0.3804  619.7655 0.0000 0.0000 0.0000 0.0000 619.7655
2022 10 26 1 4.8000 91.3300 0.8000 4.8000 0.0000 161.1041 164.4449 6.5729 0.3804  600.3053 0.0000 0.0000 0.0000 0.0000 600.3053
2022 10 26 2 4.8000 89.6800 0.8000 4.8000 0.0000 161.1030 164.4438 6.5729 0.3804  589.4559 0.0000 0.0000 0.0000 0.0000 589.4559
2022 10 26 3 4.8000 97.6000 0.8000 4.8000 0.0000 161.1019 164.4427 6.5728 0.3804  641.5090 0.0000 0.0000 0.0000 0.0000 641.5090
2022 10 26 4 4.8000 108.9800 0.8000 4.8000 0.0000 161.1011 164.4419 6.5728 0.3804  716.3040 0.0000 0.0000 0.0000 0.0000 716.3040
2022 10 26 5 4.8000 129.2000 0.8000 4.8000 0.0000 161.1005 164.4413 6.5728 0.3804  849.2030 0.0000 0.0000 0.0000 0.0000 849.2030
2022 10 26 6 4.8000 156.7000 0.8000 4.8000 0.0000 161.1002 164.4410 6.5728 0.3804  1029.9528 0.0000 0.0000 0.0000 0.0000 1029.9528
2022 10 26 7 4.8000 163.5600 0.8000 4.8000 0.0000 161.1004 164.4412 6.5728 0.3804  1075.0432 0.0000 0.0000 0.0000 0.0000 1075.0432
2022 10 26 8 4.8000 151.4200 0.8000 4.8000 0.0000 161.1011 164.4419 6.5728 0.3804  995.2539 0.0000 0.0000 0.0000 0.0000 995.2539
2022 10 26 9 4.8000 134.7900 0.8000 4.8000 0.0000 161.1023 164.4431 6.5729 0.3804  885.9547 0.0000 0.0000 0.0000 0.0000 885.9547
2022 10 26 10 4.8000 119.9000 0.8000 4.8000 0.0000 161.1038 164.4446 6.5729 0.3804  788.0927 0.0000 0.0000 0.0000 0.0000 788.0927
2022 10 26 11 4.8000 117.1400 0.8000 4.8000 0.0000 161.1056 164.4464 6.5730 0.3804  769.9600 0.0000 0.0000 0.0000 0.0000 769.9600
2022 10 26 12 4.8000 117.2200 0.8000 4.8000 0.0000 161.1075 164.4483 6.5731 0.3804  770.4948 0.0000 0.0000 0.0000 0.0000 770.4948
2022 10 26 13 4.8000 120.4200 0.8000 4.8000 0.0000 161.1094 164.4502 6.5731 0.3804  791.5377 0.0000 0.0000 0.0000 0.0000 791.5377
2022 10 26 14 4.8000 130.0700 0.8000 4.8000 0.0000 161.1111 164.4519 6.5732 0.3804  854.9779 0.0000 0.0000 0.0000 0.0000 854.9779
2022 10 26 15 4.8000 144.2800 0.8000 4.8000 0.0000 161.1127 164.4535 6.5733 0.3804  948.3927 0.0000 0.0000 0.0000 0.0000 948.3927
2022 10 26 16 4.8000 144.4000 0.8000 4.8000 0.0000 161.1142 164.4550 6.5733 0.3804  949.1901 0.0000 0.0000 0.0000 0.0000 949.1901
2022 10 26 17 4.8000 140.8600 0.8000 4.8000 0.0000 161.1155 164.4563 6.5734 0.3804  925.9278 0.0000 0.0000 0.0000 0.0000 925.9278
2022 10 26 18 4.8000 140.5200 0.8000 4.8000 0.0000 161.1166 164.4574 6.5734 0.3804  923.6991 0.0000 0.0000 0.0000 0.0000 923.6991
2022 10 26 19 4.8000 128.8000 0.8000 4.8000 0.0000 161.1175 164.4583 6.5735 0.3804  846.6631 0.0000 0.0000 0.0000 0.0000 846.6631
2022 10 26 20 4.8000 111.7400 0.8000 4.8000 0.0000 161.1182 164.4590 6.5735 0.3804  734.5230 0.0000 0.0000 0.0000 0.0000 734.5230
2022 10 26 21 4.8000 99.5600 0.8000 4.8000 0.0000 161.1188 164.4596 6.5735 0.3804  654.4601 0.0000 0.0000 0.0000 0.0000 654.4601
2022 10 26 22 4.8000 91.1100 0.8000 4.8000 0.0000 161.1192 164.4600 6.5735 0.3804  598.9154 0.0000 0.0000 0.0000 0.0000 598.9154
2022 10 26 23 4.8000 92.2500 0.8000 4.8000 0.0000 161.1194 164.4602 6.5736 0.3804  606.4102 0.0000 0.0000 0.0000 0.0000 606.4102
2022 10 27 0 4.8000 96.4600 0.8000 4.8000 0.0000 161.1196 164.4604 6.5736 0.3804  634.0855 0.0000 0.0000 0.0000 0.0000 634.0855
2022 10 27 1 4.8000 98.5000 0.8000 4.8000 0.0000 161.1196 164.4604 6.5736 0.3804  647.4957 0.0000 0.0000 0.0000 0.0000 647.4957
2022 10 27 2 4.8000 96.3600 0.8000 4.8000 0.0000 161.1196 164.4604 6.5736 0.3804  633.4281 0.0000 0.0000 0.0000 0.0000 633.4281
2022 10 27 3 4.8000 98.7000 0.8000 4.8000 0.0000 161.1194 164.4602 6.5736 0.3804  648.8095 0.0000 0.0000 0.0000 0.0000 648.8095
2022 10 27 4 4.8000 109.7800 0.8000 4.8000 0.0000 161.1192 164.4600 6.5735 0.3804  721.6434 0.0000 0.0000 0.0000 0.0000 721.6434
2022 10 27 5 4.8000 124.4500 0.8000 4.8000 0.0000 161.1189 164.4597 6.5735 0.3804  818.0757 0.0000 0.0000 0.0000 0.0000 818.0757
2022 10 27 6 4.8000 161.5500 0.8000 4.8000 0.0000 161.1185 164.4593 6.5735 0.3804  1061.9513 0.0000 0.0000 0.0000 0.0000 1061.9513
2022 10 27 7 4.8000 142.8300 0.8000 4.8000 0.0000 161.1181 164.4589 6.5735 0.3804  938.8924 0.0000 0.0000 0.0000 0.0000 938.8924
2022 10 27 8 4.8000 135.2100 0.8000 4.8000 0.0000 161.1175 164.4583 6.5735 0.3804  888.7996 0.0000 0.0000 0.0000 0.0000 888.7996
2022 10 27 9 4.8000 130.7300 0.8000 4.8000 0.0000 161.1170 164.4578 6.5735 0.3804  859.3474 0.0000 0.0000 0.0000 0.0000 859.3474
2022 10 27 10 4.8000 119.3600 0.8000 4.8000 0.0000 161.1164 164.4572 6.5734 0.3804  784.6043 0.0000 0.0000 0.0000 0.0000 784.6043
2022 10 27 11 4.8000 108.3600 0.8000 4.8000 0.0000 161.1157 164.4565 6.5734 0.3804  712.2936 0.0000 0.0000 0.0000 0.0000 712.2936
2022 10 27 12 4.8000 101.4400 0.8000 4.8000 0.0000 161.1150 164.4558 6.5734 0.3804  666.8028 0.0000 0.0000 0.0000 0.0000 666.8028
2022 10 27 13 4.8000 106.3200 0.8000 4.8000 0.0000 161.1142 164.4550 6.5733 0.3804  698.8776 0.0000 0.0000 0.0000 0.0000 698.8776
2022 10 27 14 4.8000 120.2800 0.8000 4.8000 0.0000 161.1135 164.4543 6.5733 0.3804  790.6375 0.0000 0.0000 0.0000 0.0000 790.6375
2022 10 27 15 4.8000 128.8300 0.8000 4.8000 0.0000 161.1126 164.4534 6.5733 0.3804  846.8349 0.0000 0.0000 0.0000 0.0000 846.8349
2022 10 27 16 4.8000 124.8800 0.8000 4.8000 0.0000 161.1118 164.4526 6.5732 0.3804  820.8660 0.0000 0.0000 0.0000 0.0000 820.8660
2022 10 27 17 4.8000 126.5800 0.8000 4.8000 0.0000 161.1108 164.4516 6.5732 0.3804  832.0359 0.0000 0.0000 0.0000 0.0000 832.0359
2022 10 27 18 4.8000 127.9400 0.8000 4.8000 0.0000 161.1099 164.4507 6.5732 0.3804  840.9706 0.0000 0.0000 0.0000 0.0000 840.9706
2022 10 27 19 4.8000 125.3200 0.8000 4.8000 0.0000 161.1090 164.4498 6.5731 0.3804  823.7440 0.0000 0.0000 0.0000 0.0000 823.7440
2022 10 27 20 4.8000 128.3400 0.8000 4.8000 0.0000 161.1080 164.4488 6.5731 0.3804  843.5897 0.0000 0.0000 0.0000 0.0000 843.5897
2022 10 27 21 4.8000 118.7100 0.8000 4.8000 0.0000 161.1070 164.4478 6.5730 0.3804  780.2860 0.0000 0.0000 0.0000 0.0000 780.2860
2022 10 27 22 4.8000 101.7200 0.8000 4.8000 0.0000 161.1059 164.4467 6.5730 0.3804  668.6057 0.0000 0.0000 0.0000 0.0000 668.6057
2022 10 27 23 4.8000 91.1400 0.8000 4.8000 0.0000 161.1049 164.4457 6.5730 0.3804  599.0595 0.0000 0.0000 0.0000 0.0000 599.0595
2022 10 28 0 4.8000 91.4600 0.8000 4.8000 0.0000 161.1038 164.4446 6.5729 0.3804  601.1589 0.0000 0.0000 0.0000 0.0000 601.1589
2022 10 28 1 4.8000 91.1400 0.8000 4.8000 0.0000 161.1028 164.4436 6.5729 0.3804  599.0516 0.0000 0.0000 0.0000 0.0000 599.0516
2022 10 28 2 4.8000 91.0000 0.8000 4.8000 0.0000 161.1017 164.4425 6.5728 0.3804  598.1274 0.0000 0.0000 0.0000 0.0000 598.1274
2022 10 28 3 4.8000 92.2100 0.8000 4.8000 0.0000 161.1006 164.4414 6.5728 0.3804  606.0763 0.0000 0.0000 0.0000 0.0000 606.0763
2022 10 28 4 4.8000 100.1900 0.8000 4.8000 0.0000 161.0995 164.4403 6.5727 0.3804  658.5226 0.0000 0.0000 0.0000 0.0000 658.5226
2022 10 28 5 4.8000 106.6800 0.8000 4.8000 0.0000 161.0984 164.4392 6.5727 0.3804  701.1748 0.0000 0.0000 0.0000 0.0000 701.1748
2022 10 28 6 4.8000 118.6700 0.8000 4.8000 0.0000 161.0972 164.4380 6.5726 0.3804  779.9760 0.0000 0.0000 0.0000 0.0000 779.9760
2022 10 28 7 4.8000 122.1100 0.8000 4.8000 0.0000 161.0961 164.4369 6.5726 0.3804  802.5802 0.0000 0.0000 0.0000 0.0000 802.5802
2022 10 28 8 4.8000 123.5800 0.8000 4.8000 0.0000 161.0950 164.4358 6.5726 0.3804  812.2363 0.0000 0.0000 0.0000 0.0000 812.2363
2022 10 28 9 4.8000 111.6000 0.8000 4.8000 0.0000 161.0939 164.4347 6.5725 0.3804  733.4920 0.0000 0.0000 0.0000 0.0000 733.4920
2022 10 28 10 4.8000 105.3800 0.8000 4.8000 0.0000 161.0928 164.4336 6.5725 0.3804  692.6062 0.0000 0.0000 0.0000 0.0000 692.6062
2022 10 28 11 4.8000 100.3100 0.8000 4.8000 0.0000 161.0917 164.4325 6.5724 0.3803  659.2793 0.0000 0.0000 0.0000 0.0000 659.2793
2022 10 28 12 4.8000 89.2200 0.8000 4.8000 0.0000 161.0906 164.4314 6.5724 0.3803  586.3873 0.0000 0.0000 0.0000 0.0000 586.3873
2022 10 28 13 4.8000 92.5200 0.8000 4.8000 0.0000 161.0895 164.4303 6.5723 0.3803  608.0721 0.0000 0.0000 0.0000 0.0000 608.0721
2022 10 28 14 4.8000 96.5200 0.8000 4.8000 0.0000 161.0884 164.4292 6.5723 0.3803  634.3572 0.0000 0.0000 0.0000 0.0000 634.3572
2022 10 28 15 4.8000 105.8900 0.8000 4.8000 0.0000 161.0874 164.4282 6.5722 0.3803  695.9350 0.0000 0.0000 0.0000 0.0000 695.9350
2022 10 28 16 4.8000 108.7200 0.8000 4.8000 0.0000 161.0864 164.4272 6.5722 0.3803  714.5299 0.0000 0.0000 0.0000 0.0000 714.5299
2022 10 28 17 4.8000 117.8800 0.8000 4.8000 0.0000 161.0853 164.4261 6.5722 0.3803  774.7263 0.0000 0.0000 0.0000 0.0000 774.7263
2022 10 28 18 4.8000 124.8000 0.8000 4.8000 0.0000 161.0843 164.4251 6.5721 0.3803  820.2005 0.0000 0.0000 0.0000 0.0000 820.2005
2022 10 28 19 4.8000 111.7800 0.8000 4.8000 0.0000 161.0833 164.4241 6.5721 0.3803  734.6269 0.0000 0.0000 0.0000 0.0000 734.6269
2022 10 28 20 4.8000 102.3700 0.8000 4.8000 0.0000 161.0823 164.4231 6.5720 0.3803  672.7795 0.0000 0.0000 0.0000 0.0000 672.7795
2022 10 28 21 4.8000 94.5000 0.8000 4.8000 0.0000 161.0813 164.4221 6.5720 0.3803  621.0537 0.0000 0.0000 0.0000 0.0000 621.0537
2022 10 28 22 4.8000 85.8800 0.8000 4.8000 0.0000 161.0803 164.4211 6.5720 0.3803  564.3996 0.0000 0.0000 0.0000 0.0000 564.3996
2022 10 28 23 4.8000 92.7900 0.8000 4.8000 0.0000 161.0793 164.4201 6.5719 0.3803  609.8081 0.0000 0.0000 0.0000 0.0000 609.8081
2022 10 29 0 4.8000 92.2500 0.8000 4.8000 0.0000 161.0784 164.4192 6.5719 0.3803  606.2556 0.0000 0.0000 0.0000 0.0000 606.2556
2022 10 29 1 4.8000 89.9100 0.8000 4.8000 0.0000 161.0774 164.4182 6.5718 0.3803  590.8739 0.0000 0.0000 0.0000 0.0000 590.8739
2022 10 29 2 4.8000 89.7900 0.8000 4.8000 0.0000 161.0764 164.4172 6.5718 0.3803  590.0817 0.0000 0.0000 0.0000 0.0000 590.0817
2022 10 29 3 4.8000 87.8600 0.8000 4.8000 0.0000 161.0754 164.4162 6.5718 0.3803  577.3946 0.0000 0.0000 0.0000 0.0000 577.3946
2022 10 29 4 4.8000 86.1900 0.8000 4.8000 0.0000 161.0744 164.4152 6.5717 0.3803  566.4163 0.0000 0.0000 0.0000 0.0000 566.4163
2022 10 29 5 4.8000 90.8800 0.8000 4.8000 0.0000 161.0734 164.4142 6.5717 0.3803  597.2339 0.0000 0.0000 0.0000 0.0000 597.2339
2022 10 29 6 4.8000 100.7500 0.8000 4.8000 0.0000 161.0725 164.4133 6.5716 0.3803  662.0923 0.0000 0.0000 0.0000 0.0000 662.0923
2022 10 29 7 4.8000 114.2300 0.8000 4.8000 0.0000 161.0715 164.4123 6.5716 0.3803  750.6734 0.0000 0.0000 0.0000 0.0000 750.6734
2022 10 29 8 4.8000 108.5600 0.8000 4.8000 0.0000 161.0705 164.4113 6.5716 0.3803  713.4081 0.0000 0.0000 0.0000 0.0000 713.4081
2022 10 29 9 4.8000 98.4600 0.8000 4.8000 0.0000 161.0695 164.4103 6.5715 0.3803  647.0315 0.0000 0.0000 0.0000 0.0000 647.0315
2022 10 29 10 4.8000 89.2800 0.8000 4.8000 0.0000 161.0686 164.4094 6.5715 0.3803  586.7016 0.0000 0.0000 0.0000 0.0000 586.7016
2022 10 29 11 4.8000 87.0800 0.8000 4.8000 0.0000 161.0677 164.4085 6.5714 0.3803  572.2412 0.0000 0.0000 0.0000 0.0000 572.2412
2022 10 29 12 4.8000 83.6000 0.8000 4.8000 0.0000 161.0668 164.4076 6.5714 0.3803  549.3695 0.0000 0.0000 0.0000 0.0000 549.3695
2022 10 29 13 4.8000 86.7300 0.8000 4.8000 0.0000 161.0660 164.4068 6.5714 0.3803  569.9351 0.0000 0.0000 0.0000 0.0000 569.9351
2022 10 29 14 4.8000 92.3200 0.8000 4.8000 0.0000 161.0652 164.4060 6.5713 0.3803  606.6660 0.0000 0.0000 0.0000 0.0000 606.6660
2022 10 29 15 4.8000 109.4300 0.8000 4.8000 0.0000 161.0644 164.4052 6.5713 0.3803  719.0983 0.0000 0.0000 0.0000 0.0000 719.0983
2022 10 29 16 4.8000 120.6600 0.8000 4.8000 0.0000 161.0637 164.4045 6.5713 0.3803  792.8906 0.0000 0.0000 0.0000 0.0000 792.8906
2022 10 29 17 4.8000 139.1200 0.8000 4.8000 0.0000 161.0631 164.4039 6.5713 0.3803  914.1926 0.0000 0.0000 0.0000 0.0000 914.1926
2022 10 29 18 4.8000 137.4600 0.8000 4.8000 0.0000 161.0624 164.4032 6.5712 0.3803  903.2809 0.0000 0.0000 0.0000 0.0000 903.2809
2022 10 29 19 4.8000 120.6200 0.8000 4.8000 0.0000 161.0618 164.4026 6.5712 0.3803  792.6185 0.0000 0.0000 0.0000 0.0000 792.6185
2022 10 29 20 4.8000 109.8000 0.8000 4.8000 0.0000 161.0613 164.4021 6.5712 0.3803  721.5154 0.0000 0.0000 0.0000 0.0000 721.5154
2022 10 29 21 4.8000 103.6700 0.8000 4.8000 0.0000 161.0607 164.4015 6.5712 0.3803  681.2316 0.0000 0.0000 0.0000 0.0000 681.2316
2022 10 29 22 4.8000 97.1400 0.8000 4.8000 0.0000 161.0601 164.4009 6.5711 0.3803  638.3197 0.0000 0.0000 0.0000 0.0000 638.3197
2022 10 29 23 4.8000 103.0900 0.8000 4.8000 0.0000 161.0595 164.4003 6.5711 0.3803  677.4154 0.0000 0.0000 0.0000 0.0000 677.4154
2022 10 30 0 4.8000 100.9400 0.8000 4.8000 0.0000 161.0589 164.3997 6.5711 0.3803  663.2851 0.0000 0.0000 0.0000 0.0000 663.2851
2022 10 30 1 4.8000 100.6700 0.8000 4.8000 0.0000 161.0583 164.3991 6.5711 0.3803  661.5083 0.0000 0.0000 0.0000 0.0000 661.5083
2022 10 30 2 4.8000 100.3400 0.8000 4.8000 0.0000 161.0576 164.3984 6.5710 0.3803  659.3372 0.0000 0.0000 0.0000 0.0000 659.3372
2022 10 30 3 4.8000 98.4200 0.8000 4.8000 0.0000 161.0570 164.3978 6.5710 0.3803  646.7181 0.0000 0.0000 0.0000 0.0000 646.7181
2022 10 30 4 4.8000 98.5700 0.8000 4.8000 0.0000 161.0562 164.3970 6.5710 0.3803  647.7009 0.0000 0.0000 0.0000 0.0000 647.7009
2022 10 30 5 4.8000 99.0900 0.8000 4.8000 0.0000 161.0555 164.3963 6.5709 0.3803  651.1148 0.0000 0.0000 0.0000 0.0000 651.1148
2022 10 30 6 4.8000 100.8900 0.8000 4.8000 0.0000 161.0547 164.3955 6.5709 0.3803  662.9393 0.0000 0.0000 0.0000 0.0000 662.9393
2022 10 30 7 4.8000 109.9400 0.8000 4.8000 0.0000 161.0539 164.3947 6.5709 0.3803  722.4025 0.0000 0.0000 0.0000 0.0000 722.4025
2022 10 30 8 4.8000 113.2300 0.8000 4.8000 0.0000 161.0531 164.3939 6.5708 0.3803  744.0169 0.0000 0.0000 0.0000 0.0000 744.0169
2022 10 30 9 4.8000 105.2600 0.8000 4.8000 0.0000 161.0522 164.3930 6.5708 0.3803  691.6435 0.0000 0.0000 0.0000 0.0000 691.6435
2022 10 30 10 4.8000 103.0000 0.8000 4.8000 0.0000 161.0513 164.3921 6.5708 0.3803  676.7896 0.0000 0.0000 0.0000 0.0000 676.7896
2022 10 30 11 4.8000 103.1400 0.8000 4.8000 0.0000 161.0504 164.3912 6.5707 0.3803  677.7055 0.0000 0.0000 0.0000 0.0000 677.7055
2022 10 30 12 4.8000 103.1000 0.8000 4.8000 0.0000 161.0494 164.3902 6.5707 0.3802  677.4385 0.0000 0.0000 0.0000 0.0000 677.4385
2022 10 30 13 4.8000 105.8200 0.8000 4.8000 0.0000 161.0483 164.3891 6.5707 0.3802  695.3064 0.0000 0.0000 0.0000 0.0000 695.3064
2022 10 30 14 4.8000 110.1200 0.8000 4.8000 0.0000 161.0473 164.3881 6.5706 0.3802  723.5555 0.0000 0.0000 0.0000 0.0000 723.5555
2022 10 30 15 4.8000 125.4000 0.8000 4.8000 0.0000 161.0462 164.3870 6.5706 0.3802  823.9488 0.0000 0.0000 0.0000 0.0000 823.9488
2022 10 30 16 4.8000 139.7600 0.8000 4.8000 0.0000 161.0451 164.3859 6.5705 0.3802  918.2956 0.0000 0.0000 0.0000 0.0000 918.2956
2022 10 30 17 4.8000 155.8500 0.8000 4.8000 0.0000 161.0439 164.3847 6.5705 0.3802  1024.0081 0.0000 0.0000 0.0000 0.0000 1024.0081
2022 10 30 18 4.8000 170.0500 0.8000 4.8000 0.0000 161.0428 164.3836 6.5704 0.3802  1117.3006 0.0000 0.0000 0.0000 0.0000 1117.3006
2022 10 30 19 4.8000 164.6800 0.8000 4.8000 0.0000 161.0416 164.3824 6.5704 0.3802  1082.0093 0.0000 0.0000 0.0000 0.0000 1082.0093
2022 10 30 20 4.8000 147.2300 0.8000 4.8000 0.0000 161.0403 164.3811 6.5703 0.3802  967.3490 0.0000 0.0000 0.0000 0.0000 967.3490
2022 10 30 21 4.8000 138.8300 0.8000 4.8000 0.0000 161.0391 164.3799 6.5703 0.3802  912.1512 0.0000 0.0000 0.0000 0.0000 912.1512
2022 10 30 22 4.8000 126.8800 0.8000 4.8000 0.0000 161.0378 164.3786 6.5702 0.3802  833.6298 0.0000 0.0000 0.0000 0.0000 833.6298
2022 10 30 23 4.8000 109.1600 0.8000 4.8000 0.0000 161.0365 164.3773 6.5702 0.3802  717.1998 0.0000 0.0000 0.0000 0.0000 717.1998
2022 10 31 0 4.8000 129.2600 0.8000 4.8000 0.0000 161.0352 164.3760 6.5701 0.3802  849.2532 0.0000 0.0000 0.0000 0.0000 849.2532
2022 10 31 1 4.8000 118.9800 0.8000 4.8000 0.0000 161.0339 164.3747 6.5701 0.3802  781.7060 0.0000 0.0000 0.0000 0.0000 781.7060
2022 10 31 2 4.8000 116.2100 0.8000 4.8000 0.0000 161.0325 164.3733 6.5700 0.3802  763.5005 0.0000 0.0000 0.0000 0.0000 763.5005
2022 10 31 3 4.8000 114.5000 0.8000 4.8000 0.0000 161.0312 164.3720 6.5700 0.3802  752.2593 0.0000 0.0000 0.0000 0.0000 752.2593
2022 10 31 4 4.8000 114.9600 0.8000 4.8000 0.0000 161.0298 164.3706 6.5699 0.3802  755.2750 0.0000 0.0000 0.0000 0.0000 755.2750
2022 10 31 5 4.8000 123.5900 0.8000 4.8000 0.0000 161.0284 164.3692 6.5698 0.3802  811.9660 0.0000 0.0000 0.0000 0.0000 811.9660
2022 10 31 6 4.8000 144.6800 0.8000 4.8000 0.0000 161.0269 164.3677 6.5698 0.3802  950.5155 0.0000 0.0000 0.0000 0.0000 950.5155
2022 10 31 7 4.8000 166.2400 0.8000 4.8000 0.0000 161.0255 164.3663 6.5697 0.3802  1092.1502 0.0000 0.0000 0.0000 0.0000 1092.1502
2022 10 31 8 4.8000 167.5400 0.8000 4.8000 0.0000 161.0240 164.3648 6.5697 0.3802  1100.6808 0.0000 0.0000 0.0000 0.0000 1100.6808
2022 10 31 9 4.8000 153.4700 0.8000 4.8000 0.0000 161.0226 164.3634 6.5696 0.3802  1008.2366 0.0000 0.0000 0.0000 0.0000 1008.2366
2022 10 31 10 4.8000 143.5100 0.8000 4.8000 0.0000 161.0211 164.3619 6.5695 0.3802  942.7947 0.0000 0.0000 0.0000 0.0000 942.7947
2022 10 31 11 4.8000 142.1100 0.8000 4.8000 0.0000 161.0196 164.3604 6.5695 0.3802  933.5887 0.0000 0.0000 0.0000 0.0000 933.5887
2022 10 31 12 4.8000 142.1200 0.8000 4.8000 0.0000 161.0181 164.3589 6.5694 0.3802  933.6456 0.0000 0.0000 0.0000 0.0000 933.6456
2022 10 31 13 4.8000 146.1300 0.8000 4.8000 0.0000 161.0166 164.3574 6.5694 0.3802  959.9800 0.0000 0.0000 0.0000 0.0000 959.9800
2022 10 31 14 4.8000 155.1800 0.8000 4.8000 0.0000 161.0151 164.3559 6.5693 0.3802  1019.4230 0.0000 0.0000 0.0000 0.0000 1019.4230
2022 10 31 15 4.8000 168.6800 0.8000 4.8000 0.0000 161.0135 164.3543 6.5692 0.3802  1108.0979 0.0000 0.0000 0.0000 0.0000 1108.0979
2022 10 31 16 4.8000 172.2000 0.8000 4.8000 0.0000 161.0120 164.3528 6.5692 0.3802  1131.2108 0.0000 0.0000 0.0000 0.0000 1131.2108
2022 10 31 17 4.8000 181.3900 0.8000 4.8000 0.0000 161.0105 164.3513 6.5691 0.3802  1191.5701 0.0000 0.0000 0.0000 0.0000 1191.5701
2022 10 31 18 4.8000 182.1300 0.8000 4.8000 0.0000 161.0089 164.3497 6.5690 0.3802  1196.4199 0.0000 0.0000 0.0000 0.0000 1196.4199
2022 10 31 19 4.8000 168.0100 0.8000 4.8000 0.0000 161.0074 164.3482 6.5690 0.3801  1103.6543 0.0000 0.0000 0.0000 0.0000 1103.6543
2022 10 31 20 4.8000 147.1500 0.8000 4.8000 0.0000 161.0058 164.3466 6.5689 0.3801  966.6161 0.0000 0.0000 0.0000 0.0000 966.6161
2022 10 31 21 4.8000 136.9300 0.8000 4.8000 0.0000 161.0043 164.3451 6.5689 0.3801  899.4731 0.0000 0.0000 0.0000 0.0000 899.4731
2022 10 31 22 4.8000 120.4000 0.8000 4.8000 0.0000 161.0027 164.3435 6.5688 0.3801  790.8824 0.0000 0.0000 0.0000 0.0000 790.8824
2022 10 31 23 4.8000 103.8600 0.8000 4.8000 0.0000 161.0012 164.3420 6.5687 0.3801  682.2281 0.0000 0.0000 0.0000 0.0000 682.2281
2022 11 1 0 4.8000 72.4900 0.8000 4.8000 0.0000 160.9829 164.3237 157.6316 0.3801  11426.7146 0.0000 0.0000 0.0000 0.0000 11426.7146
2022 11 2 0 4.8000 71.1700 0.8000 4.8000 0.0000 160.9558 164.2966 157.6050 0.3800  11216.7477 0.0000 0.0000 0.0000 0.0000 11216.7477
2022 11 3 0 4.8000 86.5000 0.8000 4.8000 0.0000 160.9558 164.2966 157.6050 0.3800  13632.8355 0.0000 0.0000 0.0000 0.0000 13632.8355
2022 11 4 0 4.8000 72.6700 0.8000 4.8000 0.0000 160.9753 164.3161 157.6241 0.3801  11454.5455 0.0000 0.0000 0.0000 0.0000 11454.5455
2022 11 5 0 4.8000 47.6500 0.8000 4.8000 0.0000 160.9895 164.3303 157.6380 0.3801  7511.4512 0.0000 0.0000 0.0000 0.0000 7511.4512
2022 11 6 0 4.8000 35.7500 0.8000 4.8000 0.0000 160.9896 164.3304 157.6381 0.3801  5635.5618 0.0000 0.0000 0.0000 0.0000 5635.5618
2022 11 7 0 4.8000 43.8300 0.8000 4.8000 0.0000 160.9886 164.3294 157.6371 0.3801  6909.2351 0.0000 0.0000 0.0000 0.0000 6909.2351
2022 11 8 0 4.8000 51.0900 0.8000 4.8000 0.0000 160.9906 164.3314 157.6391 0.3801  8053.7823 0.0000 0.0000 0.0000 0.0000 8053.7823
2022 11 9 0 4.8000 42.5700 0.8000 4.8000 0.0000 160.9931 164.3339 157.6416 0.3801  6710.8021 0.0000 0.0000 0.0000 0.0000 6710.8021
2022 11 10 0 4.8000 27.4000 0.8000 4.8000 0.0000 160.9930 164.3338 157.6415 0.3801  4319.3770 0.0000 0.0000 0.0000 0.0000 4319.3770
2022 11 11 0 4.8000 2.0000 0.8000 4.8000 0.0000 160.9803 164.3211 157.6290 0.3801  315.2581 0.0000 0.0000 0.0000 0.0000 315.2581
2022 11 12 0 4.8000 2.3700 0.8000 4.8000 0.0000 160.9587 164.2995 157.6079 0.3800  373.5307 0.0000 0.0000 0.0000 0.0000 373.5307
2022 11 13 0 4.8000 29.9300 0.8000 4.8000 0.0000 160.9306 164.2714 157.5804 0.3800  4716.3805 0.0000 0.0000 0.0000 0.0000 4716.3805
2022 11 14 0 4.8000 53.6800 0.8000 4.8000 0.0000 160.8988 164.2396 157.5492 0.3799  8457.2409 0.0000 0.0000 0.0000 0.0000 8457.2409
2022 11 15 0 4.8000 53.7500 0.8000 4.8000 0.0000 160.8691 164.2099 157.5201 0.3798  8466.7064 0.0000 0.0000 0.0000 0.0000 8466.7064
2022 11 16 0 4.8000 27.6900 0.8000 4.8000 0.0000 160.8493 164.1901 157.5008 0.3798  4361.1964 0.0000 0.0000 0.0000 0.0000 4361.1964
2022 11 17 0 4.8000 48.9100 0.8000 4.8000 0.0000 160.8535 164.1943 157.5049 0.3798  7703.5632 0.0000 0.0000 0.0000 0.0000 7703.5632
2022 11 18 0 4.8000 113.7000 0.8000 4.8000 0.0000 160.8554 164.1962 157.5067 0.3798  17908.5165 0.0000 0.0000 0.0000 0.0000 17908.5165
2022 11 19 0 4.8000 167.1000 0.8000 4.8000 0.0000 160.8301 164.1709 157.4819 0.3797  26315.2285 0.0000 0.0000 0.0000 0.0000 26315.2285
2022 11 20 0 4.8000 162.8400 0.8000 4.8000 0.0000 160.7973 164.1381 157.4498 0.3797  25639.1326 0.0000 0.0000 0.0000 0.0000 25639.1326
2022 11 21 0 4.8000 209.5500 0.8000 4.8000 0.0000 160.7611 164.1019 157.4144 0.3796  32986.1935 0.0000 0.0000 0.0000 0.0000 32986.1935
2022 11 22 0 4.8000 174.4300 0.8000 4.8000 0.0000 160.7197 164.0605 157.3738 0.3795  27450.7109 0.0000 0.0000 0.0000 0.0000 27450.7109
2022 11 23 0 4.8000 149.8400 0.8000 4.8000 0.0000 160.6782 164.0190 157.3332 0.3794  23574.8051 0.0000 0.0000 0.0000 0.0000 23574.8051
2022 11 24 0 4.8000 172.1800 0.8000 4.8000 0.0000 160.6385 163.9793 157.2943 0.3793  27082.9353 0.0000 0.0000 0.0000 0.0000 27082.9353
2022 11 25 0 4.8000 200.3300 0.8000 4.8000 0.0000 160.6051 163.9459 157.2616 0.3792  31504.2211 0.0000 0.0000 0.0000 0.0000 31504.2211
2022 11 26 0 4.8000 196.0200 0.8000 4.8000 0.0000 160.5848 163.9256 157.2417 0.3792  30822.5283 0.0000 0.0000 0.0000 0.0000 30822.5283
2022 11 27 0 4.8000 146.0400 0.8000 4.8000 0.0000 160.5737 163.9145 157.2309 0.3791  22962.0038 0.0000 0.0000 0.0000 0.0000 22962.0038
2022 11 28 0 4.8000 195.3000 0.8000 4.8000 0.0000 160.5730 163.9138 157.2302 0.3791  30707.0549 0.0000 0.0000 0.0000 0.0000 30707.0549
2022 11 29 0 4.8000 362.5600 0.8000 4.8000 0.0000 160.5693 163.9101 157.2265 0.3791  57004.0565 0.0000 0.0000 0.0000 0.0000 57004.0565
2022 11 30 0 4.8000 364.6000 0.8000 4.8000 0.0000 160.5469 163.8877 157.2047 0.3791  57316.8228 0.0000 0.0000 0.0000 0.0000 57316.8228
2022 12 1 0 4.8000 349.6500 0.8000 4.8000 0.0000 160.5132 163.8540 157.1717 0.3790  54955.0783 0.0000 0.0000 0.0000 0.0000 54955.0783
2022 12 2 0 4.8000 324.9900 0.8000 4.8000 0.0000 160.4738 163.8146 157.1331 0.3789  51066.6858 0.0000 0.0000 0.0000 0.0000 51066.6858
2022 12 3 0 4.8000 268.8200 0.8000 4.8000 0.0000 160.4310 163.7718 157.0911 0.3788  42229.2328 0.0000 0.0000 0.0000 0.0000 42229.2328
2022 12 4 0 4.8000 271.5000 0.8000 4.8000 0.0000 160.3857 163.7265 157.0468 0.3787  42638.2158 0.0000 0.0000 0.0000 0.0000 42638.2158
2022 12 5 0 4.8000 290.7800 0.8000 4.8000 0.0000 160.3391 163.6799 157.0012 0.3786  45652.8124 0.0000 0.0000 0.0000 0.0000 45652.8124
2022 12 6 0 4.8000 346.8000 0.8000 4.8000 0.0000 160.2919 163.6327 156.9550 0.3785  54431.9771 0.0000 0.0000 0.0000 0.0000 54431.9771
2022 12 7 0 4.8000 334.1100 0.8000 4.8000 0.0000 160.2445 163.5853 156.9085 0.3783  52424.6935 0.0000 0.0000 0.0000 0.0000 52424.6935
2022 12 8 0 4.8000 399.0300 0.8000 4.8000 0.0000 160.1972 163.5380 156.8623 0.3782  62592.7436 0.0000 0.0000 0.0000 0.0000 62592.7436
2022 12 9 0 4.8000 418.6900 0.8000 4.8000 0.0000 160.1510 163.4918 156.8170 0.3781  65657.6951 0.0000 0.0000 0.0000 0.0000 65657.6951
2022 12 10 0 4.8000 362.9800 0.8000 4.8000 0.0000 160.1053 163.4461 156.7722 0.3780  56905.1905 0.0000 0.0000 0.0000 0.0000 56905.1905
2022 12 11 0 4.8000 338.6100 0.8000 4.8000 0.0000 160.0601 163.4009 156.7280 0.3779  53069.6705 0.0000 0.0000 0.0000 0.0000 53069.6705
2022 12 12 0 4.8000 446.1100 0.8000 4.8000 0.0000 160.0155 163.3563 156.6843 0.3778  69898.4476 0.0000 0.0000 0.0000 0.0000 69898.4476
2022 12 13 0 4.8000 458.6300 0.8000 4.8000 0.0000 159.9706 163.3114 156.6403 0.3777  71839.9544 0.0000 0.0000 0.0000 0.0000 71839.9544
2022 12 14 0 4.8000 451.4100 0.8000 4.8000 0.0000 159.9248 163.2656 156.5955 0.3776  70688.7859 0.0000 0.0000 0.0000 0.0000 70688.7859
2022 12 15 0 4.8000 396.6100 0.8000 4.8000 0.0000 159.8781 163.2189 156.5497 0.3775  62089.1889 0.0000 0.0000 0.0000 0.0000 62089.1889
2022 12 16 0 4.8000 413.8400 0.8000 4.8000 0.0000 159.8302 163.1710 156.5029 0.3774  64767.1479 0.0000 0.0000 0.0000 0.0000 64767.1479
2022 12 17 0 4.8000 254.6500 0.8000 4.8000 0.0000 159.7816 163.1224 156.4553 0.3773  39841.3328 0.0000 0.0000 0.0000 0.0000 39841.3328
2022 12 18 0 4.8000 206.4000 0.8000 4.8000 0.0000 159.7329 163.0737 156.4075 0.3771  32282.5146 0.0000 0.0000 0.0000 0.0000 32282.5146
2022 12 19 0 4.8000 211.4800 0.8000 4.8000 0.0000 159.6846 163.0254 156.3602 0.3770  33067.0644 0.0000 0.0000 0.0000 0.0000 33067.0644
2022 12 20 0 4.8000 205.2500 0.8000 4.8000 0.0000 159.6378 162.9786 156.3145 0.3769  32083.5472 0.0000 0.0000 0.0000 0.0000 32083.5472
2022 12 21 0 4.8000 223.3000 0.8000 4.8000 0.0000 159.5967 162.9375 156.2742 0.3768  34896.0321 0.0000 0.0000 0.0000 0.0000 34896.0321
2022 12 22 0 4.8000 201.9700 0.8000 4.8000 0.0000 159.5602 162.9010 156.2385 0.3767  31555.4893 0.0000 0.0000 0.0000 0.0000 31555.4893
2022 12 23 0 4.8000 193.2900 0.8000 4.8000 0.0000 159.5210 162.8618 156.2001 0.3766  30191.9085 0.0000 0.0000 0.0000 0.0000 30191.9085
2022 12 24 0 4.8000 142.3700 0.8000 4.8000 0.0000 159.4761 162.8169 156.1562 0.3765  22231.9532 0.0000 0.0000 0.0000 0.0000 22231.9532
2022 12 25 0 4.8000 129.4400 0.8000 4.8000 0.0000 159.4277 162.7685 156.1087 0.3764  20206.7153 0.0000 0.0000 0.0000 0.0000 20206.7153
2022 12 26 0 4.8000 111.7200 0.8000 4.8000 0.0000 159.3833 162.7241 156.0652 0.3763  17435.6072 0.0000 0.0000 0.0000 0.0000 17435.6072
2022 12 27 0 4.8000 141.3500 0.8000 4.8000 0.0000 159.3423 162.6831 156.0251 0.3762  22054.1534 0.0000 0.0000 0.0000 0.0000 22054.1534
2022 12 28 0 4.8000 122.1300 0.8000 4.8000 0.0000 159.2974 162.6382 155.9811 0.3761  19049.9728 0.0000 0.0000 0.0000 0.0000 19049.9728
2022 12 29 0 4.8000 96.2800 0.8000 4.8000 0.0000 159.2498 162.5906 155.9345 0.3760  15013.3766 0.0000 0.0000 0.0000 0.0000 15013.3766
2022 12 30 0 4.8000 100.4100 0.8000 4.8000 0.0000 159.2015 162.5423 155.8873 0.3759  15652.6394 0.0000 0.0000 0.0000 0.0000 15652.6394
2022 12 31 0 4.8000 116.2200 0.8000 4.8000 0.0000 159.1549 162.4957 155.8416 0.3758  18111.9154 0.0000 0.0000 0.0000 0.0000 18111.9154
2023 1 1 0 4.8000 129.1100 0.8000 4.8000 0.0000 158.9587 162.2995 1089.5463 0.3753  140671.3212 0.0000 0.0000 0.0000 0.0000 140671.3212
2023 1 8 0 4.8000 100.5200 0.8000 4.8000 0.0000 158.6514 161.9922 1087.4404 0.3746  109309.5016 0.0000 0.0000 0.0000 0.0000 109309.5016
2023 1 15 0 4.8000 134.9100 0.8000 4.8000 0.0000 158.3407 161.6815 1085.3104 0.3739  146419.2317 0.0000 0.0000 0.0000 0.0000 146419.2317
2023 1 22 0 4.8000 153.5500 0.8000 4.8000 0.0000 157.9804 161.3212 1082.8410 0.3730  166270.2366 0.0000 0.0000 0.0000 0.0000 166270.2366
2023 1 29 0 0.2142 114.0700 0.0357 0.2142 0.0000 161.1568 161.1634 9.7456 0.0752  1111.6777 0.0000 0.0000 0.0000 0.0000 1111.6777
2023 2 5 0 0.0000 118.2100 0.0000 0.0000 0.0000 161.2139 161.2139 0.0000 0.0000  0.0000 1.0000 1.0000 0.0000 0.0000 -1.0000
2023 2 12 0 0.0000 114.5300 0.0000 0.0000 0.0000 161.2685 161.2685 0.0000 0.0000  0.0000 0.0000 0.0000 0.0000 0.0000 0.0000
2023 2 19 0 0.0000 103.9800 0.0000 0.0000 0.0000 161.3325 161.3325 0.0000 0.0000  0.0000 0.0000 0.0000 0.0000 0.0000 0.0000
2023 2 26 0 0.0000 119.9500 0.0000 0.0000 0.0000 161.4138 161.4138 0.0000 0.0000  0.0000 0.0000 0.0000 0.0000 0.0000 0.0000
2023 3 5 0 0.0000 132.3400 0.0000 0.0000 0.0000 161.4835 161.4835 0.0000 0.0000  0.0000 0.0000 0.0000 0.0000 0.0000 0.0000
2023 3 12 0 0.0000 107.4200 0.0000 0.0000 0.0000 161.5245 161.5245 0.0000 0.0000  0.0000 0.0000 0.0000 0.0000 0.0000 0.0000
2023 3 19 0 0.0000 96.2600 0.0000 0.0000 0.0000 161.5691 161.5691 0.0000 0.0000  0.0000 0.0000 0.0000 0.0000 0.0000 0.0000
2023 3 26 0 0.0000 108.2600 0.0000 0.0000 0.0000 161.6584 161.6584 0.0000 0.0000  0.0000 0.0000 0.0000 0.0000 0.0000 0.0000
2023 4 2 0 0.0000 122.8700 0.0000 0.0000 0.0000 161.7926 161.7926 0.0000 0.0000  0.0000 0.0000 0.0000 0.0000 0.0000 0.0000
2023 4 9 0 2.8002 99.8300 0.4667 2.8002 0.0000 160.6839 161.8209 646.7481 0.3819  64564.8642 1.0000 1.0000 0.0000 0.0000 64563.8642
2023 4 16 0 4.8000 111.6700 0.8000 4.8000 0.0000 158.3563 161.6971 1085.4175 0.3739  121208.5692 0.0000 0.0000 0.0000 0.0000 121208.5692
2023 4 23 0 4.8000 113.0000 0.8000 4.8000 0.0000 158.2406 161.5814 1084.6242 0.3736  122562.5305 0.0000 0.0000 0.0000 0.0000 122562.5305
2023 4 30 0 4.8000 107.2500 0.8000 4.8000 0.0000 158.1012 161.4420 1083.6693 0.3733  116223.5316 0.0000 0.0000 0.0000 0.0000 116223.5316
2023 5 7 0 2.9430 92.5400 0.4905 2.9430 0.0000 160.1899 161.4458 677.3234 0.3805  62679.5087 0.0000 0.0000 0.0000 0.0000 62679.5087
2023 5 14 0 0.0000 74.1000 0.0000 0.0000 0.0000 161.9301 161.9301 0.0000 0.0000  0.0000 1.0000 1.0000 0.0000 0.0000 -1.0000
2023 5 21 0 0.0000 64.0600 0.0000 0.0000 0.0000 162.5978 162.5978 0.0000 0.0000  0.0000 0.0000 0.0000 0.0000 0.0000 0.0000
2023 5 28 0 0.0000 63.7800 0.0000 0.0000 0.0000 163.0173 163.0173 0.0000 0.0000  0.0000 0.0000 0.0000 0.0000 0.0000 0.0000
2023 6 4 0 0.0000 82.2700 0.0000 0.0000 0.0000 163.1913 163.1913 0.0000 0.0000  0.0000 0.0000 0.0000 0.0000 0.0000 0.0000
2023 6 11 0 0.0000 98.3300 0.0000 0.0000 0.0000 163.2527 163.2527 0.0000 0.0000  0.0000 0.0000 0.0000 0.0000 0.0000 0.0000
2023 6 18 0 0.0000 116.6200 0.0000 0.0000 0.0000 163.2902 163.2902 0.0000 0.0000  0.0000 0.0000 0.0000 0.0000 0.0000 0.0000
2023 6 25 0 0.0000 95.2200 0.0000 0.0000 0.0000 163.3255 163.3255 0.0000 0.0000  0.0000 0.0000 0.0000 0.0000 0.0000 0.0000
2023 7 2 0 0.0000 73.6100 0.0000 0.0000 0.0000 163.3597 163.3597 0.0000 0.0000  0.0000 0.0000 0.0000 0.0000 0.0000 0.0000
2023 7 9 0 0.0000 80.1600 0.0000 0.0000 0.0000 163.4155 163.4155 0.0000 0.0000  0.0000 0.0000 0.0000 0.0000 0.0000 0.0000
2023 7 16 0 2.7426 59.1900 0.4571 2.7426 0.0000 162.3084 163.3991 639.9695 0.3858  37879.7948 1.0000 1.0000 0.0000 0.0000 37878.7948
2023 7 23 0 4.8000 68.8000 0.8000 4.8000 0.0000 159.8213 163.1621 1095.4589 0.3773  75367.5768 0.0000 0.0000 0.0000 0.0000 75367.5768
2023 7 30 0 4.8000 61.4400 0.8000 4.8000 0.0000 159.4472 162.7880 1092.8949 0.3765  67147.4585 0.0000 0.0000 0.0000 0.0000 67147.4585
2023 8 6 0 4.8000 40.3600 0.8000 4.8000 0.0000 159.0730 162.4138 1090.3300 0.3756  44005.7194 0.0000 0.0000 0.0000 0.0000 44005.7194
2023 8 13 0 4.8000 78.8100 0.8000 4.8000 0.0000 158.7140 162.0548 1087.8690 0.3747  85734.9550 0.0000 0.0000 0.0000 0.0000 85734.9550
2023 8 20 0 4.8000 90.9300 0.8000 4.8000 0.0000 158.3688 161.7096 1085.5034 0.3739  98704.8232 0.0000 0.0000 0.0000 0.0000 98704.8232
2023 8 27 0 4.8000 94.6300 0.8000 4.8000 0.0000 158.0242 161.3650 1083.1411 0.3731  102497.6363 0.0000 0.0000 0.0000 0.0000 102497.6363
