RESERVOIR node 0 HJELLE
reservoir_init_fr= 0.70000  init_masl=754.204
Filling at HRW [Mm3] = 10.00000
Filling at LRW [Mm3] = 1.00000
Active reservoir capacity [Mm3] = 9.00000
yyyy mm dd hh [m3/s] [Euro/MWh] [fr] [m3/s] [Mm3] [masl] [fr] [Euro]         [m3/s]     [m3/s]    [m3/s]   [m3/s]    [m3/s]   [m3/s]    [m3/s]     [m3/s] 
yyyy mm dd hh Inflow Price Action Up_Inflow Res_Mm3 Res_masl Res_fr lrw_cost tunnelflow hatchflow overflow auto_qmin pump_in pump_out tot_inflow tot_outflow
2022 9 1 0 0.3600 495.0100 0.0000 0.0000 7.2898 754.1936 0.6989 0.0000 3.2000 0.0000 0.0000 0.0000 0.0000 0.0000 0.3600 3.2000 
2022 9 1 1 0.3600 494.9900 0.0000 0.0000 7.2796 754.1830 0.6977 0.0000 3.2000 0.0000 0.0000 0.0000 0.0000 0.0000 0.3600 3.2000 
2022 9 1 2 0.3600 490.5800 0.0000 0.0000 7.2693 754.1724 0.6966 0.0000 3.2000 0.0000 0.0000 0.0000 0.0000 0.0000 0.3600 3.2000 
2022 9 1 3 0.3600 501.0100 0.0000 0.0000 7.2591 754.1618 0.6955 0.0000 3.2000 0.0000 0.0000 0.0000 0.0000 0.0000 0.3600 3.2000 
2022 9 1 4 0.3600 568.4400 0.0000 0.0000 7.2489 754.1512 0.6943 0.0000 3.2000 0.0000 0.0000 0.0000 0.0000 0.0000 0.3600 3.2000 
2022 9 1 5 0.3600 590.4500 0.0000 0.0000 7.2387 754.1406 0.6932 0.0000 3.2000 0.0000 0.0000 0.0000 0.0000 0.0000 0.3600 3.2000 
2022 9 1 6 0.3500 643.5100 0.0000 0.0000 7.2284 754.1300 0.6920 0.0000 3.2000 0.0000 0.0000 0.0000 0.0000 0.0000 0.3500 3.2000 
2022 9 1 7 0.3500 639.9000 0.0000 0.0000 7.2181 754.1194 0.6909 0.0000 3.2000 0.0000 0.0000 0.0000 0.0000 0.0000 0.3500 3.2000 
2022 9 1 8 0.3500 595.2600 0.0000 0.0000 7.2079 754.1087 0.6898 0.0000 3.2000 0.0000 0.0000 0.0000 0.0000 0.0000 0.3500 3.2000 
2022 9 1 9 0.3500 577.0100 0.0000 0.0000 7.1976 754.0981 0.6886 0.0000 3.2000 0.0000 0.0000 0.0000 0.0000 0.0000 0.3500 3.2000 
2022 9 1 10 0.3500 534.6000 0.0000 0.0000 7.1874 754.0875 0.6875 0.0000 3.2000 0.0000 0.0000 0.0000 0.0000 0.0000 0.3500 3.2000 
2022 9 1 11 0.3400 507.1900 0.0000 0.0000 7.1771 754.0768 0.6863 0.0000 3.2000 0.0000 0.0000 0.0000 0.0000 0.0000 0.3400 3.2000 
2022 9 1 12 0.3400 503.4000 0.0000 0.0000 7.1668 754.0662 0.6852 0.0000 3.2000 0.0000 0.0000 0.0000 0.0000 0.0000 0.3400 3.2000 
2022 9 1 13 0.3400 523.5600 0.0000 0.0000 7.1565 754.0555 0.6841 0.0000 3.2000 0.0000 0.0000 0.0000 0.0000 0.0000 0.3400 3.2000 
2022 9 1 14 0.3400 552.6500 0.0000 0.0000 7.1462 754.0449 0.6829 0.0000 3.2000 0.0000 0.0000 0.0000 0.0000 0.0000 0.3400 3.2000 
2022 9 1 15 0.3400 575.6100 0.0000 0.0000 7.1359 754.0342 0.6818 0.0000 3.2000 0.0000 0.0000 0.0000 0.0000 0.0000 0.3400 3.2000 
2022 9 1 16 0.3400 615.1800 0.0000 0.0000 7.1256 754.0235 0.6806 0.0000 3.2000 0.0000 0.0000 0.0000 0.0000 0.0000 0.3400 3.2000 
2022 9 1 17 0.3400 649.8000 0.0000 0.0000 7.1153 754.0129 0.6795 0.0000 3.2000 0.0000 0.0000 0.0000 0.0000 0.0000 0.3400 3.2000 
2022 9 1 18 0.3400 673.7200 0.0000 0.0000 7.1050 754.0022 0.6783 0.0000 3.2000 0.0000 0.0000 0.0000 0.0000 0.0000 0.3400 3.2000 
2022 9 1 19 0.3300 658.0800 0.0000 0.0000 7.0947 753.9915 0.6772 0.0000 3.2000 0.0000 0.0000 0.0000 0.0000 0.0000 0.3300 3.2000 
2022 9 1 20 0.3300 627.5700 0.0000 0.0000 7.0843 753.9808 0.6760 0.0000 3.2000 0.0000 0.0000 0.0000 0.0000 0.0000 0.3300 3.2000 
2022 9 1 21 0.3300 560.7000 0.0000 0.0000 7.0740 753.9701 0.6749 0.0000 3.2000 0.0000 0.0000 0.0000 0.0000 0.0000 0.3300 3.2000 
2022 9 1 22 0.3300 507.1200 0.0000 0.0000 7.0637 753.9594 0.6737 0.0000 3.2000 0.0000 0.0000 0.0000 0.0000 0.0000 0.3300 3.2000 
2022 9 1 23 0.3300 471.8500 0.0000 0.0000 7.0533 753.9487 0.6726 0.0000 3.2000 0.0000 0.0000 0.0000 0.0000 0.0000 0.3300 3.2000 
2022 9 2 0 0.3300 433.2400 0.0000 0.0000 7.0430 753.9380 0.6714 0.0000 3.2000 0.0000 0.0000 0.0000 0.0000 0.0000 0.3300 3.2000 
2022 9 2 1 0.3300 409.0500 0.0000 0.0000 7.0327 753.9273 0.6703 0.0000 3.2000 0.0000 0.0000 0.0000 0.0000 0.0000 0.3300 3.2000 
2022 9 2 2 0.3300 375.2400 0.0000 0.0000 7.0223 753.9166 0.6691 0.0000 3.2000 0.0000 0.0000 0.0000 0.0000 0.0000 0.3300 3.2000 
2022 9 2 3 0.3200 406.1400 0.0000 0.0000 7.0120 753.9059 0.6680 0.0000 3.2000 0.0000 0.0000 0.0000 0.0000 0.0000 0.3200 3.2000 
2022 9 2 4 0.3200 448.6600 0.0000 0.0000 7.0016 753.8951 0.6668 0.0000 3.2000 0.0000 0.0000 0.0000 0.0000 0.0000 0.3200 3.2000 
2022 9 2 5 0.3200 533.3700 0.0000 0.0000 6.9912 753.8844 0.6657 0.0000 3.2000 0.0000 0.0000 0.0000 0.0000 0.0000 0.3200 3.2000 
2022 9 2 6 0.3200 567.7100 0.0000 0.0000 6.9809 753.8737 0.6645 0.0000 3.2000 0.0000 0.0000 0.0000 0.0000 0.0000 0.3200 3.2000 
2022 9 2 7 0.3200 584.6700 0.0000 0.0000 6.9705 753.8629 0.6634 0.0000 3.2000 0.0000 0.0000 0.0000 0.0000 0.0000 0.3200 3.2000 
2022 9 2 8 0.3100 549.3000 0.0000 0.0000 6.9601 753.8522 0.6622 0.0000 3.2000 0.0000 0.0000 0.0000 0.0000 0.0000 0.3100 3.2000 
2022 9 2 9 0.3100 514.7700 0.0000 0.0000 6.9497 753.8414 0.6611 0.0000 3.2000 0.0000 0.0000 0.0000 0.0000 0.0000 0.3100 3.2000 
2022 9 2 10 0.3100 428.5100 0.0000 0.0000 6.9393 753.8306 0.6599 0.0000 3.2000 0.0000 0.0000 0.0000 0.0000 0.0000 0.3100 3.2000 
2022 9 2 11 0.3100 292.7800 0.0000 0.0000 6.9289 753.8198 0.6588 0.0000 3.2000 0.0000 0.0000 0.0000 0.0000 0.0000 0.3100 3.2000 
2022 9 2 12 0.3100 271.2500 0.0000 0.0000 6.9185 753.8091 0.6576 0.0000 3.2000 0.0000 0.0000 0.0000 0.0000 0.0000 0.3100 3.2000 
2022 9 2 13 0.3100 273.1100 0.0000 0.0000 6.9081 753.7983 0.6565 0.0000 3.2000 0.0000 0.0000 0.0000 0.0000 0.0000 0.3100 3.2000 
2022 9 2 14 0.3100 321.3800 0.0000 0.0000 6.8977 753.7875 0.6553 0.0000 3.2000 0.0000 0.0000 0.0000 0.0000 0.0000 0.3100 3.2000 
2022 9 2 15 0.3100 396.6400 0.0000 0.0000 6.8873 753.7767 0.6541 0.0000 3.2000 0.0000 0.0000 0.0000 0.0000 0.0000 0.3100 3.2000 
2022 9 2 16 0.3000 491.8000 0.0000 0.0000 6.8768 753.7659 0.6530 0.0000 3.2000 0.0000 0.0000 0.0000 0.0000 0.0000 0.3000 3.2000 
2022 9 2 17 0.3000 552.5100 0.0000 0.0000 6.8664 753.7551 0.6518 0.0000 3.2000 0.0000 0.0000 0.0000 0.0000 0.0000 0.3000 3.2000 
2022 9 2 18 0.3000 572.7500 0.0000 0.0000 6.8559 753.7443 0.6507 0.0000 3.2000 0.0000 0.0000 0.0000 0.0000 0.0000 0.3000 3.2000 
2022 9 2 19 0.3000 545.0200 0.0000 0.0000 6.8455 753.7335 0.6495 0.0000 3.2000 0.0000 0.0000 0.0000 0.0000 0.0000 0.3000 3.2000 
2022 9 2 20 0.3000 440.6200 0.0000 0.0000 6.8351 753.7227 0.6483 0.0000 3.2000 0.0000 0.0000 0.0000 0.0000 0.0000 0.3000 3.2000 
2022 9 2 21 0.3000 355.8800 0.0000 0.0000 6.8246 753.7119 0.6472 0.0000 3.2000 0.0000 0.0000 0.0000 0.0000 0.0000 0.3000 3.2000 
2022 9 2 22 0.2900 217.7900 0.0000 0.0000 6.8141 753.7010 0.6460 0.0000 3.2000 0.0000 0.0000 0.0000 0.0000 0.0000 0.2900 3.2000 
2022 9 2 23 0.3000 238.2100 0.0000 0.0000 6.8037 753.6902 0.6449 0.0000 3.2000 0.0000 0.0000 0.0000 0.0000 0.0000 0.3000 3.2000 
2022 9 3 0 0.2900 253.5000 0.0000 0.0000 6.7932 753.6794 0.6437 0.0000 3.2000 0.0000 0.0000 0.0000 0.0000 0.0000 0.2900 3.2000 
2022 9 3 1 0.2900 271.6000 0.0000 0.0000 6.7828 753.6685 0.6425 0.0000 3.2000 0.0000 0.0000 0.0000 0.0000 0.0000 0.2900 3.2000 
2022 9 3 2 0.2900 258.7100 0.0000 0.0000 6.7723 753.6577 0.6414 0.0000 3.2000 0.0000 0.0000 0.0000 0.0000 0.0000 0.2900 3.2000 
2022 9 3 3 0.3000 243.5100 0.0000 0.0000 6.7618 753.6469 0.6402 0.0000 3.2000 0.0000 0.0000 0.0000 0.0000 0.0000 0.3000 3.2000 
2022 9 3 4 0.3000 301.8400 0.0000 0.0000 6.7514 753.6361 0.6390 0.0000 3.2000 0.0000 0.0000 0.0000 0.0000 0.0000 0.3000 3.2000 
2022 9 3 5 0.2900 284.0000 0.0000 0.0000 6.7409 753.6252 0.6379 0.0000 3.2000 0.0000 0.0000 0.0000 0.0000 0.0000 0.2900 3.2000 
2022 9 3 6 0.2900 382.1900 0.0000 0.0000 6.7304 753.6144 0.6367 0.0000 3.2000 0.0000 0.0000 0.0000 0.0000 0.0000 0.2900 3.2000 
2022 9 3 7 0.2900 413.5400 0.0000 0.0000 6.7200 753.6035 0.6356 0.0000 3.2000 0.0000 0.0000 0.0000 0.0000 0.0000 0.2900 3.2000 
2022 9 3 8 0.2900 393.5100 0.0000 0.0000 6.7095 753.5927 0.6344 0.0000 3.2000 0.0000 0.0000 0.0000 0.0000 0.0000 0.2900 3.2000 
2022 9 3 9 0.2900 442.1400 0.0000 0.0000 6.6990 753.5818 0.6332 0.0000 3.2000 0.0000 0.0000 0.0000 0.0000 0.0000 0.2900 3.2000 
2022 9 3 10 0.2900 453.6600 0.0000 0.0000 6.6885 753.5710 0.6321 0.0000 3.2000 0.0000 0.0000 0.0000 0.0000 0.0000 0.2900 3.2000 
2022 9 3 11 0.2800 468.9000 0.0000 0.0000 6.6780 753.5601 0.6309 0.0000 3.2000 0.0000 0.0000 0.0000 0.0000 0.0000 0.2800 3.2000 
2022 9 3 12 0.2800 456.4300 0.0000 0.0000 6.6675 753.5492 0.6297 0.0000 3.2000 0.0000 0.0000 0.0000 0.0000 0.0000 0.2800 3.2000 
2022 9 3 13 0.2800 459.8200 0.0000 0.0000 6.6570 753.5383 0.6286 0.0000 3.2000 0.0000 0.0000 0.0000 0.0000 0.0000 0.2800 3.2000 
2022 9 3 14 0.2700 431.0300 0.0000 0.0000 6.6465 753.5274 0.6274 0.0000 3.2000 0.0000 0.0000 0.0000 0.0000 0.0000 0.2700 3.2000 
2022 9 3 15 0.2700 387.1700 0.0000 0.0000 6.6359 753.5165 0.6262 0.0000 3.2000 0.0000 0.0000 0.0000 0.0000 0.0000 0.2700 3.2000 
2022 9 3 16 0.2700 414.6800 0.0000 0.0000 6.6254 753.5056 0.6250 0.0000 3.2000 0.0000 0.0000 0.0000 0.0000 0.0000 0.2700 3.2000 
2022 9 3 17 0.2700 468.4800 0.0000 0.0000 6.6148 753.4946 0.6239 0.0000 3.2000 0.0000 0.0000 0.0000 0.0000 0.0000 0.2700 3.2000 
2022 9 3 18 0.2700 531.4800 0.0000 0.0000 6.6043 753.4837 0.6227 0.0000 3.2000 0.0000 0.0000 0.0000 0.0000 0.0000 0.2700 3.2000 
2022 9 3 19 0.2700 513.1200 0.0000 0.0000 6.5937 753.4728 0.6215 0.0000 3.2000 0.0000 0.0000 0.0000 0.0000 0.0000 0.2700 3.2000 
2022 9 3 20 0.2800 443.1200 0.0000 0.0000 6.5832 753.4619 0.6204 0.0000 3.2000 0.0000 0.0000 0.0000 0.0000 0.0000 0.2800 3.2000 
2022 9 3 21 0.2800 395.0200 0.0000 0.0000 6.5727 753.4510 0.6192 0.0000 3.2000 0.0000 0.0000 0.0000 0.0000 0.0000 0.2800 3.2000 
2022 9 3 22 0.2900 330.8700 0.0000 0.0000 6.5622 753.4402 0.6180 0.0000 3.2000 0.0000 0.0000 0.0000 0.0000 0.0000 0.2900 3.2000 
2022 9 3 23 0.2900 215.7900 0.0000 0.0000 6.5517 753.4293 0.6169 0.0000 3.2000 0.0000 0.0000 0.0000 0.0000 0.0000 0.2900 3.2000 
2022 9 4 0 0.3100 210.1400 0.0000 0.0000 6.5413 753.4185 0.6157 0.0000 3.2000 0.0000 0.0000 0.0000 0.0000 0.0000 0.3100 3.2000 
2022 9 4 1 0.3200 205.3000 0.0000 0.0000 6.5310 753.4078 0.6146 0.0000 3.2000 0.0000 0.0000 0.0000 0.0000 0.0000 0.3200 3.2000 
2022 9 4 2 0.3200 209.5200 0.0000 0.0000 6.5206 753.3971 0.6134 0.0000 3.2000 0.0000 0.0000 0.0000 0.0000 0.0000 0.3200 3.2000 
2022 9 4 3 0.3200 225.8600 0.0000 0.0000 6.5102 753.3863 0.6122 0.0000 3.2000 0.0000 0.0000 0.0000 0.0000 0.0000 0.3200 3.2000 
2022 9 4 4 0.3200 228.5700 0.0000 0.0000 6.4999 753.3756 0.6111 0.0000 3.2000 0.0000 0.0000 0.0000 0.0000 0.0000 0.3200 3.2000 
2022 9 4 5 0.3200 216.1600 0.0000 0.0000 6.4895 753.3649 0.6099 0.0000 3.2000 0.0000 0.0000 0.0000 0.0000 0.0000 0.3200 3.2000 
2022 9 4 6 0.3200 231.8500 0.0000 0.0000 6.4791 753.3541 0.6088 0.0000 3.2000 0.0000 0.0000 0.0000 0.0000 0.0000 0.3200 3.2000 
2022 9 4 7 0.3200 215.0200 0.0000 0.0000 6.4688 753.3434 0.6076 0.0000 3.2000 0.0000 0.0000 0.0000 0.0000 0.0000 0.3200 3.2000 
2022 9 4 8 0.3200 188.9800 0.0000 0.0000 6.4584 753.3327 0.6065 0.0000 3.2000 0.0000 0.0000 0.0000 0.0000 0.0000 0.3200 3.2000 
2022 9 4 9 0.3200 298.2800 0.0000 0.0000 6.4480 753.3219 0.6053 0.0000 3.2000 0.0000 0.0000 0.0000 0.0000 0.0000 0.3200 3.2000 
2022 9 4 10 0.3200 200.4200 0.0000 0.0000 6.4377 753.3112 0.6042 0.0000 3.2000 0.0000 0.0000 0.0000 0.0000 0.0000 0.3200 3.2000 
2022 9 4 11 0.3200 248.6000 0.0000 0.0000 6.4273 753.3004 0.6030 0.0000 3.2000 0.0000 0.0000 0.0000 0.0000 0.0000 0.3200 3.2000 
2022 9 4 12 0.3200 404.7600 0.0000 0.0000 6.4169 753.2897 0.6019 0.0000 3.2000 0.0000 0.0000 0.0000 0.0000 0.0000 0.3200 3.2000 
2022 9 4 13 0.3200 404.3900 0.0000 0.0000 6.4066 753.2790 0.6007 0.0000 3.2000 0.0000 0.0000 0.0000 0.0000 0.0000 0.3200 3.2000 
2022 9 4 14 0.3200 364.4300 0.0000 0.0000 6.3962 753.2682 0.5996 0.0000 3.2000 0.0000 0.0000 0.0000 0.0000 0.0000 0.3200 3.2000 
2022 9 4 15 0.3200 248.5300 0.0000 0.0000 6.3858 753.2575 0.5984 0.0000 3.2000 0.0000 0.0000 0.0000 0.0000 0.0000 0.3200 3.2000 
2022 9 4 16 0.3200 410.2000 0.0000 0.0000 6.3754 753.2468 0.5973 0.0000 3.2000 0.0000 0.0000 0.0000 0.0000 0.0000 0.3200 3.2000 
2022 9 4 17 0.3300 442.0700 0.0000 0.0000 6.3651 753.2361 0.5961 0.0000 3.2000 0.0000 0.0000 0.0000 0.0000 0.0000 0.3300 3.2000 
2022 9 4 18 0.3300 501.0600 0.0000 0.0000 6.3548 753.2254 0.5950 0.0000 3.2000 0.0000 0.0000 0.0000 0.0000 0.0000 0.3300 3.2000 
2022 9 4 19 0.3300 500.6000 0.0000 0.0000 6.3445 753.2147 0.5938 0.0000 3.2000 0.0000 0.0000 0.0000 0.0000 0.0000 0.3300 3.2000 
2022 9 4 20 0.3300 449.0300 0.0000 0.0000 6.3341 753.2040 0.5927 0.0000 3.2000 0.0000 0.0000 0.0000 0.0000 0.0000 0.3300 3.2000 
2022 9 4 21 0.3400 418.8500 0.0000 0.0000 6.3238 753.1933 0.5915 0.0000 3.2000 0.0000 0.0000 0.0000 0.0000 0.0000 0.3400 3.2000 
2022 9 4 22 0.3400 344.0800 0.0000 0.0000 6.3135 753.1826 0.5904 0.0000 3.2000 0.0000 0.0000 0.0000 0.0000 0.0000 0.3400 3.2000 
2022 9 4 23 0.3400 275.7500 0.0000 0.0000 6.3032 753.1720 0.5892 0.0000 3.2000 0.0000 0.0000 0.0000 0.0000 0.0000 0.3400 3.2000 
2022 9 5 0 0.3400 225.3100 0.0000 0.0000 6.2929 753.1613 0.5881 0.0000 3.2000 0.0000 0.0000 0.0000 0.0000 0.0000 0.3400 3.2000 
2022 9 5 1 0.3400 217.5800 0.0000 0.0000 6.2826 753.1507 0.5870 0.0000 3.2000 0.0000 0.0000 0.0000 0.0000 0.0000 0.3400 3.2000 
2022 9 5 2 0.3400 228.2200 0.0000 0.0000 6.2723 753.1400 0.5858 0.0000 3.2000 0.0000 0.0000 0.0000 0.0000 0.0000 0.3400 3.2000 
2022 9 5 3 0.3500 245.1000 0.0000 0.0000 6.2621 753.1294 0.5847 0.0000 3.2000 0.0000 0.0000 0.0000 0.0000 0.0000 0.3500 3.2000 
2022 9 5 4 0.3500 376.3900 0.0000 0.0000 6.2518 753.1188 0.5835 0.0000 3.2000 0.0000 0.0000 0.0000 0.0000 0.0000 0.3500 3.2000 
2022 9 5 5 0.3500 457.3400 0.0000 0.0000 6.2416 753.1081 0.5824 0.0000 3.2000 0.0000 0.0000 0.0000 0.0000 0.0000 0.3500 3.2000 
2022 9 5 6 0.3600 503.6800 0.0000 0.0000 6.2313 753.0975 0.5813 0.0000 3.2000 0.0000 0.0000 0.0000 0.0000 0.0000 0.3600 3.2000 
2022 9 5 7 0.3600 517.0400 0.0000 0.0000 6.2211 753.0870 0.5801 0.0000 3.2000 0.0000 0.0000 0.0000 0.0000 0.0000 0.3600 3.2000 
2022 9 5 8 0.3700 476.2600 0.0000 0.0000 6.2109 753.0764 0.5790 0.0000 3.2000 0.0000 0.0000 0.0000 0.0000 0.0000 0.3700 3.2000 
2022 9 5 9 0.3800 429.2600 0.0000 0.0000 6.2008 753.0659 0.5779 0.0000 3.2000 0.0000 0.0000 0.0000 0.0000 0.0000 0.3800 3.2000 
2022 9 5 10 0.3800 385.8200 0.0000 0.0000 6.1906 753.0554 0.5767 0.0000 3.2000 0.0000 0.0000 0.0000 0.0000 0.0000 0.3800 3.2000 
2022 9 5 11 0.3800 402.6600 0.0000 0.0000 6.1805 753.0449 0.5756 0.0000 3.2000 0.0000 0.0000 0.0000 0.0000 0.0000 0.3800 3.2000 
2022 9 5 12 0.3800 398.7600 0.0000 0.0000 6.1703 753.0344 0.5745 0.0000 3.2000 0.0000 0.0000 0.0000 0.0000 0.0000 0.3800 3.2000 
2022 9 5 13 0.3900 291.4200 0.0000 0.0000 6.1602 753.0239 0.5734 0.0000 3.2000 0.0000 0.0000 0.0000 0.0000 0.0000 0.3900 3.2000 
2022 9 5 14 0.3900 402.6800 0.0000 0.0000 6.1501 753.0134 0.5722 0.0000 3.2000 0.0000 0.0000 0.0000 0.0000 0.0000 0.3900 3.2000 
2022 9 5 15 0.4000 401.9700 0.0000 0.0000 6.1400 753.0030 0.5711 0.0000 3.2000 0.0000 0.0000 0.0000 0.0000 0.0000 0.4000 3.2000 
2022 9 5 16 0.4000 484.3400 0.0000 0.0000 6.1299 752.9925 0.5700 0.0000 3.2000 0.0000 0.0000 0.0000 0.0000 0.0000 0.4000 3.2000 
2022 9 5 17 0.4000 546.8400 0.0000 0.0000 6.1198 752.9821 0.5689 0.0000 3.2000 0.0000 0.0000 0.0000 0.0000 0.0000 0.4000 3.2000 
2022 9 5 18 0.4000 579.7300 0.0000 0.0000 6.1098 752.9717 0.5678 0.0000 3.2000 0.0000 0.0000 0.0000 0.0000 0.0000 0.4000 3.2000 
2022 9 5 19 0.4000 504.0000 0.0000 0.0000 6.0997 752.9612 0.5666 0.0000 3.2000 0.0000 0.0000 0.0000 0.0000 0.0000 0.4000 3.2000 
2022 9 5 20 0.4000 417.8100 0.0000 0.0000 6.0896 752.9508 0.5655 0.0000 3.2000 0.0000 0.0000 0.0000 0.0000 0.0000 0.4000 3.2000 
2022 9 5 21 0.4000 329.4400 0.0000 0.0000 6.0795 752.9403 0.5644 0.0000 3.2000 0.0000 0.0000 0.0000 0.0000 0.0000 0.4000 3.2000 
2022 9 5 22 0.4100 230.8900 0.0000 0.0000 6.0695 752.9299 0.5633 0.0000 3.2000 0.0000 0.0000 0.0000 0.0000 0.0000 0.4100 3.2000 
2022 9 5 23 0.4100 279.5100 0.0000 0.0000 6.0594 752.9195 0.5622 0.0000 3.2000 0.0000 0.0000 0.0000 0.0000 0.0000 0.4100 3.2000 
2022 9 6 0 0.4100 305.4700 0.0000 0.0000 6.0494 752.9091 0.5610 0.0000 3.2000 0.0000 0.0000 0.0000 0.0000 0.0000 0.4100 3.2000 
2022 9 6 1 0.4100 282.3100 0.0000 0.0000 6.0394 752.8987 0.5599 0.0000 3.2000 0.0000 0.0000 0.0000 0.0000 0.0000 0.4100 3.2000 
2022 9 6 2 0.4200 289.6700 0.0000 0.0000 6.0293 752.8884 0.5588 0.0000 3.2000 0.0000 0.0000 0.0000 0.0000 0.0000 0.4200 3.2000 
2022 9 6 3 0.4200 293.6400 0.0000 0.0000 6.0193 752.8780 0.5577 0.0000 3.2000 0.0000 0.0000 0.0000 0.0000 0.0000 0.4200 3.2000 
2022 9 6 4 0.4300 393.0700 0.0000 0.0000 6.0094 752.8677 0.5566 0.0000 3.2000 0.0000 0.0000 0.0000 0.0000 0.0000 0.4300 3.2000 
2022 9 6 5 0.4300 462.0400 0.0000 0.0000 5.9994 752.8574 0.5555 0.0000 3.2000 0.0000 0.0000 0.0000 0.0000 0.0000 0.4300 3.2000 
2022 9 6 6 0.4300 521.0100 0.0000 0.0000 5.9894 752.8470 0.5544 0.0000 3.2000 0.0000 0.0000 0.0000 0.0000 0.0000 0.4300 3.2000 
2022 9 6 7 0.4400 540.1400 0.0000 0.0000 5.9795 752.8367 0.5533 0.0000 3.2000 0.0000 0.0000 0.0000 0.0000 0.0000 0.4400 3.2000 
2022 9 6 8 0.4400 474.4700 0.0000 0.0000 5.9695 752.8265 0.5522 0.0000 3.2000 0.0000 0.0000 0.0000 0.0000 0.0000 0.4400 3.2000 
2022 9 6 9 0.4500 441.4400 0.0000 0.0000 5.9596 752.8162 0.5511 0.0000 3.2000 0.0000 0.0000 0.0000 0.0000 0.0000 0.4500 3.2000 
2022 9 6 10 0.4600 311.8200 0.0000 0.0000 5.9498 752.8060 0.5500 0.0000 3.2000 0.0000 0.0000 0.0000 0.0000 0.0000 0.4600 3.2000 
2022 9 6 11 0.4600 261.3000 0.0000 0.0000 5.9399 752.7958 0.5489 0.0000 3.2000 0.0000 0.0000 0.0000 0.0000 0.0000 0.4600 3.2000 
2022 9 6 12 0.4600 273.5200 0.0000 0.0000 5.9301 752.7856 0.5478 0.0000 3.2000 0.0000 0.0000 0.0000 0.0000 0.0000 0.4600 3.2000 
2022 9 6 13 0.4700 286.6500 0.0000 0.0000 5.9202 752.7754 0.5467 0.0000 3.2000 0.0000 0.0000 0.0000 0.0000 0.0000 0.4700 3.2000 
2022 9 6 14 0.4800 386.9200 0.0000 0.0000 5.9104 752.7652 0.5456 0.0000 3.2000 0.0000 0.0000 0.0000 0.0000 0.0000 0.4800 3.2000 
2022 9 6 15 0.4900 472.2400 0.0000 0.0000 5.9007 752.7551 0.5445 0.0000 3.2000 0.0000 0.0000 0.0000 0.0000 0.0000 0.4900 3.2000 
2022 9 6 16 0.4900 481.7900 0.0000 0.0000 5.8909 752.7450 0.5434 0.0000 3.2000 0.0000 0.0000 0.0000 0.0000 0.0000 0.4900 3.2000 
2022 9 6 17 0.4900 525.8500 0.0000 0.0000 5.8812 752.7349 0.5424 0.0000 3.2000 0.0000 0.0000 0.0000 0.0000 0.0000 0.4900 3.2000 
2022 9 6 18 0.4900 549.4500 0.0000 0.0000 5.8714 752.7248 0.5413 0.0000 3.2000 0.0000 0.0000 0.0000 0.0000 0.0000 0.4900 3.2000 
2022 9 6 19 0.4800 541.0200 0.0000 0.0000 5.8616 752.7147 0.5402 0.0000 3.2000 0.0000 0.0000 0.0000 0.0000 0.0000 0.4800 3.2000 
2022 9 6 20 0.4800 509.6200 0.0000 0.0000 5.8518 752.7046 0.5391 0.0000 3.2000 0.0000 0.0000 0.0000 0.0000 0.0000 0.4800 3.2000 
2022 9 6 21 0.4800 466.2000 0.0000 0.0000 5.8420 752.6944 0.5380 0.0000 3.2000 0.0000 0.0000 0.0000 0.0000 0.0000 0.4800 3.2000 
2022 9 6 22 0.4800 453.1000 0.0000 0.0000 5.8322 752.6843 0.5369 0.0000 3.2000 0.0000 0.0000 0.0000 0.0000 0.0000 0.4800 3.2000 
2022 9 6 23 0.4800 421.7600 0.0000 0.0000 5.8225 752.6741 0.5358 0.0000 3.2000 0.0000 0.0000 0.0000 0.0000 0.0000 0.4800 3.2000 
2022 9 7 0 0.4800 391.3100 0.0000 0.0000 5.8127 752.6640 0.5347 0.0000 3.2000 0.0000 0.0000 0.0000 0.0000 0.0000 0.4800 3.2000 
2022 9 7 1 0.4700 374.3800 0.0000 0.0000 5.8028 752.6538 0.5336 0.0000 3.2000 0.0000 0.0000 0.0000 0.0000 0.0000 0.4700 3.2000 
2022 9 7 2 0.4700 373.0200 0.0000 0.0000 5.7930 752.6436 0.5326 0.0000 3.2000 0.0000 0.0000 0.0000 0.0000 0.0000 0.4700 3.2000 
2022 9 7 3 0.4700 394.9700 0.0000 0.0000 5.7832 752.6335 0.5315 0.0000 3.2000 0.0000 0.0000 0.0000 0.0000 0.0000 0.4700 3.2000 
2022 9 7 4 0.4700 402.2600 0.0000 0.0000 5.7733 752.6233 0.5304 0.0000 3.2000 0.0000 0.0000 0.0000 0.0000 0.0000 0.4700 3.2000 
2022 9 7 5 0.4700 467.0300 0.0000 0.0000 5.7635 752.6131 0.5293 0.0000 3.2000 0.0000 0.0000 0.0000 0.0000 0.0000 0.4700 3.2000 
2022 9 7 6 0.4700 498.4000 0.0000 0.0000 5.7537 752.6029 0.5282 0.0000 3.2000 0.0000 0.0000 0.0000 0.0000 0.0000 0.4700 3.2000 
2022 9 7 7 0.4700 502.5900 0.0000 0.0000 5.7439 752.5928 0.5271 0.0000 3.2000 0.0000 0.0000 0.0000 0.0000 0.0000 0.4700 3.2000 
2022 9 7 8 0.4700 494.7000 0.0000 0.0000 5.7340 752.5826 0.5260 0.0000 3.2000 0.0000 0.0000 0.0000 0.0000 0.0000 0.4700 3.2000 
2022 9 7 9 0.4800 464.9200 0.0000 0.0000 5.7242 752.5724 0.5249 0.0000 3.2000 0.0000 0.0000 0.0000 0.0000 0.0000 0.4800 3.2000 
2022 9 7 10 0.4800 445.5600 0.0000 0.0000 5.7145 752.5623 0.5238 0.0000 3.2000 0.0000 0.0000 0.0000 0.0000 0.0000 0.4800 3.2000 
2022 9 7 11 0.4900 401.2200 0.0000 0.0000 5.7047 752.5522 0.5227 0.0000 3.2000 0.0000 0.0000 0.0000 0.0000 0.0000 0.4900 3.2000 
2022 9 7 12 0.4800 397.7500 0.0000 0.0000 5.6949 752.5421 0.5217 0.0000 3.2000 0.0000 0.0000 0.0000 0.0000 0.0000 0.4800 3.2000 
2022 9 7 13 0.4800 404.9600 0.0000 0.0000 5.6851 752.5319 0.5206 0.0000 3.2000 0.0000 0.0000 0.0000 0.0000 0.0000 0.4800 3.2000 
2022 9 7 14 0.4800 408.3600 0.0000 0.0000 5.6753 752.5218 0.5195 0.0000 3.2000 0.0000 0.0000 0.0000 0.0000 0.0000 0.4800 3.2000 
2022 9 7 15 0.4800 466.8800 0.0000 0.0000 5.6655 752.5116 0.5184 0.0000 3.2000 0.0000 0.0000 0.0000 0.0000 0.0000 0.4800 3.2000 
2022 9 7 16 0.4800 499.4900 0.0000 0.0000 5.6557 752.5015 0.5173 0.0000 3.2000 0.0000 0.0000 0.0000 0.0000 0.0000 0.4800 3.2000 
2022 9 7 17 0.4700 520.7000 0.0000 0.0000 5.6459 752.4913 0.5162 0.0000 3.2000 0.0000 0.0000 0.0000 0.0000 0.0000 0.4700 3.2000 
2022 9 7 18 0.4700 544.1300 0.0000 0.0000 5.6361 752.4811 0.5151 0.0000 3.2000 0.0000 0.0000 0.0000 0.0000 0.0000 0.4700 3.2000 
2022 9 7 19 0.4600 524.2600 0.0000 0.0000 5.6262 752.4709 0.5140 0.0000 3.2000 0.0000 0.0000 0.0000 0.0000 0.0000 0.4600 3.2000 
2022 9 7 20 0.4500 502.1600 0.0000 0.0000 5.6163 752.4607 0.5129 0.0000 3.2000 0.0000 0.0000 0.0000 0.0000 0.0000 0.4500 3.2000 
2022 9 7 21 0.4500 484.5200 0.0000 0.0000 5.6064 752.4504 0.5118 0.0000 3.2000 0.0000 0.0000 0.0000 0.0000 0.0000 0.4500 3.2000 
2022 9 7 22 0.4500 434.1200 0.0000 0.0000 5.5965 752.4402 0.5107 0.0000 3.2000 0.0000 0.0000 0.0000 0.0000 0.0000 0.4500 3.2000 
2022 9 7 23 0.4400 439.0400 0.0000 0.0000 5.5866 752.4299 0.5096 0.0000 3.2000 0.0000 0.0000 0.0000 0.0000 0.0000 0.4400 3.2000 
2022 9 8 0 0.4400 405.0600 0.0000 0.0000 5.5766 752.4196 0.5085 0.0000 3.2000 0.0000 0.0000 0.0000 0.0000 0.0000 0.4400 3.2000 
2022 9 8 1 0.4400 397.6600 0.0000 0.0000 5.5667 752.4093 0.5074 0.0000 3.2000 0.0000 0.0000 0.0000 0.0000 0.0000 0.4400 3.2000 
2022 9 8 2 0.4400 379.4100 0.0000 0.0000 5.5568 752.3990 0.5063 0.0000 3.2000 0.0000 0.0000 0.0000 0.0000 0.0000 0.4400 3.2000 
2022 9 8 3 0.4400 376.7300 0.0000 0.0000 5.5468 752.3887 0.5052 0.0000 3.2000 0.0000 0.0000 0.0000 0.0000 0.0000 0.4400 3.2000 
2022 9 8 4 0.4400 439.1000 0.0000 0.0000 5.5369 752.3784 0.5041 0.0000 3.2000 0.0000 0.0000 0.0000 0.0000 0.0000 0.4400 3.2000 
2022 9 8 5 0.4400 459.8200 0.0000 0.0000 5.5270 752.3682 0.5030 0.0000 3.2000 0.0000 0.0000 0.0000 0.0000 0.0000 0.4400 3.2000 
2022 9 8 6 0.4300 486.0300 0.0000 0.0000 5.5170 752.3578 0.5019 0.0000 3.2000 0.0000 0.0000 0.0000 0.0000 0.0000 0.4300 3.2000 
2022 9 8 7 0.4300 504.4700 0.0000 0.0000 5.5070 752.3475 0.5008 0.0000 3.2000 0.0000 0.0000 0.0000 0.0000 0.0000 0.4300 3.2000 
2022 9 8 8 0.4200 473.3100 0.0000 0.0000 5.4970 752.3371 0.4997 0.0000 3.2000 0.0000 0.0000 0.0000 0.0000 0.0000 0.4200 3.2000 
2022 9 8 9 0.4200 465.6200 0.0000 0.0000 5.4870 752.3268 0.4986 0.0000 3.2000 0.0000 0.0000 0.0000 0.0000 0.0000 0.4200 3.2000 
2022 9 8 10 0.4200 438.5300 0.0000 0.0000 5.4770 752.3164 0.4974 0.0000 3.2000 0.0000 0.0000 0.0000 0.0000 0.0000 0.4200 3.2000 
2022 9 8 11 0.4200 426.1800 0.0000 0.0000 5.4670 752.3061 0.4963 0.0000 3.2000 0.0000 0.0000 0.0000 0.0000 0.0000 0.4200 3.2000 
2022 9 8 12 0.4200 407.0500 0.0000 0.0000 5.4570 752.2957 0.4952 0.0000 3.2000 0.0000 0.0000 0.0000 0.0000 0.0000 0.4200 3.2000 
2022 9 8 13 0.4200 397.2700 0.0000 0.0000 5.4470 752.2853 0.4941 0.0000 3.2000 0.0000 0.0000 0.0000 0.0000 0.0000 0.4200 3.2000 
2022 9 8 14 0.4100 402.0900 0.0000 0.0000 5.4369 752.2749 0.4930 0.0000 3.2000 0.0000 0.0000 0.0000 0.0000 0.0000 0.4100 3.2000 
2022 9 8 15 0.4100 413.1900 0.0000 0.0000 5.4269 752.2645 0.4919 0.0000 3.2000 0.0000 0.0000 0.0000 0.0000 0.0000 0.4100 3.2000 
2022 9 8 16 0.4100 452.1600 0.0000 0.0000 5.4168 752.2541 0.4908 0.0000 3.2000 0.0000 0.0000 0.0000 0.0000 0.0000 0.4100 3.2000 
2022 9 8 17 0.4100 467.2000 0.0000 0.0000 5.4068 752.2437 0.4896 0.0000 3.2000 0.0000 0.0000 0.0000 0.0000 0.0000 0.4100 3.2000 
2022 9 8 18 0.4000 478.3100 0.0000 0.0000 5.3967 752.2333 0.4885 0.0000 3.2000 0.0000 0.0000 0.0000 0.0000 0.0000 0.4000 3.2000 
2022 9 8 19 0.4000 484.0800 0.0000 0.0000 5.3866 752.2228 0.4874 0.0000 3.2000 0.0000 0.0000 0.0000 0.0000 0.0000 0.4000 3.2000 
2022 9 8 20 0.3900 450.0900 0.0000 0.0000 5.3765 752.2124 0.4863 0.0000 3.2000 0.0000 0.0000 0.0000 0.0000 0.0000 0.3900 3.2000 
2022 9 8 21 0.3800 391.6800 0.0000 0.0000 5.3664 752.2019 0.4852 0.0000 3.2000 0.0000 0.0000 0.0000 0.0000 0.0000 0.3800 3.2000 
2022 9 8 22 0.3800 332.2700 0.0000 0.0000 5.3562 752.1913 0.4840 0.0000 3.2000 0.0000 0.0000 0.0000 0.0000 0.0000 0.3800 3.2000 
2022 9 8 23 0.3800 310.0400 0.0000 0.0000 5.3461 752.1808 0.4829 0.0000 3.2000 0.0000 0.0000 0.0000 0.0000 0.0000 0.3800 3.2000 
2022 9 9 0 0.3800 246.1600 0.0000 0.0000 5.3359 752.1703 0.4818 0.0000 3.2000 0.0000 0.0000 0.0000 0.0000 0.0000 0.3800 3.2000 
2022 9 9 1 0.3800 211.8700 0.0000 0.0000 5.3258 752.1598 0.4806 0.0000 3.2000 0.0000 0.0000 0.0000 0.0000 0.0000 0.3800 3.2000 
2022 9 9 2 0.3800 199.4500 0.0000 0.0000 5.3156 752.1493 0.4795 0.0000 3.2000 0.0000 0.0000 0.0000 0.0000 0.0000 0.3800 3.2000 
2022 9 9 3 0.4000 234.9400 0.0000 0.0000 5.3055 752.1389 0.4784 0.0000 3.2000 0.0000 0.0000 0.0000 0.0000 0.0000 0.4000 3.2000 
2022 9 9 4 0.4000 288.6200 0.0000 0.0000 5.2954 752.1284 0.4773 0.0000 3.2000 0.0000 0.0000 0.0000 0.0000 0.0000 0.4000 3.2000 
2022 9 9 5 0.4200 371.2400 0.0000 0.0000 5.2854 752.1181 0.4762 0.0000 3.2000 0.0000 0.0000 0.0000 0.0000 0.0000 0.4200 3.2000 
2022 9 9 6 0.4100 419.0900 0.0000 0.0000 5.2754 752.1077 0.4750 0.0000 3.2000 0.0000 0.0000 0.0000 0.0000 0.0000 0.4100 3.2000 
2022 9 9 7 0.3900 419.5300 0.0000 0.0000 5.2653 752.0972 0.4739 0.0000 3.2000 0.0000 0.0000 0.0000 0.0000 0.0000 0.3900 3.2000 
2022 9 9 8 0.4000 404.5500 0.0000 0.0000 5.2552 752.0867 0.4728 0.0000 3.2000 0.0000 0.0000 0.0000 0.0000 0.0000 0.4000 3.2000 
2022 9 9 9 0.4000 376.5400 0.0000 0.0000 5.2451 752.0763 0.4717 0.0000 3.2000 0.0000 0.0000 0.0000 0.0000 0.0000 0.4000 3.2000 
2022 9 9 10 0.3900 341.6000 0.0000 0.0000 5.2350 752.0658 0.4706 0.0000 3.2000 0.0000 0.0000 0.0000 0.0000 0.0000 0.3900 3.2000 
2022 9 9 11 0.3800 351.8400 0.0000 0.0000 5.2249 752.0553 0.4694 0.0000 3.2000 0.0000 0.0000 0.0000 0.0000 0.0000 0.3800 3.2000 
2022 9 9 12 0.3900 302.8800 0.0000 0.0000 5.2147 752.0448 0.4683 0.0000 3.2000 0.0000 0.0000 0.0000 0.0000 0.0000 0.3900 3.2000 
2022 9 9 13 0.3900 304.3300 0.0000 0.0000 5.2046 752.0344 0.4672 0.0000 3.2000 0.0000 0.0000 0.0000 0.0000 0.0000 0.3900 3.2000 
2022 9 9 14 0.3800 301.3700 0.0000 0.0000 5.1945 752.0239 0.4661 0.0000 3.2000 0.0000 0.0000 0.0000 0.0000 0.0000 0.3800 3.2000 
2022 9 9 15 0.3800 377.1900 0.0000 0.0000 5.1843 752.0133 0.4649 0.0000 3.2000 0.0000 0.0000 0.0000 0.0000 0.0000 0.3800 3.2000 
2022 9 9 16 0.3900 403.7700 0.0000 0.0000 5.1742 752.0029 0.4638 0.0000 3.2000 0.0000 0.0000 0.0000 0.0000 0.0000 0.3900 3.2000 
2022 9 9 17 0.3700 423.2800 0.0000 0.0000 5.1640 751.9923 0.4627 0.0000 3.2000 0.0000 0.0000 0.0000 0.0000 0.0000 0.3700 3.2000 
2022 9 9 18 0.3600 454.4300 0.0000 0.0000 5.1538 751.9817 0.4615 0.0000 3.2000 0.0000 0.0000 0.0000 0.0000 0.0000 0.3600 3.2000 
2022 9 9 19 0.3500 452.1400 0.0000 0.0000 5.1435 751.9711 0.4604 0.0000 3.2000 0.0000 0.0000 0.0000 0.0000 0.0000 0.3500 3.2000 
2022 9 9 20 0.3500 408.3400 0.0000 0.0000 5.1333 751.9605 0.4593 0.0000 3.2000 0.0000 0.0000 0.0000 0.0000 0.0000 0.3500 3.2000 
2022 9 9 21 0.3500 388.4600 0.0000 0.0000 5.1230 751.9499 0.4581 0.0000 3.2000 0.0000 0.0000 0.0000 0.0000 0.0000 0.3500 3.2000 
2022 9 9 22 0.3400 388.7900 0.0000 0.0000 5.1127 751.9392 0.4570 0.0000 3.2000 0.0000 0.0000 0.0000 0.0000 0.0000 0.3400 3.2000 
2022 9 9 23 0.3400 399.9600 0.0000 0.0000 5.1024 751.9285 0.4558 0.0000 3.2000 0.0000 0.0000 0.0000 0.0000 0.0000 0.3400 3.2000 
2022 9 10 0 0.3400 369.7600 0.0000 0.0000 5.0921 751.9179 0.4547 0.0000 3.2000 0.0000 0.0000 0.0000 0.0000 0.0000 0.3400 3.2000 
2022 9 10 1 0.3300 361.7900 0.0000 0.0000 5.0818 751.9072 0.4535 0.0000 3.2000 0.0000 0.0000 0.0000 0.0000 0.0000 0.3300 3.2000 
2022 9 10 2 0.3300 357.6700 0.0000 0.0000 5.0715 751.8965 0.4524 0.0000 3.2000 0.0000 0.0000 0.0000 0.0000 0.0000 0.3300 3.2000 
2022 9 10 3 0.3300 357.6900 0.0000 0.0000 5.0611 751.8858 0.4512 0.0000 3.2000 0.0000 0.0000 0.0000 0.0000 0.0000 0.3300 3.2000 
2022 9 10 4 0.3400 366.6100 0.0000 0.0000 5.0508 751.8751 0.4501 0.0000 3.2000 0.0000 0.0000 0.0000 0.0000 0.0000 0.3400 3.2000 
2022 9 10 5 0.3500 392.6200 0.0000 0.0000 5.0406 751.8645 0.4490 0.0000 3.2000 0.0000 0.0000 0.0000 0.0000 0.0000 0.3500 3.2000 
2022 9 10 6 0.3500 405.5500 0.0000 0.0000 5.0303 751.8539 0.4478 0.0000 3.2000 0.0000 0.0000 0.0000 0.0000 0.0000 0.3500 3.2000 
2022 9 10 7 0.3500 422.6400 0.0000 0.0000 5.0200 751.8432 0.4467 0.0000 3.2000 0.0000 0.0000 0.0000 0.0000 0.0000 0.3500 3.2000 
2022 9 10 8 0.3500 420.7900 0.0000 0.0000 5.0098 751.8326 0.4455 0.0000 3.2000 0.0000 0.0000 0.0000 0.0000 0.0000 0.3500 3.2000 
2022 9 10 9 0.3600 441.6700 0.0000 0.0000 4.9996 751.8220 0.4444 0.0000 3.2000 0.0000 0.0000 0.0000 0.0000 0.0000 0.3600 3.2000 
2022 9 10 10 0.3700 430.7900 0.0000 0.0000 4.9894 751.8115 0.4433 0.0000 3.2000 0.0000 0.0000 0.0000 0.0000 0.0000 0.3700 3.2000 
2022 9 10 11 0.4000 411.8500 0.0000 0.0000 4.9793 751.8010 0.4421 0.0000 3.2000 0.0000 0.0000 0.0000 0.0000 0.0000 0.4000 3.2000 
2022 9 10 12 0.4100 365.5500 0.0000 0.0000 4.9693 751.7906 0.4410 0.0000 3.2000 0.0000 0.0000 0.0000 0.0000 0.0000 0.4100 3.2000 
2022 9 10 13 0.4100 359.3500 0.0000 0.0000 4.9592 751.7802 0.4399 0.0000 3.2000 0.0000 0.0000 0.0000 0.0000 0.0000 0.4100 3.2000 
2022 9 10 14 0.4300 363.8900 0.0000 0.0000 4.9492 751.7699 0.4388 0.0000 3.2000 0.0000 0.0000 0.0000 0.0000 0.0000 0.4300 3.2000 
2022 9 10 15 0.4400 394.0800 0.0000 0.0000 4.9393 751.7596 0.4377 0.0000 3.2000 0.0000 0.0000 0.0000 0.0000 0.0000 0.4400 3.2000 
2022 9 10 16 0.4300 457.2000 0.0000 0.0000 4.9293 751.7493 0.4366 0.0000 3.2000 0.0000 0.0000 0.0000 0.0000 0.0000 0.4300 3.2000 
2022 9 10 17 0.4400 441.1300 0.0000 0.0000 4.9194 751.7390 0.4355 0.0000 3.2000 0.0000 0.0000 0.0000 0.0000 0.0000 0.4400 3.2000 
2022 9 10 18 0.4600 478.8600 0.0000 0.0000 4.9095 751.7288 0.4344 0.0000 3.2000 0.0000 0.0000 0.0000 0.0000 0.0000 0.4600 3.2000 
2022 9 10 19 0.4500 478.7500 0.0000 0.0000 4.8996 751.7185 0.4333 0.0000 3.2000 0.0000 0.0000 0.0000 0.0000 0.0000 0.4500 3.2000 
2022 9 10 20 0.4500 453.0000 0.0000 0.0000 4.8897 751.7083 0.4322 0.0000 3.2000 0.0000 0.0000 0.0000 0.0000 0.0000 0.4500 3.2000 
2022 9 10 21 0.4500 448.9200 0.0000 0.0000 4.8798 751.6980 0.4311 0.0000 3.2000 0.0000 0.0000 0.0000 0.0000 0.0000 0.4500 3.2000 
2022 9 10 22 0.4600 447.8000 0.0000 0.0000 4.8700 751.6878 0.4300 0.0000 3.2000 0.0000 0.0000 0.0000 0.0000 0.0000 0.4600 3.2000 
2022 9 10 23 0.4700 434.5600 0.0000 0.0000 4.8601 751.6777 0.4289 0.0000 3.2000 0.0000 0.0000 0.0000 0.0000 0.0000 0.4700 3.2000 
2022 9 11 0 0.4600 397.0500 0.0000 0.0000 4.8503 751.6674 0.4278 0.0000 3.2000 0.0000 0.0000 0.0000 0.0000 0.0000 0.4600 3.2000 
2022 9 11 1 0.4700 397.0400 0.0000 0.0000 4.8404 751.6573 0.4267 0.0000 3.2000 0.0000 0.0000 0.0000 0.0000 0.0000 0.4700 3.2000 
2022 9 11 2 0.4700 380.7100 0.0000 0.0000 4.8306 751.6471 0.4256 0.0000 3.2000 0.0000 0.0000 0.0000 0.0000 0.0000 0.4700 3.2000 
2022 9 11 3 0.4700 369.7000 0.0000 0.0000 4.8208 751.6369 0.4245 0.0000 3.2000 0.0000 0.0000 0.0000 0.0000 0.0000 0.4700 3.2000 
2022 9 11 4 0.4800 380.5100 0.0000 0.0000 4.8110 751.6268 0.4234 0.0000 3.2000 0.0000 0.0000 0.0000 0.0000 0.0000 0.4800 3.2000 
2022 9 11 5 0.4800 390.0100 0.0000 0.0000 4.8012 751.6166 0.4224 0.0000 3.2000 0.0000 0.0000 0.0000 0.0000 0.0000 0.4800 3.2000 
2022 9 11 6 0.4700 396.1600 0.0000 0.0000 4.7914 751.6065 0.4213 0.0000 3.2000 0.0000 0.0000 0.0000 0.0000 0.0000 0.4700 3.2000 
2022 9 11 7 0.4800 413.7900 0.0000 0.0000 4.7816 751.5963 0.4202 0.0000 3.2000 0.0000 0.0000 0.0000 0.0000 0.0000 0.4800 3.2000 
2022 9 11 8 0.4800 414.6400 0.0000 0.0000 4.7718 751.5862 0.4191 0.0000 3.2000 0.0000 0.0000 0.0000 0.0000 0.0000 0.4800 3.2000 
2022 9 11 9 0.4900 400.5900 0.0000 0.0000 4.7620 751.5761 0.4180 0.0000 3.2000 0.0000 0.0000 0.0000 0.0000 0.0000 0.4900 3.2000 
2022 9 11 10 0.4900 391.8700 0.0000 0.0000 4.7523 751.5660 0.4169 0.0000 3.2000 0.0000 0.0000 0.0000 0.0000 0.0000 0.4900 3.2000 
2022 9 11 11 0.4900 371.2000 0.0000 0.0000 4.7425 751.5559 0.4158 0.0000 3.2000 0.0000 0.0000 0.0000 0.0000 0.0000 0.4900 3.2000 
2022 9 11 12 0.4800 344.8200 0.0000 0.0000 4.7327 751.5457 0.4147 0.0000 3.2000 0.0000 0.0000 0.0000 0.0000 0.0000 0.4800 3.2000 
2022 9 11 13 0.4900 284.3200 0.0000 0.0000 4.7230 751.5356 0.4137 0.0000 3.2000 0.0000 0.0000 0.0000 0.0000 0.0000 0.4900 3.2000 
2022 9 11 14 0.4800 306.2400 0.0000 0.0000 4.7132 751.5255 0.4126 0.0000 3.2000 0.0000 0.0000 0.0000 0.0000 0.0000 0.4800 3.2000 
2022 9 11 15 0.4800 376.2900 0.0000 0.0000 4.7034 751.5153 0.4115 0.0000 3.2000 0.0000 0.0000 0.0000 0.0000 0.0000 0.4800 3.2000 
2022 9 11 16 0.4800 426.0100 0.0000 0.0000 4.6936 751.5052 0.4104 0.0000 3.2000 0.0000 0.0000 0.0000 0.0000 0.0000 0.4800 3.2000 
2022 9 11 17 0.4800 465.2000 0.0000 0.0000 4.6838 751.4951 0.4093 0.0000 3.2000 0.0000 0.0000 0.0000 0.0000 0.0000 0.4800 3.2000 
2022 9 11 18 0.4800 493.3800 0.0000 0.0000 4.6740 751.4849 0.4082 0.0000 3.2000 0.0000 0.0000 0.0000 0.0000 0.0000 0.4800 3.2000 
2022 9 11 19 0.4700 504.5400 0.0000 0.0000 4.6642 751.4748 0.4071 0.0000 3.2000 0.0000 0.0000 0.0000 0.0000 0.0000 0.4700 3.2000 
2022 9 11 20 0.4700 484.5300 0.0000 0.0000 4.6544 751.4646 0.4060 0.0000 3.2000 0.0000 0.0000 0.0000 0.0000 0.0000 0.4700 3.2000 
2022 9 11 21 0.4700 450.8800 0.0000 0.0000 4.6445 751.4544 0.4049 0.0000 3.2000 0.0000 0.0000 0.0000 0.0000 0.0000 0.4700 3.2000 
2022 9 11 22 0.4700 403.6900 0.0000 0.0000 4.6347 751.4442 0.4039 0.0000 3.2000 0.0000 0.0000 0.0000 0.0000 0.0000 0.4700 3.2000 
2022 9 11 23 0.4600 357.1600 0.0000 0.0000 4.6248 751.4340 0.4028 0.0000 3.2000 0.0000 0.0000 0.0000 0.0000 0.0000 0.4600 3.2000 
2022 9 12 0 0.4600 365.7900 0.0000 0.0000 4.6150 751.4238 0.4017 0.0000 3.2000 0.0000 0.0000 0.0000 0.0000 0.0000 0.4600 3.2000 
2022 9 12 1 0.4600 365.2900 0.0000 0.0000 4.6051 751.4136 0.4006 0.0000 3.2000 0.0000 0.0000 0.0000 0.0000 0.0000 0.4600 3.2000 
2022 9 12 2 0.4600 360.0400 0.0000 0.0000 4.5952 751.4034 0.3995 0.0000 3.2000 0.0000 0.0000 0.0000 0.0000 0.0000 0.4600 3.2000 
2022 9 12 3 0.4600 363.6300 0.0000 0.0000 4.5854 751.3931 0.3984 0.0000 3.2000 0.0000 0.0000 0.0000 0.0000 0.0000 0.4600 3.2000 
2022 9 12 4 0.4500 401.1500 0.0000 0.0000 4.5755 751.3829 0.3973 0.0000 3.2000 0.0000 0.0000 0.0000 0.0000 0.0000 0.4500 3.2000 
2022 9 12 5 0.4500 454.5300 0.0000 0.0000 4.5656 751.3726 0.3962 0.0000 3.2000 0.0000 0.0000 0.0000 0.0000 0.0000 0.4500 3.2000 
2022 9 12 6 0.4500 486.6800 0.0000 0.0000 4.5557 751.3624 0.3951 0.0000 3.2000 0.0000 0.0000 0.0000 0.0000 0.0000 0.4500 3.2000 
2022 9 12 7 0.4400 489.8100 0.0000 0.0000 4.5457 751.3521 0.3940 0.0000 3.2000 0.0000 0.0000 0.0000 0.0000 0.0000 0.4400 3.2000 
2022 9 12 8 0.4400 458.5800 0.0000 0.0000 4.5358 751.3418 0.3929 0.0000 3.2000 0.0000 0.0000 0.0000 0.0000 0.0000 0.4400 3.2000 
2022 9 12 9 0.4400 417.6200 0.0000 0.0000 4.5259 751.3315 0.3918 0.0000 3.2000 0.0000 0.0000 0.0000 0.0000 0.0000 0.4400 3.2000 
2022 9 12 10 0.4400 370.5200 0.0000 0.0000 4.5159 751.3212 0.3907 0.0000 3.2000 0.0000 0.0000 0.0000 0.0000 0.0000 0.4400 3.2000 
2022 9 12 11 0.4400 362.2600 0.0000 0.0000 4.5060 751.3110 0.3896 0.0000 3.2000 0.0000 0.0000 0.0000 0.0000 0.0000 0.4400 3.2000 
2022 9 12 12 0.4400 339.4700 0.0000 0.0000 4.4961 751.3007 0.3885 0.0000 3.2000 0.0000 0.0000 0.0000 0.0000 0.0000 0.4400 3.2000 
2022 9 12 13 0.4400 347.4200 0.0000 0.0000 4.4861 751.2904 0.3873 0.0000 3.2000 0.0000 0.0000 0.0000 0.0000 0.0000 0.4400 3.2000 
2022 9 12 14 0.4500 354.9400 0.0000 0.0000 4.4762 751.2801 0.3862 0.0000 3.2000 0.0000 0.0000 0.0000 0.0000 0.0000 0.4500 3.2000 
2022 9 12 15 0.4600 407.2800 0.0000 0.0000 4.4664 751.2699 0.3852 0.0000 3.2000 0.0000 0.0000 0.0000 0.0000 0.0000 0.4600 3.2000 
2022 9 12 16 0.4700 457.5900 0.0000 0.0000 4.4565 751.2597 0.3841 0.0000 3.2000 0.0000 0.0000 0.0000 0.0000 0.0000 0.4700 3.2000 
2022 9 12 17 0.4700 490.3000 0.0000 0.0000 4.4467 751.2496 0.3830 0.0000 3.2000 0.0000 0.0000 0.0000 0.0000 0.0000 0.4700 3.2000 
2022 9 12 18 0.5100 495.5800 0.0000 0.0000 4.4370 751.2395 0.3819 0.0000 3.2000 0.0000 0.0000 0.0000 0.0000 0.0000 0.5100 3.2000 
2022 9 12 19 0.6300 486.8400 0.0000 0.0000 4.4278 751.2299 0.3809 0.0000 3.2000 0.0000 0.0000 0.0000 0.0000 0.0000 0.6300 3.2000 
2022 9 12 20 1.1700 449.5400 0.0000 0.0000 4.4205 751.2224 0.3801 0.0000 3.2000 0.0000 0.0000 0.0000 0.0000 0.0000 1.1700 3.2000 
2022 9 12 21 1.8400 375.1400 0.0000 0.0000 4.4156 751.2173 0.3795 0.0000 3.2000 0.0000 0.0000 0.0000 0.0000 0.0000 1.8400 3.2000 
2022 9 12 22 2.1500 341.6700 0.0000 0.0000 4.4118 751.2134 0.3791 0.0000 3.2000 0.0000 0.0000 0.0000 0.0000 0.0000 2.1500 3.2000 
2022 9 12 23 2.2600 349.1800 0.0000 0.0000 4.4084 751.2099 0.3787 0.0000 3.2000 0.0000 0.0000 0.0000 0.0000 0.0000 2.2600 3.2000 
2022 9 13 0 2.2900 302.8800 0.0000 0.0000 4.4051 751.2065 0.3783 0.0000 3.2000 0.0000 0.0000 0.0000 0.0000 0.0000 2.2900 3.2000 
2022 9 13 1 2.2300 289.9200 0.0000 0.0000 4.4016 751.2029 0.3780 0.0000 3.2000 0.0000 0.0000 0.0000 0.0000 0.0000 2.2300 3.2000 
2022 9 13 2 2.1500 303.0000 0.0000 0.0000 4.3979 751.1990 0.3775 0.0000 3.2000 0.0000 0.0000 0.0000 0.0000 0.0000 2.1500 3.2000 
2022 9 13 3 2.0700 311.0300 0.0000 0.0000 4.3938 751.1948 0.3771 0.0000 3.2000 0.0000 0.0000 0.0000 0.0000 0.0000 2.0700 3.2000 
2022 9 13 4 2.0200 308.9200 0.0000 0.0000 4.3895 751.1904 0.3766 0.0000 3.2000 0.0000 0.0000 0.0000 0.0000 0.0000 2.0200 3.2000 
2022 9 13 5 1.9800 394.8500 0.0000 0.0000 4.3852 751.1858 0.3761 0.0000 3.2000 0.0000 0.0000 0.0000 0.0000 0.0000 1.9800 3.2000 
2022 9 13 6 1.9700 444.2200 0.0000 0.0000 4.3807 751.1812 0.3756 0.0000 3.2000 0.0000 0.0000 0.0000 0.0000 0.0000 1.9700 3.2000 
2022 9 13 7 1.9600 454.6600 0.0000 0.0000 4.3763 751.1766 0.3751 0.0000 3.2000 0.0000 0.0000 0.0000 0.0000 0.0000 1.9600 3.2000 
2022 9 13 8 1.9700 445.1700 0.0000 0.0000 4.3718 751.1720 0.3746 0.0000 3.2000 0.0000 0.0000 0.0000 0.0000 0.0000 1.9700 3.2000 
2022 9 13 9 1.9800 434.5700 0.0000 0.0000 4.3674 751.1675 0.3742 0.0000 3.2000 0.0000 0.0000 0.0000 0.0000 0.0000 1.9800 3.2000 
2022 9 13 10 1.9800 442.0500 0.0000 0.0000 4.3630 751.1629 0.3737 0.0000 3.2000 0.0000 0.0000 0.0000 0.0000 0.0000 1.9800 3.2000 
2022 9 13 11 1.9700 345.7200 0.0000 0.0000 4.3586 751.1583 0.3732 0.0000 3.2000 0.0000 0.0000 0.0000 0.0000 0.0000 1.9700 3.2000 
2022 9 13 12 1.9500 334.8100 0.0000 0.0000 4.3541 751.1537 0.3727 0.0000 3.2000 0.0000 0.0000 0.0000 0.0000 0.0000 1.9500 3.2000 
2022 9 13 13 1.9300 340.6700 0.0000 0.0000 4.3495 751.1489 0.3722 0.0000 3.2000 0.0000 0.0000 0.0000 0.0000 0.0000 1.9300 3.2000 
2022 9 13 14 1.9100 354.9900 0.0000 0.0000 4.3449 751.1441 0.3717 0.0000 3.2000 0.0000 0.0000 0.0000 0.0000 0.0000 1.9100 3.2000 
2022 9 13 15 1.8700 372.5300 0.0000 0.0000 4.3401 751.1392 0.3711 0.0000 3.2000 0.0000 0.0000 0.0000 0.0000 0.0000 1.8700 3.2000 
2022 9 13 16 1.8100 414.6100 0.0000 0.0000 4.3351 751.1340 0.3706 0.0000 3.2000 0.0000 0.0000 0.0000 0.0000 0.0000 1.8100 3.2000 
2022 9 13 17 1.7600 449.3400 0.0000 0.0000 4.3299 751.1286 0.3700 0.0000 3.2000 0.0000 0.0000 0.0000 0.0000 0.0000 1.7600 3.2000 
2022 9 13 18 1.7300 468.8000 0.0000 0.0000 4.3246 751.1231 0.3694 0.0000 3.2000 0.0000 0.0000 0.0000 0.0000 0.0000 1.7300 3.2000 
2022 9 13 19 1.7000 465.7900 0.0000 0.0000 4.3192 751.1176 0.3688 0.0000 3.2000 0.0000 0.0000 0.0000 0.0000 0.0000 1.7000 3.2000 
2022 9 13 20 1.6700 425.4300 0.0000 0.0000 4.3137 751.1118 0.3682 0.0000 3.2000 0.0000 0.0000 0.0000 0.0000 0.0000 1.6700 3.2000 
2022 9 13 21 1.6300 388.8200 0.0000 0.0000 4.3081 751.1060 0.3676 0.0000 3.2000 0.0000 0.0000 0.0000 0.0000 0.0000 1.6300 3.2000 
2022 9 13 22 1.5800 333.2800 0.0000 0.0000 4.3022 751.1000 0.3669 0.0000 3.2000 0.0000 0.0000 0.0000 0.0000 0.0000 1.5800 3.2000 
2022 9 13 23 1.5500 355.7400 0.0000 0.0000 4.2963 751.0938 0.3663 0.0000 3.2000 0.0000 0.0000 0.0000 0.0000 0.0000 1.5500 3.2000 
2022 9 14 0 1.5400 319.5800 0.0000 0.0000 4.2903 751.0876 0.3656 0.0000 3.2000 0.0000 0.0000 0.0000 0.0000 0.0000 1.5400 3.2000 
2022 9 14 1 1.5400 329.7100 0.0000 0.0000 4.2844 751.0814 0.3649 0.0000 3.2000 0.0000 0.0000 0.0000 0.0000 0.0000 1.5400 3.2000 
2022 9 14 2 1.5100 325.5600 0.0000 0.0000 4.2783 751.0751 0.3643 0.0000 3.2000 0.0000 0.0000 0.0000 0.0000 0.0000 1.5100 3.2000 
2022 9 14 3 1.4900 337.0300 0.0000 0.0000 4.2721 751.0688 0.3636 0.0000 3.2000 0.0000 0.0000 0.0000 0.0000 0.0000 1.4900 3.2000 
2022 9 14 4 1.4400 363.8700 0.0000 0.0000 4.2658 751.0622 0.3629 0.0000 3.2000 0.0000 0.0000 0.0000 0.0000 0.0000 1.4400 3.2000 
2022 9 14 5 1.4200 413.8000 0.0000 0.0000 4.2594 751.0556 0.3622 0.0000 3.2000 0.0000 0.0000 0.0000 0.0000 0.0000 1.4200 3.2000 
2022 9 14 6 1.4000 460.5400 0.0000 0.0000 4.2529 751.0488 0.3614 0.0000 3.2000 0.0000 0.0000 0.0000 0.0000 0.0000 1.4000 3.2000 
2022 9 14 7 1.3900 478.9300 0.0000 0.0000 4.2464 751.0421 0.3607 0.0000 3.2000 0.0000 0.0000 0.0000 0.0000 0.0000 1.3900 3.2000 
2022 9 14 8 1.3700 486.6400 0.0000 0.0000 4.2398 751.0353 0.3600 0.0000 3.2000 0.0000 0.0000 0.0000 0.0000 0.0000 1.3700 3.2000 
2022 9 14 9 1.3600 478.5400 0.0000 0.0000 4.2332 751.0284 0.3592 0.0000 3.2000 0.0000 0.0000 0.0000 0.0000 0.0000 1.3600 3.2000 
2022 9 14 10 1.3400 476.0000 0.0000 0.0000 4.2265 751.0215 0.3585 0.0000 3.2000 0.0000 0.0000 0.0000 0.0000 0.0000 1.3400 3.2000 
2022 9 14 11 1.3300 460.8700 0.0000 0.0000 4.2197 751.0145 0.3577 0.0000 3.2000 0.0000 0.0000 0.0000 0.0000 0.0000 1.3300 3.2000 
2022 9 14 12 1.3300 450.3700 0.0000 0.0000 4.2130 751.0075 0.3570 0.0000 3.2000 0.0000 0.0000 0.0000 0.0000 0.0000 1.3300 3.2000 
2022 9 14 13 1.3200 422.0900 0.0000 0.0000 4.2062 751.0005 0.3562 0.0000 3.2000 0.0000 0.0000 0.0000 0.0000 0.0000 1.3200 3.2000 
2022 9 14 14 1.3000 440.4100 0.0000 0.0000 4.1994 750.9935 0.3555 0.0000 3.2000 0.0000 0.0000 0.0000 0.0000 0.0000 1.3000 3.2000 
2022 9 14 15 1.2800 447.2400 0.0000 0.0000 4.1925 750.9863 0.3547 0.0000 3.2000 0.0000 0.0000 0.0000 0.0000 0.0000 1.2800 3.2000 
2022 9 14 16 1.2700 461.9100 0.0000 0.0000 4.1855 750.9791 0.3539 0.0000 3.2000 0.0000 0.0000 0.0000 0.0000 0.0000 1.2700 3.2000 
2022 9 14 17 1.2600 466.8800 0.0000 0.0000 4.1785 750.9719 0.3532 0.0000 3.2000 0.0000 0.0000 0.0000 0.0000 0.0000 1.2600 3.2000 
2022 9 14 18 1.2600 474.3900 0.0000 0.0000 4.1716 750.9646 0.3524 0.0000 3.2000 0.0000 0.0000 0.0000 0.0000 0.0000 1.2600 3.2000 
2022 9 14 19 1.2500 474.1500 0.0000 0.0000 4.1645 750.9574 0.3516 0.0000 3.2000 0.0000 0.0000 0.0000 0.0000 0.0000 1.2500 3.2000 
2022 9 14 20 1.2300 460.8100 0.0000 0.0000 4.1575 750.9500 0.3508 0.0000 3.2000 0.0000 0.0000 0.0000 0.0000 0.0000 1.2300 3.2000 
2022 9 14 21 1.2200 419.9700 0.0000 0.0000 4.1503 750.9426 0.3500 0.0000 3.2000 0.0000 0.0000 0.0000 0.0000 0.0000 1.2200 3.2000 
2022 9 14 22 1.2200 355.9400 0.0000 0.0000 4.1432 750.9353 0.3492 0.0000 3.2000 0.0000 0.0000 0.0000 0.0000 0.0000 1.2200 3.2000 
2022 9 14 23 1.2100 406.7400 0.0000 0.0000 4.1360 750.9278 0.3484 0.0000 3.2000 0.0000 0.0000 0.0000 0.0000 0.0000 1.2100 3.2000 
2022 9 15 0 1.2000 353.2000 0.0000 0.0000 4.1288 750.9204 0.3476 0.0000 3.2000 0.0000 0.0000 0.0000 0.0000 0.0000 1.2000 3.2000 
2022 9 15 1 1.2000 330.0700 0.0000 0.0000 4.1216 750.9129 0.3468 0.0000 3.2000 0.0000 0.0000 0.0000 0.0000 0.0000 1.2000 3.2000 
2022 9 15 2 1.1900 314.7200 0.0000 0.0000 4.1144 750.9054 0.3460 0.0000 3.2000 0.0000 0.0000 0.0000 0.0000 0.0000 1.1900 3.2000 
2022 9 15 3 1.1800 283.5700 0.0000 0.0000 4.1071 750.8979 0.3452 0.0000 3.2000 0.0000 0.0000 0.0000 0.0000 0.0000 1.1800 3.2000 
2022 9 15 4 1.1800 381.1500 0.0000 0.0000 4.0999 750.8904 0.3444 0.0000 3.2000 0.0000 0.0000 0.0000 0.0000 0.0000 1.1800 3.2000 
2022 9 15 5 1.1700 396.4000 0.0000 0.0000 4.0925 750.8828 0.3436 0.0000 3.2000 0.0000 0.0000 0.0000 0.0000 0.0000 1.1700 3.2000 
2022 9 15 6 1.1600 430.1700 0.0000 0.0000 4.0852 750.8752 0.3428 0.0000 3.2000 0.0000 0.0000 0.0000 0.0000 0.0000 1.1600 3.2000 
2022 9 15 7 1.1500 431.7700 0.0000 0.0000 4.0778 750.8676 0.3420 0.0000 3.2000 0.0000 0.0000 0.0000 0.0000 0.0000 1.1500 3.2000 
2022 9 15 8 1.1500 433.2200 0.0000 0.0000 4.0704 750.8599 0.3412 0.0000 3.2000 0.0000 0.0000 0.0000 0.0000 0.0000 1.1500 3.2000 
2022 9 15 9 1.1400 411.8400 0.0000 0.0000 4.0630 750.8522 0.3403 0.0000 3.2000 0.0000 0.0000 0.0000 0.0000 0.0000 1.1400 3.2000 
2022 9 15 10 1.1300 388.5700 0.0000 0.0000 4.0556 750.8445 0.3395 0.0000 3.2000 0.0000 0.0000 0.0000 0.0000 0.0000 1.1300 3.2000 
2022 9 15 11 1.1300 344.9700 0.0000 0.0000 4.0481 750.8368 0.3387 0.0000 3.2000 0.0000 0.0000 0.0000 0.0000 0.0000 1.1300 3.2000 
2022 9 15 12 1.1300 315.3800 0.0000 0.0000 4.0407 750.8291 0.3379 0.0000 3.2000 0.0000 0.0000 0.0000 0.0000 0.0000 1.1300 3.2000 
2022 9 15 13 1.1200 309.6800 0.0000 0.0000 4.0332 750.8213 0.3370 0.0000 3.2000 0.0000 0.0000 0.0000 0.0000 0.0000 1.1200 3.2000 
2022 9 15 14 1.1100 271.9200 0.0000 0.0000 4.0257 750.8135 0.3362 0.0000 3.2000 0.0000 0.0000 0.0000 0.0000 0.0000 1.1100 3.2000 
2022 9 15 15 1.1000 302.7300 0.0000 0.0000 4.0181 750.8057 0.3353 0.0000 3.2000 0.0000 0.0000 0.0000 0.0000 0.0000 1.1000 3.2000 
2022 9 15 16 1.0900 364.8600 0.0000 0.0000 4.0105 750.7979 0.3345 0.0000 3.2000 0.0000 0.0000 0.0000 0.0000 0.0000 1.0900 3.2000 
2022 9 15 17 1.0900 414.9600 0.0000 0.0000 4.0029 750.7900 0.3337 0.0000 3.2000 0.0000 0.0000 0.0000 0.0000 0.0000 1.0900 3.2000 
2022 9 15 18 1.0800 422.8400 0.0000 0.0000 3.9953 750.7821 0.3328 0.0000 3.2000 0.0000 0.0000 0.0000 0.0000 0.0000 1.0800 3.2000 
2022 9 15 19 1.0700 428.2900 0.0000 0.0000 3.9876 750.7741 0.3320 0.0000 3.2000 0.0000 0.0000 0.0000 0.0000 0.0000 1.0700 3.2000 
2022 9 15 20 1.0500 397.2500 0.0000 0.0000 3.9799 750.7661 0.3311 0.0000 3.2000 0.0000 0.0000 0.0000 0.0000 0.0000 1.0500 3.2000 
2022 9 15 21 1.0400 356.7900 0.0000 0.0000 3.9721 750.7581 0.3302 0.0000 3.2000 0.0000 0.0000 0.0000 0.0000 0.0000 1.0400 3.2000 
2022 9 15 22 1.0300 264.9100 0.0000 0.0000 3.9643 750.7500 0.3294 0.0000 3.2000 0.0000 0.0000 0.0000 0.0000 0.0000 1.0300 3.2000 
2022 9 15 23 1.0200 190.4700 0.0000 0.0000 3.9564 750.7419 0.3285 0.0000 3.2000 0.0000 0.0000 0.0000 0.0000 0.0000 1.0200 3.2000 
2022 9 16 0 1.0100 170.7800 0.0000 0.0000 3.9485 750.7337 0.3276 0.0000 3.2000 0.0000 0.0000 0.0000 0.0000 0.0000 1.0100 3.2000 
2022 9 16 1 1.0100 228.1700 0.0000 0.0000 3.9407 750.7255 0.3267 0.0000 3.2000 0.0000 0.0000 0.0000 0.0000 0.0000 1.0100 3.2000 
2022 9 16 2 1.0000 181.9800 0.0000 0.0000 3.9327 750.7173 0.3259 0.0000 3.2000 0.0000 0.0000 0.0000 0.0000 0.0000 1.0000 3.2000 
2022 9 16 3 0.9900 148.7300 0.0000 0.0000 3.9248 750.7091 0.3250 0.0000 3.2000 0.0000 0.0000 0.0000 0.0000 0.0000 0.9900 3.2000 
2022 9 16 4 0.9800 220.6300 0.0000 0.0000 3.9168 750.7008 0.3241 0.0000 3.2000 0.0000 0.0000 0.0000 0.0000 0.0000 0.9800 3.2000 
2022 9 16 5 0.9800 369.3600 0.0000 0.0000 3.9088 750.6925 0.3232 0.0000 3.2000 0.0000 0.0000 0.0000 0.0000 0.0000 0.9800 3.2000 
2022 9 16 6 0.9700 424.4300 0.0000 0.0000 3.9008 750.6842 0.3223 0.0000 3.2000 0.0000 0.0000 0.0000 0.0000 0.0000 0.9700 3.2000 
2022 9 16 7 0.9600 418.4700 0.0000 0.0000 3.8927 750.6759 0.3214 0.0000 3.2000 0.0000 0.0000 0.0000 0.0000 0.0000 0.9600 3.2000 
2022 9 16 8 0.9500 405.9100 0.0000 0.0000 3.8846 750.6675 0.3205 0.0000 3.2000 0.0000 0.0000 0.0000 0.0000 0.0000 0.9500 3.2000 
2022 9 16 9 0.9500 408.1000 0.0000 0.0000 3.8765 750.6591 0.3196 0.0000 3.2000 0.0000 0.0000 0.0000 0.0000 0.0000 0.9500 3.2000 
2022 9 16 10 0.9400 406.6700 0.0000 0.0000 3.8684 750.6507 0.3187 0.0000 3.2000 0.0000 0.0000 0.0000 0.0000 0.0000 0.9400 3.2000 
2022 9 16 11 0.9300 411.1900 0.0000 0.0000 3.8602 750.6422 0.3178 0.0000 3.2000 0.0000 0.0000 0.0000 0.0000 0.0000 0.9300 3.2000 
2022 9 16 12 0.9200 409.4500 0.0000 0.0000 3.8520 750.6337 0.3169 0.0000 3.2000 0.0000 0.0000 0.0000 0.0000 0.0000 0.9200 3.2000 
2022 9 16 13 0.9000 409.3200 0.0000 0.0000 3.8437 750.6251 0.3160 0.0000 3.2000 0.0000 0.0000 0.0000 0.0000 0.0000 0.9000 3.2000 
2022 9 16 14 0.8900 408.1100 0.0000 0.0000 3.8354 750.6165 0.3150 0.0000 3.2000 0.0000 0.0000 0.0000 0.0000 0.0000 0.8900 3.2000 
2022 9 16 15 0.8800 404.2600 0.0000 0.0000 3.8270 750.6079 0.3141 0.0000 3.2000 0.0000 0.0000 0.0000 0.0000 0.0000 0.8800 3.2000 
2022 9 16 16 0.8800 266.5500 0.0000 0.0000 3.8187 750.5992 0.3132 0.0000 3.2000 0.0000 0.0000 0.0000 0.0000 0.0000 0.8800 3.2000 
2022 9 16 17 0.8800 327.2600 0.0000 0.0000 3.8103 750.5906 0.3123 0.0000 3.2000 0.0000 0.0000 0.0000 0.0000 0.0000 0.8800 3.2000 
2022 9 16 18 0.8800 379.6100 0.0000 0.0000 3.8020 750.5819 0.3113 0.0000 3.2000 0.0000 0.0000 0.0000 0.0000 0.0000 0.8800 3.2000 
2022 9 16 19 0.8700 365.0900 0.0000 0.0000 3.7936 750.5733 0.3104 0.0000 3.2000 0.0000 0.0000 0.0000 0.0000 0.0000 0.8700 3.2000 
2022 9 16 20 0.8600 235.6200 0.0000 0.0000 3.7852 750.5645 0.3095 0.0000 3.2000 0.0000 0.0000 0.0000 0.0000 0.0000 0.8600 3.2000 
2022 9 16 21 0.8500 276.7700 0.0000 0.0000 3.7767 750.5558 0.3085 0.0000 3.2000 0.0000 0.0000 0.0000 0.0000 0.0000 0.8500 3.2000 
2022 9 16 22 0.8500 237.2900 0.0000 0.0000 3.7683 750.5470 0.3076 0.0000 3.2000 0.0000 0.0000 0.0000 0.0000 0.0000 0.8500 3.2000 
2022 9 16 23 0.8400 391.6600 0.0000 0.0000 3.7598 750.5382 0.3066 0.0000 3.2000 0.0000 0.0000 0.0000 0.0000 0.0000 0.8400 3.2000 
2022 9 17 0 0.8300 365.8200 0.0000 0.0000 3.7512 750.5294 0.3057 0.0000 3.2000 0.0000 0.0000 0.0000 0.0000 0.0000 0.8300 3.2000 
2022 9 17 1 0.8200 247.5600 0.0000 0.0000 3.7427 750.5205 0.3047 0.0000 3.2000 0.0000 0.0000 0.0000 0.0000 0.0000 0.8200 3.2000 
2022 9 17 2 0.8300 245.9400 0.0000 0.0000 3.7341 750.5117 0.3038 0.0000 3.2000 0.0000 0.0000 0.0000 0.0000 0.0000 0.8300 3.2000 
2022 9 17 3 0.8200 245.1300 0.0000 0.0000 3.7256 750.5028 0.3028 0.0000 3.2000 0.0000 0.0000 0.0000 0.0000 0.0000 0.8200 3.2000 
2022 9 17 4 0.8100 199.1900 0.0000 0.0000 3.7170 750.4939 0.3019 0.0000 3.2000 0.0000 0.0000 0.0000 0.0000 0.0000 0.8100 3.2000 
2022 9 17 5 0.8100 86.6800 0.0000 0.0000 3.7084 750.4850 0.3009 0.0000 3.2000 0.0000 0.0000 0.0000 0.0000 0.0000 0.8100 3.2000 
2022 9 17 6 0.8100 250.7100 0.0000 0.0000 3.6997 750.4761 0.3000 0.0000 3.2000 0.0000 0.0000 0.0000 0.0000 0.0000 0.8100 3.2000 
2022 9 17 7 0.7900 235.5200 0.0000 0.0000 3.6911 750.4671 0.2990 0.0000 3.2000 0.0000 0.0000 0.0000 0.0000 0.0000 0.7900 3.2000 
2022 9 17 8 0.7800 390.9700 0.0000 0.0000 3.6824 750.4581 0.2980 0.0000 3.2000 0.0000 0.0000 0.0000 0.0000 0.0000 0.7800 3.2000 
2022 9 17 9 0.7700 396.4800 0.0000 0.0000 3.6736 750.4490 0.2971 0.0000 3.2000 0.0000 0.0000 0.0000 0.0000 0.0000 0.7700 3.2000 
2022 9 17 10 0.7700 389.6400 0.0000 0.0000 3.6649 750.4399 0.2961 0.0000 3.2000 0.0000 0.0000 0.0000 0.0000 0.0000 0.7700 3.2000 
2022 9 17 11 0.7600 390.5200 0.0000 0.0000 3.6561 750.4309 0.2951 0.0000 3.2000 0.0000 0.0000 0.0000 0.0000 0.0000 0.7600 3.2000 
2022 9 17 12 0.7600 234.7300 0.0000 0.0000 3.6473 750.4218 0.2941 0.0000 3.2000 0.0000 0.0000 0.0000 0.0000 0.0000 0.7600 3.2000 
2022 9 17 13 0.7500 187.4400 0.0000 0.0000 3.6385 750.4126 0.2932 0.0000 3.2000 0.0000 0.0000 0.0000 0.0000 0.0000 0.7500 3.2000 
2022 9 17 14 0.7400 192.7500 0.0000 0.0000 3.6296 750.4035 0.2922 0.0000 3.2000 0.0000 0.0000 0.0000 0.0000 0.0000 0.7400 3.2000 
2022 9 17 15 0.7300 37.0800 0.0000 0.0000 3.6207 750.3942 0.2912 0.0000 3.2000 0.0000 0.0000 0.0000 0.0000 0.0000 0.7300 3.2000 
2022 9 17 16 0.7200 70.3200 0.0000 0.0000 3.6118 750.3850 0.2902 0.0000 3.2000 0.0000 0.0000 0.0000 0.0000 0.0000 0.7200 3.2000 
2022 9 17 17 0.7100 240.0200 0.0000 0.0000 3.6028 750.3757 0.2892 0.0000 3.2000 0.0000 0.0000 0.0000 0.0000 0.0000 0.7100 3.2000 
2022 9 17 18 0.7000 229.7500 0.0000 0.0000 3.5938 750.3664 0.2882 0.0000 3.2000 0.0000 0.0000 0.0000 0.0000 0.0000 0.7000 3.2000 
2022 9 17 19 0.7000 343.6700 0.0000 0.0000 3.5848 750.3571 0.2872 0.0000 3.2000 0.0000 0.0000 0.0000 0.0000 0.0000 0.7000 3.2000 
2022 9 17 20 0.6900 398.4700 0.0000 0.0000 3.5758 750.3477 0.2862 0.0000 3.2000 0.0000 0.0000 0.0000 0.0000 0.0000 0.6900 3.2000 
2022 9 17 21 0.6900 250.8600 0.0000 0.0000 3.5668 750.3384 0.2852 0.0000 3.2000 0.0000 0.0000 0.0000 0.0000 0.0000 0.6900 3.2000 
2022 9 17 22 0.6800 269.7300 0.0000 0.0000 3.5577 750.3290 0.2842 0.0000 3.2000 0.0000 0.0000 0.0000 0.0000 0.0000 0.6800 3.2000 
2022 9 17 23 0.6800 28.1300 0.0000 0.0000 3.5486 750.3196 0.2832 0.0000 3.2000 0.0000 0.0000 0.0000 0.0000 0.0000 0.6800 3.2000 
2022 9 18 0 0.6700 28.5400 0.0000 0.0000 3.5395 750.3101 0.2822 0.0000 3.2000 0.0000 0.0000 0.0000 0.0000 0.0000 0.6700 3.2000 
2022 9 18 1 0.6600 23.4000 0.0000 0.0000 3.5304 750.3007 0.2812 0.0000 3.2000 0.0000 0.0000 0.0000 0.0000 0.0000 0.6600 3.2000 
2022 9 18 2 0.6500 28.6500 0.0000 0.0000 3.5212 750.2912 0.2801 0.0000 3.2000 0.0000 0.0000 0.0000 0.0000 0.0000 0.6500 3.2000 
2022 9 18 3 0.6500 35.8800 0.0000 0.0000 3.5120 750.2817 0.2791 0.0000 3.2000 0.0000 0.0000 0.0000 0.0000 0.0000 0.6500 3.2000 
2022 9 18 4 0.6500 32.3500 0.0000 0.0000 3.5028 750.2722 0.2781 0.0000 3.2000 0.0000 0.0000 0.0000 0.0000 0.0000 0.6500 3.2000 
2022 9 18 5 0.6500 25.2300 0.0000 0.0000 3.4936 750.2627 0.2771 0.0000 3.2000 0.0000 0.0000 0.0000 0.0000 0.0000 0.6500 3.2000 
2022 9 18 6 0.6400 63.4600 0.0000 0.0000 3.4844 750.2531 0.2760 0.0000 3.2000 0.0000 0.0000 0.0000 0.0000 0.0000 0.6400 3.2000 
2022 9 18 7 0.6400 78.8100 0.0000 0.0000 3.4752 750.2436 0.2750 0.0000 3.2000 0.0000 0.0000 0.0000 0.0000 0.0000 0.6400 3.2000 
2022 9 18 8 0.6300 71.8100 0.0000 0.0000 3.4660 750.2340 0.2740 0.0000 3.2000 0.0000 0.0000 0.0000 0.0000 0.0000 0.6300 3.2000 
2022 9 18 9 0.6200 229.0200 0.0000 0.0000 3.4567 750.2244 0.2730 0.0000 3.2000 0.0000 0.0000 0.0000 0.0000 0.0000 0.6200 3.2000 
2022 9 18 10 0.6100 363.4200 0.0000 0.0000 3.4474 750.2147 0.2719 0.0000 3.2000 0.0000 0.0000 0.0000 0.0000 0.0000 0.6100 3.2000 
2022 9 18 11 0.6100 85.3300 0.0000 0.0000 3.4380 750.2051 0.2709 0.0000 3.2000 0.0000 0.0000 0.0000 0.0000 0.0000 0.6100 3.2000 
2022 9 18 12 0.6100 244.1100 0.0000 0.0000 3.4287 750.1954 0.2699 0.0000 3.2000 0.0000 0.0000 0.0000 0.0000 0.0000 0.6100 3.2000 
2022 9 18 13 0.6000 34.0000 0.0000 0.0000 3.4193 750.1857 0.2688 0.0000 3.2000 0.0000 0.0000 0.0000 0.0000 0.0000 0.6000 3.2000 
2022 9 18 14 0.6000 35.8900 0.0000 0.0000 3.4100 750.1760 0.2678 0.0000 3.2000 0.0000 0.0000 0.0000 0.0000 0.0000 0.6000 3.2000 
2022 9 18 15 0.6000 163.3000 0.0000 0.0000 3.4006 750.1663 0.2667 0.0000 3.2000 0.0000 0.0000 0.0000 0.0000 0.0000 0.6000 3.2000 
2022 9 18 16 0.5900 86.3800 0.0000 0.0000 3.3912 750.1566 0.2657 0.0000 3.2000 0.0000 0.0000 0.0000 0.0000 0.0000 0.5900 3.2000 
2022 9 18 17 0.5900 192.8800 0.0000 0.0000 3.3818 750.1469 0.2646 0.0000 3.2000 0.0000 0.0000 0.0000 0.0000 0.0000 0.5900 3.2000 
2022 9 18 18 0.5800 213.4000 0.0000 0.0000 3.3724 750.1371 0.2636 0.0000 3.2000 0.0000 0.0000 0.0000 0.0000 0.0000 0.5800 3.2000 
2022 9 18 19 0.5700 226.8900 0.0000 0.0000 3.3629 750.1273 0.2625 0.0000 3.2000 0.0000 0.0000 0.0000 0.0000 0.0000 0.5700 3.2000 
2022 9 18 20 0.5600 193.1400 0.0000 0.0000 3.3534 750.1175 0.2615 0.0000 3.2000 0.0000 0.0000 0.0000 0.0000 0.0000 0.5600 3.2000 
2022 9 18 21 0.5600 158.0000 0.0000 0.0000 3.3439 750.1076 0.2604 0.0000 3.2000 0.0000 0.0000 0.0000 0.0000 0.0000 0.5600 3.2000 
2022 9 18 22 0.5600 119.7200 0.0000 0.0000 3.3344 750.0978 0.2594 0.0000 3.2000 0.0000 0.0000 0.0000 0.0000 0.0000 0.5600 3.2000 
2022 9 18 23 0.5500 88.5900 0.0000 0.0000 3.3249 750.0879 0.2583 0.0000 3.2000 0.0000 0.0000 0.0000 0.0000 0.0000 0.5500 3.2000 
2022 9 19 0 0.5500 102.5400 0.0000 0.0000 3.3153 750.0780 0.2573 0.0000 3.2000 0.0000 0.0000 0.0000 0.0000 0.0000 0.5500 3.2000 
2022 9 19 1 0.5400 97.3700 0.0000 0.0000 3.3058 750.0681 0.2562 0.0000 3.2000 0.0000 0.0000 0.0000 0.0000 0.0000 0.5400 3.2000 
2022 9 19 2 0.5300 91.7800 0.0000 0.0000 3.2962 750.0645 0.2551 0.0000 3.2000 0.0000 0.0000 0.0000 0.0000 0.0000 0.5300 3.2000 
2022 9 19 3 0.5300 103.9200 0.0000 0.0000 3.2865 750.0535 0.2541 0.0000 3.2000 0.0000 0.0000 0.0000 0.0000 0.0000 0.5300 3.2000 
2022 9 19 4 0.5300 184.3000 0.0000 0.0000 3.2769 750.0424 0.2530 0.0000 3.2000 0.0000 0.0000 0.0000 0.0000 0.0000 0.5300 3.2000 
2022 9 19 5 0.5200 359.2200 0.0000 0.0000 3.2673 750.0314 0.2519 0.0000 3.2000 0.0000 0.0000 0.0000 0.0000 0.0000 0.5200 3.2000 
2022 9 19 6 0.5200 408.3800 0.0000 0.0000 3.2576 750.0203 0.2508 0.0000 3.2000 0.0000 0.0000 0.0000 0.0000 0.0000 0.5200 3.2000 
2022 9 19 7 0.5100 415.1800 0.0000 0.0000 3.2479 750.0091 0.2498 0.0000 3.2000 0.0000 0.0000 0.0000 0.0000 0.0000 0.5100 3.2000 
2022 9 19 8 0.5100 375.1800 0.0000 0.0000 3.2383 749.9980 0.2487 0.0000 3.2000 0.0000 0.0000 0.0000 0.0000 0.0000 0.5100 3.2000 
2022 9 19 9 0.5100 347.8600 0.0000 0.0000 3.2286 749.9869 0.2476 0.0000 3.2000 0.0000 0.0000 0.0000 0.0000 0.0000 0.5100 3.2000 
2022 9 19 10 0.5100 248.9800 0.0000 0.0000 3.2189 749.9757 0.2465 0.0000 3.2000 0.0000 0.0000 0.0000 0.0000 0.0000 0.5100 3.2000 
2022 9 19 11 0.5200 230.2800 0.0000 0.0000 3.2092 749.9647 0.2455 0.0000 3.2000 0.0000 0.0000 0.0000 0.0000 0.0000 0.5200 3.2000 
2022 9 19 12 0.5100 242.5600 0.0000 0.0000 3.1996 749.9535 0.2444 0.0000 3.2000 0.0000 0.0000 0.0000 0.0000 0.0000 0.5100 3.2000 
2022 9 19 13 0.5100 243.1200 0.0000 0.0000 3.1899 749.9424 0.2433 0.0000 3.2000 0.0000 0.0000 0.0000 0.0000 0.0000 0.5100 3.2000 
2022 9 19 14 0.5200 227.6600 0.0000 0.0000 3.1802 749.9313 0.2422 0.0000 3.2000 0.0000 0.0000 0.0000 0.0000 0.0000 0.5200 3.2000 
2022 9 19 15 0.5100 263.4200 0.0000 0.0000 3.1705 749.9202 0.2412 0.0000 3.2000 0.0000 0.0000 0.0000 0.0000 0.0000 0.5100 3.2000 
2022 9 19 16 0.5100 369.9000 0.0000 0.0000 3.1609 749.9090 0.2401 0.0000 3.2000 0.0000 0.0000 0.0000 0.0000 0.0000 0.5100 3.2000 
2022 9 19 17 0.5000 407.0800 0.0000 0.0000 3.1511 749.8979 0.2390 0.0000 3.2000 0.0000 0.0000 0.0000 0.0000 0.0000 0.5000 3.2000 
2022 9 19 18 0.4900 438.6700 0.0000 0.0000 3.1414 749.8867 0.2379 0.0000 3.2000 0.0000 0.0000 0.0000 0.0000 0.0000 0.4900 3.2000 
2022 9 19 19 0.4900 419.6500 0.0000 0.0000 3.1316 749.8754 0.2368 0.0000 3.2000 0.0000 0.0000 0.0000 0.0000 0.0000 0.4900 3.2000 
2022 9 19 20 0.4900 390.6100 0.0000 0.0000 3.1219 749.8642 0.2358 0.0000 3.2000 0.0000 0.0000 0.0000 0.0000 0.0000 0.4900 3.2000 
2022 9 19 21 0.4800 362.1600 0.0000 0.0000 3.1121 749.8530 0.2347 0.0000 3.2000 0.0000 0.0000 0.0000 0.0000 0.0000 0.4800 3.2000 
2022 9 19 22 0.4800 312.9200 0.0000 0.0000 3.1023 749.8417 0.2336 0.0000 3.2000 0.0000 0.0000 0.0000 0.0000 0.0000 0.4800 3.2000 
2022 9 19 23 0.4800 277.2800 0.0000 0.0000 3.0925 749.8305 0.2325 0.0000 3.2000 0.0000 0.0000 0.0000 0.0000 0.0000 0.4800 3.2000 
2022 9 20 0 0.4800 274.9500 0.0000 0.0000 3.0827 749.8192 0.2314 0.0000 3.2000 0.0000 0.0000 0.0000 0.0000 0.0000 0.4800 3.2000 
2022 9 20 1 0.4800 291.1200 0.0000 0.0000 3.0729 749.8079 0.2303 0.0000 3.2000 0.0000 0.0000 0.0000 0.0000 0.0000 0.4800 3.2000 
2022 9 20 2 0.4700 278.0300 0.0000 0.0000 3.0631 749.7967 0.2292 0.0000 3.2000 0.0000 0.0000 0.0000 0.0000 0.0000 0.4700 3.2000 
2022 9 20 3 0.4700 275.5200 0.0000 0.0000 3.0533 749.7854 0.2281 0.0000 3.2000 0.0000 0.0000 0.0000 0.0000 0.0000 0.4700 3.2000 
2022 9 20 4 0.4700 310.0400 0.0000 0.0000 3.0434 749.7741 0.2270 0.0000 3.2000 0.0000 0.0000 0.0000 0.0000 0.0000 0.4700 3.2000 
2022 9 20 5 0.4700 368.4200 0.0000 0.0000 3.0336 749.7628 0.2260 0.0000 3.2000 0.0000 0.0000 0.0000 0.0000 0.0000 0.4700 3.2000 
2022 9 20 6 0.4700 421.1600 0.0000 0.0000 3.0238 749.7515 0.2249 0.0000 3.2000 0.0000 0.0000 0.0000 0.0000 0.0000 0.4700 3.2000 
2022 9 20 7 0.4600 438.4000 0.0000 0.0000 3.0139 749.7401 0.2238 0.0000 3.2000 0.0000 0.0000 0.0000 0.0000 0.0000 0.4600 3.2000 
2022 9 20 8 0.4600 422.8200 0.0000 0.0000 3.0040 749.7288 0.2227 0.0000 3.2000 0.0000 0.0000 0.0000 0.0000 0.0000 0.4600 3.2000 
2022 9 20 9 0.4600 389.4100 0.0000 0.0000 2.9942 749.7175 0.2216 0.0000 3.2000 0.0000 0.0000 0.0000 0.0000 0.0000 0.4600 3.2000 
2022 9 20 10 0.4600 374.1200 0.0000 0.0000 2.9843 749.7061 0.2205 0.0000 3.2000 0.0000 0.0000 0.0000 0.0000 0.0000 0.4600 3.2000 
2022 9 20 11 0.4500 375.1700 0.0000 0.0000 2.9744 749.6947 0.2194 0.0000 3.2000 0.0000 0.0000 0.0000 0.0000 0.0000 0.4500 3.2000 
2022 9 20 12 0.4500 375.1400 0.0000 0.0000 2.9645 749.6834 0.2183 0.0000 3.2000 0.0000 0.0000 0.0000 0.0000 0.0000 0.4500 3.2000 
2022 9 20 13 0.4400 373.0600 0.0000 0.0000 2.9546 749.6719 0.2172 0.0000 3.2000 0.0000 0.0000 0.0000 0.0000 0.0000 0.4400 3.2000 
2022 9 20 14 0.4400 374.0800 0.0000 0.0000 2.9446 749.6605 0.2161 0.0000 3.2000 0.0000 0.0000 0.0000 0.0000 0.0000 0.4400 3.2000 
2022 9 20 15 0.4400 379.6800 0.0000 0.0000 2.9347 749.6491 0.2150 0.0000 3.2000 0.0000 0.0000 0.0000 0.0000 0.0000 0.4400 3.2000 
2022 9 20 16 0.4400 422.5800 0.0000 0.0000 2.9248 749.6377 0.2139 0.0000 3.2000 0.0000 0.0000 0.0000 0.0000 0.0000 0.4400 3.2000 
2022 9 20 17 0.4400 466.5300 0.0000 0.0000 2.9148 749.6263 0.2128 0.0000 3.2000 0.0000 0.0000 0.0000 0.0000 0.0000 0.4400 3.2000 
2022 9 20 18 0.4400 498.0000 0.0000 0.0000 2.9049 749.6148 0.2117 0.0000 3.2000 0.0000 0.0000 0.0000 0.0000 0.0000 0.4400 3.2000 
2022 9 20 19 0.4300 492.6500 0.0000 0.0000 2.8949 749.6034 0.2105 0.0000 3.2000 0.0000 0.0000 0.0000 0.0000 0.0000 0.4300 3.2000 
2022 9 20 20 0.4300 430.6900 0.0000 0.0000 2.8850 749.5919 0.2094 0.0000 3.2000 0.0000 0.0000 0.0000 0.0000 0.0000 0.4300 3.2000 
2022 9 20 21 0.4300 398.4700 0.0000 0.0000 2.8750 749.5804 0.2083 0.0000 3.2000 0.0000 0.0000 0.0000 0.0000 0.0000 0.4300 3.2000 
2022 9 20 22 0.4300 363.1400 0.0000 0.0000 2.8650 749.5690 0.2072 0.0000 3.2000 0.0000 0.0000 0.0000 0.0000 0.0000 0.4300 3.2000 
2022 9 20 23 0.4300 346.4900 0.0000 0.0000 2.8550 749.5575 0.2061 0.0000 3.2000 0.0000 0.0000 0.0000 0.0000 0.0000 0.4300 3.2000 
2022 9 21 0 0.4300 317.5400 0.0000 0.0000 2.8451 749.5461 0.2050 0.0000 3.2000 0.0000 0.0000 0.0000 0.0000 0.0000 0.4300 3.2000 
2022 9 21 1 0.4300 316.8500 0.0000 0.0000 2.8351 749.5346 0.2039 0.0000 3.2000 0.0000 0.0000 0.0000 0.0000 0.0000 0.4300 3.2000 
2022 9 21 2 0.4300 316.8800 0.0000 0.0000 2.8251 749.5231 0.2028 0.0000 3.2000 0.0000 0.0000 0.0000 0.0000 0.0000 0.4300 3.2000 
2022 9 21 3 0.4200 315.1000 0.0000 0.0000 2.8151 749.5116 0.2017 0.0000 3.2000 0.0000 0.0000 0.0000 0.0000 0.0000 0.4200 3.2000 
2022 9 21 4 0.4200 368.5600 0.0000 0.0000 2.8051 749.5001 0.2006 0.0000 3.2000 0.0000 0.0000 0.0000 0.0000 0.0000 0.4200 3.2000 
2022 9 21 5 0.4200 428.0500 0.0000 0.0000 2.7951 749.4886 0.1995 0.0000 3.2000 0.0000 0.0000 0.0000 0.0000 0.0000 0.4200 3.2000 
2022 9 21 6 0.4200 501.9500 0.0000 0.0000 2.7851 749.4771 0.1983 0.0000 3.2000 0.0000 0.0000 0.0000 0.0000 0.0000 0.4200 3.2000 
2022 9 21 7 0.4200 513.4500 0.0000 0.0000 2.7751 749.4656 0.1972 0.0000 3.2000 0.0000 0.0000 0.0000 0.0000 0.0000 0.4200 3.2000 
2022 9 21 8 0.4200 438.6700 0.0000 0.0000 2.7651 749.4541 0.1961 0.0000 3.2000 0.0000 0.0000 0.0000 0.0000 0.0000 0.4200 3.2000 
2022 9 21 9 0.4200 379.6200 0.0000 0.0000 2.7551 749.4426 0.1950 0.0000 3.2000 0.0000 0.0000 0.0000 0.0000 0.0000 0.4200 3.2000 
2022 9 21 10 0.4100 340.9000 0.0000 0.0000 2.7450 749.4311 0.1939 0.0000 3.2000 0.0000 0.0000 0.0000 0.0000 0.0000 0.4100 3.2000 
2022 9 21 11 0.4100 316.2600 0.0000 0.0000 2.7350 749.4195 0.1928 0.0000 3.2000 0.0000 0.0000 0.0000 0.0000 0.0000 0.4100 3.2000 
2022 9 21 12 0.4100 320.3800 0.0000 0.0000 2.7249 749.4080 0.1917 0.0000 3.2000 0.0000 0.0000 0.0000 0.0000 0.0000 0.4100 3.2000 
2022 9 21 13 0.4100 330.0600 0.0000 0.0000 2.7149 749.3964 0.1905 0.0000 3.2000 0.0000 0.0000 0.0000 0.0000 0.0000 0.4100 3.2000 
2022 9 21 14 0.4100 359.5200 0.0000 0.0000 2.7049 749.3849 0.1894 0.0000 3.2000 0.0000 0.0000 0.0000 0.0000 0.0000 0.4100 3.2000 
2022 9 21 15 0.4100 393.8200 0.0000 0.0000 2.6948 749.3733 0.1883 0.0000 3.2000 0.0000 0.0000 0.0000 0.0000 0.0000 0.4100 3.2000 
2022 9 21 16 0.4000 417.7600 0.0000 0.0000 2.6847 749.3618 0.1872 0.0000 3.2000 0.0000 0.0000 0.0000 0.0000 0.0000 0.4000 3.2000 
2022 9 21 17 0.4000 467.7700 0.0000 0.0000 2.6746 749.3502 0.1861 0.0000 3.2000 0.0000 0.0000 0.0000 0.0000 0.0000 0.4000 3.2000 
2022 9 21 18 0.4000 484.9700 0.0000 0.0000 2.6646 749.3386 0.1850 0.0000 3.2000 0.0000 0.0000 0.0000 0.0000 0.0000 0.4000 3.2000 
2022 9 21 19 0.4000 457.3800 0.0000 0.0000 2.6545 749.3270 0.1838 0.0000 3.2000 0.0000 0.0000 0.0000 0.0000 0.0000 0.4000 3.2000 
2022 9 21 20 0.4000 413.8600 0.0000 0.0000 2.6444 749.3154 0.1827 0.0000 3.2000 0.0000 0.0000 0.0000 0.0000 0.0000 0.4000 3.2000 
2022 9 21 21 0.4000 378.9100 0.0000 0.0000 2.6343 749.3038 0.1816 0.0000 3.2000 0.0000 0.0000 0.0000 0.0000 0.0000 0.4000 3.2000 
2022 9 21 22 0.4000 369.5000 0.0000 0.0000 2.6242 749.2922 0.1805 0.0000 3.2000 0.0000 0.0000 0.0000 0.0000 0.0000 0.4000 3.2000 
2022 9 21 23 0.4000 384.0500 0.0000 0.0000 2.6142 749.2807 0.1794 0.0000 3.2000 0.0000 0.0000 0.0000 0.0000 0.0000 0.4000 3.2000 
2022 9 22 0 0.4000 358.8600 0.0000 0.0000 2.6041 749.2691 0.1782 0.0000 3.2000 0.0000 0.0000 0.0000 0.0000 0.0000 0.4000 3.2000 
2022 9 22 1 0.4000 348.9900 0.0000 0.0000 2.5940 749.2575 0.1771 0.0000 3.2000 0.0000 0.0000 0.0000 0.0000 0.0000 0.4000 3.2000 
2022 9 22 2 0.3900 328.7500 0.0000 0.0000 2.5839 749.2459 0.1760 0.0000 3.2000 0.0000 0.0000 0.0000 0.0000 0.0000 0.3900 3.2000 
2022 9 22 3 0.3900 338.6800 0.0000 0.0000 2.5738 749.2342 0.1749 0.0000 3.2000 0.0000 0.0000 0.0000 0.0000 0.0000 0.3900 3.2000 
2022 9 22 4 0.3900 383.1700 0.0000 0.0000 2.5637 749.2226 0.1737 0.0000 3.2000 0.0000 0.0000 0.0000 0.0000 0.0000 0.3900 3.2000 
2022 9 22 5 0.3900 420.6000 0.0000 0.0000 2.5535 749.2110 0.1726 0.0000 3.2000 0.0000 0.0000 0.0000 0.0000 0.0000 0.3900 3.2000 
2022 9 22 6 0.3900 482.1400 0.0000 0.0000 2.5434 749.1993 0.1715 0.0000 3.2000 0.0000 0.0000 0.0000 0.0000 0.0000 0.3900 3.2000 
2022 9 22 7 0.3900 487.7100 0.0000 0.0000 2.5333 749.1877 0.1704 0.0000 3.2000 0.0000 0.0000 0.0000 0.0000 0.0000 0.3900 3.2000 
2022 9 22 8 0.3900 398.2100 0.0000 0.0000 2.5232 749.1761 0.1692 0.0000 3.2000 0.0000 0.0000 0.0000 0.0000 0.0000 0.3900 3.2000 
2022 9 22 9 0.3900 360.7400 0.0000 0.0000 2.5131 749.1645 0.1681 0.0000 3.2000 0.0000 0.0000 0.0000 0.0000 0.0000 0.3900 3.2000 
2022 9 22 10 0.3800 318.8900 0.0000 0.0000 2.5029 749.1528 0.1670 0.0000 3.2000 0.0000 0.0000 0.0000 0.0000 0.0000 0.3800 3.2000 
2022 9 22 11 0.3800 311.8700 0.0000 0.0000 2.4928 749.1411 0.1659 0.0000 3.2000 0.0000 0.0000 0.0000 0.0000 0.0000 0.3800 3.2000 
2022 9 22 12 0.3800 299.0500 0.0000 0.0000 2.4826 749.1295 0.1647 0.0000 3.2000 0.0000 0.0000 0.0000 0.0000 0.0000 0.3800 3.2000 
2022 9 22 13 0.3900 327.5900 0.0000 0.0000 2.4725 749.1178 0.1636 0.0000 3.2000 0.0000 0.0000 0.0000 0.0000 0.0000 0.3900 3.2000 
2022 9 22 14 0.3900 364.4500 0.0000 0.0000 2.4624 749.1062 0.1625 0.0000 3.2000 0.0000 0.0000 0.0000 0.0000 0.0000 0.3900 3.2000 
2022 9 22 15 0.3800 380.5200 0.0000 0.0000 2.4522 749.0945 0.1614 0.0000 3.2000 0.0000 0.0000 0.0000 0.0000 0.0000 0.3800 3.2000 
2022 9 22 16 0.3800 419.7600 0.0000 0.0000 2.4421 749.0829 0.1602 0.0000 3.2000 0.0000 0.0000 0.0000 0.0000 0.0000 0.3800 3.2000 
2022 9 22 17 0.3800 419.9100 0.0000 0.0000 2.4319 749.0712 0.1591 0.0000 3.2000 0.0000 0.0000 0.0000 0.0000 0.0000 0.3800 3.2000 
2022 9 22 18 0.3800 416.8000 0.0000 0.0000 2.4218 749.0595 0.1580 0.0000 3.2000 0.0000 0.0000 0.0000 0.0000 0.0000 0.3800 3.2000 
2022 9 22 19 0.3800 415.2000 0.0000 0.0000 2.4116 749.0479 0.1568 0.0000 3.2000 0.0000 0.0000 0.0000 0.0000 0.0000 0.3800 3.2000 
2022 9 22 20 0.3800 394.3000 0.0000 0.0000 2.4015 749.0362 0.1557 0.0000 3.2000 0.0000 0.0000 0.0000 0.0000 0.0000 0.3800 3.2000 
2022 9 22 21 0.3800 390.0500 0.0000 0.0000 2.3913 749.0156 0.1546 0.0000 3.2000 0.0000 0.0000 0.0000 0.0000 0.0000 0.3800 3.2000 
2022 9 22 22 0.3800 377.5000 0.0000 0.0000 2.3812 749.0082 0.1535 0.0000 3.2000 0.0000 0.0000 0.0000 0.0000 0.0000 0.3800 3.2000 
2022 9 22 23 0.3800 349.7700 0.0000 0.0000 2.3710 749.0007 0.1523 0.0000 3.2000 0.0000 0.0000 0.0000 0.0000 0.0000 0.3800 3.2000 
2022 9 23 0 0.3800 317.7000 0.0000 0.0000 2.3609 748.9933 0.1512 0.0000 3.2000 0.0000 0.0000 0.0000 0.0000 0.0000 0.3800 3.2000 
2022 9 23 1 0.3800 310.1000 0.0000 0.0000 2.3507 748.9859 0.1501 0.0000 3.2000 0.0000 0.0000 0.0000 0.0000 0.0000 0.3800 3.2000 
2022 9 23 2 0.3800 298.1100 0.0000 0.0000 2.3406 748.9785 0.1490 0.0000 3.2000 0.0000 0.0000 0.0000 0.0000 0.0000 0.3800 3.2000 
2022 9 23 3 0.3800 308.5300 0.0000 0.0000 2.3304 748.9711 0.1478 0.0000 3.2000 0.0000 0.0000 0.0000 0.0000 0.0000 0.3800 3.2000 
2022 9 23 4 0.3700 353.4800 0.0000 0.0000 2.3202 748.9637 0.1467 0.0000 3.2000 0.0000 0.0000 0.0000 0.0000 0.0000 0.3700 3.2000 
2022 9 23 5 0.3700 368.1400 0.0000 0.0000 2.3100 748.9562 0.1456 0.0000 3.2000 0.0000 0.0000 0.0000 0.0000 0.0000 0.3700 3.2000 
2022 9 23 6 0.3700 394.3400 0.0000 0.0000 2.2999 748.9488 0.1444 0.0000 3.2000 0.0000 0.0000 0.0000 0.0000 0.0000 0.3700 3.2000 
2022 9 23 7 0.3700 409.1700 0.0000 0.0000 2.2897 748.9414 0.1433 0.0000 3.2000 0.0000 0.0000 0.0000 0.0000 0.0000 0.3700 3.2000 
2022 9 23 8 0.3800 382.7100 0.0000 0.0000 2.2795 748.9340 0.1422 0.0000 3.2000 0.0000 0.0000 0.0000 0.0000 0.0000 0.3800 3.2000 
2022 9 23 9 0.3800 370.0100 0.0000 0.0000 2.2694 748.9265 0.1410 0.0000 3.2000 0.0000 0.0000 0.0000 0.0000 0.0000 0.3800 3.2000 
2022 9 23 10 0.3900 357.8600 0.0000 0.0000 2.2592 748.9192 0.1399 0.0000 3.2000 0.0000 0.0000 0.0000 0.0000 0.0000 0.3900 3.2000 
2022 9 23 11 0.3900 349.4700 0.0000 0.0000 2.2491 748.9118 0.1388 0.0000 3.2000 0.0000 0.0000 0.0000 0.0000 0.0000 0.3900 3.2000 
2022 9 23 12 0.3900 337.2800 0.0000 0.0000 2.2390 748.9044 0.1377 0.0000 3.2000 0.0000 0.0000 0.0000 0.0000 0.0000 0.3900 3.2000 
2022 9 23 13 0.4000 342.6000 0.0000 0.0000 2.2289 748.8970 0.1365 0.0000 3.2000 0.0000 0.0000 0.0000 0.0000 0.0000 0.4000 3.2000 
2022 9 23 14 0.4000 348.7600 0.0000 0.0000 2.2189 748.8897 0.1354 0.0000 3.2000 0.0000 0.0000 0.0000 0.0000 0.0000 0.4000 3.2000 
2022 9 23 15 0.4000 368.4300 0.0000 0.0000 2.2088 748.8823 0.1343 0.0000 3.2000 0.0000 0.0000 0.0000 0.0000 0.0000 0.4000 3.2000 
2022 9 23 16 0.4000 372.4400 0.0000 0.0000 2.1987 748.8750 0.1332 0.0000 3.2000 0.0000 0.0000 0.0000 0.0000 0.0000 0.4000 3.2000 
2022 9 23 17 0.4000 385.1400 0.0000 0.0000 2.1886 748.8676 0.1321 0.0000 3.2000 0.0000 0.0000 0.0000 0.0000 0.0000 0.4000 3.2000 
2022 9 23 18 0.4000 394.3100 0.0000 0.0000 2.1785 748.8602 0.1309 0.0000 3.2000 0.0000 0.0000 0.0000 0.0000 0.0000 0.4000 3.2000 
2022 9 23 19 0.4000 394.3100 0.0000 0.0000 2.1685 748.8529 0.1298 0.0000 3.2000 0.0000 0.0000 0.0000 0.0000 0.0000 0.4000 3.2000 
2022 9 23 20 0.4000 378.4500 0.0000 0.0000 2.1584 748.8455 0.1287 0.0000 3.2000 0.0000 0.0000 0.0000 0.0000 0.0000 0.4000 3.2000 
2022 9 23 21 0.4100 375.1800 0.0000 0.0000 2.1483 748.8382 0.1276 0.0000 3.2000 0.0000 0.0000 0.0000 0.0000 0.0000 0.4100 3.2000 
2022 9 23 22 0.4100 358.7500 0.0000 0.0000 2.1383 748.8309 0.1265 0.0000 3.2000 0.0000 0.0000 0.0000 0.0000 0.0000 0.4100 3.2000 
2022 9 23 23 0.4100 364.1800 0.0000 0.0000 2.1282 748.8235 0.1254 0.0000 3.2000 0.0000 0.0000 0.0000 0.0000 0.0000 0.4100 3.2000 
2022 9 24 0 0.4100 354.9500 0.0000 0.0000 2.1182 748.8162 0.1242 0.0000 3.2000 0.0000 0.0000 0.0000 0.0000 0.0000 0.4100 3.2000 
2022 9 24 1 0.4100 312.8900 0.0000 0.0000 2.1082 748.8089 0.1231 0.0000 3.2000 0.0000 0.0000 0.0000 0.0000 0.0000 0.4100 3.2000 
2022 9 24 2 0.4100 306.6100 0.0000 0.0000 2.0981 748.8015 0.1220 0.0000 3.2000 0.0000 0.0000 0.0000 0.0000 0.0000 0.4100 3.2000 
2022 9 24 3 0.4100 305.6800 0.0000 0.0000 2.0881 748.7942 0.1209 0.0000 3.2000 0.0000 0.0000 0.0000 0.0000 0.0000 0.4100 3.2000 
2022 9 24 4 0.4100 313.8000 0.0000 0.0000 2.0780 748.7869 0.1198 0.0000 3.2000 0.0000 0.0000 0.0000 0.0000 0.0000 0.4100 3.2000 
2022 9 24 5 0.4000 351.7300 0.0000 0.0000 2.0679 748.7795 0.1187 0.0000 3.2000 0.0000 0.0000 0.0000 0.0000 0.0000 0.4000 3.2000 
2022 9 24 6 0.4000 362.3300 0.0000 0.0000 2.0579 748.7722 0.1175 0.0000 3.2000 0.0000 0.0000 0.0000 0.0000 0.0000 0.4000 3.2000 
2022 9 24 7 0.4000 369.1600 0.0000 0.0000 2.0478 748.7648 0.1164 0.0000 3.2000 0.0000 0.0000 0.0000 0.0000 0.0000 0.4000 3.2000 
2022 9 24 8 0.4000 373.6300 0.0000 0.0000 2.0377 748.7574 0.1153 0.0000 3.2000 0.0000 0.0000 0.0000 0.0000 0.0000 0.4000 3.2000 
2022 9 24 9 0.4100 368.4300 0.0000 0.0000 2.0277 748.7501 0.1142 0.0000 3.2000 0.0000 0.0000 0.0000 0.0000 0.0000 0.4100 3.2000 
2022 9 24 10 0.4100 362.0100 0.0000 0.0000 2.0176 748.7428 0.1131 0.0000 3.2000 0.0000 0.0000 0.0000 0.0000 0.0000 0.4100 3.2000 
2022 9 24 11 0.4100 350.0300 0.0000 0.0000 2.0076 748.7355 0.1120 0.0000 3.2000 0.0000 0.0000 0.0000 0.0000 0.0000 0.4100 3.2000 
2022 9 24 12 0.4100 316.4000 0.0000 0.0000 1.9975 748.7281 0.1108 0.0000 3.2000 0.0000 0.0000 0.0000 0.0000 0.0000 0.4100 3.2000 
2022 9 24 13 0.4100 317.1500 0.0000 0.0000 1.9875 748.7208 0.1097 0.0000 3.2000 0.0000 0.0000 0.0000 0.0000 0.0000 0.4100 3.2000 
2022 9 24 14 0.4100 338.9500 0.0000 0.0000 1.9774 748.7135 0.1086 0.0000 3.2000 0.0000 0.0000 0.0000 0.0000 0.0000 0.4100 3.2000 
2022 9 24 15 0.4100 356.3500 0.0000 0.0000 1.9674 748.7061 0.1075 0.0000 3.2000 0.0000 0.0000 0.0000 0.0000 0.0000 0.4100 3.2000 
2022 9 24 16 0.4100 369.6400 0.0000 0.0000 1.9573 748.6988 0.1064 0.0000 3.2000 0.0000 0.0000 0.0000 0.0000 0.0000 0.4100 3.2000 
2022 9 24 17 0.4100 389.7200 0.0000 0.0000 1.9473 748.6915 0.1053 0.0000 3.2000 0.0000 0.0000 0.0000 0.0000 0.0000 0.4100 3.2000 
2022 9 24 18 0.4100 403.6200 0.0000 0.0000 1.9373 748.6841 0.1041 0.0000 3.2000 0.0000 0.0000 0.0000 0.0000 0.0000 0.4100 3.2000 
2022 9 24 19 0.4100 393.8700 0.0000 0.0000 1.9272 748.6768 0.1030 0.0000 3.2000 0.0000 0.0000 0.0000 0.0000 0.0000 0.4100 3.2000 
2022 9 24 20 0.4100 370.0400 0.0000 0.0000 1.9172 748.6695 0.1019 0.0000 3.2000 0.0000 0.0000 0.0000 0.0000 0.0000 0.4100 3.2000 
2022 9 24 21 0.4100 356.1100 0.0000 0.0000 1.9071 748.6621 0.1008 0.0000 3.2000 0.0000 0.0000 0.0000 0.0000 0.0000 0.4100 3.2000 
2022 9 24 22 0.4200 333.9800 0.0000 0.0000 1.8971 748.6548 0.0997 0.0000 3.2000 0.0000 0.0000 0.0000 0.0000 0.0000 0.4200 3.2000 
2022 9 24 23 0.4300 339.9900 0.0000 0.0000 1.8871 748.6476 0.0986 0.0000 3.2000 0.0000 0.0000 0.0000 0.0000 0.0000 0.4300 3.2000 
2022 9 25 0 0.4400 322.7200 0.0000 0.0000 1.8772 748.6403 0.0975 0.0000 3.2000 0.0000 0.0000 0.0000 0.0000 0.0000 0.4400 3.2000 
2022 9 25 1 0.4600 295.1700 0.0000 0.0000 1.8673 748.6331 0.0964 0.0000 3.2000 0.0000 0.0000 0.0000 0.0000 0.0000 0.4600 3.2000 
2022 9 25 2 0.4600 277.6900 0.0000 0.0000 1.8575 748.6259 0.0953 0.0000 3.2000 0.0000 0.0000 0.0000 0.0000 0.0000 0.4600 3.2000 
2022 9 25 3 0.4700 207.4000 0.0000 0.0000 1.8477 748.6187 0.0942 0.0000 3.2000 0.0000 0.0000 0.0000 0.0000 0.0000 0.4700 3.2000 
2022 9 25 4 0.5000 210.8100 0.0000 0.0000 1.8379 748.6116 0.0931 0.0000 3.2000 0.0000 0.0000 0.0000 0.0000 0.0000 0.5000 3.2000 
2022 9 25 5 0.5300 246.3600 0.0000 0.0000 1.8283 748.6046 0.0920 0.0000 3.2000 0.0000 0.0000 0.0000 0.0000 0.0000 0.5300 3.2000 
2022 9 25 6 0.6100 255.9400 0.0000 0.0000 1.8190 748.5978 0.0910 0.0000 3.2000 0.0000 0.0000 0.0000 0.0000 0.0000 0.6100 3.2000 
2022 9 25 7 0.7000 297.3800 0.0000 0.0000 1.8100 748.5912 0.0900 0.0000 3.2000 0.0000 0.0000 0.0000 0.0000 0.0000 0.7000 3.2000 
2022 9 25 8 0.8200 311.0900 0.0000 0.0000 1.8014 748.5850 0.0890 0.0000 3.2000 0.0000 0.0000 0.0000 0.0000 0.0000 0.8200 3.2000 
2022 9 25 9 1.0000 309.9700 0.0000 0.0000 1.7935 748.5792 0.0882 0.0000 3.2000 0.0000 0.0000 0.0000 0.0000 0.0000 1.0000 3.2000 
2022 9 25 10 1.2800 331.6600 0.0000 0.0000 1.7866 748.5742 0.0874 0.0000 3.2000 0.0000 0.0000 0.0000 0.0000 0.0000 1.2800 3.2000 
2022 9 25 11 1.6100 284.3100 0.0000 0.0000 1.7809 748.5700 0.0868 0.0000 3.2000 0.0000 0.0000 0.0000 0.0000 0.0000 1.6100 3.2000 
2022 9 25 12 2.0000 254.2800 0.0000 0.0000 1.7766 748.5668 0.0863 0.0000 3.2000 0.0000 0.0000 0.0000 0.0000 0.0000 2.0000 3.2000 
2022 9 25 13 2.3700 240.8700 0.0000 0.0000 1.7736 748.5646 0.0860 0.0000 3.2000 0.0000 0.0000 0.0000 0.0000 0.0000 2.3700 3.2000 
2022 9 25 14 2.7200 271.8500 0.0000 0.0000 1.7718 748.5634 0.0858 0.0000 3.2000 0.0000 0.0000 0.0000 0.0000 0.0000 2.7200 3.2000 
2022 9 25 15 3.0800 324.3400 0.0000 0.0000 1.7714 748.5631 0.0857 0.0000 3.2000 0.0000 0.0000 0.0000 0.0000 0.0000 3.0800 3.2000 
2022 9 25 16 3.3600 355.2400 0.0000 0.0000 1.7720 748.5635 0.0858 0.0000 3.2000 0.0000 0.0000 0.0000 0.0000 0.0000 3.3600 3.2000 
2022 9 25 17 3.6100 363.0100 0.0000 0.0000 1.7735 748.5646 0.0859 0.0000 3.2000 0.0000 0.0000 0.0000 0.0000 0.0000 3.6100 3.2000 
2022 9 25 18 3.8000 369.6700 0.0000 0.0000 1.7756 748.5661 0.0862 0.0000 3.2000 0.0000 0.0000 0.0000 0.0000 0.0000 3.8000 3.2000 
2022 9 25 19 3.8900 374.4700 0.0000 0.0000 1.7781 748.5680 0.0865 0.0000 3.2000 0.0000 0.0000 0.0000 0.0000 0.0000 3.8900 3.2000 
2022 9 25 20 4.0000 366.3400 0.0000 0.0000 1.7810 748.5701 0.0868 0.0000 3.2000 0.0000 0.0000 0.0000 0.0000 0.0000 4.0000 3.2000 
2022 9 25 21 4.0500 353.0700 0.0000 0.0000 1.7840 748.5723 0.0871 0.0000 3.2000 0.0000 0.0000 0.0000 0.0000 0.0000 4.0500 3.2000 
2022 9 25 22 4.0600 297.0400 0.0000 0.0000 1.7871 748.5746 0.0875 0.0000 3.2000 0.0000 0.0000 0.0000 0.0000 0.0000 4.0600 3.2000 
2022 9 25 23 4.0100 257.1800 0.0000 0.0000 1.7901 748.5767 0.0878 0.0000 3.2000 0.0000 0.0000 0.0000 0.0000 0.0000 4.0100 3.2000 
2022 9 26 0 3.9200 187.6300 0.0000 0.0000 1.7926 748.5786 0.0881 0.0000 3.2000 0.0000 0.0000 0.0000 0.0000 0.0000 3.9200 3.2000 
2022 9 26 1 3.8900 162.1400 0.0000 0.0000 1.7951 748.5804 0.0883 0.0000 3.2000 0.0000 0.0000 0.0000 0.0000 0.0000 3.8900 3.2000 
2022 9 26 2 3.7900 129.0800 0.0000 0.0000 1.7973 748.5819 0.0886 0.0000 3.2000 0.0000 0.0000 0.0000 0.0000 0.0000 3.7900 3.2000 
2022 9 26 3 3.7100 104.5700 0.0000 0.0000 1.7991 748.5833 0.0888 0.0000 3.2000 0.0000 0.0000 0.0000 0.0000 0.0000 3.7100 3.2000 
2022 9 26 4 3.6500 166.3500 0.0000 0.0000 1.8007 748.5845 0.0890 0.0000 3.2000 0.0000 0.0000 0.0000 0.0000 0.0000 3.6500 3.2000 
2022 9 26 5 3.5600 268.6000 0.0000 0.0000 1.8020 748.5854 0.0891 0.0000 3.2000 0.0000 0.0000 0.0000 0.0000 0.0000 3.5600 3.2000 
2022 9 26 6 3.5000 336.9000 0.0000 0.0000 1.8031 748.5862 0.0892 0.0000 3.2000 0.0000 0.0000 0.0000 0.0000 0.0000 3.5000 3.2000 
2022 9 26 7 3.4500 341.1500 0.0000 0.0000 1.8040 748.5869 0.0893 0.0000 3.2000 0.0000 0.0000 0.0000 0.0000 0.0000 3.4500 3.2000 
2022 9 26 8 3.4000 312.9300 0.0000 0.0000 1.8047 748.5874 0.0894 0.0000 3.2000 0.0000 0.0000 0.0000 0.0000 0.0000 3.4000 3.2000 
2022 9 26 9 3.4000 276.5500 0.0000 0.0000 1.8054 748.5879 0.0895 0.0000 3.2000 0.0000 0.0000 0.0000 0.0000 0.0000 3.4000 3.2000 
2022 9 26 10 3.4700 231.5400 0.0000 0.0000 1.8064 748.5886 0.0896 0.0000 3.2000 0.0000 0.0000 0.0000 0.0000 0.0000 3.4700 3.2000 
2022 9 26 11 3.5800 215.6000 0.0000 0.0000 1.8078 748.5896 0.0898 0.0000 3.2000 0.0000 0.0000 0.0000 0.0000 0.0000 3.5800 3.2000 
2022 9 26 12 3.6200 206.7900 0.0000 0.0000 1.8093 748.5907 0.0899 0.0000 3.2000 0.0000 0.0000 0.0000 0.0000 0.0000 3.6200 3.2000 
2022 9 26 13 3.5500 164.2200 0.0000 0.0000 1.8105 748.5916 0.0901 0.0000 3.2000 0.0000 0.0000 0.0000 0.0000 0.0000 3.5500 3.2000 
2022 9 26 14 3.4700 239.4100 0.0000 0.0000 1.8115 748.5923 0.0902 0.0000 3.2000 0.0000 0.0000 0.0000 0.0000 0.0000 3.4700 3.2000 
2022 9 26 15 3.3700 302.2400 0.0000 0.0000 1.8121 748.5928 0.0902 0.0000 3.2000 0.0000 0.0000 0.0000 0.0000 0.0000 3.3700 3.2000 
2022 9 26 16 3.2700 318.1000 0.0000 0.0000 1.8124 748.5930 0.0903 0.0000 3.2000 0.0000 0.0000 0.0000 0.0000 0.0000 3.2700 3.2000 
2022 9 26 17 3.1400 336.0100 0.0000 0.0000 1.8122 748.5928 0.0902 0.0000 3.2000 0.0000 0.0000 0.0000 0.0000 0.0000 3.1400 3.2000 
2022 9 26 18 3.0800 343.0200 0.0000 0.0000 1.8117 748.5925 0.0902 0.0000 3.2000 0.0000 0.0000 0.0000 0.0000 0.0000 3.0800 3.2000 
2022 9 26 19 3.0100 348.7100 0.0000 0.0000 1.8110 748.5920 0.0901 0.0000 3.2000 0.0000 0.0000 0.0000 0.0000 0.0000 3.0100 3.2000 
2022 9 26 20 2.9900 335.5400 0.0000 0.0000 1.8103 748.5915 0.0900 0.0000 3.2000 0.0000 0.0000 0.0000 0.0000 0.0000 2.9900 3.2000 
2022 9 26 21 2.9800 301.4200 0.0000 0.0000 1.8095 748.5909 0.0899 0.0000 3.2000 0.0000 0.0000 0.0000 0.0000 0.0000 2.9800 3.2000 
2022 9 26 22 3.0100 290.0600 0.0000 0.0000 1.8088 748.5904 0.0899 0.0000 3.2000 0.0000 0.0000 0.0000 0.0000 0.0000 3.0100 3.2000 
2022 9 26 23 3.0300 306.9800 0.0000 0.0000 1.8082 748.5899 0.0898 0.0000 3.2000 0.0000 0.0000 0.0000 0.0000 0.0000 3.0300 3.2000 
2022 9 27 0 3.0800 245.1800 0.0000 0.0000 1.8078 748.5896 0.0898 0.0000 3.2000 0.0000 0.0000 0.0000 0.0000 0.0000 3.0800 3.2000 
2022 9 27 1 3.0900 181.0000 0.0000 0.0000 1.8074 748.5893 0.0897 0.0000 3.2000 0.0000 0.0000 0.0000 0.0000 0.0000 3.0900 3.2000 
2022 9 27 2 3.0900 161.2800 0.0000 0.0000 1.8070 748.5890 0.0897 0.0000 3.2000 0.0000 0.0000 0.0000 0.0000 0.0000 3.0900 3.2000 
2022 9 27 3 3.1100 214.3300 0.0000 0.0000 1.8067 748.5888 0.0896 0.0000 3.2000 0.0000 0.0000 0.0000 0.0000 0.0000 3.1100 3.2000 
2022 9 27 4 3.1500 301.7700 0.0000 0.0000 1.8065 748.5887 0.0896 0.0000 3.2000 0.0000 0.0000 0.0000 0.0000 0.0000 3.1500 3.2000 
2022 9 27 5 3.2400 314.5900 0.0000 0.0000 1.8066 748.5888 0.0896 0.0000 3.2000 0.0000 0.0000 0.0000 0.0000 0.0000 3.2400 3.2000 
2022 9 27 6 3.3500 331.8400 0.0000 0.0000 1.8072 748.5892 0.0897 0.0000 3.2000 0.0000 0.0000 0.0000 0.0000 0.0000 3.3500 3.2000 
2022 9 27 7 3.4900 340.3900 0.0000 0.0000 1.8082 748.5899 0.0898 0.0000 3.2000 0.0000 0.0000 0.0000 0.0000 0.0000 3.4900 3.2000 
2022 9 27 8 3.6500 338.7400 0.0000 0.0000 1.8098 748.5911 0.0900 0.0000 3.2000 0.0000 0.0000 0.0000 0.0000 0.0000 3.6500 3.2000 
2022 9 27 9 3.8200 338.6300 0.0000 0.0000 1.8121 748.5927 0.0902 0.0000 3.2000 0.0000 0.0000 0.0000 0.0000 0.0000 3.8200 3.2000 
2022 9 27 10 3.9600 335.6900 0.0000 0.0000 1.8148 748.5947 0.0905 0.0000 3.2000 0.0000 0.0000 0.0000 0.0000 0.0000 3.9600 3.2000 
2022 9 27 11 4.0400 330.8600 0.0000 0.0000 1.8178 748.5969 0.0909 0.0000 3.2000 0.0000 0.0000 0.0000 0.0000 0.0000 4.0400 3.2000 
2022 9 27 12 4.0900 314.3700 0.0000 0.0000 1.8210 748.5993 0.0912 0.0000 3.2000 0.0000 0.0000 0.0000 0.0000 0.0000 4.0900 3.2000 
2022 9 27 13 4.1600 307.7000 0.0000 0.0000 1.8245 748.6018 0.0916 0.0000 3.2000 0.0000 0.0000 0.0000 0.0000 0.0000 4.1600 3.2000 
2022 9 27 14 4.2200 322.1100 0.0000 0.0000 1.8281 748.6045 0.0920 0.0000 3.2000 0.0000 0.0000 0.0000 0.0000 0.0000 4.2200 3.2000 
2022 9 27 15 4.2900 326.6400 0.0000 0.0000 1.8321 748.6073 0.0925 0.0000 3.2000 0.0000 0.0000 0.0000 0.0000 0.0000 4.2900 3.2000 
2022 9 27 16 4.4200 333.7800 0.0000 0.0000 1.8365 748.6106 0.0929 0.0000 3.2000 0.0000 0.0000 0.0000 0.0000 0.0000 4.4200 3.2000 
2022 9 27 17 4.6400 341.4300 0.0000 0.0000 1.8416 748.6143 0.0935 0.0000 3.2000 0.0000 0.0000 0.0000 0.0000 0.0000 4.6400 3.2000 
2022 9 27 18 5.0000 344.4400 0.0000 0.0000 1.8481 748.6191 0.0942 0.0000 3.2000 0.0000 0.0000 0.0000 0.0000 0.0000 5.0000 3.2000 
2022 9 27 19 5.3900 346.9500 0.0000 0.0000 1.8560 748.6248 0.0951 0.0000 3.2000 0.0000 0.0000 0.0000 0.0000 0.0000 5.3900 3.2000 
2022 9 27 20 5.7100 337.8300 0.0000 0.0000 1.8650 748.6314 0.0961 0.0000 3.2000 0.0000 0.0000 0.0000 0.0000 0.0000 5.7100 3.2000 
2022 9 27 21 6.0200 327.3200 0.0000 0.0000 1.8752 748.6388 0.0972 0.0000 3.2000 0.0000 0.0000 0.0000 0.0000 0.0000 6.0200 3.2000 
2022 9 27 22 6.3400 321.3200 0.0000 0.0000 1.8865 748.6471 0.0985 0.0000 3.2000 0.0000 0.0000 0.0000 0.0000 0.0000 6.3400 3.2000 
2022 9 27 23 6.5500 307.0600 0.0000 0.0000 1.8986 748.6559 0.0998 0.0000 3.2000 0.0000 0.0000 0.0000 0.0000 0.0000 6.5500 3.2000 
2022 9 28 0 6.6100 276.3500 0.0000 0.0000 1.9108 748.6648 0.1012 0.0000 3.2000 0.0000 0.0000 0.0000 0.0000 0.0000 6.6100 3.2000 
2022 9 28 1 6.6000 246.4400 0.0000 0.0000 1.9231 748.6738 0.1026 0.0000 3.2000 0.0000 0.0000 0.0000 0.0000 0.0000 6.6000 3.2000 
2022 9 28 2 6.5500 243.4900 0.0000 0.0000 1.9351 748.6826 0.1039 0.0000 3.2000 0.0000 0.0000 0.0000 0.0000 0.0000 6.5500 3.2000 
2022 9 28 3 6.4900 274.3400 0.0000 0.0000 1.9470 748.6912 0.1052 0.0000 3.2000 0.0000 0.0000 0.0000 0.0000 0.0000 6.4900 3.2000 
2022 9 28 4 6.4200 306.6800 0.0000 0.0000 1.9586 748.6997 0.1065 0.0000 3.2000 0.0000 0.0000 0.0000 0.0000 0.0000 6.4200 3.2000 
2022 9 28 5 6.3400 312.1100 0.0000 0.0000 1.9699 748.7079 0.1078 0.0000 3.2000 0.0000 0.0000 0.0000 0.0000 0.0000 6.3400 3.2000 
2022 9 28 6 6.2800 312.6200 0.0000 0.0000 1.9810 748.7160 0.1090 0.0000 3.2000 0.0000 0.0000 0.0000 0.0000 0.0000 6.2800 3.2000 
2022 9 28 7 6.2500 324.8100 0.0000 0.0000 1.9919 748.7240 0.1102 0.0000 3.2000 0.0000 0.0000 0.0000 0.0000 0.0000 6.2500 3.2000 
2022 9 28 8 6.2100 333.1500 0.0000 0.0000 2.0028 748.7320 0.1114 0.0000 3.2000 0.0000 0.0000 0.0000 0.0000 0.0000 6.2100 3.2000 
2022 9 28 9 6.1600 328.0300 0.0000 0.0000 2.0134 748.7397 0.1126 0.0000 3.2000 0.0000 0.0000 0.0000 0.0000 0.0000 6.1600 3.2000 
2022 9 28 10 6.1100 323.9500 0.0000 0.0000 2.0239 748.7474 0.1138 0.0000 3.2000 0.0000 0.0000 0.0000 0.0000 0.0000 6.1100 3.2000 
2022 9 28 11 6.0200 325.5900 0.0000 0.0000 2.0341 748.7548 0.1149 0.0000 3.2000 0.0000 0.0000 0.0000 0.0000 0.0000 6.0200 3.2000 
2022 9 28 12 5.9200 328.8300 0.0000 0.0000 2.0439 748.7619 0.1160 0.0000 3.2000 0.0000 0.0000 0.0000 0.0000 0.0000 5.9200 3.2000 
2022 9 28 13 5.8000 330.2400 0.0000 0.0000 2.0532 748.7688 0.1170 0.0000 3.2000 0.0000 0.0000 0.0000 0.0000 0.0000 5.8000 3.2000 
2022 9 28 14 5.6700 329.7100 0.0000 0.0000 2.0621 748.7753 0.1180 0.0000 3.2000 0.0000 0.0000 0.0000 0.0000 0.0000 5.6700 3.2000 
2022 9 28 15 5.5500 320.1000 0.0000 0.0000 2.0706 748.7814 0.1190 0.0000 3.2000 0.0000 0.0000 0.0000 0.0000 0.0000 5.5500 3.2000 
2022 9 28 16 5.4400 315.4400 0.0000 0.0000 2.0786 748.7873 0.1198 0.0000 3.2000 0.0000 0.0000 0.0000 0.0000 0.0000 5.4400 3.2000 
2022 9 28 17 5.3200 320.0600 0.0000 0.0000 2.0863 748.7929 0.1207 0.0000 3.2000 0.0000 0.0000 0.0000 0.0000 0.0000 5.3200 3.2000 
2022 9 28 18 5.2000 320.7100 0.0000 0.0000 2.0935 748.7981 0.1215 0.0000 3.2000 0.0000 0.0000 0.0000 0.0000 0.0000 5.2000 3.2000 
2022 9 28 19 5.1000 316.6600 0.0000 0.0000 2.1003 748.8031 0.1223 0.0000 3.2000 0.0000 0.0000 0.0000 0.0000 0.0000 5.1000 3.2000 
2022 9 28 20 5.0000 312.1300 0.0000 0.0000 2.1068 748.8079 0.1230 0.0000 3.2000 0.0000 0.0000 0.0000 0.0000 0.0000 5.0000 3.2000 
2022 9 28 21 4.9100 293.6400 0.0000 0.0000 2.1129 748.8124 0.1237 0.0000 3.2000 0.0000 0.0000 0.0000 0.0000 0.0000 4.9100 3.2000 
2022 9 28 22 4.8100 292.4600 0.0000 0.0000 2.1187 748.8166 0.1243 0.0000 3.2000 0.0000 0.0000 0.0000 0.0000 0.0000 4.8100 3.2000 
2022 9 28 23 4.7200 316.9900 0.0000 0.0000 2.1242 748.8206 0.1249 0.0000 3.2000 0.0000 0.0000 0.0000 0.0000 0.0000 4.7200 3.2000 
2022 9 29 0 4.6300 314.0000 0.0000 0.0000 2.1294 748.8243 0.1255 0.0000 3.2000 0.0000 0.0000 0.0000 0.0000 0.0000 4.6300 3.2000 
2022 9 29 1 4.5400 313.9700 0.0000 0.0000 2.1342 748.8279 0.1260 0.0000 3.2000 0.0000 0.0000 0.0000 0.0000 0.0000 4.5400 3.2000 
2022 9 29 2 4.4700 313.9600 0.0000 0.0000 2.1388 748.8312 0.1265 0.0000 3.2000 0.0000 0.0000 0.0000 0.0000 0.0000 4.4700 3.2000 
2022 9 29 3 4.4000 314.5600 0.0000 0.0000 2.1431 748.8344 0.1270 0.0000 3.2000 0.0000 0.0000 0.0000 0.0000 0.0000 4.4000 3.2000 
2022 9 29 4 4.3300 320.6300 0.0000 0.0000 2.1471 748.8373 0.1275 0.0000 3.2000 0.0000 0.0000 0.0000 0.0000 0.0000 4.3300 3.2000 
2022 9 29 5 4.2600 326.5500 0.0000 0.0000 2.1510 748.8401 0.1279 0.0000 3.2000 0.0000 0.0000 0.0000 0.0000 0.0000 4.2600 3.2000 
2022 9 29 6 4.1900 329.3000 0.0000 0.0000 2.1545 748.8427 0.1283 0.0000 3.2000 0.0000 0.0000 0.0000 0.0000 0.0000 4.1900 3.2000 
2022 9 29 7 4.1200 348.4400 0.0000 0.0000 2.1578 748.8451 0.1286 0.0000 3.2000 0.0000 0.0000 0.0000 0.0000 0.0000 4.1200 3.2000 
2022 9 29 8 4.0600 371.5900 0.0000 0.0000 2.1609 748.8474 0.1290 0.0000 3.2000 0.0000 0.0000 0.0000 0.0000 0.0000 4.0600 3.2000 
2022 9 29 9 4.0000 377.8600 0.0000 0.0000 2.1638 748.8495 0.1293 0.0000 3.2000 0.0000 0.0000 0.0000 0.0000 0.0000 4.0000 3.2000 
2022 9 29 10 3.9300 354.6500 0.0000 0.0000 2.1664 748.8514 0.1296 0.0000 3.2000 0.0000 0.0000 0.0000 0.0000 0.0000 3.9300 3.2000 
2022 9 29 11 3.8700 339.8800 0.0000 0.0000 2.1688 748.8532 0.1299 0.0000 3.2000 0.0000 0.0000 0.0000 0.0000 0.0000 3.8700 3.2000 
2022 9 29 12 3.8100 349.1900 0.0000 0.0000 2.1710 748.8548 0.1301 0.0000 3.2000 0.0000 0.0000 0.0000 0.0000 0.0000 3.8100 3.2000 
2022 9 29 13 3.7500 340.8000 0.0000 0.0000 2.1730 748.8562 0.1303 0.0000 3.2000 0.0000 0.0000 0.0000 0.0000 0.0000 3.7500 3.2000 
2022 9 29 14 3.6900 355.7500 0.0000 0.0000 2.1748 748.8575 0.1305 0.0000 3.2000 0.0000 0.0000 0.0000 0.0000 0.0000 3.6900 3.2000 
2022 9 29 15 3.6400 371.6800 0.0000 0.0000 2.1764 748.8587 0.1307 0.0000 3.2000 0.0000 0.0000 0.0000 0.0000 0.0000 3.6400 3.2000 
2022 9 29 16 3.5900 378.1500 0.0000 0.0000 2.1778 748.8597 0.1309 0.0000 3.2000 0.0000 0.0000 0.0000 0.0000 0.0000 3.5900 3.2000 
2022 9 29 17 3.5400 382.6500 0.0000 0.0000 2.1790 748.8606 0.1310 0.0000 3.2000 0.0000 0.0000 0.0000 0.0000 0.0000 3.5400 3.2000 
2022 9 29 18 3.5000 376.7800 0.0000 0.0000 2.1801 748.8614 0.1311 0.0000 3.2000 0.0000 0.0000 0.0000 0.0000 0.0000 3.5000 3.2000 
2022 9 29 19 3.4500 373.9000 0.0000 0.0000 2.1810 748.8620 0.1312 0.0000 3.2000 0.0000 0.0000 0.0000 0.0000 0.0000 3.4500 3.2000 
2022 9 29 20 3.4000 359.2700 0.0000 0.0000 2.1817 748.8626 0.1313 0.0000 3.2000 0.0000 0.0000 0.0000 0.0000 0.0000 3.4000 3.2000 
2022 9 29 21 3.3600 339.6900 0.0000 0.0000 2.1823 748.8630 0.1314 0.0000 3.2000 0.0000 0.0000 0.0000 0.0000 0.0000 3.3600 3.2000 
2022 9 29 22 3.3300 335.5400 0.0000 0.0000 2.1827 748.8633 0.1314 0.0000 3.2000 0.0000 0.0000 0.0000 0.0000 0.0000 3.3300 3.2000 
2022 9 29 23 3.2800 341.5400 0.0000 0.0000 2.1830 748.8635 0.1314 0.0000 3.2000 0.0000 0.0000 0.0000 0.0000 0.0000 3.2800 3.2000 
2022 9 30 0 3.2400 324.5500 0.0000 0.0000 2.1832 748.8636 0.1315 0.0000 3.2000 0.0000 0.0000 0.0000 0.0000 0.0000 3.2400 3.2000 
2022 9 30 1 3.2100 322.1200 0.0000 0.0000 2.1832 748.8637 0.1315 0.0000 3.2000 0.0000 0.0000 0.0000 0.0000 0.0000 3.2100 3.2000 
2022 9 30 2 3.1800 320.8600 0.0000 0.0000 2.1831 748.8636 0.1315 0.0000 3.2000 0.0000 0.0000 0.0000 0.0000 0.0000 3.1800 3.2000 
2022 9 30 3 3.1400 320.8000 0.0000 0.0000 2.1829 748.8634 0.1314 0.0000 3.2000 0.0000 0.0000 0.0000 0.0000 0.0000 3.1400 3.2000 
2022 9 30 4 3.1000 321.3000 0.0000 0.0000 2.1826 748.8632 0.1314 0.0000 3.2000 0.0000 0.0000 0.0000 0.0000 0.0000 3.1000 3.2000 
2022 9 30 5 3.0800 327.7000 0.0000 0.0000 2.1821 748.8629 0.1313 0.0000 3.2000 0.0000 0.0000 0.0000 0.0000 0.0000 3.0800 3.2000 
2022 9 30 6 3.0400 355.5300 0.0000 0.0000 2.1816 748.8624 0.1313 0.0000 3.2000 0.0000 0.0000 0.0000 0.0000 0.0000 3.0400 3.2000 
2022 9 30 7 3.0100 370.8800 0.0000 0.0000 2.1809 748.8620 0.1312 0.0000 3.2000 0.0000 0.0000 0.0000 0.0000 0.0000 3.0100 3.2000 
2022 9 30 8 2.9800 365.2600 0.0000 0.0000 2.1801 748.8614 0.1311 0.0000 3.2000 0.0000 0.0000 0.0000 0.0000 0.0000 2.9800 3.2000 
2022 9 30 9 2.9500 354.3600 0.0000 0.0000 2.1792 748.8607 0.1310 0.0000 3.2000 0.0000 0.0000 0.0000 0.0000 0.0000 2.9500 3.2000 
2022 9 30 10 2.9200 331.2900 0.0000 0.0000 2.1782 748.8600 0.1309 0.0000 3.2000 0.0000 0.0000 0.0000 0.0000 0.0000 2.9200 3.2000 
2022 9 30 11 2.8900 292.1500 0.0000 0.0000 2.1771 748.8592 0.1308 0.0000 3.2000 0.0000 0.0000 0.0000 0.0000 0.0000 2.8900 3.2000 
2022 9 30 12 2.8600 264.0800 0.0000 0.0000 2.1758 748.8583 0.1306 0.0000 3.2000 0.0000 0.0000 0.0000 0.0000 0.0000 2.8600 3.2000 
2022 9 30 13 2.8400 209.4500 0.0000 0.0000 2.1745 748.8573 0.1305 0.0000 3.2000 0.0000 0.0000 0.0000 0.0000 0.0000 2.8400 3.2000 
2022 9 30 14 2.8200 204.5600 0.0000 0.0000 2.1732 748.8563 0.1304 0.0000 3.2000 0.0000 0.0000 0.0000 0.0000 0.0000 2.8200 3.2000 
2022 9 30 15 2.7900 225.8600 0.0000 0.0000 2.1717 748.8552 0.1302 0.0000 3.2000 0.0000 0.0000 0.0000 0.0000 0.0000 2.7900 3.2000 
2022 9 30 16 2.7800 307.7600 0.0000 0.0000 2.1702 748.8541 0.1300 0.0000 3.2000 0.0000 0.0000 0.0000 0.0000 0.0000 2.7800 3.2000 
2022 9 30 17 2.7700 293.1200 0.0000 0.0000 2.1686 748.8530 0.1298 0.0000 3.2000 0.0000 0.0000 0.0000 0.0000 0.0000 2.7700 3.2000 
2022 9 30 18 2.7500 316.2800 0.0000 0.0000 2.1670 748.8518 0.1297 0.0000 3.2000 0.0000 0.0000 0.0000 0.0000 0.0000 2.7500 3.2000 
2022 9 30 19 2.7500 306.5000 0.0000 0.0000 2.1654 748.8507 0.1295 0.0000 3.2000 0.0000 0.0000 0.0000 0.0000 0.0000 2.7500 3.2000 
2022 9 30 20 2.7400 201.5000 0.0000 0.0000 2.1637 748.8494 0.1293 0.0000 3.2000 0.0000 0.0000 0.0000 0.0000 0.0000 2.7400 3.2000 
2022 9 30 21 2.7400 176.8500 0.0000 0.0000 2.1621 748.8482 0.1291 0.0000 3.2000 0.0000 0.0000 0.0000 0.0000 0.0000 2.7400 3.2000 
2022 9 30 22 2.7400 99.1600 0.0000 0.0000 2.1604 748.8470 0.1289 0.0000 3.2000 0.0000 0.0000 0.0000 0.0000 0.0000 2.7400 3.2000 
2022 9 30 23 2.7300 83.4300 0.0000 0.0000 2.1587 748.8458 0.1287 0.0000 3.2000 0.0000 0.0000 0.0000 0.0000 0.0000 2.7300 3.2000 
2022 10 1 0 2.7300 69.2000 0.0000 0.0000 2.1570 748.8446 0.1286 0.0000 3.2000 0.0000 0.0000 0.0000 0.0000 0.0000 2.7300 3.2000 
2022 10 1 1 2.7300 54.4200 0.0000 0.0000 2.1553 748.8433 0.1284 0.0000 3.2000 0.0000 0.0000 0.0000 0.0000 0.0000 2.7300 3.2000 
2022 10 1 2 2.7400 23.3800 0.0000 0.0000 2.1537 748.8421 0.1282 0.0000 3.2000 0.0000 0.0000 0.0000 0.0000 0.0000 2.7400 3.2000 
2022 10 1 3 2.7800 18.4000 0.0000 0.0000 2.1522 748.8410 0.1280 0.0000 3.2000 0.0000 0.0000 0.0000 0.0000 0.0000 2.7800 3.2000 
2022 10 1 4 2.8700 17.4200 0.0000 0.0000 2.1510 748.8401 0.1279 0.0000 3.2000 0.0000 0.0000 0.0000 0.0000 0.0000 2.8700 3.2000 
2022 10 1 5 3.0700 17.0300 0.0000 0.0000 2.1505 748.8398 0.1278 0.0000 3.2000 0.0000 0.0000 0.0000 0.0000 0.0000 3.0700 3.2000 
2022 10 1 6 3.4700 25.9500 0.0000 0.0000 2.1515 748.8405 0.1279 0.0000 3.2000 0.0000 0.0000 0.0000 0.0000 0.0000 3.4700 3.2000 
2022 10 1 7 4.1800 48.9000 0.0000 0.0000 2.1550 748.8431 0.1283 0.0000 3.2000 0.0000 0.0000 0.0000 0.0000 0.0000 4.1800 3.2000 
2022 10 1 8 5.0600 79.6000 0.0000 0.0000 2.1617 748.8480 0.1291 0.0000 3.2000 0.0000 0.0000 0.0000 0.0000 0.0000 5.0600 3.2000 
2022 10 1 9 5.8800 119.5500 0.0000 0.0000 2.1714 748.8550 0.1302 0.0000 3.2000 0.0000 0.0000 0.0000 0.0000 0.0000 5.8800 3.2000 
2022 10 1 10 6.4800 116.2000 0.0000 0.0000 2.1832 748.8636 0.1315 0.0000 3.2000 0.0000 0.0000 0.0000 0.0000 0.0000 6.4800 3.2000 
2022 10 1 11 6.8100 97.9500 0.0000 0.0000 2.1962 748.8731 0.1329 0.0000 3.2000 0.0000 0.0000 0.0000 0.0000 0.0000 6.8100 3.2000 
2022 10 1 12 6.9700 80.5800 0.0000 0.0000 2.2097 748.8830 0.1344 0.0000 3.2000 0.0000 0.0000 0.0000 0.0000 0.0000 6.9700 3.2000 
2022 10 1 13 7.0900 72.0100 0.0000 0.0000 2.2237 748.8932 0.1360 0.0000 3.2000 0.0000 0.0000 0.0000 0.0000 0.0000 7.0900 3.2000 
2022 10 1 14 7.1900 72.8100 0.0000 0.0000 2.2381 748.9037 0.1376 0.0000 3.2000 0.0000 0.0000 0.0000 0.0000 0.0000 7.1900 3.2000 
2022 10 1 15 7.2500 75.9900 0.0000 0.0000 2.2527 748.9144 0.1392 0.0000 3.2000 0.0000 0.0000 0.0000 0.0000 0.0000 7.2500 3.2000 
2022 10 1 16 7.2500 149.9700 0.0000 0.0000 2.2673 748.9250 0.1408 0.0000 3.2000 0.0000 0.0000 0.0000 0.0000 0.0000 7.2500 3.2000 
2022 10 1 17 7.1700 184.2700 0.0000 0.0000 2.2816 748.9354 0.1424 0.0000 3.2000 0.0000 0.0000 0.0000 0.0000 0.0000 7.1700 3.2000 
2022 10 1 18 7.0500 213.0600 0.0000 0.0000 2.2954 748.9456 0.1439 0.0000 3.2000 0.0000 0.0000 0.0000 0.0000 0.0000 7.0500 3.2000 
2022 10 1 19 6.9300 196.2000 0.0000 0.0000 2.3089 748.9554 0.1454 0.0000 3.2000 0.0000 0.0000 0.0000 0.0000 0.0000 6.9300 3.2000 
2022 10 1 20 6.8100 157.6900 0.0000 0.0000 2.3218 748.9649 0.1469 0.0000 3.2000 0.0000 0.0000 0.0000 0.0000 0.0000 6.8100 3.2000 
2022 10 1 21 6.7300 120.0200 0.0000 0.0000 2.3346 748.9741 0.1483 0.0000 3.2000 0.0000 0.0000 0.0000 0.0000 0.0000 6.7300 3.2000 
2022 10 1 22 6.6600 84.2900 0.0000 0.0000 2.3470 748.9832 0.1497 0.0000 3.2000 0.0000 0.0000 0.0000 0.0000 0.0000 6.6600 3.2000 
2022 10 1 23 6.6000 70.8700 0.0000 0.0000 2.3593 748.9922 0.1510 0.0000 3.2000 0.0000 0.0000 0.0000 0.0000 0.0000 6.6000 3.2000 
2022 10 2 0 6.5500 70.3200 0.0000 0.0000 2.3713 749.0010 0.1524 0.0000 3.2000 0.0000 0.0000 0.0000 0.0000 0.0000 6.5500 3.2000 
2022 10 2 1 6.5300 63.9500 0.0000 0.0000 2.3833 749.0097 0.1537 0.0000 3.2000 0.0000 0.0000 0.0000 0.0000 0.0000 6.5300 3.2000 
2022 10 2 2 6.5100 68.0300 0.0000 0.0000 2.3952 749.0184 0.1550 0.0000 3.2000 0.0000 0.0000 0.0000 0.0000 0.0000 6.5100 3.2000 
2022 10 2 3 6.5400 64.9900 0.0000 0.0000 2.4072 749.0428 0.1564 0.0000 3.2000 0.0000 0.0000 0.0000 0.0000 0.0000 6.5400 3.2000 
2022 10 2 4 6.5600 65.3600 0.0000 0.0000 2.4193 749.0567 0.1577 0.0000 3.2000 0.0000 0.0000 0.0000 0.0000 0.0000 6.5600 3.2000 
2022 10 2 5 6.6000 65.2000 0.0000 0.0000 2.4316 749.0708 0.1591 0.0000 3.2000 0.0000 0.0000 0.0000 0.0000 0.0000 6.6000 3.2000 
2022 10 2 6 6.6100 127.7400 0.0000 0.0000 2.4439 749.0849 0.1604 0.0000 3.2000 0.0000 0.0000 0.0000 0.0000 0.0000 6.6100 3.2000 
2022 10 2 7 6.6400 93.3700 0.0000 0.0000 2.4562 749.0991 0.1618 0.0000 3.2000 0.0000 0.0000 0.0000 0.0000 0.0000 6.6400 3.2000 
2022 10 2 8 6.6600 212.7600 0.0000 0.0000 2.4687 749.1134 0.1632 0.0000 3.2000 0.0000 0.0000 0.0000 0.0000 0.0000 6.6600 3.2000 
2022 10 2 9 6.7000 232.8900 0.0000 0.0000 2.4813 749.1279 0.1646 0.0000 3.2000 0.0000 0.0000 0.0000 0.0000 0.0000 6.7000 3.2000 
2022 10 2 10 6.7100 233.2600 0.0000 0.0000 2.4939 749.1424 0.1660 0.0000 3.2000 0.0000 0.0000 0.0000 0.0000 0.0000 6.7100 3.2000 
2022 10 2 11 6.7200 253.5800 0.0000 0.0000 2.5066 749.1570 0.1674 0.0000 3.2000 0.0000 0.0000 0.0000 0.0000 0.0000 6.7200 3.2000 
2022 10 2 12 6.7600 287.3600 0.0000 0.0000 2.5194 749.1717 0.1688 0.0000 3.2000 0.0000 0.0000 0.0000 0.0000 0.0000 6.7600 3.2000 
2022 10 2 13 6.7700 254.1600 0.0000 0.0000 2.5323 749.1865 0.1703 0.0000 3.2000 0.0000 0.0000 0.0000 0.0000 0.0000 6.7700 3.2000 
2022 10 2 14 6.7200 224.5500 0.0000 0.0000 2.5449 749.2011 0.1717 0.0000 3.2000 0.0000 0.0000 0.0000 0.0000 0.0000 6.7200 3.2000 
2022 10 2 15 6.7100 107.4000 0.0000 0.0000 2.5576 749.2156 0.1731 0.0000 3.2000 0.0000 0.0000 0.0000 0.0000 0.0000 6.7100 3.2000 
2022 10 2 16 6.7000 220.4100 0.0000 0.0000 2.5702 749.2301 0.1745 0.0000 3.2000 0.0000 0.0000 0.0000 0.0000 0.0000 6.7000 3.2000 
2022 10 2 17 6.6800 297.9300 0.0000 0.0000 2.5827 749.2445 0.1759 0.0000 3.2000 0.0000 0.0000 0.0000 0.0000 0.0000 6.6800 3.2000 
2022 10 2 18 6.6300 331.6800 0.0000 0.0000 2.5951 749.2587 0.1772 0.0000 3.2000 0.0000 0.0000 0.0000 0.0000 0.0000 6.6300 3.2000 
2022 10 2 19 6.5800 318.4200 0.0000 0.0000 2.6072 749.2727 0.1786 0.0000 3.2000 0.0000 0.0000 0.0000 0.0000 0.0000 6.5800 3.2000 
2022 10 2 20 6.5000 253.0800 0.0000 0.0000 2.6191 749.2863 0.1799 0.0000 3.2000 0.0000 0.0000 0.0000 0.0000 0.0000 6.5000 3.2000 
2022 10 2 21 6.4500 178.6600 0.0000 0.0000 2.6308 749.2998 0.1812 0.0000 3.2000 0.0000 0.0000 0.0000 0.0000 0.0000 6.4500 3.2000 
2022 10 2 22 6.3500 165.3800 0.0000 0.0000 2.6421 749.3128 0.1825 0.0000 3.2000 0.0000 0.0000 0.0000 0.0000 0.0000 6.3500 3.2000 
2022 10 2 23 6.2800 194.7300 0.0000 0.0000 2.6532 749.3255 0.1837 0.0000 3.2000 0.0000 0.0000 0.0000 0.0000 0.0000 6.2800 3.2000 
2022 10 3 0 6.2100 179.9000 0.0000 0.0000 2.6641 749.3380 0.1849 0.0000 3.2000 0.0000 0.0000 0.0000 0.0000 0.0000 6.2100 3.2000 
2022 10 3 1 6.1300 171.6000 0.0000 0.0000 2.6746 749.3501 0.1861 0.0000 3.2000 0.0000 0.0000 0.0000 0.0000 0.0000 6.1300 3.2000 
2022 10 3 2 6.0200 100.4500 0.0000 0.0000 2.6848 749.3618 0.1872 0.0000 3.2000 0.0000 0.0000 0.0000 0.0000 0.0000 6.0200 3.2000 
2022 10 3 3 5.9900 104.5500 0.0000 0.0000 2.6948 749.3733 0.1883 0.0000 3.2000 0.0000 0.0000 0.0000 0.0000 0.0000 5.9900 3.2000 
2022 10 3 4 5.9900 140.4600 0.0000 0.0000 2.7049 749.3849 0.1894 0.0000 3.2000 0.0000 0.0000 0.0000 0.0000 0.0000 5.9900 3.2000 
2022 10 3 5 5.9600 212.7100 0.0000 0.0000 2.7148 749.3963 0.1905 0.0000 3.2000 0.0000 0.0000 0.0000 0.0000 0.0000 5.9600 3.2000 
2022 10 3 6 5.9200 305.1800 0.0000 0.0000 2.7246 749.4076 0.1916 0.0000 3.2000 0.0000 0.0000 0.0000 0.0000 0.0000 5.9200 3.2000 
2022 10 3 7 5.8900 323.5700 0.0000 0.0000 2.7343 749.4187 0.1927 0.0000 3.2000 0.0000 0.0000 0.0000 0.0000 0.0000 5.8900 3.2000 
2022 10 3 8 5.8500 275.9600 0.0000 0.0000 2.7438 749.4297 0.1938 0.0000 3.2000 0.0000 0.0000 0.0000 0.0000 0.0000 5.8500 3.2000 
2022 10 3 9 5.8300 212.7300 0.0000 0.0000 2.7533 749.4405 0.1948 0.0000 3.2000 0.0000 0.0000 0.0000 0.0000 0.0000 5.8300 3.2000 
2022 10 3 10 5.8100 156.7600 0.0000 0.0000 2.7627 749.4513 0.1959 0.0000 3.2000 0.0000 0.0000 0.0000 0.0000 0.0000 5.8100 3.2000 
2022 10 3 11 5.7800 126.7100 0.0000 0.0000 2.7720 749.4620 0.1969 0.0000 3.2000 0.0000 0.0000 0.0000 0.0000 0.0000 5.7800 3.2000 
2022 10 3 12 5.7400 137.5900 0.0000 0.0000 2.7811 749.4725 0.1979 0.0000 3.2000 0.0000 0.0000 0.0000 0.0000 0.0000 5.7400 3.2000 
2022 10 3 13 5.7100 154.3700 0.0000 0.0000 2.7901 749.4829 0.1989 0.0000 3.2000 0.0000 0.0000 0.0000 0.0000 0.0000 5.7100 3.2000 
2022 10 3 14 5.6800 196.1100 0.0000 0.0000 2.7991 749.4932 0.1999 0.0000 3.2000 0.0000 0.0000 0.0000 0.0000 0.0000 5.6800 3.2000 
2022 10 3 15 5.6500 238.2900 0.0000 0.0000 2.8079 749.5033 0.2009 0.0000 3.2000 0.0000 0.0000 0.0000 0.0000 0.0000 5.6500 3.2000 
2022 10 3 16 5.6600 332.4800 0.0000 0.0000 2.8167 749.5135 0.2019 0.0000 3.2000 0.0000 0.0000 0.0000 0.0000 0.0000 5.6600 3.2000 
2022 10 3 17 5.6400 367.0800 0.0000 0.0000 2.8255 749.5236 0.2028 0.0000 3.2000 0.0000 0.0000 0.0000 0.0000 0.0000 5.6400 3.2000 
2022 10 3 18 5.6500 373.7600 0.0000 0.0000 2.8343 749.5337 0.2038 0.0000 3.2000 0.0000 0.0000 0.0000 0.0000 0.0000 5.6500 3.2000 
2022 10 3 19 5.6300 364.8600 0.0000 0.0000 2.8431 749.5438 0.2048 0.0000 3.2000 0.0000 0.0000 0.0000 0.0000 0.0000 5.6300 3.2000 
2022 10 3 20 5.6200 326.4700 0.0000 0.0000 2.8518 749.5538 0.2058 0.0000 3.2000 0.0000 0.0000 0.0000 0.0000 0.0000 5.6200 3.2000 
2022 10 3 21 5.6200 319.0700 0.0000 0.0000 2.8605 749.5638 0.2067 0.0000 3.2000 0.0000 0.0000 0.0000 0.0000 0.0000 5.6200 3.2000 
2022 10 3 22 5.6000 297.8500 0.0000 0.0000 2.8692 749.5737 0.2077 0.0000 3.2000 0.0000 0.0000 0.0000 0.0000 0.0000 5.6000 3.2000 
2022 10 3 23 5.6000 211.7700 0.0000 0.0000 2.8778 749.5837 0.2086 0.0000 3.2000 0.0000 0.0000 0.0000 0.0000 0.0000 5.6000 3.2000 
2022 10 4 0 5.5800 193.6000 0.0000 0.0000 2.8864 749.5935 0.2096 0.0000 3.2000 0.0000 0.0000 0.0000 0.0000 0.0000 5.5800 3.2000 
2022 10 4 1 5.6000 193.0400 0.0000 0.0000 2.8950 749.6035 0.2106 0.0000 3.2000 0.0000 0.0000 0.0000 0.0000 0.0000 5.6000 3.2000 
2022 10 4 2 5.6400 173.9500 0.0000 0.0000 2.9038 749.6135 0.2115 0.0000 3.2000 0.0000 0.0000 0.0000 0.0000 0.0000 5.6400 3.2000 
2022 10 4 3 5.6800 192.6700 0.0000 0.0000 2.9127 749.6238 0.2125 0.0000 3.2000 0.0000 0.0000 0.0000 0.0000 0.0000 5.6800 3.2000 
2022 10 4 4 5.6700 202.5600 0.0000 0.0000 2.9216 749.6340 0.2135 0.0000 3.2000 0.0000 0.0000 0.0000 0.0000 0.0000 5.6700 3.2000 
2022 10 4 5 5.6700 252.2900 0.0000 0.0000 2.9305 749.6443 0.2145 0.0000 3.2000 0.0000 0.0000 0.0000 0.0000 0.0000 5.6700 3.2000 
2022 10 4 6 5.6700 299.2900 0.0000 0.0000 2.9394 749.6545 0.2155 0.0000 3.2000 0.0000 0.0000 0.0000 0.0000 0.0000 5.6700 3.2000 
2022 10 4 7 5.6400 308.4300 0.0000 0.0000 2.9482 749.6646 0.2165 0.0000 3.2000 0.0000 0.0000 0.0000 0.0000 0.0000 5.6400 3.2000 
2022 10 4 8 5.6200 303.3300 0.0000 0.0000 2.9569 749.6746 0.2174 0.0000 3.2000 0.0000 0.0000 0.0000 0.0000 0.0000 5.6200 3.2000 
2022 10 4 9 5.6200 266.3100 0.0000 0.0000 2.9656 749.6846 0.2184 0.0000 3.2000 0.0000 0.0000 0.0000 0.0000 0.0000 5.6200 3.2000 
2022 10 4 10 5.6200 223.4600 0.0000 0.0000 2.9743 749.6946 0.2194 0.0000 3.2000 0.0000 0.0000 0.0000 0.0000 0.0000 5.6200 3.2000 
2022 10 4 11 5.6200 171.5200 0.0000 0.0000 2.9830 749.7046 0.2203 0.0000 3.2000 0.0000 0.0000 0.0000 0.0000 0.0000 5.6200 3.2000 
2022 10 4 12 5.6100 159.6400 0.0000 0.0000 2.9917 749.7146 0.2213 0.0000 3.2000 0.0000 0.0000 0.0000 0.0000 0.0000 5.6100 3.2000 
2022 10 4 13 5.6200 148.3800 0.0000 0.0000 3.0004 749.7246 0.2223 0.0000 3.2000 0.0000 0.0000 0.0000 0.0000 0.0000 5.6200 3.2000 
2022 10 4 14 5.6400 152.6300 0.0000 0.0000 3.0092 749.7347 0.2232 0.0000 3.2000 0.0000 0.0000 0.0000 0.0000 0.0000 5.6400 3.2000 
2022 10 4 15 5.6600 187.8200 0.0000 0.0000 3.0181 749.7449 0.2242 0.0000 3.2000 0.0000 0.0000 0.0000 0.0000 0.0000 5.6600 3.2000 
2022 10 4 16 5.6600 211.9200 0.0000 0.0000 3.0269 749.7551 0.2252 0.0000 3.2000 0.0000 0.0000 0.0000 0.0000 0.0000 5.6600 3.2000 
2022 10 4 17 5.6700 236.0900 0.0000 0.0000 3.0358 749.7653 0.2262 0.0000 3.2000 0.0000 0.0000 0.0000 0.0000 0.0000 5.6700 3.2000 
2022 10 4 18 5.7000 212.0100 0.0000 0.0000 3.0448 749.7756 0.2272 0.0000 3.2000 0.0000 0.0000 0.0000 0.0000 0.0000 5.7000 3.2000 
2022 10 4 19 5.7300 178.5700 0.0000 0.0000 3.0539 749.7861 0.2282 0.0000 3.2000 0.0000 0.0000 0.0000 0.0000 0.0000 5.7300 3.2000 
2022 10 4 20 5.7500 159.3100 0.0000 0.0000 3.0631 749.7967 0.2292 0.0000 3.2000 0.0000 0.0000 0.0000 0.0000 0.0000 5.7500 3.2000 
2022 10 4 21 5.7800 161.8500 0.0000 0.0000 3.0724 749.8073 0.2303 0.0000 3.2000 0.0000 0.0000 0.0000 0.0000 0.0000 5.7800 3.2000 
2022 10 4 22 5.8200 141.6400 0.0000 0.0000 3.0818 749.8182 0.2313 0.0000 3.2000 0.0000 0.0000 0.0000 0.0000 0.0000 5.8200 3.2000 
2022 10 4 23 5.8900 45.8400 0.0000 0.0000 3.0915 749.8293 0.2324 0.0000 3.2000 0.0000 0.0000 0.0000 0.0000 0.0000 5.8900 3.2000 
2022 10 5 0 5.9400 87.4300 0.0000 0.0000 3.1014 749.8406 0.2335 0.0000 3.2000 0.0000 0.0000 0.0000 0.0000 0.0000 5.9400 3.2000 
2022 10 5 1 6.0500 56.7800 0.0000 0.0000 3.1116 749.8524 0.2346 0.0000 3.2000 0.0000 0.0000 0.0000 0.0000 0.0000 6.0500 3.2000 
2022 10 5 2 6.1600 48.3100 0.0000 0.0000 3.1223 749.8647 0.2358 0.0000 3.2000 0.0000 0.0000 0.0000 0.0000 0.0000 6.1600 3.2000 
2022 10 5 3 6.3100 44.0500 0.0000 0.0000 3.1335 749.8775 0.2371 0.0000 3.2000 0.0000 0.0000 0.0000 0.0000 0.0000 6.3100 3.2000 
2022 10 5 4 6.4200 42.4300 0.0000 0.0000 3.1451 749.8909 0.2383 0.0000 3.2000 0.0000 0.0000 0.0000 0.0000 0.0000 6.4200 3.2000 
2022 10 5 5 6.5000 97.9500 0.0000 0.0000 3.1569 749.9045 0.2397 0.0000 3.2000 0.0000 0.0000 0.0000 0.0000 0.0000 6.5000 3.2000 
2022 10 5 6 6.5900 156.5100 0.0000 0.0000 3.1691 749.9186 0.2410 0.0000 3.2000 0.0000 0.0000 0.0000 0.0000 0.0000 6.5900 3.2000 
2022 10 5 7 6.6600 163.2100 0.0000 0.0000 3.1816 749.9329 0.2424 0.0000 3.2000 0.0000 0.0000 0.0000 0.0000 0.0000 6.6600 3.2000 
2022 10 5 8 6.7600 110.0400 0.0000 0.0000 3.1944 749.9476 0.2438 0.0000 3.2000 0.0000 0.0000 0.0000 0.0000 0.0000 6.7600 3.2000 
2022 10 5 9 6.8200 100.8000 0.0000 0.0000 3.2074 749.9626 0.2453 0.0000 3.2000 0.0000 0.0000 0.0000 0.0000 0.0000 6.8200 3.2000 
2022 10 5 10 6.9100 57.5400 0.0000 0.0000 3.2208 749.9779 0.2468 0.0000 3.2000 0.0000 0.0000 0.0000 0.0000 0.0000 6.9100 3.2000 
2022 10 5 11 7.0000 40.8600 0.0000 0.0000 3.2345 749.9937 0.2483 0.0000 3.2000 0.0000 0.0000 0.0000 0.0000 0.0000 7.0000 3.2000 
2022 10 5 12 7.1300 24.7000 0.0000 0.0000 3.2486 750.0099 0.2498 0.0000 3.2000 0.0000 0.0000 0.0000 0.0000 0.0000 7.1300 3.2000 
2022 10 5 13 7.3400 18.0200 0.0000 0.0000 3.2635 750.0271 0.2515 0.0000 3.2000 0.0000 0.0000 0.0000 0.0000 0.0000 7.3400 3.2000 
2022 10 5 14 7.6800 20.4400 0.0000 0.0000 3.2797 750.0456 0.2533 0.0000 3.2000 0.0000 0.0000 0.0000 0.0000 0.0000 7.6800 3.2000 
2022 10 5 15 8.3000 37.6900 0.0000 0.0000 3.2980 750.0667 0.2553 0.0000 3.2000 0.0000 0.0000 0.0000 0.0000 0.0000 8.3000 3.2000 
2022 10 5 16 9.4300 26.9600 0.0000 0.0000 3.3205 750.0833 0.2578 0.0000 3.2000 0.0000 0.0000 0.0000 0.0000 0.0000 9.4300 3.2000 
2022 10 5 17 11.4700 21.1800 0.0000 0.0000 3.3502 750.1141 0.2611 0.0000 3.2000 0.0000 0.0000 0.0000 0.0000 0.0000 11.4700 3.2000 
2022 10 5 18 14.8500 16.7800 0.0000 0.0000 3.3922 750.1576 0.2658 0.0000 3.2000 0.0000 0.0000 0.0000 0.0000 0.0000 14.8500 3.2000 
2022 10 5 19 19.6900 11.5800 0.0000 0.0000 3.4515 750.2190 0.2724 0.0000 3.2000 0.0000 0.0000 0.0000 0.0000 0.0000 19.6900 3.2000 
2022 10 5 20 24.5300 18.3700 0.0000 0.0000 3.5283 750.2986 0.2809 0.0000 3.2000 0.0000 0.0000 0.0000 0.0000 0.0000 24.5300 3.2000 
2022 10 5 21 27.8100 21.8600 0.0000 0.0000 3.6169 750.3903 0.2908 0.0000 3.2000 0.0000 0.0000 0.0000 0.0000 0.0000 27.8100 3.2000 
2022 10 5 22 29.8000 2.0500 0.0000 0.0000 3.7127 750.4895 0.3014 0.0000 3.2000 0.0000 0.0000 0.0000 0.0000 0.0000 29.8000 3.2000 
2022 10 5 23 30.3300 1.0000 0.0000 0.0000 3.8103 750.5906 0.3123 0.0000 3.2000 0.0000 0.0000 0.0000 0.0000 0.0000 30.3300 3.2000 
2022 10 6 0 30.1300 0.4200 0.0000 0.0000 3.9073 750.6910 0.3230 0.0000 3.2000 0.0000 0.0000 0.0000 0.0000 0.0000 30.1300 3.2000 
2022 10 6 1 29.2800 0.0900 0.0000 0.0000 4.0012 750.7882 0.3335 0.0000 3.2000 0.0000 0.0000 0.0000 0.0000 0.0000 29.2800 3.2000 
2022 10 6 2 28.1400 0.0800 0.0000 0.0000 4.0910 750.8812 0.3434 0.0000 3.2000 0.0000 0.0000 0.0000 0.0000 0.0000 28.1400 3.2000 
2022 10 6 3 26.9200 0.0700 0.0000 0.0000 4.1764 750.9696 0.3529 0.0000 3.2000 0.0000 0.0000 0.0000 0.0000 0.0000 26.9200 3.2000 
2022 10 6 4 25.6300 0.6100 0.0000 0.0000 4.2571 751.0532 0.3619 0.0000 3.2000 0.0000 0.0000 0.0000 0.0000 0.0000 25.6300 3.2000 
2022 10 6 5 23.9000 21.7200 0.0000 0.0000 4.3316 751.1304 0.3702 0.0000 3.2000 0.0000 0.0000 0.0000 0.0000 0.0000 23.9000 3.2000 
2022 10 6 6 22.3200 53.6700 0.0000 0.0000 4.4005 751.2017 0.3778 0.0000 3.2000 0.0000 0.0000 0.0000 0.0000 0.0000 22.3200 3.2000 
2022 10 6 7 20.7600 62.8000 0.0000 0.0000 4.4637 751.2671 0.3849 0.0000 3.2000 0.0000 0.0000 0.0000 0.0000 0.0000 20.7600 3.2000 
2022 10 6 8 19.2900 45.2800 0.0000 0.0000 4.5216 751.3271 0.3913 0.0000 3.2000 0.0000 0.0000 0.0000 0.0000 0.0000 19.2900 3.2000 
2022 10 6 9 17.9200 40.1800 0.0000 0.0000 4.5746 751.3820 0.3972 0.0000 3.2000 0.0000 0.0000 0.0000 0.0000 0.0000 17.9200 3.2000 
2022 10 6 10 16.6100 9.3600 0.0000 0.0000 4.6229 751.4320 0.4025 0.0000 3.2000 0.0000 0.0000 0.0000 0.0000 0.0000 16.6100 3.2000 
2022 10 6 11 15.4500 5.9500 0.0000 0.0000 4.6670 751.4776 0.4074 0.0000 3.2000 0.0000 0.0000 0.0000 0.0000 0.0000 15.4500 3.2000 
2022 10 6 12 14.3800 4.6000 0.0000 0.0000 4.7072 751.5193 0.4119 0.0000 3.2000 0.0000 0.0000 0.0000 0.0000 0.0000 14.3800 3.2000 
2022 10 6 13 13.4700 4.2200 0.0000 0.0000 4.7442 751.5576 0.4160 0.0000 3.2000 0.0000 0.0000 0.0000 0.0000 0.0000 13.4700 3.2000 
2022 10 6 14 12.6500 15.6000 0.0000 0.0000 4.7782 751.5928 0.4198 0.0000 3.2000 0.0000 0.0000 0.0000 0.0000 0.0000 12.6500 3.2000 
2022 10 6 15 11.9000 19.1800 0.0000 0.0000 4.8095 751.6252 0.4233 0.0000 3.2000 0.0000 0.0000 0.0000 0.0000 0.0000 11.9000 3.2000 
2022 10 6 16 11.2600 25.5800 0.0000 0.0000 4.8385 751.6553 0.4265 0.0000 3.2000 0.0000 0.0000 0.0000 0.0000 0.0000 11.2600 3.2000 
2022 10 6 17 10.6800 42.8600 0.0000 0.0000 4.8655 751.6832 0.4295 0.0000 3.2000 0.0000 0.0000 0.0000 0.0000 0.0000 10.6800 3.2000 
2022 10 6 18 10.1800 47.0300 0.0000 0.0000 4.8906 751.7092 0.4323 0.0000 3.2000 0.0000 0.0000 0.0000 0.0000 0.0000 10.1800 3.2000 
2022 10 6 19 9.7500 46.6000 0.0000 0.0000 4.9142 751.7336 0.4349 0.0000 3.2000 0.0000 0.0000 0.0000 0.0000 0.0000 9.7500 3.2000 
2022 10 6 20 9.3300 42.9500 0.0000 0.0000 4.9362 751.7565 0.4374 0.0000 3.2000 0.0000 0.0000 0.0000 0.0000 0.0000 9.3300 3.2000 
2022 10 6 21 8.9700 37.9000 0.0000 0.0000 4.9570 751.7780 0.4397 0.0000 3.2000 0.0000 0.0000 0.0000 0.0000 0.0000 8.9700 3.2000 
2022 10 6 22 8.6200 27.9100 0.0000 0.0000 4.9765 751.7982 0.4418 0.0000 3.2000 0.0000 0.0000 0.0000 0.0000 0.0000 8.6200 3.2000 
2022 10 6 23 8.3300 18.2500 0.0000 0.0000 4.9950 751.8173 0.4439 0.0000 3.2000 0.0000 0.0000 0.0000 0.0000 0.0000 8.3300 3.2000 
2022 10 7 0 8.0500 5.0700 0.0000 0.0000 5.0125 751.8354 0.4458 0.0000 3.2000 0.0000 0.0000 0.0000 0.0000 0.0000 8.0500 3.2000 
2022 10 7 1 7.8100 1.4100 0.0000 0.0000 5.0290 751.8526 0.4477 0.0000 3.2000 0.0000 0.0000 0.0000 0.0000 0.0000 7.8100 3.2000 
2022 10 7 2 7.5800 0.4700 0.0000 0.0000 5.0448 751.8689 0.4494 0.0000 3.2000 0.0000 0.0000 0.0000 0.0000 0.0000 7.5800 3.2000 
2022 10 7 3 7.3700 0.1000 0.0000 0.0000 5.0598 751.8844 0.4511 0.0000 3.2000 0.0000 0.0000 0.0000 0.0000 0.0000 7.3700 3.2000 
2022 10 7 4 7.1800 0.8400 0.0000 0.0000 5.0742 751.8993 0.4527 0.0000 3.2000 0.0000 0.0000 0.0000 0.0000 0.0000 7.1800 3.2000 
2022 10 7 5 7.0000 6.2000 0.0000 0.0000 5.0878 751.9134 0.4542 0.0000 3.2000 0.0000 0.0000 0.0000 0.0000 0.0000 7.0000 3.2000 
2022 10 7 6 6.8600 52.1500 0.0000 0.0000 5.1010 751.9271 0.4557 0.0000 3.2000 0.0000 0.0000 0.0000 0.0000 0.0000 6.8600 3.2000 
2022 10 7 7 6.7000 53.4600 0.0000 0.0000 5.1136 751.9401 0.4571 0.0000 3.2000 0.0000 0.0000 0.0000 0.0000 0.0000 6.7000 3.2000 
2022 10 7 8 6.5900 50.7000 0.0000 0.0000 5.1258 751.9528 0.4584 0.0000 3.2000 0.0000 0.0000 0.0000 0.0000 0.0000 6.5900 3.2000 
2022 10 7 9 6.5000 41.6200 0.0000 0.0000 5.1377 751.9651 0.4597 0.0000 3.2000 0.0000 0.0000 0.0000 0.0000 0.0000 6.5000 3.2000 
2022 10 7 10 6.4200 22.0600 0.0000 0.0000 5.1493 751.9771 0.4610 0.0000 3.2000 0.0000 0.0000 0.0000 0.0000 0.0000 6.4200 3.2000 
2022 10 7 11 6.3400 14.6600 0.0000 0.0000 5.1606 751.9888 0.4623 0.0000 3.2000 0.0000 0.0000 0.0000 0.0000 0.0000 6.3400 3.2000 
2022 10 7 12 6.3200 14.7600 0.0000 0.0000 5.1718 752.0004 0.4635 0.0000 3.2000 0.0000 0.0000 0.0000 0.0000 0.0000 6.3200 3.2000 
2022 10 7 13 6.3600 20.9900 0.0000 0.0000 5.1832 752.0122 0.4648 0.0000 3.2000 0.0000 0.0000 0.0000 0.0000 0.0000 6.3600 3.2000 
2022 10 7 14 6.4700 19.3400 0.0000 0.0000 5.1950 752.0244 0.4661 0.0000 3.2000 0.0000 0.0000 0.0000 0.0000 0.0000 6.4700 3.2000 
2022 10 7 15 6.5600 24.8400 0.0000 0.0000 5.2071 752.0369 0.4675 0.0000 3.2000 0.0000 0.0000 0.0000 0.0000 0.0000 6.5600 3.2000 
2022 10 7 16 6.6400 36.4200 0.0000 0.0000 5.2195 752.0497 0.4688 0.0000 3.2000 0.0000 0.0000 0.0000 0.0000 0.0000 6.6400 3.2000 
2022 10 7 17 6.6800 55.8200 0.0000 0.0000 5.2320 752.0627 0.4702 0.0000 3.2000 0.0000 0.0000 0.0000 0.0000 0.0000 6.6800 3.2000 
2022 10 7 18 6.7000 53.6500 0.0000 0.0000 5.2446 752.0757 0.4716 0.0000 3.2000 0.0000 0.0000 0.0000 0.0000 0.0000 6.7000 3.2000 
2022 10 7 19 6.7300 41.8400 0.0000 0.0000 5.2573 752.0889 0.4730 0.0000 3.2000 0.0000 0.0000 0.0000 0.0000 0.0000 6.7300 3.2000 
2022 10 7 20 6.7300 53.6400 0.0000 0.0000 5.2700 752.1021 0.4744 0.0000 3.2000 0.0000 0.0000 0.0000 0.0000 0.0000 6.7300 3.2000 
2022 10 7 21 6.7200 54.9800 0.0000 0.0000 5.2827 752.1152 0.4759 0.0000 3.2000 0.0000 0.0000 0.0000 0.0000 0.0000 6.7200 3.2000 
2022 10 7 22 6.7100 53.6100 0.0000 0.0000 5.2953 752.1283 0.4773 0.0000 3.2000 0.0000 0.0000 0.0000 0.0000 0.0000 6.7100 3.2000 
2022 10 7 23 6.6600 48.2200 0.0000 0.0000 5.3078 752.1412 0.4786 0.0000 3.2000 0.0000 0.0000 0.0000 0.0000 0.0000 6.6600 3.2000 
2022 10 8 0 6.6100 48.6400 0.0000 0.0000 5.3200 752.1539 0.4800 0.0000 3.2000 0.0000 0.0000 0.0000 0.0000 0.0000 6.6100 3.2000 
2022 10 8 1 6.5500 48.9600 0.0000 0.0000 5.3321 752.1664 0.4813 0.0000 3.2000 0.0000 0.0000 0.0000 0.0000 0.0000 6.5500 3.2000 
2022 10 8 2 6.4700 49.1500 0.0000 0.0000 5.3439 752.1786 0.4827 0.0000 3.2000 0.0000 0.0000 0.0000 0.0000 0.0000 6.4700 3.2000 
2022 10 8 3 6.4000 49.1200 0.0000 0.0000 5.3554 752.1905 0.4839 0.0000 3.2000 0.0000 0.0000 0.0000 0.0000 0.0000 6.4000 3.2000 
2022 10 8 4 6.3200 49.4900 0.0000 0.0000 5.3666 752.2021 0.4852 0.0000 3.2000 0.0000 0.0000 0.0000 0.0000 0.0000 6.3200 3.2000 
2022 10 8 5 6.2300 50.1000 0.0000 0.0000 5.3775 752.2134 0.4864 0.0000 3.2000 0.0000 0.0000 0.0000 0.0000 0.0000 6.2300 3.2000 
2022 10 8 6 6.1400 64.2600 0.0000 0.0000 5.3881 752.2244 0.4876 0.0000 3.2000 0.0000 0.0000 0.0000 0.0000 0.0000 6.1400 3.2000 
2022 10 8 7 6.0500 71.4500 0.0000 0.0000 5.3984 752.2350 0.4887 0.0000 3.2000 0.0000 0.0000 0.0000 0.0000 0.0000 6.0500 3.2000 
2022 10 8 8 5.9700 71.4800 0.0000 0.0000 5.4083 752.2453 0.4898 0.0000 3.2000 0.0000 0.0000 0.0000 0.0000 0.0000 5.9700 3.2000 
2022 10 8 9 5.9000 55.0100 0.0000 0.0000 5.4181 752.2554 0.4909 0.0000 3.2000 0.0000 0.0000 0.0000 0.0000 0.0000 5.9000 3.2000 
2022 10 8 10 5.8300 49.0400 0.0000 0.0000 5.4275 752.2652 0.4919 0.0000 3.2000 0.0000 0.0000 0.0000 0.0000 0.0000 5.8300 3.2000 
2022 10 8 11 5.7500 39.7700 0.0000 0.0000 5.4367 752.2747 0.4930 0.0000 3.2000 0.0000 0.0000 0.0000 0.0000 0.0000 5.7500 3.2000 
2022 10 8 12 5.6700 37.7800 0.0000 0.0000 5.4456 752.2839 0.4940 0.0000 3.2000 0.0000 0.0000 0.0000 0.0000 0.0000 5.6700 3.2000 
2022 10 8 13 5.6000 32.3100 0.0000 0.0000 5.4542 752.2929 0.4949 0.0000 3.2000 0.0000 0.0000 0.0000 0.0000 0.0000 5.6000 3.2000 
2022 10 8 14 5.5500 32.2800 0.0000 0.0000 5.4627 752.3016 0.4959 0.0000 3.2000 0.0000 0.0000 0.0000 0.0000 0.0000 5.5500 3.2000 
2022 10 8 15 5.4800 45.2300 0.0000 0.0000 5.4709 752.3101 0.4968 0.0000 3.2000 0.0000 0.0000 0.0000 0.0000 0.0000 5.4800 3.2000 
2022 10 8 16 5.4200 49.0200 0.0000 0.0000 5.4789 752.3184 0.4977 0.0000 3.2000 0.0000 0.0000 0.0000 0.0000 0.0000 5.4200 3.2000 
2022 10 8 17 5.3900 54.9800 0.0000 0.0000 5.4868 752.3266 0.4985 0.0000 3.2000 0.0000 0.0000 0.0000 0.0000 0.0000 5.3900 3.2000 
2022 10 8 18 5.3400 51.4900 0.0000 0.0000 5.4945 752.3345 0.4994 0.0000 3.2000 0.0000 0.0000 0.0000 0.0000 0.0000 5.3400 3.2000 
2022 10 8 19 5.3000 49.7900 0.0000 0.0000 5.5021 752.3424 0.5002 0.0000 3.2000 0.0000 0.0000 0.0000 0.0000 0.0000 5.3000 3.2000 
2022 10 8 20 5.2700 50.2500 0.0000 0.0000 5.5095 752.3501 0.5011 0.0000 3.2000 0.0000 0.0000 0.0000 0.0000 0.0000 5.2700 3.2000 
2022 10 8 21 5.2300 61.8100 0.0000 0.0000 5.5168 752.3576 0.5019 0.0000 3.2000 0.0000 0.0000 0.0000 0.0000 0.0000 5.2300 3.2000 
2022 10 8 22 5.1900 67.7700 0.0000 0.0000 5.5240 752.3651 0.5027 0.0000 3.2000 0.0000 0.0000 0.0000 0.0000 0.0000 5.1900 3.2000 
2022 10 8 23 5.1500 101.8400 0.0000 0.0000 5.5310 752.3723 0.5034 0.0000 3.2000 0.0000 0.0000 0.0000 0.0000 0.0000 5.1500 3.2000 
2022 10 9 0 5.1100 101.4500 0.0000 0.0000 5.5379 752.3795 0.5042 0.0000 3.2000 0.0000 0.0000 0.0000 0.0000 0.0000 5.1100 3.2000 
2022 10 9 1 5.0500 102.2400 0.0000 0.0000 5.5445 752.3863 0.5049 0.0000 3.2000 0.0000 0.0000 0.0000 0.0000 0.0000 5.0500 3.2000 
2022 10 9 2 5.0100 102.7000 0.0000 0.0000 5.5510 752.3931 0.5057 0.0000 3.2000 0.0000 0.0000 0.0000 0.0000 0.0000 5.0100 3.2000 
2022 10 9 3 4.9600 102.7700 0.0000 0.0000 5.5574 752.3997 0.5064 0.0000 3.2000 0.0000 0.0000 0.0000 0.0000 0.0000 4.9600 3.2000 
2022 10 9 4 4.9200 102.2400 0.0000 0.0000 5.5636 752.4061 0.5071 0.0000 3.2000 0.0000 0.0000 0.0000 0.0000 0.0000 4.9200 3.2000 
2022 10 9 5 4.8700 102.7200 0.0000 0.0000 5.5696 752.4123 0.5077 0.0000 3.2000 0.0000 0.0000 0.0000 0.0000 0.0000 4.8700 3.2000 
2022 10 9 6 4.8200 99.4200 0.0000 0.0000 5.5754 752.4183 0.5084 0.0000 3.2000 0.0000 0.0000 0.0000 0.0000 0.0000 4.8200 3.2000 
2022 10 9 7 4.7600 103.4500 0.0000 0.0000 5.5810 752.4241 0.5090 0.0000 3.2000 0.0000 0.0000 0.0000 0.0000 0.0000 4.7600 3.2000 
2022 10 9 8 4.7100 104.4300 0.0000 0.0000 5.5865 752.4298 0.5096 0.0000 3.2000 0.0000 0.0000 0.0000 0.0000 0.0000 4.7100 3.2000 
2022 10 9 9 4.6600 101.2600 0.0000 0.0000 5.5917 752.4352 0.5102 0.0000 3.2000 0.0000 0.0000 0.0000 0.0000 0.0000 4.6600 3.2000 
2022 10 9 10 4.6100 91.5900 0.0000 0.0000 5.5968 752.4405 0.5108 0.0000 3.2000 0.0000 0.0000 0.0000 0.0000 0.0000 4.6100 3.2000 
2022 10 9 11 4.5600 60.8200 0.0000 0.0000 5.6017 752.4455 0.5113 0.0000 3.2000 0.0000 0.0000 0.0000 0.0000 0.0000 4.5600 3.2000 
2022 10 9 12 4.5100 52.2200 0.0000 0.0000 5.6064 752.4504 0.5118 0.0000 3.2000 0.0000 0.0000 0.0000 0.0000 0.0000 4.5100 3.2000 
2022 10 9 13 4.4700 57.1900 0.0000 0.0000 5.6110 752.4552 0.5123 0.0000 3.2000 0.0000 0.0000 0.0000 0.0000 0.0000 4.4700 3.2000 
2022 10 9 14 4.4200 84.2000 0.0000 0.0000 5.6154 752.4597 0.5128 0.0000 3.2000 0.0000 0.0000 0.0000 0.0000 0.0000 4.4200 3.2000 
2022 10 9 15 4.3700 100.5700 0.0000 0.0000 5.6196 752.4641 0.5133 0.0000 3.2000 0.0000 0.0000 0.0000 0.0000 0.0000 4.3700 3.2000 
2022 10 9 16 4.3300 103.3400 0.0000 0.0000 5.6237 752.4683 0.5137 0.0000 3.2000 0.0000 0.0000 0.0000 0.0000 0.0000 4.3300 3.2000 
2022 10 9 17 4.2900 103.9300 0.0000 0.0000 5.6276 752.4724 0.5142 0.0000 3.2000 0.0000 0.0000 0.0000 0.0000 0.0000 4.2900 3.2000 
2022 10 9 18 4.2500 104.3000 0.0000 0.0000 5.6314 752.4763 0.5146 0.0000 3.2000 0.0000 0.0000 0.0000 0.0000 0.0000 4.2500 3.2000 
2022 10 9 19 4.2000 100.5600 0.0000 0.0000 5.6350 752.4800 0.5150 0.0000 3.2000 0.0000 0.0000 0.0000 0.0000 0.0000 4.2000 3.2000 
2022 10 9 20 4.1700 96.1400 0.0000 0.0000 5.6385 752.4836 0.5154 0.0000 3.2000 0.0000 0.0000 0.0000 0.0000 0.0000 4.1700 3.2000 
2022 10 9 21 4.1400 94.0000 0.0000 0.0000 5.6418 752.4871 0.5158 0.0000 3.2000 0.0000 0.0000 0.0000 0.0000 0.0000 4.1400 3.2000 
2022 10 9 22 4.1100 62.7200 0.0000 0.0000 5.6451 752.4905 0.5161 0.0000 3.2000 0.0000 0.0000 0.0000 0.0000 0.0000 4.1100 3.2000 
2022 10 9 23 4.0900 72.3700 0.0000 0.0000 5.6483 752.4938 0.5165 0.0000 3.2000 0.0000 0.0000 0.0000 0.0000 0.0000 4.0900 3.2000 
2022 10 10 0 4.0600 71.7400 0.0000 0.0000 5.6514 752.4970 0.5168 0.0000 3.2000 0.0000 0.0000 0.0000 0.0000 0.0000 4.0600 3.2000 
2022 10 10 1 4.0500 69.5500 0.0000 0.0000 5.6545 752.5002 0.5172 0.0000 3.2000 0.0000 0.0000 0.0000 0.0000 0.0000 4.0500 3.2000 
2022 10 10 2 4.0500 71.7600 0.0000 0.0000 5.6575 752.5034 0.5175 0.0000 3.2000 0.0000 0.0000 0.0000 0.0000 0.0000 4.0500 3.2000 
2022 10 10 3 4.0500 81.6400 0.0000 0.0000 5.6606 752.5065 0.5178 0.0000 3.2000 0.0000 0.0000 0.0000 0.0000 0.0000 4.0500 3.2000 
2022 10 10 4 4.0200 102.5800 0.0000 0.0000 5.6635 752.5096 0.5182 0.0000 3.2000 0.0000 0.0000 0.0000 0.0000 0.0000 4.0200 3.2000 
2022 10 10 5 3.9700 133.4400 0.0000 0.0000 5.6663 752.5125 0.5185 0.0000 3.2000 0.0000 0.0000 0.0000 0.0000 0.0000 3.9700 3.2000 
2022 10 10 6 3.9600 162.5600 0.0000 0.0000 5.6691 752.5153 0.5188 0.0000 3.2000 0.0000 0.0000 0.0000 0.0000 0.0000 3.9600 3.2000 
2022 10 10 7 3.8700 173.7700 0.0000 0.0000 5.6715 752.5178 0.5191 0.0000 3.2000 0.0000 0.0000 0.0000 0.0000 0.0000 3.8700 3.2000 
2022 10 10 8 3.8300 178.8300 0.0000 0.0000 5.6737 752.5201 0.5193 0.0000 3.2000 0.0000 0.0000 0.0000 0.0000 0.0000 3.8300 3.2000 
2022 10 10 9 3.8400 167.0200 0.0000 0.0000 5.6760 752.5225 0.5196 0.0000 3.2000 0.0000 0.0000 0.0000 0.0000 0.0000 3.8400 3.2000 
2022 10 10 10 3.8100 161.4700 0.0000 0.0000 5.6782 752.5248 0.5198 0.0000 3.2000 0.0000 0.0000 0.0000 0.0000 0.0000 3.8100 3.2000 
2022 10 10 11 3.8100 136.1400 0.0000 0.0000 5.6804 752.5271 0.5200 0.0000 3.2000 0.0000 0.0000 0.0000 0.0000 0.0000 3.8100 3.2000 
2022 10 10 12 3.8200 132.9400 0.0000 0.0000 5.6827 752.5294 0.5203 0.0000 3.2000 0.0000 0.0000 0.0000 0.0000 0.0000 3.8200 3.2000 
2022 10 10 13 3.8400 133.0400 0.0000 0.0000 5.6850 752.5318 0.5206 0.0000 3.2000 0.0000 0.0000 0.0000 0.0000 0.0000 3.8400 3.2000 
2022 10 10 14 3.8600 141.3400 0.0000 0.0000 5.6873 752.5342 0.5208 0.0000 3.2000 0.0000 0.0000 0.0000 0.0000 0.0000 3.8600 3.2000 
2022 10 10 15 3.8900 160.4900 0.0000 0.0000 5.6898 752.5368 0.5211 0.0000 3.2000 0.0000 0.0000 0.0000 0.0000 0.0000 3.8900 3.2000 
2022 10 10 16 3.9200 165.5600 0.0000 0.0000 5.6924 752.5395 0.5214 0.0000 3.2000 0.0000 0.0000 0.0000 0.0000 0.0000 3.9200 3.2000 
2022 10 10 17 3.9500 168.6200 0.0000 0.0000 5.6951 752.5423 0.5217 0.0000 3.2000 0.0000 0.0000 0.0000 0.0000 0.0000 3.9500 3.2000 
2022 10 10 18 3.9600 162.6800 0.0000 0.0000 5.6979 752.5451 0.5220 0.0000 3.2000 0.0000 0.0000 0.0000 0.0000 0.0000 3.9600 3.2000 
2022 10 10 19 3.9700 160.5200 0.0000 0.0000 5.7006 752.5480 0.5223 0.0000 3.2000 0.0000 0.0000 0.0000 0.0000 0.0000 3.9700 3.2000 
2022 10 10 20 3.9800 160.1700 0.0000 0.0000 5.7034 752.5509 0.5226 0.0000 3.2000 0.0000 0.0000 0.0000 0.0000 0.0000 3.9800 3.2000 
2022 10 10 21 3.9800 157.6000 0.0000 0.0000 5.7062 752.5538 0.5229 0.0000 3.2000 0.0000 0.0000 0.0000 0.0000 0.0000 3.9800 3.2000 
2022 10 10 22 3.9700 126.3100 0.0000 0.0000 5.7090 752.5567 0.5232 0.0000 3.2000 0.0000 0.0000 0.0000 0.0000 0.0000 3.9700 3.2000 
2022 10 10 23 3.9700 125.2100 0.0000 0.0000 5.7118 752.5595 0.5235 0.0000 3.2000 0.0000 0.0000 0.0000 0.0000 0.0000 3.9700 3.2000 
2022 10 11 0 3.9600 119.9400 0.0000 0.0000 5.7145 752.5624 0.5238 0.0000 3.2000 0.0000 0.0000 0.0000 0.0000 0.0000 3.9600 3.2000 
2022 10 11 1 3.9500 111.4600 0.0000 0.0000 5.7172 752.5652 0.5241 0.0000 3.2000 0.0000 0.0000 0.0000 0.0000 0.0000 3.9500 3.2000 
2022 10 11 2 3.9300 113.5700 0.0000 0.0000 5.7199 752.5679 0.5244 0.0000 3.2000 0.0000 0.0000 0.0000 0.0000 0.0000 3.9300 3.2000 
2022 10 11 3 3.9100 124.1800 0.0000 0.0000 5.7224 752.5705 0.5247 0.0000 3.2000 0.0000 0.0000 0.0000 0.0000 0.0000 3.9100 3.2000 
2022 10 11 4 3.9000 135.4700 0.0000 0.0000 5.7249 752.5732 0.5250 0.0000 3.2000 0.0000 0.0000 0.0000 0.0000 0.0000 3.9000 3.2000 
2022 10 11 5 3.8800 162.6600 0.0000 0.0000 5.7274 752.5757 0.5253 0.0000 3.2000 0.0000 0.0000 0.0000 0.0000 0.0000 3.8800 3.2000 
2022 10 11 6 3.8600 183.1300 0.0000 0.0000 5.7298 752.5781 0.5255 0.0000 3.2000 0.0000 0.0000 0.0000 0.0000 0.0000 3.8600 3.2000 
2022 10 11 7 3.8500 189.7600 0.0000 0.0000 5.7321 752.5806 0.5258 0.0000 3.2000 0.0000 0.0000 0.0000 0.0000 0.0000 3.8500 3.2000 
2022 10 11 8 3.8200 210.0800 0.0000 0.0000 5.7343 752.5829 0.5260 0.0000 3.2000 0.0000 0.0000 0.0000 0.0000 0.0000 3.8200 3.2000 
2022 10 11 9 3.8100 217.8500 0.0000 0.0000 5.7365 752.5852 0.5263 0.0000 3.2000 0.0000 0.0000 0.0000 0.0000 0.0000 3.8100 3.2000 
2022 10 11 10 3.7800 214.9500 0.0000 0.0000 5.7386 752.5873 0.5265 0.0000 3.2000 0.0000 0.0000 0.0000 0.0000 0.0000 3.7800 3.2000 
2022 10 11 11 3.7600 187.4400 0.0000 0.0000 5.7406 752.5894 0.5267 0.0000 3.2000 0.0000 0.0000 0.0000 0.0000 0.0000 3.7600 3.2000 
2022 10 11 12 3.7400 184.0200 0.0000 0.0000 5.7426 752.5914 0.5270 0.0000 3.2000 0.0000 0.0000 0.0000 0.0000 0.0000 3.7400 3.2000 
2022 10 11 13 3.7200 182.3900 0.0000 0.0000 5.7444 752.5934 0.5272 0.0000 3.2000 0.0000 0.0000 0.0000 0.0000 0.0000 3.7200 3.2000 
2022 10 11 14 3.6800 181.7100 0.0000 0.0000 5.7462 752.5951 0.5274 0.0000 3.2000 0.0000 0.0000 0.0000 0.0000 0.0000 3.6800 3.2000 
2022 10 11 15 3.6600 185.6900 0.0000 0.0000 5.7478 752.5969 0.5275 0.0000 3.2000 0.0000 0.0000 0.0000 0.0000 0.0000 3.6600 3.2000 
2022 10 11 16 3.6400 189.7600 0.0000 0.0000 5.7494 752.5985 0.5277 0.0000 3.2000 0.0000 0.0000 0.0000 0.0000 0.0000 3.6400 3.2000 
2022 10 11 17 3.6300 194.2900 0.0000 0.0000 5.7510 752.6001 0.5279 0.0000 3.2000 0.0000 0.0000 0.0000 0.0000 0.0000 3.6300 3.2000 
2022 10 11 18 3.6200 189.3400 0.0000 0.0000 5.7525 752.6017 0.5281 0.0000 3.2000 0.0000 0.0000 0.0000 0.0000 0.0000 3.6200 3.2000 
2022 10 11 19 3.6000 185.5600 0.0000 0.0000 5.7539 752.6032 0.5282 0.0000 3.2000 0.0000 0.0000 0.0000 0.0000 0.0000 3.6000 3.2000 
2022 10 11 20 3.5700 183.9100 0.0000 0.0000 5.7552 752.6045 0.5284 0.0000 3.2000 0.0000 0.0000 0.0000 0.0000 0.0000 3.5700 3.2000 
2022 10 11 21 3.5500 169.1700 0.0000 0.0000 5.7565 752.6058 0.5285 0.0000 3.2000 0.0000 0.0000 0.0000 0.0000 0.0000 3.5500 3.2000 
2022 10 11 22 3.5300 158.2600 0.0000 0.0000 5.7577 752.6071 0.5286 0.0000 3.2000 0.0000 0.0000 0.0000 0.0000 0.0000 3.5300 3.2000 
2022 10 11 23 3.5100 209.0800 0.0000 0.0000 5.7588 752.6082 0.5288 0.0000 3.2000 0.0000 0.0000 0.0000 0.0000 0.0000 3.5100 3.2000 
2022 10 12 0 3.5000 194.2600 0.0000 0.0000 5.7599 752.6093 0.5289 0.0000 3.2000 0.0000 0.0000 0.0000 0.0000 0.0000 3.5000 3.2000 
2022 10 12 1 3.4600 209.5300 0.0000 0.0000 5.7608 752.6103 0.5290 0.0000 3.2000 0.0000 0.0000 0.0000 0.0000 0.0000 3.4600 3.2000 
2022 10 12 2 3.4400 201.3000 0.0000 0.0000 5.7617 752.6112 0.5291 0.0000 3.2000 0.0000 0.0000 0.0000 0.0000 0.0000 3.4400 3.2000 
2022 10 12 3 3.4200 208.1100 0.0000 0.0000 5.7625 752.6120 0.5292 0.0000 3.2000 0.0000 0.0000 0.0000 0.0000 0.0000 3.4200 3.2000 
2022 10 12 4 3.3900 186.0500 0.0000 0.0000 5.7632 752.6127 0.5292 0.0000 3.2000 0.0000 0.0000 0.0000 0.0000 0.0000 3.3900 3.2000 
2022 10 12 5 3.3700 188.4800 0.0000 0.0000 5.7638 752.6134 0.5293 0.0000 3.2000 0.0000 0.0000 0.0000 0.0000 0.0000 3.3700 3.2000 
2022 10 12 6 3.3400 209.5200 0.0000 0.0000 5.7643 752.6139 0.5294 0.0000 3.2000 0.0000 0.0000 0.0000 0.0000 0.0000 3.3400 3.2000 
2022 10 12 7 3.3200 213.0300 0.0000 0.0000 5.7647 752.6143 0.5294 0.0000 3.2000 0.0000 0.0000 0.0000 0.0000 0.0000 3.3200 3.2000 
2022 10 12 8 3.3000 218.9800 0.0000 0.0000 5.7651 752.6147 0.5295 0.0000 3.2000 0.0000 0.0000 0.0000 0.0000 0.0000 3.3000 3.2000 
2022 10 12 9 3.2800 233.6000 0.0000 0.0000 5.7654 752.6150 0.5295 0.0000 3.2000 0.0000 0.0000 0.0000 0.0000 0.0000 3.2800 3.2000 
2022 10 12 10 3.2300 211.0600 0.0000 0.0000 5.7655 752.6151 0.5295 0.0000 3.2000 0.0000 0.0000 0.0000 0.0000 0.0000 3.2300 3.2000 
2022 10 12 11 3.2100 201.2700 0.0000 0.0000 5.7655 752.6152 0.5295 0.0000 3.2000 0.0000 0.0000 0.0000 0.0000 0.0000 3.2100 3.2000 
2022 10 12 12 3.1900 195.1400 0.0000 0.0000 5.7655 752.6151 0.5295 0.0000 3.2000 0.0000 0.0000 0.0000 0.0000 0.0000 3.1900 3.2000 
2022 10 12 13 3.1700 192.6400 0.0000 0.0000 5.7654 752.6150 0.5295 0.0000 3.2000 0.0000 0.0000 0.0000 0.0000 0.0000 3.1700 3.2000 
2022 10 12 14 3.1400 194.1400 0.0000 0.0000 5.7651 752.6148 0.5295 0.0000 3.2000 0.0000 0.0000 0.0000 0.0000 0.0000 3.1400 3.2000 
2022 10 12 15 3.1100 193.5200 0.0000 0.0000 5.7648 752.6145 0.5294 0.0000 3.2000 0.0000 0.0000 0.0000 0.0000 0.0000 3.1100 3.2000 
2022 10 12 16 3.0900 212.2600 0.0000 0.0000 5.7644 752.6140 0.5294 0.0000 3.2000 0.0000 0.0000 0.0000 0.0000 0.0000 3.0900 3.2000 
2022 10 12 17 3.0700 213.9600 0.0000 0.0000 5.7640 752.6136 0.5293 0.0000 3.2000 0.0000 0.0000 0.0000 0.0000 0.0000 3.0700 3.2000 
2022 10 12 18 3.0500 210.9600 0.0000 0.0000 5.7634 752.6130 0.5293 0.0000 3.2000 0.0000 0.0000 0.0000 0.0000 0.0000 3.0500 3.2000 
2022 10 12 19 3.0400 192.8800 0.0000 0.0000 5.7628 752.6124 0.5292 0.0000 3.2000 0.0000 0.0000 0.0000 0.0000 0.0000 3.0400 3.2000 
2022 10 12 20 3.0100 191.7300 0.0000 0.0000 5.7622 752.6117 0.5291 0.0000 3.2000 0.0000 0.0000 0.0000 0.0000 0.0000 3.0100 3.2000 
2022 10 12 21 2.9900 188.9600 0.0000 0.0000 5.7614 752.6109 0.5290 0.0000 3.2000 0.0000 0.0000 0.0000 0.0000 0.0000 2.9900 3.2000 
2022 10 12 22 2.9600 159.1400 0.0000 0.0000 5.7605 752.6100 0.5289 0.0000 3.2000 0.0000 0.0000 0.0000 0.0000 0.0000 2.9600 3.2000 
2022 10 12 23 2.9400 179.3000 0.0000 0.0000 5.7596 752.6090 0.5288 0.0000 3.2000 0.0000 0.0000 0.0000 0.0000 0.0000 2.9400 3.2000 
2022 10 13 0 2.9200 168.1100 0.0000 0.0000 5.7586 752.6080 0.5287 0.0000 3.2000 0.0000 0.0000 0.0000 0.0000 0.0000 2.9200 3.2000 
2022 10 13 1 2.9000 169.5400 0.0000 0.0000 5.7575 752.6069 0.5286 0.0000 3.2000 0.0000 0.0000 0.0000 0.0000 0.0000 2.9000 3.2000 
2022 10 13 2 2.8800 179.7400 0.0000 0.0000 5.7564 752.6057 0.5285 0.0000 3.2000 0.0000 0.0000 0.0000 0.0000 0.0000 2.8800 3.2000 
2022 10 13 3 2.8700 181.1800 0.0000 0.0000 5.7552 752.6045 0.5284 0.0000 3.2000 0.0000 0.0000 0.0000 0.0000 0.0000 2.8700 3.2000 
2022 10 13 4 2.8700 194.6600 0.0000 0.0000 5.7540 752.6032 0.5282 0.0000 3.2000 0.0000 0.0000 0.0000 0.0000 0.0000 2.8700 3.2000 
2022 10 13 5 2.8700 216.5500 0.0000 0.0000 5.7528 752.6020 0.5281 0.0000 3.2000 0.0000 0.0000 0.0000 0.0000 0.0000 2.8700 3.2000 
2022 10 13 6 2.8800 251.2000 0.0000 0.0000 5.7516 752.6008 0.5280 0.0000 3.2000 0.0000 0.0000 0.0000 0.0000 0.0000 2.8800 3.2000 
2022 10 13 7 2.8900 269.5900 0.0000 0.0000 5.7505 752.5997 0.5278 0.0000 3.2000 0.0000 0.0000 0.0000 0.0000 0.0000 2.8900 3.2000 
2022 10 13 8 2.9000 268.6000 0.0000 0.0000 5.7494 752.5985 0.5277 0.0000 3.2000 0.0000 0.0000 0.0000 0.0000 0.0000 2.9000 3.2000 
2022 10 13 9 2.9000 266.3600 0.0000 0.0000 5.7484 752.5974 0.5276 0.0000 3.2000 0.0000 0.0000 0.0000 0.0000 0.0000 2.9000 3.2000 
2022 10 13 10 2.9000 264.9000 0.0000 0.0000 5.7473 752.5963 0.5275 0.0000 3.2000 0.0000 0.0000 0.0000 0.0000 0.0000 2.9000 3.2000 
2022 10 13 11 2.9000 260.9200 0.0000 0.0000 5.7462 752.5952 0.5274 0.0000 3.2000 0.0000 0.0000 0.0000 0.0000 0.0000 2.9000 3.2000 
2022 10 13 12 2.8900 257.7600 0.0000 0.0000 5.7451 752.5940 0.5272 0.0000 3.2000 0.0000 0.0000 0.0000 0.0000 0.0000 2.8900 3.2000 
2022 10 13 13 2.8700 245.6900 0.0000 0.0000 5.7439 752.5928 0.5271 0.0000 3.2000 0.0000 0.0000 0.0000 0.0000 0.0000 2.8700 3.2000 
2022 10 13 14 2.8500 236.4000 0.0000 0.0000 5.7426 752.5915 0.5270 0.0000 3.2000 0.0000 0.0000 0.0000 0.0000 0.0000 2.8500 3.2000 
2022 10 13 15 2.8400 234.6800 0.0000 0.0000 5.7413 752.5901 0.5268 0.0000 3.2000 0.0000 0.0000 0.0000 0.0000 0.0000 2.8400 3.2000 
2022 10 13 16 2.8300 261.7300 0.0000 0.0000 5.7400 752.5888 0.5267 0.0000 3.2000 0.0000 0.0000 0.0000 0.0000 0.0000 2.8300 3.2000 
2022 10 13 17 2.8100 270.7500 0.0000 0.0000 5.7386 752.5873 0.5265 0.0000 3.2000 0.0000 0.0000 0.0000 0.0000 0.0000 2.8100 3.2000 
2022 10 13 18 2.8000 268.1500 0.0000 0.0000 5.7372 752.5858 0.5264 0.0000 3.2000 0.0000 0.0000 0.0000 0.0000 0.0000 2.8000 3.2000 
2022 10 13 19 2.7900 263.5000 0.0000 0.0000 5.7357 752.5843 0.5262 0.0000 3.2000 0.0000 0.0000 0.0000 0.0000 0.0000 2.7900 3.2000 
2022 10 13 20 2.7600 246.4800 0.0000 0.0000 5.7341 752.5827 0.5260 0.0000 3.2000 0.0000 0.0000 0.0000 0.0000 0.0000 2.7600 3.2000 
2022 10 13 21 2.7500 220.6200 0.0000 0.0000 5.7325 752.5810 0.5258 0.0000 3.2000 0.0000 0.0000 0.0000 0.0000 0.0000 2.7500 3.2000 
2022 10 13 22 2.7300 200.5300 0.0000 0.0000 5.7308 752.5792 0.5256 0.0000 3.2000 0.0000 0.0000 0.0000 0.0000 0.0000 2.7300 3.2000 
2022 10 13 23 2.7100 208.8300 0.0000 0.0000 5.7290 752.5774 0.5254 0.0000 3.2000 0.0000 0.0000 0.0000 0.0000 0.0000 2.7100 3.2000 
2022 10 14 0 2.6900 197.2900 0.0000 0.0000 5.7272 752.5755 0.5252 0.0000 3.2000 0.0000 0.0000 0.0000 0.0000 0.0000 2.6900 3.2000 
2022 10 14 1 2.6600 197.2800 0.0000 0.0000 5.7253 752.5735 0.5250 0.0000 3.2000 0.0000 0.0000 0.0000 0.0000 0.0000 2.6600 3.2000 
2022 10 14 2 2.6400 200.3200 0.0000 0.0000 5.7232 752.5714 0.5248 0.0000 3.2000 0.0000 0.0000 0.0000 0.0000 0.0000 2.6400 3.2000 
2022 10 14 3 2.6200 197.5500 0.0000 0.0000 5.7211 752.5692 0.5246 0.0000 3.2000 0.0000 0.0000 0.0000 0.0000 0.0000 2.6200 3.2000 
2022 10 14 4 2.6000 199.2300 0.0000 0.0000 5.7190 752.5670 0.5243 0.0000 3.2000 0.0000 0.0000 0.0000 0.0000 0.0000 2.6000 3.2000 
2022 10 14 5 2.5700 200.2800 0.0000 0.0000 5.7167 752.5647 0.5241 0.0000 3.2000 0.0000 0.0000 0.0000 0.0000 0.0000 2.5700 3.2000 
2022 10 14 6 2.5500 228.2900 0.0000 0.0000 5.7144 752.5622 0.5238 0.0000 3.2000 0.0000 0.0000 0.0000 0.0000 0.0000 2.5500 3.2000 
2022 10 14 7 2.5300 231.4800 0.0000 0.0000 5.7120 752.5597 0.5236 0.0000 3.2000 0.0000 0.0000 0.0000 0.0000 0.0000 2.5300 3.2000 
2022 10 14 8 2.5100 267.1400 0.0000 0.0000 5.7095 752.5572 0.5233 0.0000 3.2000 0.0000 0.0000 0.0000 0.0000 0.0000 2.5100 3.2000 
2022 10 14 9 2.4900 268.3000 0.0000 0.0000 5.7069 752.5545 0.5230 0.0000 3.2000 0.0000 0.0000 0.0000 0.0000 0.0000 2.4900 3.2000 
2022 10 14 10 2.4700 258.6000 0.0000 0.0000 5.7043 752.5518 0.5227 0.0000 3.2000 0.0000 0.0000 0.0000 0.0000 0.0000 2.4700 3.2000 
2022 10 14 11 2.4500 227.2000 0.0000 0.0000 5.7016 752.5490 0.5224 0.0000 3.2000 0.0000 0.0000 0.0000 0.0000 0.0000 2.4500 3.2000 
2022 10 14 12 2.4200 221.0200 0.0000 0.0000 5.6988 752.5461 0.5221 0.0000 3.2000 0.0000 0.0000 0.0000 0.0000 0.0000 2.4200 3.2000 
2022 10 14 13 2.4100 207.6800 0.0000 0.0000 5.6959 752.5431 0.5218 0.0000 3.2000 0.0000 0.0000 0.0000 0.0000 0.0000 2.4100 3.2000 
2022 10 14 14 2.3900 188.1700 0.0000 0.0000 5.6930 752.5401 0.5214 0.0000 3.2000 0.0000 0.0000 0.0000 0.0000 0.0000 2.3900 3.2000 
2022 10 14 15 2.3800 201.9800 0.0000 0.0000 5.6901 752.5371 0.5211 0.0000 3.2000 0.0000 0.0000 0.0000 0.0000 0.0000 2.3800 3.2000 
2022 10 14 16 2.3700 213.1800 0.0000 0.0000 5.6871 752.5340 0.5208 0.0000 3.2000 0.0000 0.0000 0.0000 0.0000 0.0000 2.3700 3.2000 
2022 10 14 17 2.3700 245.8800 0.0000 0.0000 5.6841 752.5309 0.5205 0.0000 3.2000 0.0000 0.0000 0.0000 0.0000 0.0000 2.3700 3.2000 
2022 10 14 18 2.3600 248.4600 0.0000 0.0000 5.6811 752.5277 0.5201 0.0000 3.2000 0.0000 0.0000 0.0000 0.0000 0.0000 2.3600 3.2000 
2022 10 14 19 2.3400 224.9100 0.0000 0.0000 5.6780 752.5245 0.5198 0.0000 3.2000 0.0000 0.0000 0.0000 0.0000 0.0000 2.3400 3.2000 
2022 10 14 20 2.3400 205.4800 0.0000 0.0000 5.6749 752.5213 0.5194 0.0000 3.2000 0.0000 0.0000 0.0000 0.0000 0.0000 2.3400 3.2000 
2022 10 14 21 2.3400 203.1300 0.0000 0.0000 5.6718 752.5181 0.5191 0.0000 3.2000 0.0000 0.0000 0.0000 0.0000 0.0000 2.3400 3.2000 
2022 10 14 22 2.3600 188.8400 0.0000 0.0000 5.6688 752.5150 0.5188 0.0000 3.2000 0.0000 0.0000 0.0000 0.0000 0.0000 2.3600 3.2000 
2022 10 14 23 2.4100 192.0200 0.0000 0.0000 5.6659 752.5121 0.5184 0.0000 3.2000 0.0000 0.0000 0.0000 0.0000 0.0000 2.4100 3.2000 
2022 10 15 0 2.5500 173.8800 0.0000 0.0000 5.6636 752.5096 0.5182 0.0000 3.2000 0.0000 0.0000 0.0000 0.0000 0.0000 2.5500 3.2000 
2022 10 15 1 2.8900 164.3800 0.0000 0.0000 5.6625 752.5085 0.5181 0.0000 3.2000 0.0000 0.0000 0.0000 0.0000 0.0000 2.8900 3.2000 
2022 10 15 2 3.3700 149.2600 0.0000 0.0000 5.6631 752.5091 0.5181 0.0000 3.2000 0.0000 0.0000 0.0000 0.0000 0.0000 3.3700 3.2000 
2022 10 15 3 3.7700 144.2700 0.0000 0.0000 5.6651 752.5112 0.5183 0.0000 3.2000 0.0000 0.0000 0.0000 0.0000 0.0000 3.7700 3.2000 
2022 10 15 4 3.9600 137.5300 0.0000 0.0000 5.6679 752.5141 0.5187 0.0000 3.2000 0.0000 0.0000 0.0000 0.0000 0.0000 3.9600 3.2000 
2022 10 15 5 4.0300 148.4000 0.0000 0.0000 5.6709 752.5172 0.5190 0.0000 3.2000 0.0000 0.0000 0.0000 0.0000 0.0000 4.0300 3.2000 
2022 10 15 6 4.0500 159.3200 0.0000 0.0000 5.6739 752.5203 0.5193 0.0000 3.2000 0.0000 0.0000 0.0000 0.0000 0.0000 4.0500 3.2000 
2022 10 15 7 4.0700 186.4900 0.0000 0.0000 5.6770 752.5236 0.5197 0.0000 3.2000 0.0000 0.0000 0.0000 0.0000 0.0000 4.0700 3.2000 
2022 10 15 8 4.0700 199.1900 0.0000 0.0000 5.6802 752.5268 0.5200 0.0000 3.2000 0.0000 0.0000 0.0000 0.0000 0.0000 4.0700 3.2000 
2022 10 15 9 4.0600 185.0200 0.0000 0.0000 5.6833 752.5300 0.5204 0.0000 3.2000 0.0000 0.0000 0.0000 0.0000 0.0000 4.0600 3.2000 
2022 10 15 10 4.0100 160.5400 0.0000 0.0000 5.6862 752.5330 0.5207 0.0000 3.2000 0.0000 0.0000 0.0000 0.0000 0.0000 4.0100 3.2000 
2022 10 15 11 3.9300 153.9000 0.0000 0.0000 5.6888 752.5358 0.5210 0.0000 3.2000 0.0000 0.0000 0.0000 0.0000 0.0000 3.9300 3.2000 
2022 10 15 12 3.8600 144.7800 0.0000 0.0000 5.6912 752.5382 0.5212 0.0000 3.2000 0.0000 0.0000 0.0000 0.0000 0.0000 3.8600 3.2000 
2022 10 15 13 3.7700 126.4100 0.0000 0.0000 5.6932 752.5403 0.5215 0.0000 3.2000 0.0000 0.0000 0.0000 0.0000 0.0000 3.7700 3.2000 
2022 10 15 14 3.7000 127.4400 0.0000 0.0000 5.6950 752.5422 0.5217 0.0000 3.2000 0.0000 0.0000 0.0000 0.0000 0.0000 3.7000 3.2000 
2022 10 15 15 3.6200 141.7700 0.0000 0.0000 5.6966 752.5438 0.5218 0.0000 3.2000 0.0000 0.0000 0.0000 0.0000 0.0000 3.6200 3.2000 
2022 10 15 16 3.5500 169.3200 0.0000 0.0000 5.6978 752.5451 0.5220 0.0000 3.2000 0.0000 0.0000 0.0000 0.0000 0.0000 3.5500 3.2000 
2022 10 15 17 3.5600 185.0800 0.0000 0.0000 5.6991 752.5464 0.5221 0.0000 3.2000 0.0000 0.0000 0.0000 0.0000 0.0000 3.5600 3.2000 
2022 10 15 18 3.7000 190.4600 0.0000 0.0000 5.7009 752.5483 0.5223 0.0000 3.2000 0.0000 0.0000 0.0000 0.0000 0.0000 3.7000 3.2000 
2022 10 15 19 3.9400 157.9300 0.0000 0.0000 5.7036 752.5510 0.5226 0.0000 3.2000 0.0000 0.0000 0.0000 0.0000 0.0000 3.9400 3.2000 
2022 10 15 20 4.1300 143.2900 0.0000 0.0000 5.7069 752.5545 0.5230 0.0000 3.2000 0.0000 0.0000 0.0000 0.0000 0.0000 4.1300 3.2000 
2022 10 15 21 4.2300 144.4600 0.0000 0.0000 5.7106 752.5584 0.5234 0.0000 3.2000 0.0000 0.0000 0.0000 0.0000 0.0000 4.2300 3.2000 
2022 10 15 22 4.2800 136.9800 0.0000 0.0000 5.7145 752.5624 0.5238 0.0000 3.2000 0.0000 0.0000 0.0000 0.0000 0.0000 4.2800 3.2000 
2022 10 15 23 4.3000 81.8400 0.0000 0.0000 5.7185 752.5665 0.5243 0.0000 3.2000 0.0000 0.0000 0.0000 0.0000 0.0000 4.3000 3.2000 
2022 10 16 0 4.3100 72.4500 0.0000 0.0000 5.7225 752.5706 0.5247 0.0000 3.2000 0.0000 0.0000 0.0000 0.0000 0.0000 4.3100 3.2000 
2022 10 16 1 4.3200 70.4100 0.0000 0.0000 5.7265 752.5748 0.5252 0.0000 3.2000 0.0000 0.0000 0.0000 0.0000 0.0000 4.3200 3.2000 
2022 10 16 2 4.3100 74.0900 0.0000 0.0000 5.7305 752.5789 0.5256 0.0000 3.2000 0.0000 0.0000 0.0000 0.0000 0.0000 4.3100 3.2000 
2022 10 16 3 4.2800 84.4200 0.0000 0.0000 5.7344 752.5830 0.5260 0.0000 3.2000 0.0000 0.0000 0.0000 0.0000 0.0000 4.2800 3.2000 
2022 10 16 4 4.2400 80.6100 0.0000 0.0000 5.7381 752.5868 0.5265 0.0000 3.2000 0.0000 0.0000 0.0000 0.0000 0.0000 4.2400 3.2000 
2022 10 16 5 4.1900 76.1900 0.0000 0.0000 5.7417 752.5905 0.5269 0.0000 3.2000 0.0000 0.0000 0.0000 0.0000 0.0000 4.1900 3.2000 
2022 10 16 6 4.1400 81.0400 0.0000 0.0000 5.7451 752.5940 0.5272 0.0000 3.2000 0.0000 0.0000 0.0000 0.0000 0.0000 4.1400 3.2000 
2022 10 16 7 4.1100 93.2500 0.0000 0.0000 5.7484 752.5974 0.5276 0.0000 3.2000 0.0000 0.0000 0.0000 0.0000 0.0000 4.1100 3.2000 
2022 10 16 8 4.0900 90.7000 0.0000 0.0000 5.7516 752.6007 0.5280 0.0000 3.2000 0.0000 0.0000 0.0000 0.0000 0.0000 4.0900 3.2000 
2022 10 16 9 4.0700 80.3600 0.0000 0.0000 5.7547 752.6040 0.5283 0.0000 3.2000 0.0000 0.0000 0.0000 0.0000 0.0000 4.0700 3.2000 
2022 10 16 10 4.0900 89.8900 0.0000 0.0000 5.7579 752.6073 0.5287 0.0000 3.2000 0.0000 0.0000 0.0000 0.0000 0.0000 4.0900 3.2000 
2022 10 16 11 4.1700 114.0600 0.0000 0.0000 5.7614 752.6109 0.5290 0.0000 3.2000 0.0000 0.0000 0.0000 0.0000 0.0000 4.1700 3.2000 
2022 10 16 12 4.3000 117.9700 0.0000 0.0000 5.7654 752.6150 0.5295 0.0000 3.2000 0.0000 0.0000 0.0000 0.0000 0.0000 4.3000 3.2000 
2022 10 16 13 4.4400 113.5800 0.0000 0.0000 5.7698 752.6196 0.5300 0.0000 3.2000 0.0000 0.0000 0.0000 0.0000 0.0000 4.4400 3.2000 
2022 10 16 14 4.5700 100.1400 0.0000 0.0000 5.7748 752.6247 0.5305 0.0000 3.2000 0.0000 0.0000 0.0000 0.0000 0.0000 4.5700 3.2000 
2022 10 16 15 4.6500 120.3600 0.0000 0.0000 5.7800 752.6301 0.5311 0.0000 3.2000 0.0000 0.0000 0.0000 0.0000 0.0000 4.6500 3.2000 
2022 10 16 16 4.7200 131.0700 0.0000 0.0000 5.7854 752.6358 0.5317 0.0000 3.2000 0.0000 0.0000 0.0000 0.0000 0.0000 4.7200 3.2000 
2022 10 16 17 4.7700 181.6100 0.0000 0.0000 5.7911 752.6417 0.5323 0.0000 3.2000 0.0000 0.0000 0.0000 0.0000 0.0000 4.7700 3.2000 
2022 10 16 18 4.8000 195.9800 0.0000 0.0000 5.7969 752.6476 0.5330 0.0000 3.2000 0.0000 0.0000 0.0000 0.0000 0.0000 4.8000 3.2000 
2022 10 16 19 4.8100 181.2600 0.0000 0.0000 5.8027 752.6536 0.5336 0.0000 3.2000 0.0000 0.0000 0.0000 0.0000 0.0000 4.8100 3.2000 
2022 10 16 20 4.7900 150.1800 0.0000 0.0000 5.8084 752.6596 0.5343 0.0000 3.2000 0.0000 0.0000 0.0000 0.0000 0.0000 4.7900 3.2000 
2022 10 16 21 4.7700 140.8800 0.0000 0.0000 5.8140 752.6654 0.5349 0.0000 3.2000 0.0000 0.0000 0.0000 0.0000 0.0000 4.7700 3.2000 
2022 10 16 22 4.7300 139.4000 0.0000 0.0000 5.8195 752.6711 0.5355 0.0000 3.2000 0.0000 0.0000 0.0000 0.0000 0.0000 4.7300 3.2000 
2022 10 16 23 4.6900 137.1900 0.0000 0.0000 5.8249 752.6767 0.5361 0.0000 3.2000 0.0000 0.0000 0.0000 0.0000 0.0000 4.6900 3.2000 
2022 10 17 0 4.6300 122.0800 0.0000 0.0000 5.8300 752.6820 0.5367 0.0000 3.2000 0.0000 0.0000 0.0000 0.0000 0.0000 4.6300 3.2000 
2022 10 17 1 4.5800 109.4600 0.0000 0.0000 5.8350 752.6871 0.5372 0.0000 3.2000 0.0000 0.0000 0.0000 0.0000 0.0000 4.5800 3.2000 
2022 10 17 2 4.5400 92.8700 0.0000 0.0000 5.8398 752.6921 0.5378 0.0000 3.2000 0.0000 0.0000 0.0000 0.0000 0.0000 4.5400 3.2000 
2022 10 17 3 4.4900 89.2400 0.0000 0.0000 5.8445 752.6970 0.5383 0.0000 3.2000 0.0000 0.0000 0.0000 0.0000 0.0000 4.4900 3.2000 
2022 10 17 4 4.4400 112.3500 0.0000 0.0000 5.8489 752.7016 0.5388 0.0000 3.2000 0.0000 0.0000 0.0000 0.0000 0.0000 4.4400 3.2000 
2022 10 17 5 4.3800 133.9400 0.0000 0.0000 5.8532 752.7060 0.5392 0.0000 3.2000 0.0000 0.0000 0.0000 0.0000 0.0000 4.3800 3.2000 
2022 10 17 6 4.3300 159.2600 0.0000 0.0000 5.8573 752.7102 0.5397 0.0000 3.2000 0.0000 0.0000 0.0000 0.0000 0.0000 4.3300 3.2000 
2022 10 17 7 4.2800 183.1300 0.0000 0.0000 5.8612 752.7142 0.5401 0.0000 3.2000 0.0000 0.0000 0.0000 0.0000 0.0000 4.2800 3.2000 
2022 10 17 8 4.2300 161.8900 0.0000 0.0000 5.8649 752.7181 0.5405 0.0000 3.2000 0.0000 0.0000 0.0000 0.0000 0.0000 4.2300 3.2000 
2022 10 17 9 4.1700 137.1900 0.0000 0.0000 5.8684 752.7217 0.5409 0.0000 3.2000 0.0000 0.0000 0.0000 0.0000 0.0000 4.1700 3.2000 
2022 10 17 10 4.0800 137.8400 0.0000 0.0000 5.8715 752.7249 0.5413 0.0000 3.2000 0.0000 0.0000 0.0000 0.0000 0.0000 4.0800 3.2000 
2022 10 17 11 4.0300 125.3500 0.0000 0.0000 5.8745 752.7280 0.5416 0.0000 3.2000 0.0000 0.0000 0.0000 0.0000 0.0000 4.0300 3.2000 
2022 10 17 12 4.0000 125.7700 0.0000 0.0000 5.8774 752.7310 0.5419 0.0000 3.2000 0.0000 0.0000 0.0000 0.0000 0.0000 4.0000 3.2000 
2022 10 17 13 3.9600 131.8000 0.0000 0.0000 5.8801 752.7339 0.5422 0.0000 3.2000 0.0000 0.0000 0.0000 0.0000 0.0000 3.9600 3.2000 
2022 10 17 14 3.9400 146.5900 0.0000 0.0000 5.8828 752.7366 0.5425 0.0000 3.2000 0.0000 0.0000 0.0000 0.0000 0.0000 3.9400 3.2000 
2022 10 17 15 3.9400 173.6400 0.0000 0.0000 5.8855 752.7394 0.5428 0.0000 3.2000 0.0000 0.0000 0.0000 0.0000 0.0000 3.9400 3.2000 
2022 10 17 16 3.9400 185.5200 0.0000 0.0000 5.8881 752.7421 0.5431 0.0000 3.2000 0.0000 0.0000 0.0000 0.0000 0.0000 3.9400 3.2000 
2022 10 17 17 3.9500 186.2000 0.0000 0.0000 5.8908 752.7449 0.5434 0.0000 3.2000 0.0000 0.0000 0.0000 0.0000 0.0000 3.9500 3.2000 
2022 10 17 18 3.9500 187.5200 0.0000 0.0000 5.8935 752.7477 0.5437 0.0000 3.2000 0.0000 0.0000 0.0000 0.0000 0.0000 3.9500 3.2000 
2022 10 17 19 3.9600 190.5500 0.0000 0.0000 5.8963 752.7506 0.5440 0.0000 3.2000 0.0000 0.0000 0.0000 0.0000 0.0000 3.9600 3.2000 
2022 10 17 20 3.9700 165.8300 0.0000 0.0000 5.8990 752.7534 0.5443 0.0000 3.2000 0.0000 0.0000 0.0000 0.0000 0.0000 3.9700 3.2000 
2022 10 17 21 3.9800 163.6300 0.0000 0.0000 5.9018 752.7563 0.5446 0.0000 3.2000 0.0000 0.0000 0.0000 0.0000 0.0000 3.9800 3.2000 
2022 10 17 22 3.9800 145.8900 0.0000 0.0000 5.9046 752.7592 0.5450 0.0000 3.2000 0.0000 0.0000 0.0000 0.0000 0.0000 3.9800 3.2000 
2022 10 17 23 3.9700 141.6500 0.0000 0.0000 5.9074 752.7621 0.5453 0.0000 3.2000 0.0000 0.0000 0.0000 0.0000 0.0000 3.9700 3.2000 
2022 10 18 0 3.9700 135.8300 0.0000 0.0000 5.9102 752.7650 0.5456 0.0000 3.2000 0.0000 0.0000 0.0000 0.0000 0.0000 3.9700 3.2000 
2022 10 18 1 3.9600 140.4700 0.0000 0.0000 5.9129 752.7678 0.5459 0.0000 3.2000 0.0000 0.0000 0.0000 0.0000 0.0000 3.9600 3.2000 
2022 10 18 2 3.9500 140.0500 0.0000 0.0000 5.9156 752.7706 0.5462 0.0000 3.2000 0.0000 0.0000 0.0000 0.0000 0.0000 3.9500 3.2000 
2022 10 18 3 3.9300 140.0900 0.0000 0.0000 5.9182 752.7733 0.5465 0.0000 3.2000 0.0000 0.0000 0.0000 0.0000 0.0000 3.9300 3.2000 
2022 10 18 4 3.9300 144.1500 0.0000 0.0000 5.9209 752.7761 0.5468 0.0000 3.2000 0.0000 0.0000 0.0000 0.0000 0.0000 3.9300 3.2000 
2022 10 18 5 3.9200 150.2300 0.0000 0.0000 5.9235 752.7787 0.5471 0.0000 3.2000 0.0000 0.0000 0.0000 0.0000 0.0000 3.9200 3.2000 
2022 10 18 6 3.9300 181.4600 0.0000 0.0000 5.9261 752.7815 0.5473 0.0000 3.2000 0.0000 0.0000 0.0000 0.0000 0.0000 3.9300 3.2000 
2022 10 18 7 3.9200 224.2200 0.0000 0.0000 5.9287 752.7841 0.5476 0.0000 3.2000 0.0000 0.0000 0.0000 0.0000 0.0000 3.9200 3.2000 
2022 10 18 8 3.9300 204.1500 0.0000 0.0000 5.9313 752.7869 0.5479 0.0000 3.2000 0.0000 0.0000 0.0000 0.0000 0.0000 3.9300 3.2000 
2022 10 18 9 3.9400 193.5100 0.0000 0.0000 5.9340 752.7896 0.5482 0.0000 3.2000 0.0000 0.0000 0.0000 0.0000 0.0000 3.9400 3.2000 
2022 10 18 10 3.9400 180.3500 0.0000 0.0000 5.9366 752.7924 0.5485 0.0000 3.2000 0.0000 0.0000 0.0000 0.0000 0.0000 3.9400 3.2000 
2022 10 18 11 3.9400 134.4600 0.0000 0.0000 5.9393 752.7951 0.5488 0.0000 3.2000 0.0000 0.0000 0.0000 0.0000 0.0000 3.9400 3.2000 
2022 10 18 12 3.9500 143.2500 0.0000 0.0000 5.9420 752.7979 0.5491 0.0000 3.2000 0.0000 0.0000 0.0000 0.0000 0.0000 3.9500 3.2000 
2022 10 18 13 3.9500 126.1500 0.0000 0.0000 5.9447 752.8007 0.5494 0.0000 3.2000 0.0000 0.0000 0.0000 0.0000 0.0000 3.9500 3.2000 
2022 10 18 14 3.9500 139.8200 0.0000 0.0000 5.9474 752.8035 0.5497 0.0000 3.2000 0.0000 0.0000 0.0000 0.0000 0.0000 3.9500 3.2000 
2022 10 18 15 3.9500 159.1400 0.0000 0.0000 5.9501 752.8063 0.5500 0.0000 3.2000 0.0000 0.0000 0.0000 0.0000 0.0000 3.9500 3.2000 
2022 10 18 16 3.9300 189.0700 0.0000 0.0000 5.9527 752.8090 0.5503 0.0000 3.2000 0.0000 0.0000 0.0000 0.0000 0.0000 3.9300 3.2000 
2022 10 18 17 3.9000 203.0900 0.0000 0.0000 5.9553 752.8117 0.5506 0.0000 3.2000 0.0000 0.0000 0.0000 0.0000 0.0000 3.9000 3.2000 
2022 10 18 18 3.8700 195.7600 0.0000 0.0000 5.9577 752.8142 0.5509 0.0000 3.2000 0.0000 0.0000 0.0000 0.0000 0.0000 3.8700 3.2000 
2022 10 18 19 3.8400 189.7800 0.0000 0.0000 5.9600 752.8165 0.5511 0.0000 3.2000 0.0000 0.0000 0.0000 0.0000 0.0000 3.8400 3.2000 
2022 10 18 20 3.8200 166.3300 0.0000 0.0000 5.9622 752.8189 0.5514 0.0000 3.2000 0.0000 0.0000 0.0000 0.0000 0.0000 3.8200 3.2000 
2022 10 18 21 3.7900 163.6000 0.0000 0.0000 5.9643 752.8210 0.5516 0.0000 3.2000 0.0000 0.0000 0.0000 0.0000 0.0000 3.7900 3.2000 
2022 10 18 22 3.7600 154.2100 0.0000 0.0000 5.9663 752.8231 0.5518 0.0000 3.2000 0.0000 0.0000 0.0000 0.0000 0.0000 3.7600 3.2000 
2022 10 18 23 3.7300 132.4800 0.0000 0.0000 5.9683 752.8251 0.5520 0.0000 3.2000 0.0000 0.0000 0.0000 0.0000 0.0000 3.7300 3.2000 
2022 10 19 0 3.7000 125.9900 0.0000 0.0000 5.9701 752.8270 0.5522 0.0000 3.2000 0.0000 0.0000 0.0000 0.0000 0.0000 3.7000 3.2000 
2022 10 19 1 3.6700 122.2000 0.0000 0.0000 5.9717 752.8287 0.5524 0.0000 3.2000 0.0000 0.0000 0.0000 0.0000 0.0000 3.6700 3.2000 
2022 10 19 2 3.6300 125.9300 0.0000 0.0000 5.9733 752.8303 0.5526 0.0000 3.2000 0.0000 0.0000 0.0000 0.0000 0.0000 3.6300 3.2000 
2022 10 19 3 3.6000 134.0400 0.0000 0.0000 5.9747 752.8318 0.5527 0.0000 3.2000 0.0000 0.0000 0.0000 0.0000 0.0000 3.6000 3.2000 
2022 10 19 4 3.5700 149.5700 0.0000 0.0000 5.9761 752.8332 0.5529 0.0000 3.2000 0.0000 0.0000 0.0000 0.0000 0.0000 3.5700 3.2000 
2022 10 19 5 3.5400 162.9300 0.0000 0.0000 5.9773 752.8345 0.5530 0.0000 3.2000 0.0000 0.0000 0.0000 0.0000 0.0000 3.5400 3.2000 
2022 10 19 6 3.5100 192.5700 0.0000 0.0000 5.9784 752.8356 0.5532 0.0000 3.2000 0.0000 0.0000 0.0000 0.0000 0.0000 3.5100 3.2000 
2022 10 19 7 3.4800 207.3200 0.0000 0.0000 5.9794 752.8367 0.5533 0.0000 3.2000 0.0000 0.0000 0.0000 0.0000 0.0000 3.4800 3.2000 
2022 10 19 8 3.4500 202.6000 0.0000 0.0000 5.9803 752.8376 0.5534 0.0000 3.2000 0.0000 0.0000 0.0000 0.0000 0.0000 3.4500 3.2000 
2022 10 19 9 3.4200 188.9100 0.0000 0.0000 5.9811 752.8384 0.5535 0.0000 3.2000 0.0000 0.0000 0.0000 0.0000 0.0000 3.4200 3.2000 
2022 10 19 10 3.4000 175.4400 0.0000 0.0000 5.9818 752.8392 0.5535 0.0000 3.2000 0.0000 0.0000 0.0000 0.0000 0.0000 3.4000 3.2000 
2022 10 19 11 3.3700 154.7400 0.0000 0.0000 5.9824 752.8398 0.5536 0.0000 3.2000 0.0000 0.0000 0.0000 0.0000 0.0000 3.3700 3.2000 
2022 10 19 12 3.3400 150.2400 0.0000 0.0000 5.9829 752.8403 0.5537 0.0000 3.2000 0.0000 0.0000 0.0000 0.0000 0.0000 3.3400 3.2000 
2022 10 19 13 3.3200 144.4400 0.0000 0.0000 5.9834 752.8408 0.5537 0.0000 3.2000 0.0000 0.0000 0.0000 0.0000 0.0000 3.3200 3.2000 
2022 10 19 14 3.3000 153.3400 0.0000 0.0000 5.9837 752.8411 0.5537 0.0000 3.2000 0.0000 0.0000 0.0000 0.0000 0.0000 3.3000 3.2000 
2022 10 19 15 3.2700 171.2500 0.0000 0.0000 5.9840 752.8414 0.5538 0.0000 3.2000 0.0000 0.0000 0.0000 0.0000 0.0000 3.2700 3.2000 
2022 10 19 16 3.2400 186.9500 0.0000 0.0000 5.9841 752.8416 0.5538 0.0000 3.2000 0.0000 0.0000 0.0000 0.0000 0.0000 3.2400 3.2000 
2022 10 19 17 3.2200 183.5600 0.0000 0.0000 5.9842 752.8416 0.5538 0.0000 3.2000 0.0000 0.0000 0.0000 0.0000 0.0000 3.2200 3.2000 
2022 10 19 18 3.1900 175.2900 0.0000 0.0000 5.9842 752.8416 0.5538 0.0000 3.2000 0.0000 0.0000 0.0000 0.0000 0.0000 3.1900 3.2000 
2022 10 19 19 3.1600 163.3600 0.0000 0.0000 5.9840 752.8414 0.5538 0.0000 3.2000 0.0000 0.0000 0.0000 0.0000 0.0000 3.1600 3.2000 
2022 10 19 20 3.1400 151.6000 0.0000 0.0000 5.9838 752.8412 0.5538 0.0000 3.2000 0.0000 0.0000 0.0000 0.0000 0.0000 3.1400 3.2000 
2022 10 19 21 3.1100 149.1100 0.0000 0.0000 5.9835 752.8409 0.5537 0.0000 3.2000 0.0000 0.0000 0.0000 0.0000 0.0000 3.1100 3.2000 
2022 10 19 22 3.0900 133.0000 0.0000 0.0000 5.9831 752.8405 0.5537 0.0000 3.2000 0.0000 0.0000 0.0000 0.0000 0.0000 3.0900 3.2000 
2022 10 19 23 3.0600 128.4400 0.0000 0.0000 5.9826 752.8399 0.5536 0.0000 3.2000 0.0000 0.0000 0.0000 0.0000 0.0000 3.0600 3.2000 
2022 10 20 0 3.0400 116.2000 0.0000 0.0000 5.9820 752.8394 0.5536 0.0000 3.2000 0.0000 0.0000 0.0000 0.0000 0.0000 3.0400 3.2000 
2022 10 20 1 3.0100 80.4300 0.0000 0.0000 5.9813 752.8386 0.5535 0.0000 3.2000 0.0000 0.0000 0.0000 0.0000 0.0000 3.0100 3.2000 
2022 10 20 2 2.9800 79.0100 0.0000 0.0000 5.9805 752.8378 0.5534 0.0000 3.2000 0.0000 0.0000 0.0000 0.0000 0.0000 2.9800 3.2000 
2022 10 20 3 2.9600 74.8000 0.0000 0.0000 5.9797 752.8369 0.5533 0.0000 3.2000 0.0000 0.0000 0.0000 0.0000 0.0000 2.9600 3.2000 
2022 10 20 4 2.9300 113.3700 0.0000 0.0000 5.9787 752.8359 0.5532 0.0000 3.2000 0.0000 0.0000 0.0000 0.0000 0.0000 2.9300 3.2000 
2022 10 20 5 2.9000 151.6700 0.0000 0.0000 5.9776 752.8348 0.5531 0.0000 3.2000 0.0000 0.0000 0.0000 0.0000 0.0000 2.9000 3.2000 
2022 10 20 6 2.8800 173.5200 0.0000 0.0000 5.9765 752.8336 0.5529 0.0000 3.2000 0.0000 0.0000 0.0000 0.0000 0.0000 2.8800 3.2000 
2022 10 20 7 2.8500 187.5100 0.0000 0.0000 5.9752 752.8323 0.5528 0.0000 3.2000 0.0000 0.0000 0.0000 0.0000 0.0000 2.8500 3.2000 
2022 10 20 8 2.8200 174.2400 0.0000 0.0000 5.9738 752.8309 0.5526 0.0000 3.2000 0.0000 0.0000 0.0000 0.0000 0.0000 2.8200 3.2000 
2022 10 20 9 2.8000 173.9900 0.0000 0.0000 5.9724 752.8294 0.5525 0.0000 3.2000 0.0000 0.0000 0.0000 0.0000 0.0000 2.8000 3.2000 
2022 10 20 10 2.7700 161.0300 0.0000 0.0000 5.9708 752.8278 0.5523 0.0000 3.2000 0.0000 0.0000 0.0000 0.0000 0.0000 2.7700 3.2000 
2022 10 20 11 2.7500 137.9900 0.0000 0.0000 5.9692 752.8261 0.5521 0.0000 3.2000 0.0000 0.0000 0.0000 0.0000 0.0000 2.7500 3.2000 
2022 10 20 12 2.7300 134.9900 0.0000 0.0000 5.9675 752.8244 0.5519 0.0000 3.2000 0.0000 0.0000 0.0000 0.0000 0.0000 2.7300 3.2000 
2022 10 20 13 2.7000 135.1900 0.0000 0.0000 5.9657 752.8225 0.5517 0.0000 3.2000 0.0000 0.0000 0.0000 0.0000 0.0000 2.7000 3.2000 
2022 10 20 14 2.6900 139.6000 0.0000 0.0000 5.9639 752.8206 0.5515 0.0000 3.2000 0.0000 0.0000 0.0000 0.0000 0.0000 2.6900 3.2000 
2022 10 20 15 2.6600 150.1900 0.0000 0.0000 5.9620 752.8186 0.5513 0.0000 3.2000 0.0000 0.0000 0.0000 0.0000 0.0000 2.6600 3.2000 
2022 10 20 16 2.6400 170.5400 0.0000 0.0000 5.9599 752.8165 0.5511 0.0000 3.2000 0.0000 0.0000 0.0000 0.0000 0.0000 2.6400 3.2000 
2022 10 20 17 2.6300 178.9400 0.0000 0.0000 5.9579 752.8144 0.5509 0.0000 3.2000 0.0000 0.0000 0.0000 0.0000 0.0000 2.6300 3.2000 
2022 10 20 18 2.6200 183.6400 0.0000 0.0000 5.9558 752.8122 0.5506 0.0000 3.2000 0.0000 0.0000 0.0000 0.0000 0.0000 2.6200 3.2000 
2022 10 20 19 2.6000 159.7600 0.0000 0.0000 5.9536 752.8100 0.5504 0.0000 3.2000 0.0000 0.0000 0.0000 0.0000 0.0000 2.6000 3.2000 
2022 10 20 20 2.5800 142.4900 0.0000 0.0000 5.9514 752.8077 0.5502 0.0000 3.2000 0.0000 0.0000 0.0000 0.0000 0.0000 2.5800 3.2000 
2022 10 20 21 2.5700 133.6800 0.0000 0.0000 5.9491 752.8053 0.5499 0.0000 3.2000 0.0000 0.0000 0.0000 0.0000 0.0000 2.5700 3.2000 
2022 10 20 22 2.5600 124.9900 0.0000 0.0000 5.9468 752.8029 0.5496 0.0000 3.2000 0.0000 0.0000 0.0000 0.0000 0.0000 2.5600 3.2000 
2022 10 20 23 2.5500 132.9100 0.0000 0.0000 5.9445 752.8005 0.5494 0.0000 3.2000 0.0000 0.0000 0.0000 0.0000 0.0000 2.5500 3.2000 
2022 10 21 0 2.5300 121.1300 0.0000 0.0000 5.9421 752.7980 0.5491 0.0000 3.2000 0.0000 0.0000 0.0000 0.0000 0.0000 2.5300 3.2000 
2022 10 21 1 2.5200 117.7000 0.0000 0.0000 5.9396 752.7955 0.5488 0.0000 3.2000 0.0000 0.0000 0.0000 0.0000 0.0000 2.5200 3.2000 
2022 10 21 2 2.5100 114.0500 0.0000 0.0000 5.9371 752.7929 0.5486 0.0000 3.2000 0.0000 0.0000 0.0000 0.0000 0.0000 2.5100 3.2000 
2022 10 21 3 2.4900 120.1500 0.0000 0.0000 5.9346 752.7903 0.5483 0.0000 3.2000 0.0000 0.0000 0.0000 0.0000 0.0000 2.4900 3.2000 
2022 10 21 4 2.4800 134.8700 0.0000 0.0000 5.9320 752.7876 0.5480 0.0000 3.2000 0.0000 0.0000 0.0000 0.0000 0.0000 2.4800 3.2000 
2022 10 21 5 2.4700 155.8800 0.0000 0.0000 5.9294 752.7849 0.5477 0.0000 3.2000 0.0000 0.0000 0.0000 0.0000 0.0000 2.4700 3.2000 
2022 10 21 6 2.4500 179.8100 0.0000 0.0000 5.9267 752.7821 0.5474 0.0000 3.2000 0.0000 0.0000 0.0000 0.0000 0.0000 2.4500 3.2000 
2022 10 21 7 2.4400 193.8900 0.0000 0.0000 5.9239 752.7792 0.5471 0.0000 3.2000 0.0000 0.0000 0.0000 0.0000 0.0000 2.4400 3.2000 
2022 10 21 8 2.4200 195.9600 0.0000 0.0000 5.9211 752.7763 0.5468 0.0000 3.2000 0.0000 0.0000 0.0000 0.0000 0.0000 2.4200 3.2000 
2022 10 21 9 2.4100 182.9800 0.0000 0.0000 5.9183 752.7734 0.5465 0.0000 3.2000 0.0000 0.0000 0.0000 0.0000 0.0000 2.4100 3.2000 
2022 10 21 10 2.4000 179.1800 0.0000 0.0000 5.9154 752.7704 0.5462 0.0000 3.2000 0.0000 0.0000 0.0000 0.0000 0.0000 2.4000 3.2000 
2022 10 21 11 2.3900 168.8000 0.0000 0.0000 5.9125 752.7674 0.5458 0.0000 3.2000 0.0000 0.0000 0.0000 0.0000 0.0000 2.3900 3.2000 
2022 10 21 12 2.3800 165.8800 0.0000 0.0000 5.9095 752.7643 0.5455 0.0000 3.2000 0.0000 0.0000 0.0000 0.0000 0.0000 2.3800 3.2000 
2022 10 21 13 2.3700 162.9600 0.0000 0.0000 5.9065 752.7612 0.5452 0.0000 3.2000 0.0000 0.0000 0.0000 0.0000 0.0000 2.3700 3.2000 
2022 10 21 14 2.3600 159.7900 0.0000 0.0000 5.9035 752.7581 0.5448 0.0000 3.2000 0.0000 0.0000 0.0000 0.0000 0.0000 2.3600 3.2000 
2022 10 21 15 2.3500 164.4300 0.0000 0.0000 5.9005 752.7549 0.5445 0.0000 3.2000 0.0000 0.0000 0.0000 0.0000 0.0000 2.3500 3.2000 
2022 10 21 16 2.3400 173.7300 0.0000 0.0000 5.8974 752.7517 0.5442 0.0000 3.2000 0.0000 0.0000 0.0000 0.0000 0.0000 2.3400 3.2000 
2022 10 21 17 2.3300 176.2900 0.0000 0.0000 5.8942 752.7485 0.5438 0.0000 3.2000 0.0000 0.0000 0.0000 0.0000 0.0000 2.3300 3.2000 
2022 10 21 18 2.3200 161.5800 0.0000 0.0000 5.8911 752.7452 0.5435 0.0000 3.2000 0.0000 0.0000 0.0000 0.0000 0.0000 2.3200 3.2000 
2022 10 21 19 2.3100 150.1600 0.0000 0.0000 5.8879 752.7419 0.5431 0.0000 3.2000 0.0000 0.0000 0.0000 0.0000 0.0000 2.3100 3.2000 
2022 10 21 20 2.3000 152.4500 0.0000 0.0000 5.8846 752.7385 0.5427 0.0000 3.2000 0.0000 0.0000 0.0000 0.0000 0.0000 2.3000 3.2000 
2022 10 21 21 2.3000 154.1400 0.0000 0.0000 5.8814 752.7352 0.5424 0.0000 3.2000 0.0000 0.0000 0.0000 0.0000 0.0000 2.3000 3.2000 
2022 10 21 22 2.2900 144.4900 0.0000 0.0000 5.8781 752.7318 0.5420 0.0000 3.2000 0.0000 0.0000 0.0000 0.0000 0.0000 2.2900 3.2000 
2022 10 21 23 2.2800 149.1900 0.0000 0.0000 5.8748 752.7283 0.5416 0.0000 3.2000 0.0000 0.0000 0.0000 0.0000 0.0000 2.2800 3.2000 
2022 10 22 0 2.2700 134.2800 0.0000 0.0000 5.8714 752.7249 0.5413 0.0000 3.2000 0.0000 0.0000 0.0000 0.0000 0.0000 2.2700 3.2000 
2022 10 22 1 2.2600 130.5100 0.0000 0.0000 5.8681 752.7214 0.5409 0.0000 3.2000 0.0000 0.0000 0.0000 0.0000 0.0000 2.2600 3.2000 
2022 10 22 2 2.2500 134.0100 0.0000 0.0000 5.8646 752.7178 0.5405 0.0000 3.2000 0.0000 0.0000 0.0000 0.0000 0.0000 2.2500 3.2000 
2022 10 22 3 2.2400 134.2600 0.0000 0.0000 5.8612 752.7142 0.5401 0.0000 3.2000 0.0000 0.0000 0.0000 0.0000 0.0000 2.2400 3.2000 
2022 10 22 4 2.2300 136.4500 0.0000 0.0000 5.8577 752.7106 0.5397 0.0000 3.2000 0.0000 0.0000 0.0000 0.0000 0.0000 2.2300 3.2000 
2022 10 22 5 2.2200 135.3400 0.0000 0.0000 5.8542 752.7070 0.5394 0.0000 3.2000 0.0000 0.0000 0.0000 0.0000 0.0000 2.2200 3.2000 
2022 10 22 6 2.2100 142.5200 0.0000 0.0000 5.8506 752.7033 0.5390 0.0000 3.2000 0.0000 0.0000 0.0000 0.0000 0.0000 2.2100 3.2000 
2022 10 22 7 2.2000 146.7000 0.0000 0.0000 5.8470 752.6996 0.5386 0.0000 3.2000 0.0000 0.0000 0.0000 0.0000 0.0000 2.2000 3.2000 
2022 10 22 8 2.1900 148.0300 0.0000 0.0000 5.8434 752.6958 0.5382 0.0000 3.2000 0.0000 0.0000 0.0000 0.0000 0.0000 2.1900 3.2000 
2022 10 22 9 2.1800 145.8500 0.0000 0.0000 5.8397 752.6920 0.5377 0.0000 3.2000 0.0000 0.0000 0.0000 0.0000 0.0000 2.1800 3.2000 
2022 10 22 10 2.1700 137.8700 0.0000 0.0000 5.8360 752.6882 0.5373 0.0000 3.2000 0.0000 0.0000 0.0000 0.0000 0.0000 2.1700 3.2000 
2022 10 22 11 2.1600 134.5200 0.0000 0.0000 5.8322 752.6843 0.5369 0.0000 3.2000 0.0000 0.0000 0.0000 0.0000 0.0000 2.1600 3.2000 
2022 10 22 12 2.1500 126.2200 0.0000 0.0000 5.8285 752.6804 0.5365 0.0000 3.2000 0.0000 0.0000 0.0000 0.0000 0.0000 2.1500 3.2000 
2022 10 22 13 2.1500 119.6400 0.0000 0.0000 5.8247 752.6764 0.5361 0.0000 3.2000 0.0000 0.0000 0.0000 0.0000 0.0000 2.1500 3.2000 
2022 10 22 14 2.1500 121.6700 0.0000 0.0000 5.8209 752.6725 0.5357 0.0000 3.2000 0.0000 0.0000 0.0000 0.0000 0.0000 2.1500 3.2000 
2022 10 22 15 2.1600 141.4300 0.0000 0.0000 5.8172 752.6687 0.5352 0.0000 3.2000 0.0000 0.0000 0.0000 0.0000 0.0000 2.1600 3.2000 
2022 10 22 16 2.1800 161.3200 0.0000 0.0000 5.8135 752.6649 0.5348 0.0000 3.2000 0.0000 0.0000 0.0000 0.0000 0.0000 2.1800 3.2000 
2022 10 22 17 2.2000 180.8100 0.0000 0.0000 5.8099 752.6611 0.5344 0.0000 3.2000 0.0000 0.0000 0.0000 0.0000 0.0000 2.2000 3.2000 
2022 10 22 18 2.2300 184.9500 0.0000 0.0000 5.8064 752.6575 0.5340 0.0000 3.2000 0.0000 0.0000 0.0000 0.0000 0.0000 2.2300 3.2000 
2022 10 22 19 2.2900 165.1100 0.0000 0.0000 5.8031 752.6541 0.5337 0.0000 3.2000 0.0000 0.0000 0.0000 0.0000 0.0000 2.2900 3.2000 
2022 10 22 20 2.3700 146.1200 0.0000 0.0000 5.8001 752.6510 0.5333 0.0000 3.2000 0.0000 0.0000 0.0000 0.0000 0.0000 2.3700 3.2000 
2022 10 22 21 2.5000 145.5600 0.0000 0.0000 5.7976 752.6484 0.5331 0.0000 3.2000 0.0000 0.0000 0.0000 0.0000 0.0000 2.5000 3.2000 
2022 10 22 22 2.6600 137.9400 0.0000 0.0000 5.7957 752.6464 0.5329 0.0000 3.2000 0.0000 0.0000 0.0000 0.0000 0.0000 2.6600 3.2000 
2022 10 22 23 2.8500 118.5100 0.0000 0.0000 5.7944 752.6451 0.5327 0.0000 3.2000 0.0000 0.0000 0.0000 0.0000 0.0000 2.8500 3.2000 
2022 10 23 0 3.0700 106.1800 0.0000 0.0000 5.7939 752.6446 0.5327 0.0000 3.2000 0.0000 0.0000 0.0000 0.0000 0.0000 3.0700 3.2000 
2022 10 23 1 3.2900 99.9600 0.0000 0.0000 5.7943 752.6449 0.5327 0.0000 3.2000 0.0000 0.0000 0.0000 0.0000 0.0000 3.2900 3.2000 
2022 10 23 2 3.5300 96.1900 0.0000 0.0000 5.7955 752.6462 0.5328 0.0000 3.2000 0.0000 0.0000 0.0000 0.0000 0.0000 3.5300 3.2000 
2022 10 23 3 3.7500 98.5400 0.0000 0.0000 5.7974 752.6482 0.5330 0.0000 3.2000 0.0000 0.0000 0.0000 0.0000 0.0000 3.7500 3.2000 
2022 10 23 4 3.9600 94.6300 0.0000 0.0000 5.8002 752.6511 0.5334 0.0000 3.2000 0.0000 0.0000 0.0000 0.0000 0.0000 3.9600 3.2000 
2022 10 23 5 4.1500 112.0000 0.0000 0.0000 5.8036 752.6546 0.5337 0.0000 3.2000 0.0000 0.0000 0.0000 0.0000 0.0000 4.1500 3.2000 
2022 10 23 6 4.3500 117.5600 0.0000 0.0000 5.8077 752.6589 0.5342 0.0000 3.2000 0.0000 0.0000 0.0000 0.0000 0.0000 4.3500 3.2000 
2022 10 23 7 4.5100 126.0400 0.0000 0.0000 5.8124 752.6638 0.5347 0.0000 3.2000 0.0000 0.0000 0.0000 0.0000 0.0000 4.5100 3.2000 
2022 10 23 8 4.6600 122.9000 0.0000 0.0000 5.8177 752.6692 0.5353 0.0000 3.2000 0.0000 0.0000 0.0000 0.0000 0.0000 4.6600 3.2000 
2022 10 23 9 4.7800 102.9100 0.0000 0.0000 5.8234 752.6751 0.5359 0.0000 3.2000 0.0000 0.0000 0.0000 0.0000 0.0000 4.7800 3.2000 
2022 10 23 10 4.9000 99.9000 0.0000 0.0000 5.8295 752.6814 0.5366 0.0000 3.2000 0.0000 0.0000 0.0000 0.0000 0.0000 4.9000 3.2000 
2022 10 23 11 4.9800 89.3900 0.0000 0.0000 5.8359 752.6881 0.5373 0.0000 3.2000 0.0000 0.0000 0.0000 0.0000 0.0000 4.9800 3.2000 
2022 10 23 12 5.0200 81.6600 0.0000 0.0000 5.8425 752.6949 0.5381 0.0000 3.2000 0.0000 0.0000 0.0000 0.0000 0.0000 5.0200 3.2000 
2022 10 23 13 5.0800 83.9400 0.0000 0.0000 5.8492 752.7019 0.5388 0.0000 3.2000 0.0000 0.0000 0.0000 0.0000 0.0000 5.0800 3.2000 
2022 10 23 14 5.1400 85.6100 0.0000 0.0000 5.8562 752.7091 0.5396 0.0000 3.2000 0.0000 0.0000 0.0000 0.0000 0.0000 5.1400 3.2000 
2022 10 23 15 5.2000 95.2700 0.0000 0.0000 5.8634 752.7166 0.5404 0.0000 3.2000 0.0000 0.0000 0.0000 0.0000 0.0000 5.2000 3.2000 
2022 10 23 16 5.2900 111.0200 0.0000 0.0000 5.8709 752.7244 0.5412 0.0000 3.2000 0.0000 0.0000 0.0000 0.0000 0.0000 5.2900 3.2000 
2022 10 23 17 5.4000 119.9200 0.0000 0.0000 5.8789 752.7326 0.5421 0.0000 3.2000 0.0000 0.0000 0.0000 0.0000 0.0000 5.4000 3.2000 
2022 10 23 18 5.5400 123.6900 0.0000 0.0000 5.8873 752.7413 0.5430 0.0000 3.2000 0.0000 0.0000 0.0000 0.0000 0.0000 5.5400 3.2000 
2022 10 23 19 5.7600 110.0600 0.0000 0.0000 5.8965 752.7508 0.5441 0.0000 3.2000 0.0000 0.0000 0.0000 0.0000 0.0000 5.7600 3.2000 
2022 10 23 20 6.0000 93.3300 0.0000 0.0000 5.9066 752.7613 0.5452 0.0000 3.2000 0.0000 0.0000 0.0000 0.0000 0.0000 6.0000 3.2000 
2022 10 23 21 6.2800 86.2600 0.0000 0.0000 5.9177 752.7727 0.5464 0.0000 3.2000 0.0000 0.0000 0.0000 0.0000 0.0000 6.2800 3.2000 
2022 10 23 22 6.6000 78.5900 0.0000 0.0000 5.9299 752.7854 0.5478 0.0000 3.2000 0.0000 0.0000 0.0000 0.0000 0.0000 6.6000 3.2000 
2022 10 23 23 6.9500 56.4400 0.0000 0.0000 5.9434 752.7994 0.5493 0.0000 3.2000 0.0000 0.0000 0.0000 0.0000 0.0000 6.9500 3.2000 
2022 10 24 0 7.2400 53.2400 0.0000 0.0000 5.9580 752.8145 0.5509 0.0000 3.2000 0.0000 0.0000 0.0000 0.0000 0.0000 7.2400 3.2000 
2022 10 24 1 7.4100 40.7000 0.0000 0.0000 5.9731 752.8301 0.5526 0.0000 3.2000 0.0000 0.0000 0.0000 0.0000 0.0000 7.4100 3.2000 
2022 10 24 2 7.5300 26.8000 0.0000 0.0000 5.9887 752.8463 0.5543 0.0000 3.2000 0.0000 0.0000 0.0000 0.0000 0.0000 7.5300 3.2000 
2022 10 24 3 7.5700 40.6900 0.0000 0.0000 6.0044 752.8626 0.5560 0.0000 3.2000 0.0000 0.0000 0.0000 0.0000 0.0000 7.5700 3.2000 
2022 10 24 4 7.5700 55.9300 0.0000 0.0000 6.0202 752.8789 0.5578 0.0000 3.2000 0.0000 0.0000 0.0000 0.0000 0.0000 7.5700 3.2000 
2022 10 24 5 7.5100 73.1300 0.0000 0.0000 6.0357 752.8949 0.5595 0.0000 3.2000 0.0000 0.0000 0.0000 0.0000 0.0000 7.5100 3.2000 
2022 10 24 6 7.4200 110.6600 0.0000 0.0000 6.0509 752.9107 0.5612 0.0000 3.2000 0.0000 0.0000 0.0000 0.0000 0.0000 7.4200 3.2000 
2022 10 24 7 7.3100 126.7000 0.0000 0.0000 6.0657 752.9260 0.5629 0.0000 3.2000 0.0000 0.0000 0.0000 0.0000 0.0000 7.3100 3.2000 
2022 10 24 8 7.1600 120.1800 0.0000 0.0000 6.0799 752.9407 0.5644 0.0000 3.2000 0.0000 0.0000 0.0000 0.0000 0.0000 7.1600 3.2000 
2022 10 24 9 6.9900 112.1800 0.0000 0.0000 6.0936 752.9549 0.5660 0.0000 3.2000 0.0000 0.0000 0.0000 0.0000 0.0000 6.9900 3.2000 
2022 10 24 10 6.8500 87.2600 0.0000 0.0000 6.1067 752.9685 0.5674 0.0000 3.2000 0.0000 0.0000 0.0000 0.0000 0.0000 6.8500 3.2000 
2022 10 24 11 6.7200 72.9300 0.0000 0.0000 6.1194 752.9816 0.5688 0.0000 3.2000 0.0000 0.0000 0.0000 0.0000 0.0000 6.7200 3.2000 
2022 10 24 12 6.6100 72.6300 0.0000 0.0000 6.1317 752.9943 0.5702 0.0000 3.2000 0.0000 0.0000 0.0000 0.0000 0.0000 6.6100 3.2000 
2022 10 24 13 6.4700 73.0400 0.0000 0.0000 6.1434 753.0065 0.5715 0.0000 3.2000 0.0000 0.0000 0.0000 0.0000 0.0000 6.4700 3.2000 
2022 10 24 14 6.3700 81.5500 0.0000 0.0000 6.1548 753.0183 0.5728 0.0000 3.2000 0.0000 0.0000 0.0000 0.0000 0.0000 6.3700 3.2000 
2022 10 24 15 6.2500 88.3500 0.0000 0.0000 6.1658 753.0297 0.5740 0.0000 3.2000 0.0000 0.0000 0.0000 0.0000 0.0000 6.2500 3.2000 
2022 10 24 16 6.1100 114.1300 0.0000 0.0000 6.1763 753.0405 0.5751 0.0000 3.2000 0.0000 0.0000 0.0000 0.0000 0.0000 6.1100 3.2000 
2022 10 24 17 5.9600 123.8400 0.0000 0.0000 6.1862 753.0508 0.5762 0.0000 3.2000 0.0000 0.0000 0.0000 0.0000 0.0000 5.9600 3.2000 
2022 10 24 18 5.8300 130.7400 0.0000 0.0000 6.1957 753.0606 0.5773 0.0000 3.2000 0.0000 0.0000 0.0000 0.0000 0.0000 5.8300 3.2000 
2022 10 24 19 5.7100 111.0900 0.0000 0.0000 6.2047 753.0700 0.5783 0.0000 3.2000 0.0000 0.0000 0.0000 0.0000 0.0000 5.7100 3.2000 
2022 10 24 20 5.5700 92.6900 0.0000 0.0000 6.2133 753.0788 0.5793 0.0000 3.2000 0.0000 0.0000 0.0000 0.0000 0.0000 5.5700 3.2000 
2022 10 24 21 5.4500 91.7400 0.0000 0.0000 6.2214 753.0872 0.5802 0.0000 3.2000 0.0000 0.0000 0.0000 0.0000 0.0000 5.4500 3.2000 
2022 10 24 22 5.3500 83.6000 0.0000 0.0000 6.2291 753.0952 0.5810 0.0000 3.2000 0.0000 0.0000 0.0000 0.0000 0.0000 5.3500 3.2000 
2022 10 24 23 5.2800 61.0300 0.0000 0.0000 6.2366 753.1030 0.5818 0.0000 3.2000 0.0000 0.0000 0.0000 0.0000 0.0000 5.2800 3.2000 
2022 10 25 0 5.2200 54.2400 0.0000 0.0000 6.2439 753.1105 0.5827 0.0000 3.2000 0.0000 0.0000 0.0000 0.0000 0.0000 5.2200 3.2000 
2022 10 25 1 5.1700 60.5500 0.0000 0.0000 6.2510 753.1179 0.5834 0.0000 3.2000 0.0000 0.0000 0.0000 0.0000 0.0000 5.1700 3.2000 
2022 10 25 2 5.1100 60.2400 0.0000 0.0000 6.2578 753.1250 0.5842 0.0000 3.2000 0.0000 0.0000 0.0000 0.0000 0.0000 5.1100 3.2000 
2022 10 25 3 5.0600 72.2600 0.0000 0.0000 6.2645 753.1319 0.5849 0.0000 3.2000 0.0000 0.0000 0.0000 0.0000 0.0000 5.0600 3.2000 
2022 10 25 4 5.0000 75.7600 0.0000 0.0000 6.2710 753.1386 0.5857 0.0000 3.2000 0.0000 0.0000 0.0000 0.0000 0.0000 5.0000 3.2000 
2022 10 25 5 4.9600 92.5200 0.0000 0.0000 6.2773 753.1452 0.5864 0.0000 3.2000 0.0000 0.0000 0.0000 0.0000 0.0000 4.9600 3.2000 
2022 10 25 6 4.9200 121.1600 0.0000 0.0000 6.2835 753.1516 0.5871 0.0000 3.2000 0.0000 0.0000 0.0000 0.0000 0.0000 4.9200 3.2000 
2022 10 25 7 4.9000 131.5800 0.0000 0.0000 6.2897 753.1579 0.5877 0.0000 3.2000 0.0000 0.0000 0.0000 0.0000 0.0000 4.9000 3.2000 
2022 10 25 8 4.8700 131.0700 0.0000 0.0000 6.2957 753.1642 0.5884 0.0000 3.2000 0.0000 0.0000 0.0000 0.0000 0.0000 4.8700 3.2000 
2022 10 25 9 4.8600 113.2600 0.0000 0.0000 6.3016 753.1703 0.5891 0.0000 3.2000 0.0000 0.0000 0.0000 0.0000 0.0000 4.8600 3.2000 
2022 10 25 10 4.8400 107.0900 0.0000 0.0000 6.3076 753.1765 0.5897 0.0000 3.2000 0.0000 0.0000 0.0000 0.0000 0.0000 4.8400 3.2000 
2022 10 25 11 4.8000 100.1800 0.0000 0.0000 6.3133 753.1824 0.5904 0.0000 3.2000 0.0000 0.0000 0.0000 0.0000 0.0000 4.8000 3.2000 
2022 10 25 12 4.7800 84.3800 0.0000 0.0000 6.3190 753.1883 0.5910 0.0000 3.2000 0.0000 0.0000 0.0000 0.0000 0.0000 4.7800 3.2000 
2022 10 25 13 4.7300 85.7400 0.0000 0.0000 6.3245 753.1940 0.5916 0.0000 3.2000 0.0000 0.0000 0.0000 0.0000 0.0000 4.7300 3.2000 
2022 10 25 14 4.6900 103.6100 0.0000 0.0000 6.3299 753.1996 0.5922 0.0000 3.2000 0.0000 0.0000 0.0000 0.0000 0.0000 4.6900 3.2000 
2022 10 25 15 4.6400 120.0900 0.0000 0.0000 6.3351 753.2049 0.5928 0.0000 3.2000 0.0000 0.0000 0.0000 0.0000 0.0000 4.6400 3.2000 
2022 10 25 16 4.6200 154.7800 0.0000 0.0000 6.3402 753.2102 0.5934 0.0000 3.2000 0.0000 0.0000 0.0000 0.0000 0.0000 4.6200 3.2000 
2022 10 25 17 4.5800 177.6700 0.0000 0.0000 6.3451 753.2154 0.5939 0.0000 3.2000 0.0000 0.0000 0.0000 0.0000 0.0000 4.5800 3.2000 
2022 10 25 18 4.5400 184.2700 0.0000 0.0000 6.3500 753.2204 0.5944 0.0000 3.2000 0.0000 0.0000 0.0000 0.0000 0.0000 4.5400 3.2000 
2022 10 25 19 4.5000 154.0300 0.0000 0.0000 6.3546 753.2252 0.5950 0.0000 3.2000 0.0000 0.0000 0.0000 0.0000 0.0000 4.5000 3.2000 
2022 10 25 20 4.4500 131.2900 0.0000 0.0000 6.3591 753.2299 0.5955 0.0000 3.2000 0.0000 0.0000 0.0000 0.0000 0.0000 4.4500 3.2000 
2022 10 25 21 4.4100 121.4600 0.0000 0.0000 6.3635 753.2344 0.5959 0.0000 3.2000 0.0000 0.0000 0.0000 0.0000 0.0000 4.4100 3.2000 
2022 10 25 22 4.3900 116.2600 0.0000 0.0000 6.3678 753.2388 0.5964 0.0000 3.2000 0.0000 0.0000 0.0000 0.0000 0.0000 4.3900 3.2000 
2022 10 25 23 4.3900 98.6900 0.0000 0.0000 6.3721 753.2433 0.5969 0.0000 3.2000 0.0000 0.0000 0.0000 0.0000 0.0000 4.3900 3.2000 
2022 10 26 0 4.4000 94.2900 0.0000 0.0000 6.3764 753.2477 0.5974 0.0000 3.2000 0.0000 0.0000 0.0000 0.0000 0.0000 4.4000 3.2000 
2022 10 26 1 4.4600 91.3300 0.0000 0.0000 6.3809 753.2524 0.5979 0.0000 3.2000 0.0000 0.0000 0.0000 0.0000 0.0000 4.4600 3.2000 
2022 10 26 2 4.6000 89.6800 0.0000 0.0000 6.3860 753.2577 0.5984 0.0000 3.2000 0.0000 0.0000 0.0000 0.0000 0.0000 4.6000 3.2000 
2022 10 26 3 4.9700 97.6000 0.0000 0.0000 6.3923 753.2642 0.5991 0.0000 3.2000 0.0000 0.0000 0.0000 0.0000 0.0000 4.9700 3.2000 
2022 10 26 4 6.1400 108.9800 0.0000 0.0000 6.4029 753.2752 0.6003 0.0000 3.2000 0.0000 0.0000 0.0000 0.0000 0.0000 6.1400 3.2000 
2022 10 26 5 7.4200 129.2000 0.0000 0.0000 6.4181 753.2909 0.6020 0.0000 3.2000 0.0000 0.0000 0.0000 0.0000 0.0000 7.4200 3.2000 
2022 10 26 6 8.9800 156.7000 0.0000 0.0000 6.4389 753.3125 0.6043 0.0000 3.2000 0.0000 0.0000 0.0000 0.0000 0.0000 8.9800 3.2000 
2022 10 26 7 11.0300 163.5600 0.0000 0.0000 6.4671 753.3417 0.6075 0.0000 3.2000 0.0000 0.0000 0.0000 0.0000 0.0000 11.0300 3.2000 
2022 10 26 8 13.3400 151.4200 0.0000 0.0000 6.5036 753.3795 0.6115 0.0000 3.2000 0.0000 0.0000 0.0000 0.0000 0.0000 13.3400 3.2000 
2022 10 26 9 15.3600 134.7900 0.0000 0.0000 6.5474 753.4248 0.6164 0.0000 3.2000 0.0000 0.0000 0.0000 0.0000 0.0000 15.3600 3.2000 
2022 10 26 10 16.6400 119.9000 0.0000 0.0000 6.5958 753.4749 0.6218 0.0000 3.2000 0.0000 0.0000 0.0000 0.0000 0.0000 16.6400 3.2000 
2022 10 26 11 17.2300 117.1400 0.0000 0.0000 6.6463 753.5272 0.6274 0.0000 3.2000 0.0000 0.0000 0.0000 0.0000 0.0000 17.2300 3.2000 
2022 10 26 12 17.3100 117.2200 0.0000 0.0000 6.6971 753.5798 0.6330 0.0000 3.2000 0.0000 0.0000 0.0000 0.0000 0.0000 17.3100 3.2000 
2022 10 26 13 17.0800 120.4200 0.0000 0.0000 6.7470 753.6316 0.6386 0.0000 3.2000 0.0000 0.0000 0.0000 0.0000 0.0000 17.0800 3.2000 
2022 10 26 14 16.5800 130.0700 0.0000 0.0000 6.7952 753.6814 0.6439 0.0000 3.2000 0.0000 0.0000 0.0000 0.0000 0.0000 16.5800 3.2000 
2022 10 26 15 15.9200 144.2800 0.0000 0.0000 6.8410 753.7288 0.6490 0.0000 3.2000 0.0000 0.0000 0.0000 0.0000 0.0000 15.9200 3.2000 
2022 10 26 16 15.1500 144.4000 0.0000 0.0000 6.8840 753.7734 0.6538 0.0000 3.2000 0.0000 0.0000 0.0000 0.0000 0.0000 15.1500 3.2000 
2022 10 26 17 14.3600 140.8600 0.0000 0.0000 6.9242 753.8150 0.6582 0.0000 3.2000 0.0000 0.0000 0.0000 0.0000 0.0000 14.3600 3.2000 
2022 10 26 18 13.5800 140.5200 0.0000 0.0000 6.9616 753.8537 0.6624 0.0000 3.2000 0.0000 0.0000 0.0000 0.0000 0.0000 13.5800 3.2000 
2022 10 26 19 12.8300 128.8000 0.0000 0.0000 6.9962 753.8896 0.6662 0.0000 3.2000 0.0000 0.0000 0.0000 0.0000 0.0000 12.8300 3.2000 
2022 10 26 20 12.1300 111.7400 0.0000 0.0000 7.0284 753.9229 0.6698 0.0000 3.2000 0.0000 0.0000 0.0000 0.0000 0.0000 12.1300 3.2000 
2022 10 26 21 11.4700 99.5600 0.0000 0.0000 7.0582 753.9537 0.6731 0.0000 3.2000 0.0000 0.0000 0.0000 0.0000 0.0000 11.4700 3.2000 
2022 10 26 22 10.8300 91.1100 0.0000 0.0000 7.0856 753.9822 0.6762 0.0000 3.2000 0.0000 0.0000 0.0000 0.0000 0.0000 10.8300 3.2000 
2022 10 26 23 10.2700 92.2500 0.0000 0.0000 7.1111 754.0085 0.6790 0.0000 3.2000 0.0000 0.0000 0.0000 0.0000 0.0000 10.2700 3.2000 
2022 10 27 0 9.7500 96.4600 0.0000 0.0000 7.1347 754.0329 0.6816 0.0000 3.2000 0.0000 0.0000 0.0000 0.0000 0.0000 9.7500 3.2000 
2022 10 27 1 9.3100 98.5000 0.0000 0.0000 7.1566 754.0557 0.6841 0.0000 3.2000 0.0000 0.0000 0.0000 0.0000 0.0000 9.3100 3.2000 
2022 10 27 2 8.8800 96.3600 0.0000 0.0000 7.1771 754.0769 0.6863 0.0000 3.2000 0.0000 0.0000 0.0000 0.0000 0.0000 8.8800 3.2000 
2022 10 27 3 8.4900 98.7000 0.0000 0.0000 7.1961 754.0966 0.6885 0.0000 3.2000 0.0000 0.0000 0.0000 0.0000 0.0000 8.4900 3.2000 
2022 10 27 4 8.1700 109.7800 0.0000 0.0000 7.2140 754.1151 0.6904 0.0000 3.2000 0.0000 0.0000 0.0000 0.0000 0.0000 8.1700 3.2000 
2022 10 27 5 7.8800 124.4500 0.0000 0.0000 7.2309 754.1326 0.6923 0.0000 3.2000 0.0000 0.0000 0.0000 0.0000 0.0000 7.8800 3.2000 
2022 10 27 6 7.5700 161.5500 0.0000 0.0000 7.2466 754.1489 0.6941 0.0000 3.2000 0.0000 0.0000 0.0000 0.0000 0.0000 7.5700 3.2000 
2022 10 27 7 7.2800 142.8300 0.0000 0.0000 7.2613 754.1641 0.6957 0.0000 3.2000 0.0000 0.0000 0.0000 0.0000 0.0000 7.2800 3.2000 
2022 10 27 8 7.0400 135.2100 0.0000 0.0000 7.2751 754.1784 0.6972 0.0000 3.2000 0.0000 0.0000 0.0000 0.0000 0.0000 7.0400 3.2000 
2022 10 27 9 6.8200 130.7300 0.0000 0.0000 7.2882 754.1919 0.6987 0.0000 3.2000 0.0000 0.0000 0.0000 0.0000 0.0000 6.8200 3.2000 
2022 10 27 10 6.6100 119.3600 0.0000 0.0000 7.3004 754.2046 0.7000 0.0000 3.2000 0.0000 0.0000 0.0000 0.0000 0.0000 6.6100 3.2000 
2022 10 27 11 6.4200 108.3600 0.0000 0.0000 7.3120 754.2166 0.7013 0.0000 3.2000 0.0000 0.0000 0.0000 0.0000 0.0000 6.4200 3.2000 
2022 10 27 12 6.2500 101.4400 0.0000 0.0000 7.3230 754.2280 0.7026 0.0000 3.2000 0.0000 0.0000 0.0000 0.0000 0.0000 6.2500 3.2000 
2022 10 27 13 6.0800 106.3200 0.0000 0.0000 7.3334 754.2387 0.7037 0.0000 3.2000 0.0000 0.0000 0.0000 0.0000 0.0000 6.0800 3.2000 
2022 10 27 14 5.9200 120.2800 0.0000 0.0000 7.3432 754.2488 0.7048 0.0000 3.2000 0.0000 0.0000 0.0000 0.0000 0.0000 5.9200 3.2000 
2022 10 27 15 5.7600 128.8300 0.0000 0.0000 7.3524 754.2584 0.7058 0.0000 3.2000 0.0000 0.0000 0.0000 0.0000 0.0000 5.7600 3.2000 
2022 10 27 16 5.6100 124.8800 0.0000 0.0000 7.3611 754.2674 0.7068 0.0000 3.2000 0.0000 0.0000 0.0000 0.0000 0.0000 5.6100 3.2000 
2022 10 27 17 5.4900 126.5800 0.0000 0.0000 7.3693 754.2759 0.7077 0.0000 3.2000 0.0000 0.0000 0.0000 0.0000 0.0000 5.4900 3.2000 
2022 10 27 18 5.3900 127.9400 0.0000 0.0000 7.3772 754.2841 0.7086 0.0000 3.2000 0.0000 0.0000 0.0000 0.0000 0.0000 5.3900 3.2000 
2022 10 27 19 5.2900 125.3200 0.0000 0.0000 7.3847 754.2919 0.7094 0.0000 3.2000 0.0000 0.0000 0.0000 0.0000 0.0000 5.2900 3.2000 
2022 10 27 20 5.1600 128.3400 0.0000 0.0000 7.3918 754.2992 0.7102 0.0000 3.2000 0.0000 0.0000 0.0000 0.0000 0.0000 5.1600 3.2000 
2022 10 27 21 5.0700 118.7100 0.0000 0.0000 7.3985 754.3061 0.7109 0.0000 3.2000 0.0000 0.0000 0.0000 0.0000 0.0000 5.0700 3.2000 
2022 10 27 22 5.0200 101.7200 0.0000 0.0000 7.4050 754.3129 0.7117 0.0000 3.2000 0.0000 0.0000 0.0000 0.0000 0.0000 5.0200 3.2000 
2022 10 27 23 4.9600 91.1400 0.0000 0.0000 7.4114 754.3195 0.7124 0.0000 3.2000 0.0000 0.0000 0.0000 0.0000 0.0000 4.9600 3.2000 
2022 10 28 0 4.9000 91.4600 0.0000 0.0000 7.4175 754.3258 0.7131 0.0000 3.2000 0.0000 0.0000 0.0000 0.0000 0.0000 4.9000 3.2000 
2022 10 28 1 4.8600 91.1400 0.0000 0.0000 7.4235 754.3320 0.7137 0.0000 3.2000 0.0000 0.0000 0.0000 0.0000 0.0000 4.8600 3.2000 
2022 10 28 2 4.8200 91.0000 0.0000 0.0000 7.4293 754.3380 0.7144 0.0000 3.2000 0.0000 0.0000 0.0000 0.0000 0.0000 4.8200 3.2000 
2022 10 28 3 4.7600 92.2100 0.0000 0.0000 7.4349 754.3439 0.7150 0.0000 3.2000 0.0000 0.0000 0.0000 0.0000 0.0000 4.7600 3.2000 
2022 10 28 4 4.7300 100.1900 0.0000 0.0000 7.4404 754.3496 0.7156 0.0000 3.2000 0.0000 0.0000 0.0000 0.0000 0.0000 4.7300 3.2000 
2022 10 28 5 4.6900 106.6800 0.0000 0.0000 7.4458 754.3551 0.7162 0.0000 3.2000 0.0000 0.0000 0.0000 0.0000 0.0000 4.6900 3.2000 
2022 10 28 6 4.6700 118.6700 0.0000 0.0000 7.4511 754.3606 0.7168 0.0000 3.2000 0.0000 0.0000 0.0000 0.0000 0.0000 4.6700 3.2000 
2022 10 28 7 4.6700 122.1100 0.0000 0.0000 7.4564 754.3661 0.7174 0.0000 3.2000 0.0000 0.0000 0.0000 0.0000 0.0000 4.6700 3.2000 
2022 10 28 8 4.7000 123.5800 0.0000 0.0000 7.4618 754.3717 0.7180 0.0000 3.2000 0.0000 0.0000 0.0000 0.0000 0.0000 4.7000 3.2000 
2022 10 28 9 4.7400 111.6000 0.0000 0.0000 7.4673 754.3774 0.7186 0.0000 3.2000 0.0000 0.0000 0.0000 0.0000 0.0000 4.7400 3.2000 
2022 10 28 10 4.8000 105.3800 0.0000 0.0000 7.4731 754.3834 0.7192 0.0000 3.2000 0.0000 0.0000 0.0000 0.0000 0.0000 4.8000 3.2000 
2022 10 28 11 4.8700 100.3100 0.0000 0.0000 7.4791 754.3896 0.7199 0.0000 3.2000 0.0000 0.0000 0.0000 0.0000 0.0000 4.8700 3.2000 
2022 10 28 12 4.9400 89.2200 0.0000 0.0000 7.4854 754.3961 0.7206 0.0000 3.2000 0.0000 0.0000 0.0000 0.0000 0.0000 4.9400 3.2000 
2022 10 28 13 4.9700 92.5200 0.0000 0.0000 7.4917 754.4027 0.7213 0.0000 3.2000 0.0000 0.0000 0.0000 0.0000 0.0000 4.9700 3.2000 
2022 10 28 14 5.0300 96.5200 0.0000 0.0000 7.4983 754.4095 0.7220 0.0000 3.2000 0.0000 0.0000 0.0000 0.0000 0.0000 5.0300 3.2000 
2022 10 28 15 5.0700 105.8900 0.0000 0.0000 7.5051 754.4165 0.7228 0.0000 3.2000 0.0000 0.0000 0.0000 0.0000 0.0000 5.0700 3.2000 
2022 10 28 16 5.1400 108.7200 0.0000 0.0000 7.5120 754.4237 0.7236 0.0000 3.2000 0.0000 0.0000 0.0000 0.0000 0.0000 5.1400 3.2000 
2022 10 28 17 5.1700 117.8800 0.0000 0.0000 7.5191 754.4311 0.7243 0.0000 3.2000 0.0000 0.0000 0.0000 0.0000 0.0000 5.1700 3.2000 
2022 10 28 18 5.2000 124.8000 0.0000 0.0000 7.5263 754.4385 0.7251 0.0000 3.2000 0.0000 0.0000 0.0000 0.0000 0.0000 5.2000 3.2000 
2022 10 28 19 5.2300 111.7800 0.0000 0.0000 7.5336 754.4461 0.7260 0.0000 3.2000 0.0000 0.0000 0.0000 0.0000 0.0000 5.2300 3.2000 
2022 10 28 20 5.2500 102.3700 0.0000 0.0000 7.5410 754.4537 0.7268 0.0000 3.2000 0.0000 0.0000 0.0000 0.0000 0.0000 5.2500 3.2000 
2022 10 28 21 5.2800 94.5000 0.0000 0.0000 7.5485 754.4615 0.7276 0.0000 3.2000 0.0000 0.0000 0.0000 0.0000 0.0000 5.2800 3.2000 
2022 10 28 22 5.2900 85.8800 0.0000 0.0000 7.5560 754.4693 0.7284 0.0000 3.2000 0.0000 0.0000 0.0000 0.0000 0.0000 5.2900 3.2000 
2022 10 28 23 5.3100 92.7900 0.0000 0.0000 7.5636 754.4771 0.7293 0.0000 3.2000 0.0000 0.0000 0.0000 0.0000 0.0000 5.3100 3.2000 
2022 10 29 0 5.3000 92.2500 0.0000 0.0000 7.5712 754.4850 0.7301 0.0000 3.2000 0.0000 0.0000 0.0000 0.0000 0.0000 5.3000 3.2000 
2022 10 29 1 5.2700 89.9100 0.0000 0.0000 7.5786 754.4927 0.7310 0.0000 3.2000 0.0000 0.0000 0.0000 0.0000 0.0000 5.2700 3.2000 
2022 10 29 2 5.2100 89.7900 0.0000 0.0000 7.5859 754.5002 0.7318 0.0000 3.2000 0.0000 0.0000 0.0000 0.0000 0.0000 5.2100 3.2000 
2022 10 29 3 5.1800 87.8600 0.0000 0.0000 7.5930 754.5075 0.7326 0.0000 3.2000 0.0000 0.0000 0.0000 0.0000 0.0000 5.1800 3.2000 
2022 10 29 4 5.1700 86.1900 0.0000 0.0000 7.6001 754.5149 0.7333 0.0000 3.2000 0.0000 0.0000 0.0000 0.0000 0.0000 5.1700 3.2000 
2022 10 29 5 5.1600 90.8800 0.0000 0.0000 7.6072 754.5222 0.7341 0.0000 3.2000 0.0000 0.0000 0.0000 0.0000 0.0000 5.1600 3.2000 
2022 10 29 6 5.1700 100.7500 0.0000 0.0000 7.6142 754.5295 0.7349 0.0000 3.2000 0.0000 0.0000 0.0000 0.0000 0.0000 5.1700 3.2000 
2022 10 29 7 5.2300 114.2300 0.0000 0.0000 7.6216 754.5371 0.7357 0.0000 3.2000 0.0000 0.0000 0.0000 0.0000 0.0000 5.2300 3.2000 
2022 10 29 8 5.2800 108.5600 0.0000 0.0000 7.6290 754.5449 0.7366 0.0000 3.2000 0.0000 0.0000 0.0000 0.0000 0.0000 5.2800 3.2000 
2022 10 29 9 5.3700 98.4600 0.0000 0.0000 7.6369 754.5530 0.7374 0.0000 3.2000 0.0000 0.0000 0.0000 0.0000 0.0000 5.3700 3.2000 
2022 10 29 10 5.4800 89.2800 0.0000 0.0000 7.6451 754.5615 0.7383 0.0000 3.2000 0.0000 0.0000 0.0000 0.0000 0.0000 5.4800 3.2000 
2022 10 29 11 5.5900 87.0800 0.0000 0.0000 7.6537 754.5704 0.7393 0.0000 3.2000 0.0000 0.0000 0.0000 0.0000 0.0000 5.5900 3.2000 
2022 10 29 12 5.7600 83.6000 0.0000 0.0000 7.6629 754.5799 0.7403 0.0000 3.2000 0.0000 0.0000 0.0000 0.0000 0.0000 5.7600 3.2000 
2022 10 29 13 5.9200 86.7300 0.0000 0.0000 7.6727 754.5900 0.7414 0.0000 3.2000 0.0000 0.0000 0.0000 0.0000 0.0000 5.9200 3.2000 
2022 10 29 14 6.1300 92.3200 0.0000 0.0000 7.6832 754.6010 0.7426 0.0000 3.2000 0.0000 0.0000 0.0000 0.0000 0.0000 6.1300 3.2000 
2022 10 29 15 6.3400 109.4300 0.0000 0.0000 7.6945 754.6127 0.7438 0.0000 3.2000 0.0000 0.0000 0.0000 0.0000 0.0000 6.3400 3.2000 
2022 10 29 16 6.5400 120.6600 0.0000 0.0000 7.7065 754.6251 0.7452 0.0000 3.2000 0.0000 0.0000 0.0000 0.0000 0.0000 6.5400 3.2000 
2022 10 29 17 6.7100 139.1200 0.0000 0.0000 7.7192 754.6382 0.7466 0.0000 3.2000 0.0000 0.0000 0.0000 0.0000 0.0000 6.7100 3.2000 
2022 10 29 18 6.8400 137.4600 0.0000 0.0000 7.7323 754.6518 0.7480 0.0000 3.2000 0.0000 0.0000 0.0000 0.0000 0.0000 6.8400 3.2000 
2022 10 29 19 6.9200 120.6200 0.0000 0.0000 7.7457 754.6656 0.7495 0.0000 3.2000 0.0000 0.0000 0.0000 0.0000 0.0000 6.9200 3.2000 
2022 10 29 20 6.9900 109.8000 0.0000 0.0000 7.7593 754.6798 0.7510 0.0000 3.2000 0.0000 0.0000 0.0000 0.0000 0.0000 6.9900 3.2000 
2022 10 29 21 7.0200 103.6700 0.0000 0.0000 7.7731 754.6940 0.7526 0.0000 3.2000 0.0000 0.0000 0.0000 0.0000 0.0000 7.0200 3.2000 
2022 10 29 22 6.9900 97.1400 0.0000 0.0000 7.7867 754.7081 0.7541 0.0000 3.2000 0.0000 0.0000 0.0000 0.0000 0.0000 6.9900 3.2000 
2022 10 29 23 6.9500 103.0900 0.0000 0.0000 7.8002 754.7221 0.7556 0.0000 3.2000 0.0000 0.0000 0.0000 0.0000 0.0000 6.9500 3.2000 
2022 10 30 0 6.9000 100.9400 0.0000 0.0000 7.8135 754.7359 0.7571 0.0000 3.2000 0.0000 0.0000 0.0000 0.0000 0.0000 6.9000 3.2000 
2022 10 30 1 6.8000 100.6700 0.0000 0.0000 7.8265 754.7493 0.7585 0.0000 3.2000 0.0000 0.0000 0.0000 0.0000 0.0000 6.8000 3.2000 
2022 10 30 2 6.6900 100.3400 0.0000 0.0000 7.8391 754.7623 0.7599 0.0000 3.2000 0.0000 0.0000 0.0000 0.0000 0.0000 6.6900 3.2000 
2022 10 30 3 6.5800 98.4200 0.0000 0.0000 7.8512 754.7749 0.7612 0.0000 3.2000 0.0000 0.0000 0.0000 0.0000 0.0000 6.5800 3.2000 
2022 10 30 4 6.4500 98.5700 0.0000 0.0000 7.8629 754.7871 0.7625 0.0000 3.2000 0.0000 0.0000 0.0000 0.0000 0.0000 6.4500 3.2000 
2022 10 30 5 6.3100 99.0900 0.0000 0.0000 7.8741 754.7987 0.7638 0.0000 3.2000 0.0000 0.0000 0.0000 0.0000 0.0000 6.3100 3.2000 
2022 10 30 6 6.1900 100.8900 0.0000 0.0000 7.8849 754.8098 0.7650 0.0000 3.2000 0.0000 0.0000 0.0000 0.0000 0.0000 6.1900 3.2000 
2022 10 30 7 6.0600 109.9400 0.0000 0.0000 7.8952 754.8205 0.7661 0.0000 3.2000 0.0000 0.0000 0.0000 0.0000 0.0000 6.0600 3.2000 
2022 10 30 8 5.9300 113.2300 0.0000 0.0000 7.9050 754.8306 0.7672 0.0000 3.2000 0.0000 0.0000 0.0000 0.0000 0.0000 5.9300 3.2000 
2022 10 30 9 5.7400 105.2600 0.0000 0.0000 7.9142 754.8401 0.7682 0.0000 3.2000 0.0000 0.0000 0.0000 0.0000 0.0000 5.7400 3.2000 
2022 10 30 10 5.5800 103.0000 0.0000 0.0000 7.9227 754.8490 0.7692 0.0000 3.2000 0.0000 0.0000 0.0000 0.0000 0.0000 5.5800 3.2000 
2022 10 30 11 5.4300 103.1400 0.0000 0.0000 7.9308 754.8573 0.7701 0.0000 3.2000 0.0000 0.0000 0.0000 0.0000 0.0000 5.4300 3.2000 
2022 10 30 12 5.2700 103.1000 0.0000 0.0000 7.9382 754.8650 0.7709 0.0000 3.2000 0.0000 0.0000 0.0000 0.0000 0.0000 5.2700 3.2000 
2022 10 30 13 5.1300 105.8200 0.0000 0.0000 7.9452 754.8722 0.7717 0.0000 3.2000 0.0000 0.0000 0.0000 0.0000 0.0000 5.1300 3.2000 
2022 10 30 14 4.9900 110.1200 0.0000 0.0000 7.9516 754.8789 0.7724 0.0000 3.2000 0.0000 0.0000 0.0000 0.0000 0.0000 4.9900 3.2000 
2022 10 30 15 4.8700 125.4000 0.0000 0.0000 7.9576 754.8851 0.7731 0.0000 3.2000 0.0000 0.0000 0.0000 0.0000 0.0000 4.8700 3.2000 
2022 10 30 16 4.7600 139.7600 0.0000 0.0000 7.9632 754.8909 0.7737 0.0000 3.2000 0.0000 0.0000 0.0000 0.0000 0.0000 4.7600 3.2000 
2022 10 30 17 4.6500 155.8500 0.0000 0.0000 7.9684 754.8963 0.7743 0.0000 3.2000 0.0000 0.0000 0.0000 0.0000 0.0000 4.6500 3.2000 
2022 10 30 18 4.5400 170.0500 0.0000 0.0000 7.9733 754.9013 0.7748 0.0000 3.2000 0.0000 0.0000 0.0000 0.0000 0.0000 4.5400 3.2000 
2022 10 30 19 4.4400 164.6800 0.0000 0.0000 7.9777 754.9059 0.7753 0.0000 3.2000 0.0000 0.0000 0.0000 0.0000 0.0000 4.4400 3.2000 
2022 10 30 20 4.3400 147.2300 0.0000 0.0000 7.9818 754.9102 0.7758 0.0000 3.2000 0.0000 0.0000 0.0000 0.0000 0.0000 4.3400 3.2000 
2022 10 30 21 4.2400 138.8300 0.0000 0.0000 7.9856 754.9141 0.7762 0.0000 3.2000 0.0000 0.0000 0.0000 0.0000 0.0000 4.2400 3.2000 
2022 10 30 22 4.1500 126.8800 0.0000 0.0000 7.9890 754.9176 0.7766 0.0000 3.2000 0.0000 0.0000 0.0000 0.0000 0.0000 4.1500 3.2000 
2022 10 30 23 4.0700 109.1600 0.0000 0.0000 7.9921 754.9209 0.7769 0.0000 3.2000 0.0000 0.0000 0.0000 0.0000 0.0000 4.0700 3.2000 
2022 10 31 0 3.9700 129.2600 0.0000 0.0000 7.9949 754.9237 0.7772 0.0000 3.2000 0.0000 0.0000 0.0000 0.0000 0.0000 3.9700 3.2000 
2022 10 31 1 3.9000 118.9800 0.0000 0.0000 7.9974 754.9263 0.7775 0.0000 3.2000 0.0000 0.0000 0.0000 0.0000 0.0000 3.9000 3.2000 
2022 10 31 2 3.8200 116.2100 0.0000 0.0000 7.9997 754.9286 0.7777 0.0000 3.2000 0.0000 0.0000 0.0000 0.0000 0.0000 3.8200 3.2000 
2022 10 31 3 3.7500 114.5000 0.0000 0.0000 8.0016 754.9307 0.7780 0.0000 3.2000 0.0000 0.0000 0.0000 0.0000 0.0000 3.7500 3.2000 
2022 10 31 4 3.6800 114.9600 0.0000 0.0000 8.0034 754.9325 0.7782 0.0000 3.2000 0.0000 0.0000 0.0000 0.0000 0.0000 3.6800 3.2000 
2022 10 31 5 3.6000 123.5900 0.0000 0.0000 8.0048 754.9340 0.7783 0.0000 3.2000 0.0000 0.0000 0.0000 0.0000 0.0000 3.6000 3.2000 
2022 10 31 6 3.5400 144.6800 0.0000 0.0000 8.0060 754.9352 0.7784 0.0000 3.2000 0.0000 0.0000 0.0000 0.0000 0.0000 3.5400 3.2000 
2022 10 31 7 3.4800 166.2400 0.0000 0.0000 8.0070 754.9363 0.7786 0.0000 3.2000 0.0000 0.0000 0.0000 0.0000 0.0000 3.4800 3.2000 
2022 10 31 8 3.4300 167.5400 0.0000 0.0000 8.0079 754.9371 0.7787 0.0000 3.2000 0.0000 0.0000 0.0000 0.0000 0.0000 3.4300 3.2000 
2022 10 31 9 3.3800 153.4700 0.0000 0.0000 8.0085 754.9378 0.7787 0.0000 3.2000 0.0000 0.0000 0.0000 0.0000 0.0000 3.3800 3.2000 
2022 10 31 10 3.3200 143.5100 0.0000 0.0000 8.0089 754.9383 0.7788 0.0000 3.2000 0.0000 0.0000 0.0000 0.0000 0.0000 3.3200 3.2000 
2022 10 31 11 3.2800 142.1100 0.0000 0.0000 8.0092 754.9386 0.7788 0.0000 3.2000 0.0000 0.0000 0.0000 0.0000 0.0000 3.2800 3.2000 
2022 10 31 12 3.2300 142.1200 0.0000 0.0000 8.0093 754.9387 0.7788 0.0000 3.2000 0.0000 0.0000 0.0000 0.0000 0.0000 3.2300 3.2000 
2022 10 31 13 3.1900 146.1300 0.0000 0.0000 8.0093 754.9386 0.7788 0.0000 3.2000 0.0000 0.0000 0.0000 0.0000 0.0000 3.1900 3.2000 
2022 10 31 14 3.1700 155.1800 0.0000 0.0000 8.0092 754.9385 0.7788 0.0000 3.2000 0.0000 0.0000 0.0000 0.0000 0.0000 3.1700 3.2000 
2022 10 31 15 3.1400 168.6800 0.0000 0.0000 8.0090 754.9383 0.7788 0.0000 3.2000 0.0000 0.0000 0.0000 0.0000 0.0000 3.1400 3.2000 
2022 10 31 16 3.1200 172.2000 0.0000 0.0000 8.0087 754.9380 0.7787 0.0000 3.2000 0.0000 0.0000 0.0000 0.0000 0.0000 3.1200 3.2000 
2022 10 31 17 3.1100 181.3900 0.0000 0.0000 8.0084 754.9377 0.7787 0.0000 3.2000 0.0000 0.0000 0.0000 0.0000 0.0000 3.1100 3.2000 
2022 10 31 18 3.1100 182.1300 0.0000 0.0000 8.0080 754.9373 0.7787 0.0000 3.2000 0.0000 0.0000 0.0000 0.0000 0.0000 3.1100 3.2000 
2022 10 31 19 3.1000 168.0100 0.0000 0.0000 8.0077 754.9370 0.7786 0.0000 3.2000 0.0000 0.0000 0.0000 0.0000 0.0000 3.1000 3.2000 
2022 10 31 20 3.1000 147.1500 0.0000 0.0000 8.0073 754.9366 0.7786 0.0000 3.2000 0.0000 0.0000 0.0000 0.0000 0.0000 3.1000 3.2000 
2022 10 31 21 3.1100 136.9300 0.0000 0.0000 8.0070 754.9362 0.7786 0.0000 3.2000 0.0000 0.0000 0.0000 0.0000 0.0000 3.1100 3.2000 
2022 10 31 22 3.1100 120.4000 0.0000 0.0000 8.0067 754.9359 0.7785 0.0000 3.2000 0.0000 0.0000 0.0000 0.0000 0.0000 3.1100 3.2000 
2022 10 31 23 3.1300 103.8600 0.0000 0.0000 8.0064 754.9357 0.7785 0.0000 3.2000 0.0000 0.0000 0.0000 0.0000 0.0000 3.1300 3.2000 
2022 11 1 0 3.3679 72.4900 0.0000 0.0000 8.0209 754.9507 0.7801 0.0000 3.2000 0.0000 0.0000 0.0000 0.0000 0.0000 3.3679 3.2000 
2022 11 2 0 5.4346 71.1700 0.0000 0.0000 8.2140 755.1506 0.8016 0.0000 3.2000 0.0000 0.0000 0.0000 0.0000 0.0000 5.4346 3.2000 
2022 11 3 0 10.7996 86.5000 0.0000 0.0000 8.8706 755.8305 0.8745 0.0000 3.2000 0.0000 0.0000 0.0000 0.0000 0.0000 10.7996 3.2000 
2022 11 4 0 9.9267 72.6700 0.0000 0.0000 9.4518 756.4323 0.9391 0.0000 3.2000 0.0000 0.0000 0.0000 0.0000 0.0000 9.9267 3.2000 
2022 11 5 0 8.1554 47.6500 0.0000 0.0000 9.8799 756.8757 0.9867 0.0000 3.2000 0.0000 0.0000 0.0000 0.0000 0.0000 8.1554 3.2000 
2022 11 6 0 6.0283 35.7500 0.0000 0.0000 10.1028 757.0206 1.0114 0.0000 3.2000 0.0000 0.2486 0.0000 0.0000 0.0000 6.0283 3.4486 
2022 11 7 0 7.6121 43.8300 0.0000 0.0000 10.4004 757.0801 1.0445 0.0000 3.2000 0.0000 0.9681 0.0000 0.0000 0.0000 7.6121 4.1681 
2022 11 8 0 6.5362 51.0900 0.0000 0.0000 10.5696 757.1139 1.0633 0.0000 3.2000 0.0000 1.3773 0.0000 0.0000 0.0000 6.5362 4.5773 
2022 11 9 0 7.6112 42.5700 0.0000 0.0000 10.7865 757.1573 1.0874 0.0000 3.2000 0.0000 1.9015 0.0000 0.0000 0.0000 7.6112 5.1015 
2022 11 10 0 5.8762 27.4000 0.0000 0.0000 10.8418 757.1684 1.0935 0.0000 3.2000 0.0000 2.0354 0.0000 0.0000 0.0000 5.8762 5.2354 
2022 11 11 0 4.7525 2.0000 0.0000 0.0000 10.8073 757.1615 1.0897 0.0000 3.2000 0.0000 1.9520 0.0000 0.0000 0.0000 4.7525 5.1520 
2022 11 12 0 3.8879 2.3700 0.0000 0.0000 10.7170 757.1434 1.0797 0.0000 3.2000 0.0000 1.7335 0.0000 0.0000 0.0000 3.8879 4.9335 
2022 11 13 0 3.3258 29.9300 0.0000 0.0000 10.6021 757.1204 1.0669 0.0000 3.2000 0.0000 1.4557 0.0000 0.0000 0.0000 3.3258 4.6557 
2022 11 14 0 3.2487 53.6800 0.0000 0.0000 10.5015 757.1003 1.0557 0.0000 3.2000 0.0000 1.2126 0.0000 0.0000 0.0000 3.2487 4.4126 
2022 11 15 0 4.5492 53.7500 0.0000 0.0000 10.5113 757.1023 1.0568 0.0000 3.2000 0.0000 1.2362 0.0000 0.0000 0.0000 4.5492 4.4362 
2022 11 16 0 6.8350 27.6900 0.0000 0.0000 10.6827 757.1365 1.0759 0.0000 3.2000 0.0000 1.6507 0.0000 0.0000 0.0000 6.8350 4.8507 
2022 11 17 0 13.0854 48.9100 0.0000 0.0000 11.2713 757.2543 1.1413 0.0000 3.2000 0.0000 3.0737 0.0000 0.0000 0.0000 13.0854 6.2737 
2022 11 18 0 6.3917 113.7000 0.0000 0.0000 11.2797 757.2559 1.1422 0.0000 3.2000 0.0000 3.0941 0.0000 0.0000 0.0000 6.3917 6.2941 
2022 11 19 0 3.7746 167.1000 0.0000 0.0000 11.0996 757.2199 1.1222 0.0000 3.2000 0.0000 2.6587 0.0000 0.0000 0.0000 3.7746 5.8587 
2022 11 20 0 4.0287 162.8400 0.0000 0.0000 10.9688 757.1938 1.1076 0.0000 3.2000 0.0000 2.3425 0.0000 0.0000 0.0000 4.0287 5.5425 
2022 11 21 0 2.7604 209.5500 0.0000 0.0000 10.7700 757.1540 1.0856 0.0000 3.2000 0.0000 1.8617 0.0000 0.0000 0.0000 2.7604 5.0617 
2022 11 22 0 2.3000 174.4300 0.0000 0.0000 10.5726 757.1145 1.0636 0.0000 3.2000 0.0000 1.3845 0.0000 0.0000 0.0000 2.3000 4.5845 
2022 11 23 0 2.8488 149.8400 0.0000 0.0000 10.4486 757.0897 1.0498 0.0000 3.2000 0.0000 1.0846 0.0000 0.0000 0.0000 2.8488 4.2846 
2022 11 24 0 2.9729 172.1800 0.0000 0.0000 10.3548 757.0710 1.0394 0.0000 3.2000 0.0000 0.8579 0.0000 0.0000 0.0000 2.9729 4.0579 
2022 11 25 0 4.0892 200.3300 0.0000 0.0000 10.3571 757.0714 1.0397 0.0000 3.2000 0.0000 0.8633 0.0000 0.0000 0.0000 4.0892 4.0633 
2022 11 26 0 5.8788 196.0200 0.0000 0.0000 10.4868 757.0974 1.0541 0.0000 3.2000 0.0000 1.1770 0.0000 0.0000 0.0000 5.8788 4.3770 
2022 11 27 0 6.6088 146.0400 0.0000 0.0000 10.6463 757.1293 1.0718 0.0000 3.2000 0.0000 1.5627 0.0000 0.0000 0.0000 6.6088 4.7627 
2022 11 28 0 7.8346 195.3000 0.0000 0.0000 10.8659 757.1732 1.0962 0.0000 3.2000 0.0000 2.0935 0.0000 0.0000 0.0000 7.8346 5.2935 
2022 11 29 0 5.3017 362.5600 0.0000 0.0000 10.8665 757.1733 1.0963 0.0000 3.2000 0.0000 2.0949 0.0000 0.0000 0.0000 5.3017 5.2949 
2022 11 30 0 3.6225 364.6000 0.0000 0.0000 10.7469 757.1494 1.0830 0.0000 3.2000 0.0000 1.8059 0.0000 0.0000 0.0000 3.6225 5.0059 
2022 12 1 0 2.7812 349.6500 0.0000 0.0000 10.5879 757.1176 1.0653 0.0000 3.2000 0.0000 1.4215 0.0000 0.0000 0.0000 2.7812 4.6215 
2022 12 2 0 2.3533 324.9900 0.0000 0.0000 10.4258 757.0852 1.0473 0.0000 3.2000 0.0000 1.0296 0.0000 0.0000 0.0000 2.3533 4.2296 
2022 12 3 0 1.9775 268.8200 0.0000 0.0000 10.2649 757.0530 1.0294 0.0000 3.2000 0.0000 0.6404 0.0000 0.0000 0.0000 1.9775 3.8404 
2022 12 4 0 1.8233 271.5000 0.0000 0.0000 10.1207 757.0241 1.0134 0.0000 3.2000 0.0000 0.2918 0.0000 0.0000 0.0000 1.8233 3.4918 
2022 12 5 0 1.7033 290.7800 0.0000 0.0000 9.9914 756.9911 0.9990 0.0000 3.2000 0.0000 0.0000 0.0000 0.0000 0.0000 1.7033 3.2000 
2022 12 6 0 1.6912 346.8000 0.0000 0.0000 9.8610 756.8561 0.9846 0.0000 3.2000 0.0000 0.0000 0.0000 0.0000 0.0000 1.6912 3.2000 
2022 12 7 0 1.6517 334.1100 0.0000 0.0000 9.7273 756.7176 0.9697 0.0000 3.2000 0.0000 0.0000 0.0000 0.0000 0.0000 1.6517 3.2000 
2022 12 8 0 1.7350 399.0300 0.0000 0.0000 9.6007 756.5865 0.9556 0.0000 3.2000 0.0000 0.0000 0.0000 0.0000 0.0000 1.7350 3.2000 
2022 12 9 0 1.8712 418.6900 0.0000 0.0000 9.4859 756.4676 0.9429 0.0000 3.2000 0.0000 0.0000 0.0000 0.0000 0.0000 1.8712 3.2000 
2022 12 10 0 1.8708 362.9800 0.0000 0.0000 9.3710 756.3487 0.9301 0.0000 3.2000 0.0000 0.0000 0.0000 0.0000 0.0000 1.8708 3.2000 
2022 12 11 0 1.9783 338.6100 0.0000 0.0000 9.2655 756.2394 0.9184 0.0000 3.2000 0.0000 0.0000 0.0000 0.0000 0.0000 1.9783 3.2000 
2022 12 12 0 1.9883 446.1100 0.0000 0.0000 9.1608 756.1310 0.9068 0.0000 3.2000 0.0000 0.0000 0.0000 0.0000 0.0000 1.9883 3.2000 
2022 12 13 0 1.8954 458.6300 0.0000 0.0000 9.0481 756.0143 0.8942 0.0000 3.2000 0.0000 0.0000 0.0000 0.0000 0.0000 1.8954 3.2000 
2022 12 14 0 1.7867 451.4100 0.0000 0.0000 8.9260 755.8878 0.8807 0.0000 3.2000 0.0000 0.0000 0.0000 0.0000 0.0000 1.7867 3.2000 
2022 12 15 0 1.6596 396.6100 0.0000 0.0000 8.7929 755.7500 0.8659 0.0000 3.2000 0.0000 0.0000 0.0000 0.0000 0.0000 1.6596 3.2000 
2022 12 16 0 1.5683 413.8400 0.0000 0.0000 8.6519 755.6040 0.8502 0.0000 3.2000 0.0000 0.0000 0.0000 0.0000 0.0000 1.5683 3.2000 
2022 12 17 0 1.5083 254.6500 0.0000 0.0000 8.5057 755.4527 0.8340 0.0000 3.2000 0.0000 0.0000 0.0000 0.0000 0.0000 1.5083 3.2000 
2022 12 18 0 1.5508 206.4000 0.0000 0.0000 8.3632 755.3051 0.8181 0.0000 3.2000 0.0000 0.0000 0.0000 0.0000 0.0000 1.5508 3.2000 
2022 12 19 0 1.6937 211.4800 0.0000 0.0000 8.2331 755.1704 0.8037 0.0000 3.2000 0.0000 0.0000 0.0000 0.0000 0.0000 1.6937 3.2000 
2022 12 20 0 2.1346 205.2500 0.0000 0.0000 8.1410 755.0750 0.7934 0.0000 3.2000 0.0000 0.0000 0.0000 0.0000 0.0000 2.1346 3.2000 
2022 12 21 0 3.7471 223.3000 0.0000 0.0000 8.1883 755.1240 0.7987 0.0000 3.2000 0.0000 0.0000 0.0000 0.0000 0.0000 3.7471 3.2000 
2022 12 22 0 3.8683 201.9700 0.0000 0.0000 8.2461 755.1838 0.8051 0.0000 3.2000 0.0000 0.0000 0.0000 0.0000 0.0000 3.8683 3.2000 
2022 12 23 0 2.8696 193.2900 0.0000 0.0000 8.2175 755.1542 0.8019 0.0000 3.2000 0.0000 0.0000 0.0000 0.0000 0.0000 2.8696 3.2000 
2022 12 24 0 2.0471 142.3700 0.0000 0.0000 8.1179 755.0511 0.7909 0.0000 3.2000 0.0000 0.0000 0.0000 0.0000 0.0000 2.0471 3.2000 
2022 12 25 0 1.6800 129.4400 0.0000 0.0000 7.9866 754.9151 0.7763 0.0000 3.2000 0.0000 0.0000 0.0000 0.0000 0.0000 1.6800 3.2000 
2022 12 26 0 3.1350 111.7200 0.0000 0.0000 7.9810 754.9093 0.7757 0.0000 3.2000 0.0000 0.0000 0.0000 0.0000 0.0000 3.1350 3.2000 
2022 12 27 0 2.5142 141.3500 0.0000 0.0000 7.9217 754.8479 0.7691 0.0000 3.2000 0.0000 0.0000 0.0000 0.0000 0.0000 2.5142 3.2000 
2022 12 28 0 1.8054 122.1300 0.0000 0.0000 7.8012 754.7231 0.7557 0.0000 3.2000 0.0000 0.0000 0.0000 0.0000 0.0000 1.8054 3.2000 
2022 12 29 0 1.7979 96.2800 0.0000 0.0000 7.6801 754.5977 0.7422 0.0000 3.2000 0.0000 0.0000 0.0000 0.0000 0.0000 1.7979 3.2000 
2022 12 30 0 1.6450 100.4100 0.0000 0.0000 7.5457 754.4586 0.7273 0.0000 3.2000 0.0000 0.0000 0.0000 0.0000 0.0000 1.6450 3.2000 
2022 12 31 0 2.0867 116.2200 0.0000 0.0000 7.4495 754.3590 0.7166 0.0000 3.2000 0.0000 0.0000 0.0000 0.0000 0.0000 2.0867 3.2000 
2023 1 1 0 1.4930 129.1100 0.0000 0.0000 6.6936 753.5763 0.6326 0.0000 2.7428 0.0000 0.0000 0.0000 0.0000 0.0000 1.4930 2.7428 
2023 1 8 0 2.6735 100.5200 0.0000 0.0000 8.3106 755.2506 0.8123 0.0000 0.0000 0.0000 0.0000 0.0000 0.0000 0.0000 2.6735 0.0000 
2023 1 15 0 1.3531 134.9100 0.0000 0.0000 9.1289 756.0980 0.9032 0.0000 0.0000 0.0000 0.0000 0.0000 0.0000 0.0000 1.3531 0.0000 
2023 1 22 0 1.2243 153.5500 0.0000 0.0000 9.8694 756.8647 0.9855 0.0000 0.0000 0.0000 0.0000 0.0000 0.0000 0.0000 1.2243 0.0000 
2023 1 29 0 1.1249 114.0700 0.0000 0.0000 10.0000 757.0000 1.0000 0.0000 0.0000 0.0000 0.9089 0.0000 0.0000 0.0000 1.1249 0.9089 
2023 2 5 0 0.8147 118.2100 0.0000 0.0000 10.0000 757.0000 1.0000 0.0000 0.0000 0.0000 0.8147 0.0000 0.0000 0.0000 0.8147 0.8147 
2023 2 12 0 0.9040 114.5300 0.0000 0.0000 10.0000 757.0000 1.0000 0.0000 0.0000 0.0000 0.9040 0.0000 0.0000 0.0000 0.9040 0.9040 
2023 2 19 0 1.1430 103.9800 0.0000 0.0000 10.0000 757.0000 1.0000 0.0000 0.0000 0.0000 1.1430 0.0000 0.0000 0.0000 1.1430 1.1430 
2023 2 26 0 1.7761 119.9500 0.0000 0.0000 10.0000 757.0000 1.0000 0.0000 0.3096 0.0000 1.4665 0.0000 0.0000 0.0000 1.7761 1.7761 
2023 3 5 0 0.8814 132.3400 0.0000 0.0000 8.1139 755.0469 0.7904 0.0000 4.0000 0.0000 0.0000 0.0000 0.0000 0.0000 0.8814 4.0000 
2023 3 12 0 0.6464 107.4200 0.0000 0.0000 6.0856 752.9466 0.5651 0.0000 4.0000 0.0000 0.0000 0.0000 0.0000 0.0000 0.6464 4.0000 
2023 3 19 0 0.8873 96.2600 0.0000 0.0000 4.2031 750.9972 0.3559 0.0000 4.0000 0.0000 0.0000 0.0000 0.0000 0.0000 0.8873 4.0000 
2023 3 26 0 2.4858 108.2600 0.0000 0.0000 3.7336 750.5111 0.3037 0.0000 3.2620 0.0000 0.0000 0.0000 0.0000 0.0000 2.4858 3.2620 
2023 4 2 0 3.0961 122.8700 0.0000 0.0000 5.6061 752.4501 0.5118 0.0000 0.0000 0.0000 0.0000 0.0000 0.0000 0.0000 3.0961 0.0000 
2023 4 9 0 2.7533 99.8300 0.0000 0.0000 6.1423 753.0053 0.5714 0.0000 1.8668 0.0000 0.0000 0.0000 0.0000 0.0000 2.7533 1.8668 
2023 4 16 0 4.5513 111.6700 0.0000 0.0000 6.9595 753.8516 0.6622 0.0000 3.2000 0.0000 0.0000 0.0000 0.0000 0.0000 4.5513 3.2000 
2023 4 23 0 5.9666 113.0000 0.0000 0.0000 8.6328 755.5842 0.8481 0.0000 3.2000 0.0000 0.0000 0.0000 0.0000 0.0000 5.9666 3.2000 
2023 4 30 0 3.9677 107.2500 0.0000 0.0000 9.0971 756.0650 0.8997 0.0000 3.2000 0.0000 0.0000 0.0000 0.0000 0.0000 3.9677 3.2000 
2023 5 7 0 8.1036 92.5400 0.0000 0.0000 10.0000 757.0000 1.0000 0.0000 1.9620 0.0000 4.6487 0.0000 0.0000 0.0000 8.1036 6.6107 
2023 5 14 0 14.0974 74.1000 0.0000 0.0000 10.0000 757.0000 1.0000 0.0000 0.0000 0.0000 14.0974 0.0000 0.0000 0.0000 14.0974 14.0974 
2023 5 21 0 10.6589 64.0600 0.0000 0.0000 10.0000 757.0000 1.0000 0.0000 0.0000 0.0000 10.6589 0.0000 0.0000 0.0000 10.6589 10.6589 
2023 5 28 0 4.6506 63.7800 0.0000 0.0000 10.0000 757.0000 1.0000 0.0000 0.0000 0.0000 4.6506 0.0000 0.0000 0.0000 4.6506 4.6506 
2023 6 4 0 1.5437 82.2700 0.0000 0.0000 10.0000 757.0000 1.0000 0.0000 0.0000 0.0000 1.5437 0.0000 0.0000 0.0000 1.5437 1.5437 
2023 6 11 0 0.5520 98.3300 0.0000 0.0000 10.0000 757.0000 1.0000 0.0000 0.0000 0.0000 0.5520 0.0000 0.0000 0.0000 0.5520 0.5520 
2023 6 18 0 0.8818 116.6200 0.0000 0.0000 10.0000 757.0000 1.0000 0.0000 0.0000 0.0000 0.8818 0.0000 0.0000 0.0000 0.8818 0.8818 
2023 6 25 0 0.5537 95.2200 0.0000 0.0000 10.0000 757.0000 1.0000 0.0000 0.0000 0.0000 0.5537 0.0000 0.0000 0.0000 0.5537 0.5537 
2023 7 2 0 0.7294 73.6100 0.0000 0.0000 10.0000 757.0000 1.0000 0.0000 0.0000 0.0000 0.7294 0.0000 0.0000 0.0000 0.7294 0.7294 
2023 7 9 0 1.3642 80.1600 0.0000 0.0000 10.0000 757.0000 1.0000 0.0000 0.0000 0.0000 1.3642 0.0000 0.0000 0.0000 1.3642 1.3642 
2023 7 16 0 2.1895 59.1900 0.0000 0.0000 10.0000 757.0000 1.0000 0.0000 1.8284 0.0000 0.3611 0.0000 0.0000 0.0000 2.1895 2.1895 
2023 7 23 0 0.9267 68.8000 0.0000 0.0000 8.6251 755.5763 0.8472 0.0000 3.2000 0.0000 0.0000 0.0000 0.0000 0.0000 0.9267 3.2000 
2023 7 30 0 1.0207 61.4400 0.0000 0.0000 7.3071 754.2115 0.7008 0.0000 3.2000 0.0000 0.0000 0.0000 0.0000 0.0000 1.0207 3.2000 
2023 8 6 0 1.1721 40.3600 0.0000 0.0000 6.0806 752.9414 0.5645 0.0000 3.2000 0.0000 0.0000 0.0000 0.0000 0.0000 1.1721 3.2000 
2023 8 13 0 1.4645 78.8100 0.0000 0.0000 5.0310 751.8545 0.4479 0.0000 3.2000 0.0000 0.0000 0.0000 0.0000 0.0000 1.4645 3.2000 
2023 8 20 0 1.5092 90.9300 0.0000 0.0000 4.0084 750.7956 0.3343 0.0000 3.2000 0.0000 0.0000 0.0000 0.0000 0.0000 1.5092 3.2000 
2023 8 27 0 1.4008 94.6300 0.0000 0.0000 2.9202 749.6324 0.2134 0.0000 3.2000 0.0000 0.0000 0.0000 0.0000 0.0000 1.4008 3.2000 
