RESERVOIR node 9 KROKNESVATN
reservoir_init_fr= 0.66000  init_masl=407.709
Filling at HRW [Mm3] = 218.57000
Filling at LRW [Mm3] = 19.30000
Active reservoir capacity [Mm3] = 199.27000
yyyy mm dd hh [m3/s] [Euro/MWh] [fr] [m3/s] [Mm3] [masl] [fr] [Euro]         [m3/s]     [m3/s]    [m3/s]   [m3/s]    [m3/s]   [m3/s]    [m3/s]     [m3/s] 
yyyy mm dd hh Inflow Price Action Up_Inflow Res_Mm3 Res_masl Res_fr lrw_cost tunnelflow hatchflow overflow auto_qmin pump_in pump_out tot_inflow tot_outflow
2022 9 1 0 0.6700 495.0100 0.0000 0.3794 150.8220 407.7110 0.6600 0.0000 0.0000 0.0000 0.0000 0.0000 0.0000 0.0000 1.0494 0.0000 
2022 9 1 1 0.6700 494.9900 0.0000 0.3122 150.8255 407.7125 0.6600 0.0000 0.0000 0.0000 0.0000 0.0000 0.0000 0.0000 0.9822 0.0000 
2022 9 1 2 0.6700 490.5800 0.0000 0.2497 150.8288 407.7138 0.6601 0.0000 0.0000 0.0000 0.0000 0.0000 0.0000 0.0000 0.9197 0.0000 
2022 9 1 3 0.6600 501.0100 0.0000 0.1943 150.8319 407.7151 0.6601 0.0000 0.0000 0.0000 0.0000 0.0000 0.0000 0.0000 0.8543 0.0000 
2022 9 1 4 0.6600 568.4400 0.0000 0.1478 150.8348 407.7162 0.6601 0.0000 0.0000 0.0000 0.0000 0.0000 0.0000 0.0000 0.8078 0.0000 
2022 9 1 5 0.6600 590.4500 0.0000 0.1101 150.8376 407.7174 0.6601 0.0000 0.0000 0.0000 0.0000 0.0000 0.0000 0.0000 0.7701 0.0000 
2022 9 1 6 0.6600 643.5100 0.0000 0.0806 150.8402 407.7185 0.6601 0.0000 0.0000 0.0000 0.0000 0.0000 0.0000 0.0000 0.7406 0.0000 
2022 9 1 7 0.6500 639.9000 0.0000 0.0581 150.8428 407.7195 0.6601 0.0000 0.0000 0.0000 0.0000 0.0000 0.0000 0.0000 0.7081 0.0000 
2022 9 1 8 0.6500 595.2600 0.0000 0.0414 150.8453 407.7205 0.6601 0.0000 0.0000 0.0000 0.0000 0.0000 0.0000 0.0000 0.6914 0.0000 
2022 9 1 9 0.6500 577.0100 0.0000 0.0291 150.8477 407.7215 0.6601 0.0000 0.0000 0.0000 0.0000 0.0000 0.0000 0.0000 0.6791 0.0000 
2022 9 1 10 0.6400 534.6000 0.0000 0.0203 150.8501 407.7225 0.6602 0.0000 0.0000 0.0000 0.0000 0.0000 0.0000 0.0000 0.6603 0.0000 
2022 9 1 11 0.6400 507.1900 0.0000 0.0140 150.8525 407.7235 0.6602 0.0000 0.0000 0.0000 0.0000 0.0000 0.0000 0.0000 0.6540 0.0000 
2022 9 1 12 0.6400 503.4000 0.0000 0.0096 150.8548 407.7244 0.6602 0.0000 0.0000 0.0000 0.0000 0.0000 0.0000 0.0000 0.6496 0.0000 
2022 9 1 13 0.6300 523.5600 0.0000 0.0066 150.8571 407.7253 0.6602 0.0000 0.0000 0.0000 0.0000 0.0000 0.0000 0.0000 0.6366 0.0000 
2022 9 1 14 0.6300 552.6500 0.0000 0.0044 150.8594 407.7263 0.6602 0.0000 0.0000 0.0000 0.0000 0.0000 0.0000 0.0000 0.6344 0.0000 
2022 9 1 15 0.6200 575.6100 0.0000 0.0030 150.8616 407.7272 0.6602 0.0000 0.0000 0.0000 0.0000 0.0000 0.0000 0.0000 0.6230 0.0000 
2022 9 1 16 0.6200 615.1800 0.0000 0.0020 150.8639 407.7281 0.6602 0.0000 0.0000 0.0000 0.0000 0.0000 0.0000 0.0000 0.6220 0.0000 
2022 9 1 17 0.6200 649.8000 0.0000 0.0013 150.8661 407.7290 0.6602 0.0000 0.0000 0.0000 0.0000 0.0000 0.0000 0.0000 0.6213 0.0000 
2022 9 1 18 0.6200 673.7200 0.0000 0.0009 150.8683 407.7299 0.6603 0.0000 0.0000 0.0000 0.0000 0.0000 0.0000 0.0000 0.6209 0.0000 
2022 9 1 19 0.6200 658.0800 0.0000 0.0006 150.8706 407.7308 0.6603 0.0000 0.0000 0.0000 0.0000 0.0000 0.0000 0.0000 0.6206 0.0000 
2022 9 1 20 0.6200 627.5700 0.0000 0.0004 150.8728 407.7318 0.6603 0.0000 0.0000 0.0000 0.0000 0.0000 0.0000 0.0000 0.6204 0.0000 
2022 9 1 21 0.6200 560.7000 0.0000 0.0003 150.8750 407.7327 0.6603 0.0000 0.0000 0.0000 0.0000 0.0000 0.0000 0.0000 0.6203 0.0000 
2022 9 1 22 0.6100 507.1200 0.0000 0.0002 150.8772 407.7336 0.6603 0.0000 0.0000 0.0000 0.0000 0.0000 0.0000 0.0000 0.6102 0.0000 
2022 9 1 23 0.6100 471.8500 0.0000 0.0001 150.8794 407.7345 0.6603 0.0000 0.0000 0.0000 0.0000 0.0000 0.0000 0.0000 0.6101 0.0000 
2022 9 2 0 0.6100 433.2400 0.0000 0.0001 150.8816 407.7354 0.6603 0.0000 0.0000 0.0000 0.0000 0.0000 0.0000 0.0000 0.6101 0.0000 
2022 9 2 1 0.6100 409.0500 0.0000 0.0000 150.8838 407.7363 0.6603 0.0000 0.0000 0.0000 0.0000 0.0000 0.0000 0.0000 0.6100 0.0000 
2022 9 2 2 0.6000 375.2400 0.0000 0.0000 150.8860 407.7371 0.6603 0.0000 0.0000 0.0000 0.0000 0.0000 0.0000 0.0000 0.6000 0.0000 
2022 9 2 3 0.6000 406.1400 0.0000 0.0000 150.8881 407.7380 0.6604 0.0000 0.0000 0.0000 0.0000 0.0000 0.0000 0.0000 0.6000 0.0000 
2022 9 2 4 0.6000 448.6600 0.0000 0.0000 150.8903 407.7389 0.6604 0.0000 0.0000 0.0000 0.0000 0.0000 0.0000 0.0000 0.6000 0.0000 
2022 9 2 5 0.6000 533.3700 0.0000 0.0000 150.8925 407.7398 0.6604 0.0000 0.0000 0.0000 0.0000 0.0000 0.0000 0.0000 0.6000 0.0000 
2022 9 2 6 0.5900 567.7100 0.0000 0.0000 150.8946 407.7406 0.6604 0.0000 0.0000 0.0000 0.0000 0.0000 0.0000 0.0000 0.5900 0.0000 
2022 9 2 7 0.5900 584.6700 0.0000 0.0000 150.8967 407.7415 0.6604 0.0000 0.0000 0.0000 0.0000 0.0000 0.0000 0.0000 0.5900 0.0000 
2022 9 2 8 0.5900 549.3000 0.0000 0.0000 150.8988 407.7424 0.6604 0.0000 0.0000 0.0000 0.0000 0.0000 0.0000 0.0000 0.5900 0.0000 
2022 9 2 9 0.5900 514.7700 0.0000 0.0000 150.9010 407.7432 0.6604 0.0000 0.0000 0.0000 0.0000 0.0000 0.0000 0.0000 0.5900 0.0000 
2022 9 2 10 0.5800 428.5100 0.0000 0.0000 150.9030 407.7441 0.6604 0.0000 0.0000 0.0000 0.0000 0.0000 0.0000 0.0000 0.5800 0.0000 
2022 9 2 11 0.5800 292.7800 0.0000 0.0000 150.9051 407.7450 0.6604 0.0000 0.0000 0.0000 0.0000 0.0000 0.0000 0.0000 0.5800 0.0000 
2022 9 2 12 0.5800 271.2500 0.0000 0.0000 150.9072 407.7458 0.6604 0.0000 0.0000 0.0000 0.0000 0.0000 0.0000 0.0000 0.5800 0.0000 
2022 9 2 13 0.5700 273.1100 0.0000 0.0000 150.9093 407.7466 0.6605 0.0000 0.0000 0.0000 0.0000 0.0000 0.0000 0.0000 0.5700 0.0000 
2022 9 2 14 0.5700 321.3800 0.0000 0.0000 150.9113 407.7475 0.6605 0.0000 0.0000 0.0000 0.0000 0.0000 0.0000 0.0000 0.5700 0.0000 
2022 9 2 15 0.5700 396.6400 0.0000 0.0000 150.9134 407.7483 0.6605 0.0000 0.0000 0.0000 0.0000 0.0000 0.0000 0.0000 0.5700 0.0000 
2022 9 2 16 0.5600 491.8000 0.0000 0.0000 150.9154 407.7491 0.6605 0.0000 0.0000 0.0000 0.0000 0.0000 0.0000 0.0000 0.5600 0.0000 
2022 9 2 17 0.5600 552.5100 0.0000 0.0000 150.9174 407.7500 0.6605 0.0000 0.0000 0.0000 0.0000 0.0000 0.0000 0.0000 0.5600 0.0000 
2022 9 2 18 0.5600 572.7500 0.0000 0.0000 150.9194 407.7508 0.6605 0.0000 0.0000 0.0000 0.0000 0.0000 0.0000 0.0000 0.5600 0.0000 
2022 9 2 19 0.5600 545.0200 0.0000 0.0000 150.9214 407.7516 0.6605 0.0000 0.0000 0.0000 0.0000 0.0000 0.0000 0.0000 0.5600 0.0000 
2022 9 2 20 0.5600 440.6200 0.0000 0.0000 150.9235 407.7524 0.6605 0.0000 0.0000 0.0000 0.0000 0.0000 0.0000 0.0000 0.5600 0.0000 
2022 9 2 21 0.5600 355.8800 0.0000 0.0000 150.9255 407.7533 0.6605 0.0000 0.0000 0.0000 0.0000 0.0000 0.0000 0.0000 0.5600 0.0000 
2022 9 2 22 0.5500 217.7900 0.0000 0.0000 150.9274 407.7541 0.6605 0.0000 0.0000 0.0000 0.0000 0.0000 0.0000 0.0000 0.5500 0.0000 
2022 9 2 23 0.5500 238.2100 0.0000 0.0000 150.9294 407.7549 0.6606 0.0000 0.0000 0.0000 0.0000 0.0000 0.0000 0.0000 0.5500 0.0000 
2022 9 3 0 0.5500 253.5000 0.0000 0.0000 150.9314 407.7557 0.6606 0.0000 0.0000 0.0000 0.0000 0.0000 0.0000 0.0000 0.5500 0.0000 
2022 9 3 1 0.5500 271.6000 0.0000 0.0000 150.9334 407.7565 0.6606 0.0000 0.0000 0.0000 0.0000 0.0000 0.0000 0.0000 0.5500 0.0000 
2022 9 3 2 0.5500 258.7100 0.0000 0.0000 150.9354 407.7573 0.6606 0.0000 0.0000 0.0000 0.0000 0.0000 0.0000 0.0000 0.5500 0.0000 
2022 9 3 3 0.5500 243.5100 0.0000 0.0000 150.9373 407.7581 0.6606 0.0000 0.0000 0.0000 0.0000 0.0000 0.0000 0.0000 0.5500 0.0000 
2022 9 3 4 0.5500 301.8400 0.0000 0.0000 150.9393 407.7589 0.6606 0.0000 0.0000 0.0000 0.0000 0.0000 0.0000 0.0000 0.5500 0.0000 
2022 9 3 5 0.5500 284.0000 0.0000 0.0000 150.9413 407.7597 0.6606 0.0000 0.0000 0.0000 0.0000 0.0000 0.0000 0.0000 0.5500 0.0000 
2022 9 3 6 0.5500 382.1900 0.0000 0.0000 150.9433 407.7605 0.6606 0.0000 0.0000 0.0000 0.0000 0.0000 0.0000 0.0000 0.5500 0.0000 
2022 9 3 7 0.5500 413.5400 0.0000 0.0000 150.9453 407.7613 0.6606 0.0000 0.0000 0.0000 0.0000 0.0000 0.0000 0.0000 0.5500 0.0000 
2022 9 3 8 0.5400 393.5100 0.0000 0.0000 150.9472 407.7621 0.6606 0.0000 0.0000 0.0000 0.0000 0.0000 0.0000 0.0000 0.5400 0.0000 
2022 9 3 9 0.5400 442.1400 0.0000 0.0000 150.9492 407.7629 0.6607 0.0000 0.0000 0.0000 0.0000 0.0000 0.0000 0.0000 0.5400 0.0000 
2022 9 3 10 0.5400 453.6600 0.0000 0.0000 150.9511 407.7637 0.6607 0.0000 0.0000 0.0000 0.0000 0.0000 0.0000 0.0000 0.5400 0.0000 
2022 9 3 11 0.5400 468.9000 0.0000 0.0000 150.9530 407.7645 0.6607 0.0000 0.0000 0.0000 0.0000 0.0000 0.0000 0.0000 0.5400 0.0000 
2022 9 3 12 0.5400 456.4300 0.0000 0.0000 150.9550 407.7653 0.6607 0.0000 0.0000 0.0000 0.0000 0.0000 0.0000 0.0000 0.5400 0.0000 
2022 9 3 13 0.5300 459.8200 0.0000 0.0000 150.9569 407.7661 0.6607 0.0000 0.0000 0.0000 0.0000 0.0000 0.0000 0.0000 0.5300 0.0000 
2022 9 3 14 0.5300 431.0300 0.0000 0.0000 150.9588 407.7669 0.6607 0.0000 0.0000 0.0000 0.0000 0.0000 0.0000 0.0000 0.5300 0.0000 
2022 9 3 15 0.5200 387.1700 0.0000 0.0000 150.9607 407.7676 0.6607 0.0000 0.0000 0.0000 0.0000 0.0000 0.0000 0.0000 0.5200 0.0000 
2022 9 3 16 0.5200 414.6800 0.0000 0.0000 150.9625 407.7684 0.6607 0.0000 0.0000 0.0000 0.0000 0.0000 0.0000 0.0000 0.5200 0.0000 
2022 9 3 17 0.5200 468.4800 0.0000 0.0000 150.9644 407.7692 0.6607 0.0000 0.0000 0.0000 0.0000 0.0000 0.0000 0.0000 0.5200 0.0000 
2022 9 3 18 0.5200 531.4800 0.0000 0.0000 150.9663 407.7699 0.6607 0.0000 0.0000 0.0000 0.0000 0.0000 0.0000 0.0000 0.5200 0.0000 
2022 9 3 19 0.5200 513.1200 0.0000 0.0000 150.9682 407.7707 0.6608 0.0000 0.0000 0.0000 0.0000 0.0000 0.0000 0.0000 0.5200 0.0000 
2022 9 3 20 0.5300 443.1200 0.0000 0.0000 150.9701 407.7715 0.6608 0.0000 0.0000 0.0000 0.0000 0.0000 0.0000 0.0000 0.5300 0.0000 
2022 9 3 21 0.5500 395.0200 0.0000 0.0000 150.9721 407.7723 0.6608 0.0000 0.0000 0.0000 0.0000 0.0000 0.0000 0.0000 0.5500 0.0000 
2022 9 3 22 0.5500 330.8700 0.0000 0.0000 150.9740 407.7731 0.6608 0.0000 0.0000 0.0000 0.0000 0.0000 0.0000 0.0000 0.5500 0.0000 
2022 9 3 23 0.5500 215.7900 0.0000 0.0000 150.9760 407.7739 0.6608 0.0000 0.0000 0.0000 0.0000 0.0000 0.0000 0.0000 0.5500 0.0000 
2022 9 4 0 0.6100 210.1400 0.0000 0.0000 150.9782 407.7748 0.6608 0.0000 0.0000 0.0000 0.0000 0.0000 0.0000 0.0000 0.6100 0.0000 
2022 9 4 1 0.6500 205.3000 0.0000 0.0000 150.9805 407.7757 0.6608 0.0000 0.0000 0.0000 0.0000 0.0000 0.0000 0.0000 0.6500 0.0000 
2022 9 4 2 0.6400 209.5200 0.0000 0.0000 150.9829 407.7767 0.6608 0.0000 0.0000 0.0000 0.0000 0.0000 0.0000 0.0000 0.6400 0.0000 
2022 9 4 3 0.6400 225.8600 0.0000 0.0000 150.9852 407.7776 0.6608 0.0000 0.0000 0.0000 0.0000 0.0000 0.0000 0.0000 0.6400 0.0000 
2022 9 4 4 0.6500 228.5700 0.0000 0.0000 150.9875 407.7786 0.6608 0.0000 0.0000 0.0000 0.0000 0.0000 0.0000 0.0000 0.6500 0.0000 
2022 9 4 5 0.6600 216.1600 0.0000 0.0921 150.9620 407.7682 0.6607 0.0000 7.8400 0.0000 0.0000 0.0000 0.0000 0.0000 0.7521 7.8400 
2022 9 4 6 0.6700 231.8500 0.0000 0.4935 150.9379 407.7583 0.6606 0.0000 7.8400 0.0000 0.0000 0.0000 0.0000 0.0000 1.1635 7.8400 
2022 9 4 7 0.6700 215.0200 0.0000 1.3204 150.9169 407.7497 0.6605 0.0000 7.8400 0.0000 0.0000 0.0000 0.0000 0.0000 1.9904 7.8400 
2022 9 4 8 0.6800 188.9800 0.0000 2.4584 150.9000 407.7428 0.6604 0.0000 7.8400 0.0000 0.0000 0.0000 0.0000 0.0000 3.1384 7.8400 
2022 9 4 9 0.6800 298.2800 0.0000 3.7061 150.8875 407.7378 0.6603 0.0000 7.8400 0.0000 0.0000 0.0000 0.0000 0.0000 4.3861 7.8400 
2022 9 4 10 0.6800 200.4200 0.0000 4.9049 150.8794 407.7345 0.6603 0.0000 7.8400 0.0000 0.0000 0.0000 0.0000 0.0000 5.5849 7.8400 
2022 9 4 11 0.6800 248.6000 0.0000 5.9632 150.8751 407.7327 0.6603 0.0000 7.8400 0.0000 0.0000 0.0000 0.0000 0.0000 6.6432 7.8400 
2022 9 4 12 0.6900 404.7600 0.0000 6.8443 150.8740 407.7322 0.6603 0.0000 7.8400 0.0000 0.0000 0.0000 0.0000 0.0000 7.5343 7.8400 
2022 9 4 13 0.6800 404.3900 0.0000 7.5469 150.8754 407.7328 0.6603 0.0000 7.8400 0.0000 0.0000 0.0000 0.0000 0.0000 8.2269 7.8400 
2022 9 4 14 0.6800 364.4300 0.0000 8.0891 150.8787 407.7342 0.6603 0.0000 7.8400 0.0000 0.0000 0.0000 0.0000 0.0000 8.7691 7.8400 
2022 9 4 15 0.6800 248.5300 0.0000 8.4970 150.8835 407.7361 0.6603 0.0000 7.8400 0.0000 0.0000 0.0000 0.0000 0.0000 9.1770 7.8400 
2022 9 4 16 0.6800 410.2000 0.0000 8.7974 150.8894 407.7385 0.6604 0.0000 7.8400 0.0000 0.0000 0.0000 0.0000 0.0000 9.4774 7.8400 
2022 9 4 17 0.6800 442.0700 0.0000 9.0150 150.8961 407.7413 0.6604 0.0000 7.8400 0.0000 0.0000 0.0000 0.0000 0.0000 9.6950 7.8400 
2022 9 4 18 0.6700 501.0600 0.0000 9.1703 150.9033 407.7442 0.6604 0.0000 7.8400 0.0000 0.0000 0.0000 0.0000 0.0000 9.8403 7.8400 
2022 9 4 19 0.6700 500.6000 0.0000 9.2798 150.9109 407.7473 0.6605 0.0000 7.8400 0.0000 0.0000 0.0000 0.0000 0.0000 9.9498 7.8400 
2022 9 4 20 0.6700 449.0300 0.0000 9.3562 150.9188 407.7505 0.6605 0.0000 7.8400 0.0000 0.0000 0.0000 0.0000 0.0000 10.0262 7.8400 
2022 9 4 21 0.6700 418.8500 0.0000 9.4090 150.9268 407.7538 0.6605 0.0000 7.8400 0.0000 0.0000 0.0000 0.0000 0.0000 10.0790 7.8400 
2022 9 4 22 0.6700 344.0800 0.0000 9.4452 150.9350 407.7572 0.6606 0.0000 7.8400 0.0000 0.0000 0.0000 0.0000 0.0000 10.1152 7.8400 
2022 9 4 23 0.6600 275.7500 0.0000 9.4699 150.9433 407.7605 0.6606 0.0000 7.8400 0.0000 0.0000 0.0000 0.0000 0.0000 10.1299 7.8400 
2022 9 5 0 0.6600 225.3100 0.0000 9.4865 150.9516 407.7639 0.6607 0.0000 7.8400 0.0000 0.0000 0.0000 0.0000 0.0000 10.1465 7.8400 
2022 9 5 1 0.6600 217.5800 0.0000 9.4978 150.9599 407.7673 0.6607 0.0000 7.8400 0.0000 0.0000 0.0000 0.0000 0.0000 10.1578 7.8400 
2022 9 5 2 0.6600 228.2200 0.0000 9.5053 150.9683 407.7707 0.6608 0.0000 7.8400 0.0000 0.0000 0.0000 0.0000 0.0000 10.1653 7.8400 
2022 9 5 3 0.6600 245.1000 0.0000 9.5103 150.9767 407.7742 0.6608 0.0000 7.8400 0.0000 0.0000 0.0000 0.0000 0.0000 10.1703 7.8400 
2022 9 5 4 0.6500 376.3900 0.0000 9.5136 150.9851 407.7776 0.6608 0.0000 7.8400 0.0000 0.0000 0.0000 0.0000 0.0000 10.1636 7.8400 
2022 9 5 5 0.6500 457.3400 0.0000 9.5158 150.9934 407.7810 0.6609 0.0000 7.8400 0.0000 0.0000 0.0000 0.0000 0.0000 10.1658 7.8400 
2022 9 5 6 0.6500 503.6800 0.0000 9.5173 151.0018 407.7844 0.6609 0.0000 7.8400 0.0000 0.0000 0.0000 0.0000 0.0000 10.1673 7.8400 
2022 9 5 7 0.6500 517.0400 0.0000 9.5182 151.0102 407.7878 0.6610 0.0000 7.8400 0.0000 0.0000 0.0000 0.0000 0.0000 10.1682 7.8400 
2022 9 5 8 0.6500 476.2600 0.0000 9.5188 151.0186 407.7913 0.6610 0.0000 7.8400 0.0000 0.0000 0.0000 0.0000 0.0000 10.1688 7.8400 
2022 9 5 9 0.6400 429.2600 0.0000 9.5193 151.0269 407.7947 0.6610 0.0000 7.8400 0.0000 0.0000 0.0000 0.0000 0.0000 10.1593 7.8400 
2022 9 5 10 0.6400 385.8200 0.0000 9.5195 151.0353 407.7981 0.6611 0.0000 7.8400 0.0000 0.0000 0.0000 0.0000 0.0000 10.1595 7.8400 
2022 9 5 11 0.6400 402.6600 0.0000 9.5197 151.0436 407.8015 0.6611 0.0000 7.8400 0.0000 0.0000 0.0000 0.0000 0.0000 10.1597 7.8400 
2022 9 5 12 0.6300 398.7600 0.0000 9.5198 151.0519 407.8049 0.6612 0.0000 7.8400 0.0000 0.0000 0.0000 0.0000 0.0000 10.1498 7.8400 
2022 9 5 13 0.6300 291.4200 0.0000 9.5199 151.0603 407.8083 0.6612 0.0000 7.8400 0.0000 0.0000 0.0000 0.0000 0.0000 10.1499 7.8400 
2022 9 5 14 0.6300 402.6800 0.0000 9.5199 151.0686 407.8117 0.6613 0.0000 7.8400 0.0000 0.0000 0.0000 0.0000 0.0000 10.1499 7.8400 
2022 9 5 15 0.6300 401.9700 0.0000 9.5199 151.0769 407.8151 0.6613 0.0000 7.8400 0.0000 0.0000 0.0000 0.0000 0.0000 10.1499 7.8400 
2022 9 5 16 0.6200 484.3400 0.0000 9.5200 151.0852 407.8184 0.6613 0.0000 7.8400 0.0000 0.0000 0.0000 0.0000 0.0000 10.1400 7.8400 
2022 9 5 17 0.6200 546.8400 0.0000 9.5200 151.0934 407.8218 0.6614 0.0000 7.8400 0.0000 0.0000 0.0000 0.0000 0.0000 10.1400 7.8400 
2022 9 5 18 0.6200 579.7300 0.0000 9.5200 151.1017 407.8252 0.6614 0.0000 7.8400 0.0000 0.0000 0.0000 0.0000 0.0000 10.1400 7.8400 
2022 9 5 19 0.6200 504.0000 0.0000 9.5200 151.1100 407.8286 0.6615 0.0000 7.8400 0.0000 0.0000 0.0000 0.0000 0.0000 10.1400 7.8400 
2022 9 5 20 0.6100 417.8100 0.0000 9.5200 151.1182 407.8319 0.6615 0.0000 7.8400 0.0000 0.0000 0.0000 0.0000 0.0000 10.1300 7.8400 
2022 9 5 21 0.6100 329.4400 0.0000 9.5200 151.1265 407.8353 0.6615 0.0000 7.8400 0.0000 0.0000 0.0000 0.0000 0.0000 10.1300 7.8400 
2022 9 5 22 0.6100 230.8900 0.0000 9.5200 151.1347 407.8387 0.6616 0.0000 7.8400 0.0000 0.0000 0.0000 0.0000 0.0000 10.1300 7.8400 
2022 9 5 23 0.6100 279.5100 0.0000 9.5200 151.1430 407.8420 0.6616 0.0000 7.8400 0.0000 0.0000 0.0000 0.0000 0.0000 10.1300 7.8400 
2022 9 6 0 0.6100 305.4700 0.0000 9.5200 151.1512 407.8454 0.6617 0.0000 7.8400 0.0000 0.0000 0.0000 0.0000 0.0000 10.1300 7.8400 
2022 9 6 1 0.6100 282.3100 0.0000 9.5200 151.1595 407.8488 0.6617 0.0000 7.8400 0.0000 0.0000 0.0000 0.0000 0.0000 10.1300 7.8400 
2022 9 6 2 0.6100 289.6700 0.0000 9.5200 151.1677 407.8521 0.6618 0.0000 7.8400 0.0000 0.0000 0.0000 0.0000 0.0000 10.1300 7.8400 
2022 9 6 3 0.6100 293.6400 0.0000 9.5200 151.1760 407.8555 0.6618 0.0000 7.8400 0.0000 0.0000 0.0000 0.0000 0.0000 10.1300 7.8400 
2022 9 6 4 0.6100 393.0700 0.0000 9.5200 151.1842 407.8589 0.6618 0.0000 7.8400 0.0000 0.0000 0.0000 0.0000 0.0000 10.1300 7.8400 
2022 9 6 5 0.6100 462.0400 0.0000 9.5200 151.1924 407.8622 0.6619 0.0000 7.8400 0.0000 0.0000 0.0000 0.0000 0.0000 10.1300 7.8400 
2022 9 6 6 0.6000 521.0100 0.0000 9.5200 151.2007 407.8656 0.6619 0.0000 7.8400 0.0000 0.0000 0.0000 0.0000 0.0000 10.1200 7.8400 
2022 9 6 7 0.6000 540.1400 0.0000 9.5200 151.2089 407.8689 0.6620 0.0000 7.8400 0.0000 0.0000 0.0000 0.0000 0.0000 10.1200 7.8400 
2022 9 6 8 0.6000 474.4700 0.0000 9.5200 151.2171 407.8723 0.6620 0.0000 7.8400 0.0000 0.0000 0.0000 0.0000 0.0000 10.1200 7.8400 
2022 9 6 9 0.6000 441.4400 0.0000 9.5200 151.2253 407.8756 0.6620 0.0000 7.8400 0.0000 0.0000 0.0000 0.0000 0.0000 10.1200 7.8400 
2022 9 6 10 0.6000 311.8200 0.0000 9.5200 151.2335 407.8790 0.6621 0.0000 7.8400 0.0000 0.0000 0.0000 0.0000 0.0000 10.1200 7.8400 
2022 9 6 11 0.5900 261.3000 0.0000 9.5200 151.2417 407.8823 0.6621 0.0000 7.8400 0.0000 0.0000 0.0000 0.0000 0.0000 10.1100 7.8400 
2022 9 6 12 0.5900 273.5200 0.0000 9.5200 151.2498 407.8856 0.6622 0.0000 7.8400 0.0000 0.0000 0.0000 0.0000 0.0000 10.1100 7.8400 
2022 9 6 13 0.5900 286.6500 0.0000 9.5200 151.2580 407.8890 0.6622 0.0000 7.8400 0.0000 0.0000 0.0000 0.0000 0.0000 10.1100 7.8400 
2022 9 6 14 0.5900 386.9200 0.0000 9.5200 151.2662 407.8923 0.6622 0.0000 7.8400 0.0000 0.0000 0.0000 0.0000 0.0000 10.1100 7.8400 
2022 9 6 15 0.5800 472.2400 0.0000 9.5200 151.2743 407.8956 0.6623 0.0000 7.8400 0.0000 0.0000 0.0000 0.0000 0.0000 10.1000 7.8400 
2022 9 6 16 0.5800 481.7900 0.0000 9.5200 151.2824 407.8990 0.6623 0.0000 7.8400 0.0000 0.0000 0.0000 0.0000 0.0000 10.1000 7.8400 
2022 9 6 17 0.5800 525.8500 0.0000 9.5200 151.2906 407.9023 0.6624 0.0000 7.8400 0.0000 0.0000 0.0000 0.0000 0.0000 10.1000 7.8400 
2022 9 6 18 0.5800 549.4500 0.0000 9.5200 151.2987 407.9056 0.6624 0.0000 7.8400 0.0000 0.0000 0.0000 0.0000 0.0000 10.1000 7.8400 
2022 9 6 19 0.5800 541.0200 0.0000 9.5200 151.3069 407.9089 0.6625 0.0000 7.8400 0.0000 0.0000 0.0000 0.0000 0.0000 10.1000 7.8400 
2022 9 6 20 0.5800 509.6200 0.0000 9.5200 151.3150 407.9122 0.6625 0.0000 7.8400 0.0000 0.0000 0.0000 0.0000 0.0000 10.1000 7.8400 
2022 9 6 21 0.5800 466.2000 0.0000 9.5200 151.3231 407.9156 0.6625 0.0000 7.8400 0.0000 0.0000 0.0000 0.0000 0.0000 10.1000 7.8400 
2022 9 6 22 0.5800 453.1000 0.0000 9.5200 151.3313 407.9189 0.6626 0.0000 7.8400 0.0000 0.0000 0.0000 0.0000 0.0000 10.1000 7.8400 
2022 9 6 23 0.5800 421.7600 0.0000 9.5200 151.3394 407.9222 0.6626 0.0000 7.8400 0.0000 0.0000 0.0000 0.0000 0.0000 10.1000 7.8400 
2022 9 7 0 0.5800 391.3100 0.0000 9.5200 151.3475 407.9255 0.6627 0.0000 7.8400 0.0000 0.0000 0.0000 0.0000 0.0000 10.1000 7.8400 
2022 9 7 1 0.5700 374.3800 0.0000 9.5200 151.3556 407.9288 0.6627 0.0000 7.8400 0.0000 0.0000 0.0000 0.0000 0.0000 10.0900 7.8400 
2022 9 7 2 0.5700 373.0200 0.0000 9.5200 151.3637 407.9321 0.6627 0.0000 7.8400 0.0000 0.0000 0.0000 0.0000 0.0000 10.0900 7.8400 
2022 9 7 3 0.5700 394.9700 0.0000 9.5200 151.3718 407.9354 0.6628 0.0000 7.8400 0.0000 0.0000 0.0000 0.0000 0.0000 10.0900 7.8400 
2022 9 7 4 0.5700 402.2600 0.0000 9.5200 151.3799 407.9387 0.6628 0.0000 7.8400 0.0000 0.0000 0.0000 0.0000 0.0000 10.0900 7.8400 
2022 9 7 5 0.5700 467.0300 0.0000 9.5200 151.3880 407.9421 0.6629 0.0000 7.8400 0.0000 0.0000 0.0000 0.0000 0.0000 10.0900 7.8400 
2022 9 7 6 0.5700 498.4000 0.0000 9.5200 151.3961 407.9454 0.6629 0.0000 7.8400 0.0000 0.0000 0.0000 0.0000 0.0000 10.0900 7.8400 
2022 9 7 7 0.5600 502.5900 0.0000 9.5200 151.4042 407.9487 0.6629 0.0000 7.8400 0.0000 0.0000 0.0000 0.0000 0.0000 10.0800 7.8400 
2022 9 7 8 0.5600 494.7000 0.0000 9.5200 151.4123 407.9519 0.6630 0.0000 7.8400 0.0000 0.0000 0.0000 0.0000 0.0000 10.0800 7.8400 
2022 9 7 9 0.5600 464.9200 0.0000 9.5200 151.4203 407.9552 0.6630 0.0000 7.8400 0.0000 0.0000 0.0000 0.0000 0.0000 10.0800 7.8400 
2022 9 7 10 0.5600 445.5600 0.0000 9.5200 151.4284 407.9585 0.6631 0.0000 7.8400 0.0000 0.0000 0.0000 0.0000 0.0000 10.0800 7.8400 
2022 9 7 11 0.5600 401.2200 0.0000 9.5200 151.4365 407.9618 0.6631 0.0000 7.8400 0.0000 0.0000 0.0000 0.0000 0.0000 10.0800 7.8400 
2022 9 7 12 0.5500 397.7500 0.0000 9.5200 151.4445 407.9651 0.6631 0.0000 7.8400 0.0000 0.0000 0.0000 0.0000 0.0000 10.0700 7.8400 
2022 9 7 13 0.5500 404.9600 0.0000 9.5200 151.4525 407.9684 0.6632 0.0000 7.8400 0.0000 0.0000 0.0000 0.0000 0.0000 10.0700 7.8400 
2022 9 7 14 0.5500 408.3600 0.0000 9.5200 151.4605 407.9716 0.6632 0.0000 7.8400 0.0000 0.0000 0.0000 0.0000 0.0000 10.0700 7.8400 
2022 9 7 15 0.5500 466.8800 0.0000 9.5200 151.4686 407.9749 0.6633 0.0000 7.8400 0.0000 0.0000 0.0000 0.0000 0.0000 10.0700 7.8400 
2022 9 7 16 0.5400 499.4900 0.0000 9.5200 151.4766 407.9782 0.6633 0.0000 7.8400 0.0000 0.0000 0.0000 0.0000 0.0000 10.0600 7.8400 
2022 9 7 17 0.5400 520.7000 0.0000 9.5200 151.4845 407.9814 0.6633 0.0000 7.8400 0.0000 0.0000 0.0000 0.0000 0.0000 10.0600 7.8400 
2022 9 7 18 0.5400 544.1300 0.0000 9.5200 151.4925 407.9847 0.6634 0.0000 7.8400 0.0000 0.0000 0.0000 0.0000 0.0000 10.0600 7.8400 
2022 9 7 19 0.5400 524.2600 0.0000 9.5200 151.5005 407.9880 0.6634 0.0000 7.8400 0.0000 0.0000 0.0000 0.0000 0.0000 10.0600 7.8400 
2022 9 7 20 0.5400 502.1600 0.0000 9.5200 151.5085 407.9912 0.6635 0.0000 7.8400 0.0000 0.0000 0.0000 0.0000 0.0000 10.0600 7.8400 
2022 9 7 21 0.5400 484.5200 0.0000 9.5200 151.5165 407.9945 0.6635 0.0000 7.8400 0.0000 0.0000 0.0000 0.0000 0.0000 10.0600 7.8400 
2022 9 7 22 0.5400 434.1200 0.0000 9.5200 151.5245 407.9978 0.6635 0.0000 7.8400 0.0000 0.0000 0.0000 0.0000 0.0000 10.0600 7.8400 
2022 9 7 23 0.5400 439.0400 0.0000 9.5200 151.5325 408.0010 0.6636 0.0000 7.8400 0.0000 0.0000 0.0000 0.0000 0.0000 10.0600 7.8400 
2022 9 8 0 0.5400 405.0600 0.0000 9.5200 151.5405 408.0043 0.6636 0.0000 7.8400 0.0000 0.0000 0.0000 0.0000 0.0000 10.0600 7.8400 
2022 9 8 1 0.5400 397.6600 0.0000 9.5200 151.5485 408.0075 0.6637 0.0000 7.8400 0.0000 0.0000 0.0000 0.0000 0.0000 10.0600 7.8400 
2022 9 8 2 0.5400 379.4100 0.0000 9.5200 151.5565 408.0108 0.6637 0.0000 7.8400 0.0000 0.0000 0.0000 0.0000 0.0000 10.0600 7.8400 
2022 9 8 3 0.5400 376.7300 0.0000 9.5200 151.5645 408.0141 0.6637 0.0000 7.8400 0.0000 0.0000 0.0000 0.0000 0.0000 10.0600 7.8400 
2022 9 8 4 0.5400 439.1000 0.0000 9.5200 151.5725 408.0173 0.6638 0.0000 7.8400 0.0000 0.0000 0.0000 0.0000 0.0000 10.0600 7.8400 
2022 9 8 5 0.5300 459.8200 0.0000 9.5200 151.5804 408.0206 0.6638 0.0000 7.8400 0.0000 0.0000 0.0000 0.0000 0.0000 10.0500 7.8400 
2022 9 8 6 0.5300 486.0300 0.0000 9.5200 151.5884 408.0238 0.6639 0.0000 7.8400 0.0000 0.0000 0.0000 0.0000 0.0000 10.0500 7.8400 
2022 9 8 7 0.5300 504.4700 0.0000 9.5200 151.5963 408.0271 0.6639 0.0000 7.8400 0.0000 0.0000 0.0000 0.0000 0.0000 10.0500 7.8400 
2022 9 8 8 0.5300 473.3100 0.0000 9.5200 151.6043 408.0303 0.6639 0.0000 7.8400 0.0000 0.0000 0.0000 0.0000 0.0000 10.0500 7.8400 
2022 9 8 9 0.5300 465.6200 0.0000 9.5200 151.6122 408.0336 0.6640 0.0000 7.8400 0.0000 0.0000 0.0000 0.0000 0.0000 10.0500 7.8400 
2022 9 8 10 0.5300 438.5300 0.0000 9.5200 151.6202 408.0368 0.6640 0.0000 7.8400 0.0000 0.0000 0.0000 0.0000 0.0000 10.0500 7.8400 
2022 9 8 11 0.5200 426.1800 0.0000 9.5200 151.6281 408.0400 0.6641 0.0000 7.8400 0.0000 0.0000 0.0000 0.0000 0.0000 10.0400 7.8400 
2022 9 8 12 0.5200 407.0500 0.0000 9.5200 151.6360 408.0433 0.6641 0.0000 7.8400 0.0000 0.0000 0.0000 0.0000 0.0000 10.0400 7.8400 
2022 9 8 13 0.5200 397.2700 0.0000 9.5200 151.6440 408.0465 0.6641 0.0000 7.8400 0.0000 0.0000 0.0000 0.0000 0.0000 10.0400 7.8400 
2022 9 8 14 0.5200 402.0900 0.0000 9.5200 151.6519 408.0497 0.6642 0.0000 7.8400 0.0000 0.0000 0.0000 0.0000 0.0000 10.0400 7.8400 
2022 9 8 15 0.5100 413.1900 0.0000 9.5200 151.6598 408.0530 0.6642 0.0000 7.8400 0.0000 0.0000 0.0000 0.0000 0.0000 10.0300 7.8400 
2022 9 8 16 0.5100 452.1600 0.0000 9.5200 151.6676 408.0562 0.6643 0.0000 7.8400 0.0000 0.0000 0.0000 0.0000 0.0000 10.0300 7.8400 
2022 9 8 17 0.5100 467.2000 0.0000 9.5200 151.6755 408.0594 0.6643 0.0000 7.8400 0.0000 0.0000 0.0000 0.0000 0.0000 10.0300 7.8400 
2022 9 8 18 0.5100 478.3100 0.0000 9.5200 151.6834 408.0626 0.6643 0.0000 7.8400 0.0000 0.0000 0.0000 0.0000 0.0000 10.0300 7.8400 
2022 9 8 19 0.5100 484.0800 0.0000 9.5200 151.6913 408.0658 0.6644 0.0000 7.8400 0.0000 0.0000 0.0000 0.0000 0.0000 10.0300 7.8400 
2022 9 8 20 0.5100 450.0900 0.0000 9.5200 151.6992 408.0691 0.6644 0.0000 7.8400 0.0000 0.0000 0.0000 0.0000 0.0000 10.0300 7.8400 
2022 9 8 21 0.5100 391.6800 0.0000 9.5200 151.7071 408.0723 0.6645 0.0000 7.8400 0.0000 0.0000 0.0000 0.0000 0.0000 10.0300 7.8400 
2022 9 8 22 0.5100 332.2700 0.0000 9.5200 151.7149 408.0755 0.6645 0.0000 7.8400 0.0000 0.0000 0.0000 0.0000 0.0000 10.0300 7.8400 
2022 9 8 23 0.5100 310.0400 0.0000 9.5200 151.7228 408.0787 0.6645 0.0000 7.8400 0.0000 0.0000 0.0000 0.0000 0.0000 10.0300 7.8400 
2022 9 9 0 0.5100 246.1600 0.0000 9.5200 151.7307 408.0819 0.6646 0.0000 7.8400 0.0000 0.0000 0.0000 0.0000 0.0000 10.0300 7.8400 
2022 9 9 1 0.5100 211.8700 0.0000 9.5200 151.7386 408.0851 0.6646 0.0000 7.8400 0.0000 0.0000 0.0000 0.0000 0.0000 10.0300 7.8400 
2022 9 9 2 0.5100 199.4500 0.0000 9.5200 151.7465 408.0884 0.6647 0.0000 7.8400 0.0000 0.0000 0.0000 0.0000 0.0000 10.0300 7.8400 
2022 9 9 3 0.5100 234.9400 0.0000 9.5200 151.7544 408.0916 0.6647 0.0000 7.8400 0.0000 0.0000 0.0000 0.0000 0.0000 10.0300 7.8400 
2022 9 9 4 0.5000 288.6200 0.0000 9.5200 151.7622 408.0948 0.6647 0.0000 7.8400 0.0000 0.0000 0.0000 0.0000 0.0000 10.0200 7.8400 
2022 9 9 5 0.5000 371.2400 0.0000 9.5200 151.7701 408.0980 0.6648 0.0000 7.8400 0.0000 0.0000 0.0000 0.0000 0.0000 10.0200 7.8400 
2022 9 9 6 0.5000 419.0900 0.0000 9.5200 151.7779 408.1012 0.6648 0.0000 7.8400 0.0000 0.0000 0.0000 0.0000 0.0000 10.0200 7.8400 
2022 9 9 7 0.5000 419.5300 0.0000 9.5200 151.7858 408.1044 0.6649 0.0000 7.8400 0.0000 0.0000 0.0000 0.0000 0.0000 10.0200 7.8400 
2022 9 9 8 0.5000 404.5500 0.0000 9.5200 151.7936 408.1076 0.6649 0.0000 7.8400 0.0000 0.0000 0.0000 0.0000 0.0000 10.0200 7.8400 
2022 9 9 9 0.5000 376.5400 0.0000 9.5200 151.8015 408.1108 0.6649 0.0000 7.8400 0.0000 0.0000 0.0000 0.0000 0.0000 10.0200 7.8400 
2022 9 9 10 0.4900 341.6000 0.0000 9.5200 151.8093 408.1140 0.6650 0.0000 7.8400 0.0000 0.0000 0.0000 0.0000 0.0000 10.0100 7.8400 
2022 9 9 11 0.4900 351.8400 0.0000 9.5200 151.8171 408.1172 0.6650 0.0000 7.8400 0.0000 0.0000 0.0000 0.0000 0.0000 10.0100 7.8400 
2022 9 9 12 0.4900 302.8800 0.0000 9.5200 151.8249 408.1204 0.6651 0.0000 7.8400 0.0000 0.0000 0.0000 0.0000 0.0000 10.0100 7.8400 
2022 9 9 13 0.4900 304.3300 0.0000 9.5200 151.8327 408.1236 0.6651 0.0000 7.8400 0.0000 0.0000 0.0000 0.0000 0.0000 10.0100 7.8400 
2022 9 9 14 0.4900 301.3700 0.0000 9.5200 151.8405 408.1267 0.6651 0.0000 7.8400 0.0000 0.0000 0.0000 0.0000 0.0000 10.0100 7.8400 
2022 9 9 15 0.4800 377.1900 0.0000 9.5200 151.8483 408.1299 0.6652 0.0000 7.8400 0.0000 0.0000 0.0000 0.0000 0.0000 10.0000 7.8400 
2022 9 9 16 0.4800 403.7700 0.0000 9.5200 151.8561 408.1331 0.6652 0.0000 7.8400 0.0000 0.0000 0.0000 0.0000 0.0000 10.0000 7.8400 
2022 9 9 17 0.4800 423.2800 0.0000 9.5200 151.8638 408.1363 0.6652 0.0000 7.8400 0.0000 0.0000 0.0000 0.0000 0.0000 10.0000 7.8400 
2022 9 9 18 0.4800 454.4300 0.0000 9.5200 151.8716 408.1394 0.6653 0.0000 7.8400 0.0000 0.0000 0.0000 0.0000 0.0000 10.0000 7.8400 
2022 9 9 19 0.4800 452.1400 0.0000 9.5200 151.8794 408.1426 0.6653 0.0000 7.8400 0.0000 0.0000 0.0000 0.0000 0.0000 10.0000 7.8400 
2022 9 9 20 0.4800 408.3400 0.0000 9.5200 151.8872 408.1458 0.6654 0.0000 7.8400 0.0000 0.0000 0.0000 0.0000 0.0000 10.0000 7.8400 
2022 9 9 21 0.4800 388.4600 0.0000 9.5200 151.8949 408.1490 0.6654 0.0000 7.8400 0.0000 0.0000 0.0000 0.0000 0.0000 10.0000 7.8400 
2022 9 9 22 0.4700 388.7900 0.0000 9.5200 151.9027 408.1521 0.6654 0.0000 7.8400 0.0000 0.0000 0.0000 0.0000 0.0000 9.9900 7.8400 
2022 9 9 23 0.4700 399.9600 0.0000 9.5200 151.9104 408.1553 0.6655 0.0000 7.8400 0.0000 0.0000 0.0000 0.0000 0.0000 9.9900 7.8400 
2022 9 10 0 0.4700 369.7600 0.0000 9.5200 151.9182 408.1584 0.6655 0.0000 7.8400 0.0000 0.0000 0.0000 0.0000 0.0000 9.9900 7.8400 
2022 9 10 1 0.4700 361.7900 0.0000 9.5200 151.9259 408.1616 0.6656 0.0000 7.8400 0.0000 0.0000 0.0000 0.0000 0.0000 9.9900 7.8400 
2022 9 10 2 0.4700 357.6700 0.0000 9.5200 151.9336 408.1648 0.6656 0.0000 7.8400 0.0000 0.0000 0.0000 0.0000 0.0000 9.9900 7.8400 
2022 9 10 3 0.4700 357.6900 0.0000 9.5200 151.9414 408.1679 0.6656 0.0000 7.8400 0.0000 0.0000 0.0000 0.0000 0.0000 9.9900 7.8400 
2022 9 10 4 0.4700 366.6100 0.0000 9.5200 151.9491 408.1711 0.6657 0.0000 7.8400 0.0000 0.0000 0.0000 0.0000 0.0000 9.9900 7.8400 
2022 9 10 5 0.4700 392.6200 0.0000 9.5200 151.9569 408.1742 0.6657 0.0000 7.8400 0.0000 0.0000 0.0000 0.0000 0.0000 9.9900 7.8400 
2022 9 10 6 0.4700 405.5500 0.0000 9.5200 151.9646 408.1774 0.6658 0.0000 7.8400 0.0000 0.0000 0.0000 0.0000 0.0000 9.9900 7.8400 
2022 9 10 7 0.4700 422.6400 0.0000 9.5200 151.9723 408.1806 0.6658 0.0000 7.8400 0.0000 0.0000 0.0000 0.0000 0.0000 9.9900 7.8400 
2022 9 10 8 0.4600 420.7900 0.0000 9.5200 151.9801 408.1837 0.6658 0.0000 7.8400 0.0000 0.0000 0.0000 0.0000 0.0000 9.9800 7.8400 
2022 9 10 9 0.4600 441.6700 0.0000 9.5200 151.9878 408.1868 0.6659 0.0000 7.8400 0.0000 0.0000 0.0000 0.0000 0.0000 9.9800 7.8400 
2022 9 10 10 0.4600 430.7900 0.0000 9.5200 151.9955 408.1900 0.6659 0.0000 7.8400 0.0000 0.0000 0.0000 0.0000 0.0000 9.9800 7.8400 
2022 9 10 11 0.4600 411.8500 0.0000 9.5200 152.0032 408.1931 0.6659 0.0000 7.8400 0.0000 0.0000 0.0000 0.0000 0.0000 9.9800 7.8400 
2022 9 10 12 0.4600 365.5500 0.0000 9.5200 152.0109 408.1963 0.6660 0.0000 7.8400 0.0000 0.0000 0.0000 0.0000 0.0000 9.9800 7.8400 
2022 9 10 13 0.4600 359.3500 0.0000 9.5200 152.0186 408.1994 0.6660 0.0000 7.8400 0.0000 0.0000 0.0000 0.0000 0.0000 9.9800 7.8400 
2022 9 10 14 0.4600 363.8900 0.0000 9.5200 152.0263 408.2026 0.6661 0.0000 7.8400 0.0000 0.0000 0.0000 0.0000 0.0000 9.9800 7.8400 
2022 9 10 15 0.4500 394.0800 0.0000 9.5200 152.0339 408.2057 0.6661 0.0000 7.8400 0.0000 0.0000 0.0000 0.0000 0.0000 9.9700 7.8400 
2022 9 10 16 0.4500 457.2000 0.0000 9.5200 152.0416 408.2088 0.6661 0.0000 7.8400 0.0000 0.0000 0.0000 0.0000 0.0000 9.9700 7.8400 
2022 9 10 17 0.4500 441.1300 0.0000 9.5200 152.0493 408.2120 0.6662 0.0000 7.8400 0.0000 0.0000 0.0000 0.0000 0.0000 9.9700 7.8400 
2022 9 10 18 0.4500 478.8600 0.0000 9.5200 152.0569 408.2151 0.6662 0.0000 7.8400 0.0000 0.0000 0.0000 0.0000 0.0000 9.9700 7.8400 
2022 9 10 19 0.4500 478.7500 0.0000 9.5200 152.0646 408.2182 0.6663 0.0000 7.8400 0.0000 0.0000 0.0000 0.0000 0.0000 9.9700 7.8400 
2022 9 10 20 0.4500 453.0000 0.0000 9.5200 152.0723 408.2213 0.6663 0.0000 7.8400 0.0000 0.0000 0.0000 0.0000 0.0000 9.9700 7.8400 
2022 9 10 21 0.4500 448.9200 0.0000 9.5200 152.0800 408.2245 0.6663 0.0000 7.8400 0.0000 0.0000 0.0000 0.0000 0.0000 9.9700 7.8400 
2022 9 10 22 0.4500 447.8000 0.0000 9.5200 152.0876 408.2276 0.6664 0.0000 7.8400 0.0000 0.0000 0.0000 0.0000 0.0000 9.9700 7.8400 
2022 9 10 23 0.4400 434.5600 0.0000 9.5200 152.0953 408.2307 0.6664 0.0000 7.8400 0.0000 0.0000 0.0000 0.0000 0.0000 9.9600 7.8400 
2022 9 11 0 0.4400 397.0500 0.0000 9.5200 152.1029 408.2338 0.6664 0.0000 7.8400 0.0000 0.0000 0.0000 0.0000 0.0000 9.9600 7.8400 
2022 9 11 1 0.4400 397.0400 0.0000 9.5200 152.1105 408.2369 0.6665 0.0000 7.8400 0.0000 0.0000 0.0000 0.0000 0.0000 9.9600 7.8400 
2022 9 11 2 0.4400 380.7100 0.0000 9.5200 152.1181 408.2401 0.6665 0.0000 7.8400 0.0000 0.0000 0.0000 0.0000 0.0000 9.9600 7.8400 
2022 9 11 3 0.4400 369.7000 0.0000 9.5200 152.1258 408.2432 0.6666 0.0000 7.8400 0.0000 0.0000 0.0000 0.0000 0.0000 9.9600 7.8400 
2022 9 11 4 0.4400 380.5100 0.0000 9.5200 152.1334 408.2463 0.6666 0.0000 7.8400 0.0000 0.0000 0.0000 0.0000 0.0000 9.9600 7.8400 
2022 9 11 5 0.4400 390.0100 0.0000 9.5200 152.1410 408.2494 0.6666 0.0000 7.8400 0.0000 0.0000 0.0000 0.0000 0.0000 9.9600 7.8400 
2022 9 11 6 0.4400 396.1600 0.0000 9.5200 152.1487 408.2525 0.6667 0.0000 7.8400 0.0000 0.0000 0.0000 0.0000 0.0000 9.9600 7.8400 
2022 9 11 7 0.4400 413.7900 0.0000 9.5200 152.1563 408.2556 0.6667 0.0000 7.8400 0.0000 0.0000 0.0000 0.0000 0.0000 9.9600 7.8400 
2022 9 11 8 0.4400 414.6400 0.0000 9.5200 152.1639 408.2588 0.6668 0.0000 7.8400 0.0000 0.0000 0.0000 0.0000 0.0000 9.9600 7.8400 
2022 9 11 9 0.4400 400.5900 0.0000 9.5200 152.1716 408.2619 0.6668 0.0000 7.8400 0.0000 0.0000 0.0000 0.0000 0.0000 9.9600 7.8400 
2022 9 11 10 0.4400 391.8700 0.0000 9.5200 152.1792 408.2650 0.6668 0.0000 7.8400 0.0000 0.0000 0.0000 0.0000 0.0000 9.9600 7.8400 
2022 9 11 11 0.4400 371.2000 0.0000 9.5200 152.1868 408.2681 0.6669 0.0000 7.8400 0.0000 0.0000 0.0000 0.0000 0.0000 9.9600 7.8400 
2022 9 11 12 0.4400 344.8200 0.0000 9.5200 152.1945 408.2712 0.6669 0.0000 7.8400 0.0000 0.0000 0.0000 0.0000 0.0000 9.9600 7.8400 
2022 9 11 13 0.4400 284.3200 0.0000 9.5200 152.2021 408.2743 0.6669 0.0000 7.8400 0.0000 0.0000 0.0000 0.0000 0.0000 9.9600 7.8400 
2022 9 11 14 0.4400 306.2400 0.0000 9.5200 152.2097 408.2774 0.6670 0.0000 7.8400 0.0000 0.0000 0.0000 0.0000 0.0000 9.9600 7.8400 
2022 9 11 15 0.4400 376.2900 0.0000 9.5200 152.2174 408.2806 0.6670 0.0000 7.8400 0.0000 0.0000 0.0000 0.0000 0.0000 9.9600 7.8400 
2022 9 11 16 0.4400 426.0100 0.0000 9.5200 152.2250 408.2837 0.6671 0.0000 7.8400 0.0000 0.0000 0.0000 0.0000 0.0000 9.9600 7.8400 
2022 9 11 17 0.4300 465.2000 0.0000 9.5200 152.2326 408.2868 0.6671 0.0000 7.8400 0.0000 0.0000 0.0000 0.0000 0.0000 9.9500 7.8400 
2022 9 11 18 0.4300 493.3800 0.0000 9.5200 152.2402 408.2899 0.6671 0.0000 7.8400 0.0000 0.0000 0.0000 0.0000 0.0000 9.9500 7.8400 
2022 9 11 19 0.4300 504.5400 0.0000 9.5200 152.2478 408.2930 0.6672 0.0000 7.8400 0.0000 0.0000 0.0000 0.0000 0.0000 9.9500 7.8400 
2022 9 11 20 0.4300 484.5300 0.0000 9.5200 152.2554 408.2961 0.6672 0.0000 7.8400 0.0000 0.0000 0.0000 0.0000 0.0000 9.9500 7.8400 
2022 9 11 21 0.4300 450.8800 0.0000 9.5200 152.2630 408.2992 0.6673 0.0000 7.8400 0.0000 0.0000 0.0000 0.0000 0.0000 9.9500 7.8400 
2022 9 11 22 0.4300 403.6900 0.0000 9.5200 152.2706 408.3023 0.6673 0.0000 7.8400 0.0000 0.0000 0.0000 0.0000 0.0000 9.9500 7.8400 
2022 9 11 23 0.4300 357.1600 0.0000 9.5200 152.2782 408.3054 0.6673 0.0000 7.8400 0.0000 0.0000 0.0000 0.0000 0.0000 9.9500 7.8400 
2022 9 12 0 0.4300 365.7900 0.0000 9.5200 152.2858 408.3085 0.6674 0.0000 7.8400 0.0000 0.0000 0.0000 0.0000 0.0000 9.9500 7.8400 
2022 9 12 1 0.4300 365.2900 0.0000 9.5200 152.2934 408.3116 0.6674 0.0000 7.8400 0.0000 0.0000 0.0000 0.0000 0.0000 9.9500 7.8400 
2022 9 12 2 0.4300 360.0400 0.0000 9.5200 152.3010 408.3147 0.6674 0.0000 7.8400 0.0000 0.0000 0.0000 0.0000 0.0000 9.9500 7.8400 
2022 9 12 3 0.4300 363.6300 0.0000 9.5200 152.3086 408.3178 0.6675 0.0000 7.8400 0.0000 0.0000 0.0000 0.0000 0.0000 9.9500 7.8400 
2022 9 12 4 0.4200 401.1500 0.0000 9.5200 152.3161 408.3209 0.6675 0.0000 7.8400 0.0000 0.0000 0.0000 0.0000 0.0000 9.9400 7.8400 
2022 9 12 5 0.4200 454.5300 0.0000 9.5200 152.3237 408.3239 0.6676 0.0000 7.8400 0.0000 0.0000 0.0000 0.0000 0.0000 9.9400 7.8400 
2022 9 12 6 0.4200 486.6800 0.0000 9.5200 152.3312 408.3270 0.6676 0.0000 7.8400 0.0000 0.0000 0.0000 0.0000 0.0000 9.9400 7.8400 
2022 9 12 7 0.4200 489.8100 0.0000 9.5200 152.3388 408.3301 0.6676 0.0000 7.8400 0.0000 0.0000 0.0000 0.0000 0.0000 9.9400 7.8400 
2022 9 12 8 0.4200 458.5800 0.0000 9.5200 152.3464 408.3332 0.6677 0.0000 7.8400 0.0000 0.0000 0.0000 0.0000 0.0000 9.9400 7.8400 
2022 9 12 9 0.4200 417.6200 0.0000 9.5200 152.3539 408.3363 0.6677 0.0000 7.8400 0.0000 0.0000 0.0000 0.0000 0.0000 9.9400 7.8400 
2022 9 12 10 0.4200 370.5200 0.0000 9.5200 152.3615 408.3394 0.6677 0.0000 7.8400 0.0000 0.0000 0.0000 0.0000 0.0000 9.9400 7.8400 
2022 9 12 11 0.4200 362.2600 0.0000 9.5200 152.3690 408.3425 0.6678 0.0000 7.8400 0.0000 0.0000 0.0000 0.0000 0.0000 9.9400 7.8400 
2022 9 12 12 0.4300 339.4700 0.0000 9.5200 152.3766 408.3456 0.6678 0.0000 7.8400 0.0000 0.0000 0.0000 0.0000 0.0000 9.9500 7.8400 
2022 9 12 13 0.4400 347.4200 0.0000 9.5200 152.3843 408.3487 0.6679 0.0000 7.8400 0.0000 0.0000 0.0000 0.0000 0.0000 9.9600 7.8400 
2022 9 12 14 0.4600 354.9400 0.0000 9.5200 152.3920 408.3518 0.6679 0.0000 7.8400 0.0000 0.0000 0.0000 0.0000 0.0000 9.9800 7.8400 
2022 9 12 15 0.4800 407.2800 0.0000 9.5200 152.3997 408.3550 0.6679 0.0000 7.8400 0.0000 0.0000 0.0000 0.0000 0.0000 10.0000 7.8400 
2022 9 12 16 0.5100 457.5900 0.0000 9.5200 152.4076 408.3582 0.6680 0.0000 7.8400 0.0000 0.0000 0.0000 0.0000 0.0000 10.0300 7.8400 
2022 9 12 17 0.5400 490.3000 0.0000 9.5200 152.4156 408.3615 0.6680 0.0000 7.8400 0.0000 0.0000 0.0000 0.0000 0.0000 10.0600 7.8400 
2022 9 12 18 0.6400 495.5800 0.0000 9.5200 152.4240 408.3649 0.6681 0.0000 7.8400 0.0000 0.0000 0.0000 0.0000 0.0000 10.1600 7.8400 
2022 9 12 19 0.9900 486.8400 0.0000 9.5200 152.4336 408.3688 0.6681 0.0000 7.8400 0.0000 0.0000 0.0000 0.0000 0.0000 10.5100 7.8400 
2022 9 12 20 2.5900 449.5400 0.0000 9.5200 152.4490 408.3751 0.6682 0.0000 7.8400 0.0000 0.0000 0.0000 0.0000 0.0000 12.1100 7.8400 
2022 9 12 21 4.5800 375.1400 0.0000 9.5200 152.4715 408.3843 0.6683 0.0000 7.8400 0.0000 0.0000 0.0000 0.0000 0.0000 14.1000 7.8400 
2022 9 12 22 5.4800 341.6700 0.0000 9.5200 152.4973 408.3948 0.6684 0.0000 7.8400 0.0000 0.0000 0.0000 0.0000 0.0000 15.0000 7.8400 
2022 9 12 23 5.8200 349.1800 0.0000 9.5200 152.5243 408.4058 0.6686 0.0000 7.8400 0.0000 0.0000 0.0000 0.0000 0.0000 15.3400 7.8400 
2022 9 13 0 5.9000 302.8800 0.0000 9.5200 152.5516 408.4170 0.6687 0.0000 7.8400 0.0000 0.0000 0.0000 0.0000 0.0000 15.4200 7.8400 
2022 9 13 1 5.7400 289.9200 0.0000 9.5200 152.5783 408.4279 0.6688 0.0000 7.8400 0.0000 0.0000 0.0000 0.0000 0.0000 15.2600 7.8400 
2022 9 13 2 5.4900 303.0000 0.0000 9.5200 152.6041 408.4384 0.6690 0.0000 7.8400 0.0000 0.0000 0.0000 0.0000 0.0000 15.0100 7.8400 
2022 9 13 3 5.2500 311.0300 0.0000 9.5200 152.6290 408.4486 0.6691 0.0000 7.8400 0.0000 0.0000 0.0000 0.0000 0.0000 14.7700 7.8400 
2022 9 13 4 5.0800 308.9200 0.0000 9.5200 152.6534 408.4585 0.6692 0.0000 7.8400 0.0000 0.0000 0.0000 0.0000 0.0000 14.6000 7.8400 
2022 9 13 5 4.9700 394.8500 0.0000 9.5200 152.6773 408.4683 0.6693 0.0000 7.8400 0.0000 0.0000 0.0000 0.0000 0.0000 14.4900 7.8400 
2022 9 13 6 4.9100 444.2200 0.0000 9.5200 152.7010 408.4780 0.6694 0.0000 7.8400 0.0000 0.0000 0.0000 0.0000 0.0000 14.4300 7.8400 
2022 9 13 7 4.8900 454.6600 0.0000 9.5200 152.7247 408.4876 0.6696 0.0000 7.8400 0.0000 0.0000 0.0000 0.0000 0.0000 14.4100 7.8400 
2022 9 13 8 4.9000 445.1700 0.0000 9.5200 152.7484 408.4973 0.6697 0.0000 7.8400 0.0000 0.0000 0.0000 0.0000 0.0000 14.4200 7.8400 
2022 9 13 9 4.9000 434.5700 0.0000 9.5200 152.7721 408.5070 0.6698 0.0000 7.8400 0.0000 0.0000 0.0000 0.0000 0.0000 14.4200 7.8400 
2022 9 13 10 4.8900 442.0500 0.0000 9.5200 152.7957 408.5166 0.6699 0.0000 7.8400 0.0000 0.0000 0.0000 0.0000 0.0000 14.4100 7.8400 
2022 9 13 11 4.8200 345.7200 0.0000 9.5200 152.8191 408.5262 0.6700 0.0000 7.8400 0.0000 0.0000 0.0000 0.0000 0.0000 14.3400 7.8400 
2022 9 13 12 4.7400 334.8100 0.0000 9.5200 152.8422 408.5356 0.6702 0.0000 7.8400 0.0000 0.0000 0.0000 0.0000 0.0000 14.2600 7.8400 
2022 9 13 13 4.6700 340.6700 0.0000 9.5200 152.8651 408.5449 0.6703 0.0000 7.8400 0.0000 0.0000 0.0000 0.0000 0.0000 14.1900 7.8400 
2022 9 13 14 4.5700 354.9900 0.0000 9.5200 152.8876 408.5541 0.6704 0.0000 7.8400 0.0000 0.0000 0.0000 0.0000 0.0000 14.0900 7.8400 
2022 9 13 15 4.4500 372.5300 0.0000 9.5200 152.9096 408.5631 0.6705 0.0000 7.8400 0.0000 0.0000 0.0000 0.0000 0.0000 13.9700 7.8400 
2022 9 13 16 4.3200 414.6100 0.0000 9.5200 152.9312 408.5719 0.6706 0.0000 7.8400 0.0000 0.0000 0.0000 0.0000 0.0000 13.8400 7.8400 
2022 9 13 17 4.1900 449.3400 0.0000 9.5200 152.9524 408.5806 0.6707 0.0000 7.8400 0.0000 0.0000 0.0000 0.0000 0.0000 13.7100 7.8400 
2022 9 13 18 4.0800 468.8000 0.0000 9.5200 152.9731 408.5890 0.6708 0.0000 7.8400 0.0000 0.0000 0.0000 0.0000 0.0000 13.6000 7.8400 
2022 9 13 19 3.9600 465.7900 0.0000 9.5200 152.9934 408.5973 0.6709 0.0000 7.8400 0.0000 0.0000 0.0000 0.0000 0.0000 13.4800 7.8400 
2022 9 13 20 3.8500 425.4300 0.0000 9.5200 153.0133 408.6054 0.6710 0.0000 7.8400 0.0000 0.0000 0.0000 0.0000 0.0000 13.3700 7.8400 
2022 9 13 21 3.7600 388.8200 0.0000 9.5200 153.0329 408.6134 0.6711 0.0000 7.8400 0.0000 0.0000 0.0000 0.0000 0.0000 13.2800 7.8400 
2022 9 13 22 3.6700 333.2800 0.0000 9.5200 153.0522 408.6213 0.6712 0.0000 7.8400 0.0000 0.0000 0.0000 0.0000 0.0000 13.1900 7.8400 
2022 9 13 23 3.5900 355.7400 0.0000 9.5200 153.0711 408.6290 0.6713 0.0000 7.8400 0.0000 0.0000 0.0000 0.0000 0.0000 13.1100 7.8400 
2022 9 14 0 3.5000 319.5800 0.0000 9.5200 153.0898 408.6366 0.6714 0.0000 7.8400 0.0000 0.0000 0.0000 0.0000 0.0000 13.0200 7.8400 
2022 9 14 1 3.4200 329.7100 0.0000 9.5200 153.1081 408.6441 0.6715 0.0000 7.8400 0.0000 0.0000 0.0000 0.0000 0.0000 12.9400 7.8400 
2022 9 14 2 3.3400 325.5600 0.0000 9.5200 153.1262 408.6515 0.6716 0.0000 7.8400 0.0000 0.0000 0.0000 0.0000 0.0000 12.8600 7.8400 
2022 9 14 3 3.2700 337.0300 0.0000 9.5200 153.1440 408.6588 0.6717 0.0000 7.8400 0.0000 0.0000 0.0000 0.0000 0.0000 12.7900 7.8400 
2022 9 14 4 3.2100 363.8700 0.0000 9.5200 153.1616 408.6660 0.6718 0.0000 7.8400 0.0000 0.0000 0.0000 0.0000 0.0000 12.7300 7.8400 
2022 9 14 5 3.1500 413.8000 0.0000 9.5200 153.1790 408.6731 0.6718 0.0000 7.8400 0.0000 0.0000 0.0000 0.0000 0.0000 12.6700 7.8400 
2022 9 14 6 3.1100 460.5400 0.0000 9.5200 153.1963 408.6801 0.6719 0.0000 7.8400 0.0000 0.0000 0.0000 0.0000 0.0000 12.6300 7.8400 
2022 9 14 7 3.0600 478.9300 0.0000 9.5200 153.2133 408.6871 0.6720 0.0000 7.8400 0.0000 0.0000 0.0000 0.0000 0.0000 12.5800 7.8400 
2022 9 14 8 3.0200 486.6400 0.0000 9.5200 153.2303 408.6940 0.6721 0.0000 7.8400 0.0000 0.0000 0.0000 0.0000 0.0000 12.5400 7.8400 
2022 9 14 9 2.9800 478.5400 0.0000 9.5200 153.2470 408.7008 0.6722 0.0000 7.8400 0.0000 0.0000 0.0000 0.0000 0.0000 12.5000 7.8400 
2022 9 14 10 2.9300 476.0000 0.0000 9.5200 153.2636 408.7076 0.6723 0.0000 7.8400 0.0000 0.0000 0.0000 0.0000 0.0000 12.4500 7.8400 
2022 9 14 11 2.8900 460.8700 0.0000 9.5200 153.2801 408.7143 0.6724 0.0000 7.8400 0.0000 0.0000 0.0000 0.0000 0.0000 12.4100 7.8400 
2022 9 14 12 2.8500 450.3700 0.0000 9.5200 153.2964 408.7210 0.6724 0.0000 7.8400 0.0000 0.0000 0.0000 0.0000 0.0000 12.3700 7.8400 
2022 9 14 13 2.8200 422.0900 0.0000 9.5200 153.3126 408.7276 0.6725 0.0000 7.8400 0.0000 0.0000 0.0000 0.0000 0.0000 12.3400 7.8400 
2022 9 14 14 2.7800 440.4100 0.0000 9.5200 153.3286 408.7341 0.6726 0.0000 7.8400 0.0000 0.0000 0.0000 0.0000 0.0000 12.3000 7.8400 
2022 9 14 15 2.7400 447.2400 0.0000 9.5200 153.3446 408.7406 0.6727 0.0000 7.8400 0.0000 0.0000 0.0000 0.0000 0.0000 12.2600 7.8400 
2022 9 14 16 2.7100 461.9100 0.0000 9.5200 153.3604 408.7471 0.6728 0.0000 7.8400 0.0000 0.0000 0.0000 0.0000 0.0000 12.2300 7.8400 
2022 9 14 17 2.6800 466.8800 0.0000 9.5200 153.3761 408.7535 0.6728 0.0000 7.8400 0.0000 0.0000 0.0000 0.0000 0.0000 12.2000 7.8400 
2022 9 14 18 2.6500 474.3900 0.0000 9.5200 153.3916 408.7599 0.6729 0.0000 7.8400 0.0000 0.0000 0.0000 0.0000 0.0000 12.1700 7.8400 
2022 9 14 19 2.6100 474.1500 0.0000 9.5200 153.4071 408.7662 0.6730 0.0000 7.8400 0.0000 0.0000 0.0000 0.0000 0.0000 12.1300 7.8400 
2022 9 14 20 2.5800 460.8100 0.0000 9.5200 153.4224 408.7724 0.6731 0.0000 7.8400 0.0000 0.0000 0.0000 0.0000 0.0000 12.1000 7.8400 
2022 9 14 21 2.5500 419.9700 0.0000 9.5200 153.4377 408.7786 0.6731 0.0000 7.8400 0.0000 0.0000 0.0000 0.0000 0.0000 12.0700 7.8400 
2022 9 14 22 2.5200 355.9400 0.0000 9.5200 153.4528 408.7848 0.6732 0.0000 7.8400 0.0000 0.0000 0.0000 0.0000 0.0000 12.0400 7.8400 
2022 9 14 23 2.5100 406.7400 0.0000 9.5200 153.4679 408.7910 0.6733 0.0000 7.8400 0.0000 0.0000 0.0000 0.0000 0.0000 12.0300 7.8400 
2022 9 15 0 2.4900 353.2000 0.0000 9.5200 153.4829 408.7971 0.6734 0.0000 7.8400 0.0000 0.0000 0.0000 0.0000 0.0000 12.0100 7.8400 
2022 9 15 1 2.4700 330.0700 0.0000 9.5200 153.4978 408.8032 0.6734 0.0000 7.8400 0.0000 0.0000 0.0000 0.0000 0.0000 11.9900 7.8400 
2022 9 15 2 2.4500 314.7200 0.0000 9.5200 153.5127 408.8093 0.6735 0.0000 7.8400 0.0000 0.0000 0.0000 0.0000 0.0000 11.9700 7.8400 
2022 9 15 3 2.4300 283.5700 0.0000 9.5200 153.5275 408.8153 0.6736 0.0000 7.8400 0.0000 0.0000 0.0000 0.0000 0.0000 11.9500 7.8400 
2022 9 15 4 2.4100 381.1500 0.0000 9.5200 153.5422 408.8213 0.6737 0.0000 7.8400 0.0000 0.0000 0.0000 0.0000 0.0000 11.9300 7.8400 
2022 9 15 5 2.3900 396.4000 0.0000 9.5200 153.5569 408.8273 0.6737 0.0000 7.8400 0.0000 0.0000 0.0000 0.0000 0.0000 11.9100 7.8400 
2022 9 15 6 2.3700 430.1700 0.0000 9.5200 153.5714 408.8332 0.6738 0.0000 7.8400 0.0000 0.0000 0.0000 0.0000 0.0000 11.8900 7.8400 
2022 9 15 7 2.3500 431.7700 0.0000 9.5200 153.5859 408.8392 0.6739 0.0000 7.8400 0.0000 0.0000 0.0000 0.0000 0.0000 11.8700 7.8400 
2022 9 15 8 2.3300 433.2200 0.0000 9.5200 153.6004 408.8451 0.6740 0.0000 7.8400 0.0000 0.0000 0.0000 0.0000 0.0000 11.8500 7.8400 
2022 9 15 9 2.3100 411.8400 0.0000 9.5200 153.6147 408.8509 0.6740 0.0000 7.8400 0.0000 0.0000 0.0000 0.0000 0.0000 11.8300 7.8400 
2022 9 15 10 2.2900 388.5700 0.0000 9.5200 153.6290 408.8567 0.6741 0.0000 7.8400 0.0000 0.0000 0.0000 0.0000 0.0000 11.8100 7.8400 
2022 9 15 11 2.2800 344.9700 0.0000 9.5200 153.6433 408.8626 0.6742 0.0000 7.8400 0.0000 0.0000 0.0000 0.0000 0.0000 11.8000 7.8400 
2022 9 15 12 2.2600 315.3800 0.0000 9.5200 153.6575 408.8684 0.6742 0.0000 7.8400 0.0000 0.0000 0.0000 0.0000 0.0000 11.7800 7.8400 
2022 9 15 13 2.2500 309.6800 0.0000 9.5200 153.6716 408.8741 0.6743 0.0000 7.8400 0.0000 0.0000 0.0000 0.0000 0.0000 11.7700 7.8400 
2022 9 15 14 2.2300 271.9200 0.0000 9.5200 153.6857 408.8799 0.6744 0.0000 7.8400 0.0000 0.0000 0.0000 0.0000 0.0000 11.7500 7.8400 
2022 9 15 15 2.2200 302.7300 0.0000 9.5200 153.6997 408.8856 0.6745 0.0000 7.8400 0.0000 0.0000 0.0000 0.0000 0.0000 11.7400 7.8400 
2022 9 15 16 2.2000 364.8600 0.0000 9.5200 153.7137 408.8913 0.6745 0.0000 7.8400 0.0000 0.0000 0.0000 0.0000 0.0000 11.7200 7.8400 
2022 9 15 17 2.1900 414.9600 0.0000 9.5200 153.7276 408.8970 0.6746 0.0000 7.8400 0.0000 0.0000 0.0000 0.0000 0.0000 11.7100 7.8400 
2022 9 15 18 2.1700 422.8400 0.0000 9.5200 153.7415 408.9027 0.6747 0.0000 7.8400 0.0000 0.0000 0.0000 0.0000 0.0000 11.6900 7.8400 
2022 9 15 19 2.1400 428.2900 0.0000 9.5200 153.7552 408.9083 0.6747 0.0000 7.8400 0.0000 0.0000 0.0000 0.0000 0.0000 11.6600 7.8400 
2022 9 15 20 2.1200 397.2500 0.0000 9.5200 153.7689 408.9138 0.6748 0.0000 7.8400 0.0000 0.0000 0.0000 0.0000 0.0000 11.6400 7.8400 
2022 9 15 21 2.1000 356.7900 0.0000 9.5200 153.7825 408.9194 0.6749 0.0000 7.8400 0.0000 0.0000 0.0000 0.0000 0.0000 11.6200 7.8400 
2022 9 15 22 2.0800 264.9100 0.0000 9.5200 153.7961 408.9249 0.6749 0.0000 7.8400 0.0000 0.0000 0.0000 0.0000 0.0000 11.6000 7.8400 
2022 9 15 23 2.0500 190.4700 0.0000 9.5200 153.8095 408.9304 0.6750 0.0000 7.8400 0.0000 0.0000 0.0000 0.0000 0.0000 11.5700 7.8400 
2022 9 16 0 2.0300 170.7800 0.0000 9.5200 153.8229 408.9359 0.6751 0.0000 7.8400 0.0000 0.0000 0.0000 0.0000 0.0000 11.5500 7.8400 
2022 9 16 1 2.0100 228.1700 0.0000 9.5200 153.8361 408.9413 0.6751 0.0000 7.8400 0.0000 0.0000 0.0000 0.0000 0.0000 11.5300 7.8400 
2022 9 16 2 2.0000 181.9800 0.0000 9.5200 153.8494 408.9467 0.6752 0.0000 7.8400 0.0000 0.0000 0.0000 0.0000 0.0000 11.5200 7.8400 
2022 9 16 3 1.9800 148.7300 0.0000 9.5200 153.8626 408.9521 0.6753 0.0000 7.8400 0.0000 0.0000 0.0000 0.0000 0.0000 11.5000 7.8400 
2022 9 16 4 1.9700 220.6300 0.0000 9.5200 153.8757 408.9574 0.6753 0.0000 7.8400 0.0000 0.0000 0.0000 0.0000 0.0000 11.4900 7.8400 
2022 9 16 5 1.9600 369.3600 0.0000 9.5200 153.8888 408.9628 0.6754 0.0000 7.8400 0.0000 0.0000 0.0000 0.0000 0.0000 11.4800 7.8400 
2022 9 16 6 1.9400 424.4300 0.0000 9.5200 153.9018 408.9681 0.6755 0.0000 7.8400 0.0000 0.0000 0.0000 0.0000 0.0000 11.4600 7.8400 
2022 9 16 7 1.9200 418.4700 0.0000 9.5200 153.9148 408.9734 0.6755 0.0000 7.8400 0.0000 0.0000 0.0000 0.0000 0.0000 11.4400 7.8400 
2022 9 16 8 1.9100 405.9100 0.0000 9.5200 153.9277 408.9787 0.6756 0.0000 7.8400 0.0000 0.0000 0.0000 0.0000 0.0000 11.4300 7.8400 
2022 9 16 9 1.8900 408.1000 0.0000 9.5200 153.9406 408.9839 0.6757 0.0000 7.8400 0.0000 0.0000 0.0000 0.0000 0.0000 11.4100 7.8400 
2022 9 16 10 1.8800 406.6700 0.0000 9.5200 153.9534 408.9891 0.6757 0.0000 7.8400 0.0000 0.0000 0.0000 0.0000 0.0000 11.4000 7.8400 
2022 9 16 11 1.8600 411.1900 0.0000 9.5200 153.9661 408.9943 0.6758 0.0000 7.8400 0.0000 0.0000 0.0000 0.0000 0.0000 11.3800 7.8400 
2022 9 16 12 1.8400 409.4500 0.0000 9.5200 153.9788 408.9995 0.6759 0.0000 7.8400 0.0000 0.0000 0.0000 0.0000 0.0000 11.3600 7.8400 
2022 9 16 13 1.8200 409.3200 0.0000 9.5200 153.9914 409.0047 0.6759 0.0000 7.8400 0.0000 0.0000 0.0000 0.0000 0.0000 11.3400 7.8400 
2022 9 16 14 1.8100 408.1100 0.0000 9.5200 154.0040 409.0098 0.6760 0.0000 7.8400 0.0000 0.0000 0.0000 0.0000 0.0000 11.3300 7.8400 
2022 9 16 15 1.7900 404.2600 0.0000 9.5200 154.0165 409.0149 0.6760 0.0000 7.8400 0.0000 0.0000 0.0000 0.0000 0.0000 11.3100 7.8400 
2022 9 16 16 1.7800 266.5500 0.0000 9.5200 154.0289 409.0200 0.6761 0.0000 7.8400 0.0000 0.0000 0.0000 0.0000 0.0000 11.3000 7.8400 
2022 9 16 17 1.7700 327.2600 0.0000 9.5200 154.0413 409.0250 0.6762 0.0000 7.8400 0.0000 0.0000 0.0000 0.0000 0.0000 11.2900 7.8400 
2022 9 16 18 1.7500 379.6100 0.0000 9.5200 154.0537 409.0301 0.6762 0.0000 7.8400 0.0000 0.0000 0.0000 0.0000 0.0000 11.2700 7.8400 
2022 9 16 19 1.7400 365.0900 0.0000 9.5200 154.0660 409.0351 0.6763 0.0000 7.8400 0.0000 0.0000 0.0000 0.0000 0.0000 11.2600 7.8400 
2022 9 16 20 1.7200 235.6200 0.0000 9.5200 154.0782 409.0401 0.6764 0.0000 7.8400 0.0000 0.0000 0.0000 0.0000 0.0000 11.2400 7.8400 
2022 9 16 21 1.7000 276.7700 0.0000 9.5200 154.0904 409.0451 0.6764 0.0000 7.8400 0.0000 0.0000 0.0000 0.0000 0.0000 11.2200 7.8400 
2022 9 16 22 1.6800 237.2900 0.0000 9.5200 154.1025 409.0500 0.6765 0.0000 7.8400 0.0000 0.0000 0.0000 0.0000 0.0000 11.2000 7.8400 
2022 9 16 23 1.6600 391.6600 0.0000 9.5200 154.1145 409.0549 0.6765 0.0000 7.8400 0.0000 0.0000 0.0000 0.0000 0.0000 11.1800 7.8400 
2022 9 17 0 1.6400 365.8200 0.0000 9.5200 154.1265 409.0598 0.6766 0.0000 7.8400 0.0000 0.0000 0.0000 0.0000 0.0000 11.1600 7.8400 
2022 9 17 1 1.6300 247.5600 0.0000 9.5200 154.1384 409.0647 0.6767 0.0000 7.8400 0.0000 0.0000 0.0000 0.0000 0.0000 11.1500 7.8400 
2022 9 17 2 1.6100 245.9400 0.0000 9.5200 154.1502 409.0695 0.6767 0.0000 7.8400 0.0000 0.0000 0.0000 0.0000 0.0000 11.1300 7.8400 
2022 9 17 3 1.6000 245.1300 0.0000 9.5200 154.1620 409.0743 0.6768 0.0000 7.8400 0.0000 0.0000 0.0000 0.0000 0.0000 11.1200 7.8400 
2022 9 17 4 1.5900 199.1900 0.0000 9.5200 154.1738 409.0791 0.6768 0.0000 7.8400 0.0000 0.0000 0.0000 0.0000 0.0000 11.1100 7.8400 
2022 9 17 5 1.5700 86.6800 0.0000 9.5200 154.1855 409.0839 0.6769 0.0000 7.8400 0.0000 0.0000 0.0000 0.0000 0.0000 11.0900 7.8400 
2022 9 17 6 1.5600 250.7100 0.0000 9.5200 154.1972 409.0886 0.6770 0.0000 7.8400 0.0000 0.0000 0.0000 0.0000 0.0000 11.0800 7.8400 
2022 9 17 7 1.5400 235.5200 0.0000 9.5200 154.2088 409.0934 0.6770 0.0000 7.8400 0.0000 0.0000 0.0000 0.0000 0.0000 11.0600 7.8400 
2022 9 17 8 1.5300 390.9700 0.0000 9.5200 154.2203 409.0981 0.6771 0.0000 7.8400 0.0000 0.0000 0.0000 0.0000 0.0000 11.0500 7.8400 
2022 9 17 9 1.5200 396.4800 0.0000 9.5200 154.2319 409.1028 0.6771 0.0000 7.8400 0.0000 0.0000 0.0000 0.0000 0.0000 11.0400 7.8400 
2022 9 17 10 1.5100 389.6400 0.0000 9.5200 154.2433 409.1075 0.6772 0.0000 7.8400 0.0000 0.0000 0.0000 0.0000 0.0000 11.0300 7.8400 
2022 9 17 11 1.4900 390.5200 0.0000 9.5200 154.2547 409.1121 0.6772 0.0000 7.8400 0.0000 0.0000 0.0000 0.0000 0.0000 11.0100 7.8400 
2022 9 17 12 1.4800 234.7300 0.0000 9.5200 154.2661 409.1168 0.6773 0.0000 7.8400 0.0000 0.0000 0.0000 0.0000 0.0000 11.0000 7.8400 
2022 9 17 13 1.4800 187.4400 0.0000 9.5200 154.2775 409.1214 0.6774 0.0000 7.8400 0.0000 0.0000 0.0000 0.0000 0.0000 11.0000 7.8400 
2022 9 17 14 1.4600 192.7500 0.0000 9.5200 154.2888 409.1260 0.6774 0.0000 7.8400 0.0000 0.0000 0.0000 0.0000 0.0000 10.9800 7.8400 
2022 9 17 15 1.4500 37.0800 0.0000 9.5200 154.3001 409.1306 0.6775 0.0000 7.8400 0.0000 0.0000 0.0000 0.0000 0.0000 10.9700 7.8400 
2022 9 17 16 1.4400 70.3200 0.0000 9.5200 154.3113 409.1352 0.6775 0.0000 7.8400 0.0000 0.0000 0.0000 0.0000 0.0000 10.9600 7.8400 
2022 9 17 17 1.4200 240.0200 0.0000 9.5200 154.3225 409.1398 0.6776 0.0000 7.8400 0.0000 0.0000 0.0000 0.0000 0.0000 10.9400 7.8400 
2022 9 17 18 1.4000 229.7500 0.0000 9.5200 154.3336 409.1443 0.6776 0.0000 7.8400 0.0000 0.0000 0.0000 0.0000 0.0000 10.9200 7.8400 
2022 9 17 19 1.3900 343.6700 0.0000 9.5200 154.3446 409.1488 0.6777 0.0000 7.8400 0.0000 0.0000 0.0000 0.0000 0.0000 10.9100 7.8400 
2022 9 17 20 1.3700 398.4700 0.0000 9.5200 154.3556 409.1533 0.6778 0.0000 7.8400 0.0000 0.0000 0.0000 0.0000 0.0000 10.8900 7.8400 
2022 9 17 21 1.3500 250.8600 0.0000 9.5200 154.3665 409.1578 0.6778 0.0000 7.8400 0.0000 0.0000 0.0000 0.0000 0.0000 10.8700 7.8400 
2022 9 17 22 1.3400 269.7300 0.0000 9.5200 154.3774 409.1622 0.6779 0.0000 7.8400 0.0000 0.0000 0.0000 0.0000 0.0000 10.8600 7.8400 
2022 9 17 23 1.3200 28.1300 0.0000 9.5200 154.3882 409.1666 0.6779 0.0000 7.8400 0.0000 0.0000 0.0000 0.0000 0.0000 10.8400 7.8400 
2022 9 18 0 1.3100 28.5400 0.0000 9.5200 154.3989 409.1710 0.6780 0.0000 7.8400 0.0000 0.0000 0.0000 0.0000 0.0000 10.8300 7.8400 
2022 9 18 1 1.2900 23.4000 0.0000 9.5200 154.4096 409.1754 0.6780 0.0000 7.8400 0.0000 0.0000 0.0000 0.0000 0.0000 10.8100 7.8400 
2022 9 18 2 1.2800 28.6500 0.0000 9.5200 154.4203 409.1797 0.6781 0.0000 7.8400 0.0000 0.0000 0.0000 0.0000 0.0000 10.8000 7.8400 
2022 9 18 3 1.2800 35.8800 0.0000 9.5200 154.4309 409.1841 0.6781 0.0000 7.8400 0.0000 0.0000 0.0000 0.0000 0.0000 10.8000 7.8400 
2022 9 18 4 1.3000 32.3500 0.0000 9.5200 154.4417 409.1884 0.6782 0.0000 7.8400 0.0000 0.0000 0.0000 0.0000 0.0000 10.8200 7.8400 
2022 9 18 5 1.3000 25.2300 0.0000 9.5200 154.4524 409.1928 0.6782 0.0000 7.8400 0.0000 0.0000 0.0000 0.0000 0.0000 10.8200 7.8400 
2022 9 18 6 1.2900 63.4600 0.0000 9.5200 154.4631 409.1972 0.6783 0.0000 7.8400 0.0000 0.0000 0.0000 0.0000 0.0000 10.8100 7.8400 
2022 9 18 7 1.2800 78.8100 0.0000 9.5200 154.4737 409.2015 0.6783 0.0000 7.8400 0.0000 0.0000 0.0000 0.0000 0.0000 10.8000 7.8400 
2022 9 18 8 1.2600 71.8100 0.0000 9.5200 154.4843 409.2058 0.6784 0.0000 7.8400 0.0000 0.0000 0.0000 0.0000 0.0000 10.7800 7.8400 
2022 9 18 9 1.2500 229.0200 0.0000 9.5200 154.4949 409.2102 0.6785 0.0000 7.8400 0.0000 0.0000 0.0000 0.0000 0.0000 10.7700 7.8400 
2022 9 18 10 1.2300 363.4200 0.0000 9.5200 154.5053 409.2144 0.6785 0.0000 7.8400 0.0000 0.0000 0.0000 0.0000 0.0000 10.7500 7.8400 
2022 9 18 11 1.2200 85.3300 0.0000 9.5200 154.5158 409.2187 0.6786 0.0000 7.8400 0.0000 0.0000 0.0000 0.0000 0.0000 10.7400 7.8400 
2022 9 18 12 1.2200 244.1100 0.0000 9.5200 154.5262 409.2229 0.6786 0.0000 7.8400 0.0000 0.0000 0.0000 0.0000 0.0000 10.7400 7.8400 
2022 9 18 13 1.2000 34.0000 0.0000 9.5200 154.5366 409.2272 0.6787 0.0000 7.8400 0.0000 0.0000 0.0000 0.0000 0.0000 10.7200 7.8400 
2022 9 18 14 1.2000 35.8900 0.0000 9.5200 154.5470 409.2314 0.6787 0.0000 7.8400 0.0000 0.0000 0.0000 0.0000 0.0000 10.7200 7.8400 
2022 9 18 15 1.1800 163.3000 0.0000 9.5200 154.5573 409.2356 0.6788 0.0000 7.8400 0.0000 0.0000 0.0000 0.0000 0.0000 10.7000 7.8400 
2022 9 18 16 1.1700 86.3800 0.0000 9.5200 154.5675 409.2398 0.6788 0.0000 7.8400 0.0000 0.0000 0.0000 0.0000 0.0000 10.6900 7.8400 
2022 9 18 17 1.1600 192.8800 0.0000 9.5200 154.5777 409.2440 0.6789 0.0000 7.8400 0.0000 0.0000 0.0000 0.0000 0.0000 10.6800 7.8400 
2022 9 18 18 1.1500 213.4000 0.0000 9.5200 154.5879 409.2481 0.6789 0.0000 7.8400 0.0000 0.0000 0.0000 0.0000 0.0000 10.6700 7.8400 
2022 9 18 19 1.1400 226.8900 0.0000 9.5200 154.5981 409.2523 0.6790 0.0000 7.8400 0.0000 0.0000 0.0000 0.0000 0.0000 10.6600 7.8400 
2022 9 18 20 1.1200 193.1400 0.0000 9.5200 154.6082 409.2564 0.6790 0.0000 7.8400 0.0000 0.0000 0.0000 0.0000 0.0000 10.6400 7.8400 
2022 9 18 21 1.1200 158.0000 0.0000 9.5200 154.6182 409.2605 0.6791 0.0000 7.8400 0.0000 0.0000 0.0000 0.0000 0.0000 10.6400 7.8400 
2022 9 18 22 1.1000 119.7200 0.0000 9.5200 154.6282 409.2646 0.6791 0.0000 7.8400 0.0000 0.0000 0.0000 0.0000 0.0000 10.6200 7.8400 
2022 9 18 23 1.0900 88.5900 0.0000 9.5200 154.6382 409.2687 0.6792 0.0000 7.8400 0.0000 0.0000 0.0000 0.0000 0.0000 10.6100 7.8400 
2022 9 19 0 1.0800 102.5400 0.0000 9.5200 154.6482 409.2727 0.6792 0.0000 7.8400 0.0000 0.0000 0.0000 0.0000 0.0000 10.6000 7.8400 
2022 9 19 1 1.0700 97.3700 0.0000 9.5200 154.6581 409.2768 0.6793 0.0000 7.8400 0.0000 0.0000 0.0000 0.0000 0.0000 10.5900 7.8400 
2022 9 19 2 1.0600 91.7800 0.0000 9.5200 154.6679 409.2808 0.6793 0.0000 7.8400 0.0000 0.0000 0.0000 0.0000 0.0000 10.5800 7.8400 
2022 9 19 3 1.0500 103.9200 0.0000 9.5200 154.6777 409.2848 0.6794 0.0000 7.8400 0.0000 0.0000 0.0000 0.0000 0.0000 10.5700 7.8400 
2022 9 19 4 1.0400 184.3000 0.0000 9.5200 154.6875 409.2888 0.6794 0.0000 7.8400 0.0000 0.0000 0.0000 0.0000 0.0000 10.5600 7.8400 
2022 9 19 5 1.0400 359.2200 0.0000 9.5200 154.6973 409.2928 0.6795 0.0000 7.8400 0.0000 0.0000 0.0000 0.0000 0.0000 10.5600 7.8400 
2022 9 19 6 1.0300 408.3800 0.0000 9.5200 154.7071 409.2968 0.6795 0.0000 7.8400 0.0000 0.0000 0.0000 0.0000 0.0000 10.5500 7.8400 
2022 9 19 7 1.0300 415.1800 0.0000 9.5200 154.7168 409.3008 0.6796 0.0000 7.8400 0.0000 0.0000 0.0000 0.0000 0.0000 10.5500 7.8400 
2022 9 19 8 1.0300 375.1800 0.0000 9.5200 154.7266 409.3047 0.6796 0.0000 7.8400 0.0000 0.0000 0.0000 0.0000 0.0000 10.5500 7.8400 
2022 9 19 9 1.0200 347.8600 0.0000 9.5200 154.7363 409.3087 0.6797 0.0000 7.8400 0.0000 0.0000 0.0000 0.0000 0.0000 10.5400 7.8400 
2022 9 19 10 1.0200 248.9800 0.0000 9.5200 154.7460 409.3127 0.6797 0.0000 7.8400 0.0000 0.0000 0.0000 0.0000 0.0000 10.5400 7.8400 
2022 9 19 11 1.0100 230.2800 0.0000 9.5200 154.7557 409.3166 0.6798 0.0000 7.8400 0.0000 0.0000 0.0000 0.0000 0.0000 10.5300 7.8400 
2022 9 19 12 1.0100 242.5600 0.0000 9.5200 154.7654 409.3206 0.6798 0.0000 7.8400 0.0000 0.0000 0.0000 0.0000 0.0000 10.5300 7.8400 
2022 9 19 13 1.0000 243.1200 0.0000 9.5200 154.7751 409.3245 0.6799 0.0000 7.8400 0.0000 0.0000 0.0000 0.0000 0.0000 10.5200 7.8400 
2022 9 19 14 1.0000 227.6600 0.0000 9.5200 154.7847 409.3285 0.6799 0.0000 7.8400 0.0000 0.0000 0.0000 0.0000 0.0000 10.5200 7.8400 
2022 9 19 15 1.0000 263.4200 0.0000 9.5200 154.7944 409.3324 0.6800 0.0000 7.8400 0.0000 0.0000 0.0000 0.0000 0.0000 10.5200 7.8400 
2022 9 19 16 1.0000 369.9000 0.0000 9.5200 154.8040 409.3363 0.6800 0.0000 7.8400 0.0000 0.0000 0.0000 0.0000 0.0000 10.5200 7.8400 
2022 9 19 17 0.9900 407.0800 0.0000 9.5200 154.8136 409.3402 0.6801 0.0000 7.8400 0.0000 0.0000 0.0000 0.0000 0.0000 10.5100 7.8400 
2022 9 19 18 0.9900 438.6700 0.0000 9.5200 154.8232 409.3442 0.6801 0.0000 7.8400 0.0000 0.0000 0.0000 0.0000 0.0000 10.5100 7.8400 
2022 9 19 19 0.9800 419.6500 0.0000 9.5200 154.8328 409.3481 0.6801 0.0000 7.8400 0.0000 0.0000 0.0000 0.0000 0.0000 10.5000 7.8400 
2022 9 19 20 0.9800 390.6100 0.0000 9.5200 154.8424 409.3520 0.6802 0.0000 7.8400 0.0000 0.0000 0.0000 0.0000 0.0000 10.5000 7.8400 
2022 9 19 21 0.9800 362.1600 0.0000 9.5200 154.8520 409.3559 0.6802 0.0000 7.8400 0.0000 0.0000 0.0000 0.0000 0.0000 10.5000 7.8400 
2022 9 19 22 0.9700 312.9200 0.0000 9.5200 154.8615 409.3598 0.6803 0.0000 7.8400 0.0000 0.0000 0.0000 0.0000 0.0000 10.4900 7.8400 
2022 9 19 23 0.9700 277.2800 0.0000 9.5200 154.8710 409.3637 0.6803 0.0000 7.8400 0.0000 0.0000 0.0000 0.0000 0.0000 10.4900 7.8400 
2022 9 20 0 0.9600 274.9500 0.0000 9.5200 154.8805 409.3676 0.6804 0.0000 7.8400 0.0000 0.0000 0.0000 0.0000 0.0000 10.4800 7.8400 
2022 9 20 1 0.9600 291.1200 0.0000 9.5200 154.8900 409.3714 0.6804 0.0000 7.8400 0.0000 0.0000 0.0000 0.0000 0.0000 10.4800 7.8400 
2022 9 20 2 0.9600 278.0300 0.0000 9.5200 154.8995 409.3753 0.6805 0.0000 7.8400 0.0000 0.0000 0.0000 0.0000 0.0000 10.4800 7.8400 
2022 9 20 3 0.9500 275.5200 0.0000 9.5200 154.9090 409.3792 0.6805 0.0000 7.8400 0.0000 0.0000 0.0000 0.0000 0.0000 10.4700 7.8400 
2022 9 20 4 0.9500 310.0400 0.0000 9.5200 154.9185 409.3831 0.6806 0.0000 7.8400 0.0000 0.0000 0.0000 0.0000 0.0000 10.4700 7.8400 
2022 9 20 5 0.9500 368.4200 0.0000 9.5200 154.9279 409.3869 0.6806 0.0000 7.8400 0.0000 0.0000 0.0000 0.0000 0.0000 10.4700 7.8400 
2022 9 20 6 0.9400 421.1600 0.0000 9.5200 154.9374 409.3908 0.6807 0.0000 7.8400 0.0000 0.0000 0.0000 0.0000 0.0000 10.4600 7.8400 
2022 9 20 7 0.9400 438.4000 0.0000 9.5200 154.9468 409.3946 0.6807 0.0000 7.8400 0.0000 0.0000 0.0000 0.0000 0.0000 10.4600 7.8400 
2022 9 20 8 0.9300 422.8200 0.0000 9.5200 154.9562 409.3985 0.6808 0.0000 7.8400 0.0000 0.0000 0.0000 0.0000 0.0000 10.4500 7.8400 
2022 9 20 9 0.9300 389.4100 0.0000 9.5200 154.9656 409.4023 0.6808 0.0000 7.8400 0.0000 0.0000 0.0000 0.0000 0.0000 10.4500 7.8400 
2022 9 20 10 0.9300 374.1200 0.0000 9.5200 154.9750 409.4061 0.6809 0.0000 7.8400 0.0000 0.0000 0.0000 0.0000 0.0000 10.4500 7.8400 
2022 9 20 11 0.9200 375.1700 0.0000 9.5200 154.9844 409.4099 0.6809 0.0000 7.8400 0.0000 0.0000 0.0000 0.0000 0.0000 10.4400 7.8400 
2022 9 20 12 0.9200 375.1400 0.0000 9.5200 154.9937 409.4138 0.6810 0.0000 7.8400 0.0000 0.0000 0.0000 0.0000 0.0000 10.4400 7.8400 
2022 9 20 13 0.9200 373.0600 0.0000 9.5200 155.0031 409.4176 0.6810 0.0000 7.8400 0.0000 0.0000 0.0000 0.0000 0.0000 10.4400 7.8400 
2022 9 20 14 0.9100 374.0800 0.0000 9.5200 155.0124 409.4214 0.6810 0.0000 7.8400 0.0000 0.0000 0.0000 0.0000 0.0000 10.4300 7.8400 
2022 9 20 15 0.9100 379.6800 0.0000 9.5200 155.0217 409.4252 0.6811 0.0000 7.8400 0.0000 0.0000 0.0000 0.0000 0.0000 10.4300 7.8400 
2022 9 20 16 0.9100 422.5800 0.0000 9.5200 155.0311 409.4290 0.6811 0.0000 7.8400 0.0000 0.0000 0.0000 0.0000 0.0000 10.4300 7.8400 
2022 9 20 17 0.9100 466.5300 0.0000 9.5200 155.0404 409.4328 0.6812 0.0000 7.8400 0.0000 0.0000 0.0000 0.0000 0.0000 10.4300 7.8400 
2022 9 20 18 0.9000 498.0000 0.0000 9.5200 155.0497 409.4366 0.6812 0.0000 7.8400 0.0000 0.0000 0.0000 0.0000 0.0000 10.4200 7.8400 
2022 9 20 19 0.9000 492.6500 0.0000 9.5200 155.0590 409.4404 0.6813 0.0000 7.8400 0.0000 0.0000 0.0000 0.0000 0.0000 10.4200 7.8400 
2022 9 20 20 0.9000 430.6900 0.0000 9.5200 155.0682 409.4442 0.6813 0.0000 7.8400 0.0000 0.0000 0.0000 0.0000 0.0000 10.4200 7.8400 
2022 9 20 21 0.9000 398.4700 0.0000 9.5200 155.0775 409.4480 0.6814 0.0000 7.8400 0.0000 0.0000 0.0000 0.0000 0.0000 10.4200 7.8400 
2022 9 20 22 0.8900 363.1400 0.0000 9.5200 155.0868 409.4517 0.6814 0.0000 7.8400 0.0000 0.0000 0.0000 0.0000 0.0000 10.4100 7.8400 
2022 9 20 23 0.8900 346.4900 0.0000 9.5200 155.0960 409.4555 0.6815 0.0000 7.8400 0.0000 0.0000 0.0000 0.0000 0.0000 10.4100 7.8400 
2022 9 21 0 0.8900 317.5400 0.0000 9.5200 155.1053 409.4593 0.6815 0.0000 7.8400 0.0000 0.0000 0.0000 0.0000 0.0000 10.4100 7.8400 
2022 9 21 1 0.8800 316.8500 0.0000 9.5200 155.1145 409.4631 0.6816 0.0000 7.8400 0.0000 0.0000 0.0000 0.0000 0.0000 10.4000 7.8400 
2022 9 21 2 0.8800 316.8800 0.0000 9.5200 155.1237 409.4668 0.6816 0.0000 7.8400 0.0000 0.0000 0.0000 0.0000 0.0000 10.4000 7.8400 
2022 9 21 3 0.8800 315.1000 0.0000 9.5200 155.1329 409.4706 0.6817 0.0000 7.8400 0.0000 0.0000 0.0000 0.0000 0.0000 10.4000 7.8400 
2022 9 21 4 0.8800 368.5600 0.0000 9.5200 155.1421 409.4743 0.6817 0.0000 7.8400 0.0000 0.0000 0.0000 0.0000 0.0000 10.4000 7.8400 
2022 9 21 5 0.8700 428.0500 0.0000 9.5200 155.1513 409.4781 0.6817 0.0000 7.8400 0.0000 0.0000 0.0000 0.0000 0.0000 10.3900 7.8400 
2022 9 21 6 0.8700 501.9500 0.0000 9.5200 155.1605 409.4818 0.6818 0.0000 7.8400 0.0000 0.0000 0.0000 0.0000 0.0000 10.3900 7.8400 
2022 9 21 7 0.8700 513.4500 0.0000 9.5200 155.1697 409.4856 0.6818 0.0000 7.8400 0.0000 0.0000 0.0000 0.0000 0.0000 10.3900 7.8400 
2022 9 21 8 0.8600 438.6700 0.0000 9.5200 155.1788 409.4893 0.6819 0.0000 7.8400 0.0000 0.0000 0.0000 0.0000 0.0000 10.3800 7.8400 
2022 9 21 9 0.8600 379.6200 0.0000 9.5200 155.1880 409.4931 0.6819 0.0000 7.8400 0.0000 0.0000 0.0000 0.0000 0.0000 10.3800 7.8400 
2022 9 21 10 0.8600 340.9000 0.0000 9.5200 155.1971 409.4968 0.6820 0.0000 7.8400 0.0000 0.0000 0.0000 0.0000 0.0000 10.3800 7.8400 
2022 9 21 11 0.8500 316.2600 0.0000 9.5200 155.2062 409.5005 0.6820 0.0000 7.8400 0.0000 0.0000 0.0000 0.0000 0.0000 10.3700 7.8400 
2022 9 21 12 0.8500 320.3800 0.0000 9.5200 155.2153 409.5042 0.6821 0.0000 7.8400 0.0000 0.0000 0.0000 0.0000 0.0000 10.3700 7.8400 
2022 9 21 13 0.8500 330.0600 0.0000 9.5200 155.2244 409.5079 0.6821 0.0000 7.8400 0.0000 0.0000 0.0000 0.0000 0.0000 10.3700 7.8400 
2022 9 21 14 0.8400 359.5200 0.0000 9.5200 155.2335 409.5116 0.6822 0.0000 7.8400 0.0000 0.0000 0.0000 0.0000 0.0000 10.3600 7.8400 
2022 9 21 15 0.8400 393.8200 0.0000 9.5200 155.2426 409.5153 0.6822 0.0000 7.8400 0.0000 0.0000 0.0000 0.0000 0.0000 10.3600 7.8400 
2022 9 21 16 0.8400 417.7600 0.0000 9.5200 155.2517 409.5190 0.6822 0.0000 7.8400 0.0000 0.0000 0.0000 0.0000 0.0000 10.3600 7.8400 
2022 9 21 17 0.8300 467.7700 0.0000 9.5200 155.2607 409.5227 0.6823 0.0000 7.8400 0.0000 0.0000 0.0000 0.0000 0.0000 10.3500 7.8400 
2022 9 21 18 0.8300 484.9700 0.0000 9.5200 155.2697 409.5264 0.6823 0.0000 7.8400 0.0000 0.0000 0.0000 0.0000 0.0000 10.3500 7.8400 
2022 9 21 19 0.8300 457.3800 0.0000 9.5200 155.2788 409.5301 0.6824 0.0000 7.8400 0.0000 0.0000 0.0000 0.0000 0.0000 10.3500 7.8400 
2022 9 21 20 0.8300 413.8600 0.0000 9.5200 155.2878 409.5338 0.6824 0.0000 7.8400 0.0000 0.0000 0.0000 0.0000 0.0000 10.3500 7.8400 
2022 9 21 21 0.8300 378.9100 0.0000 9.5200 155.2968 409.5375 0.6825 0.0000 7.8400 0.0000 0.0000 0.0000 0.0000 0.0000 10.3500 7.8400 
2022 9 21 22 0.8300 369.5000 0.0000 9.5200 155.3059 409.5412 0.6825 0.0000 7.8400 0.0000 0.0000 0.0000 0.0000 0.0000 10.3500 7.8400 
2022 9 21 23 0.8200 384.0500 0.0000 9.5200 155.3149 409.5448 0.6826 0.0000 7.8400 0.0000 0.0000 0.0000 0.0000 0.0000 10.3400 7.8400 
2022 9 22 0 0.8200 358.8600 0.0000 9.5200 155.3239 409.5485 0.6826 0.0000 7.8400 0.0000 0.0000 0.0000 0.0000 0.0000 10.3400 7.8400 
2022 9 22 1 0.8200 348.9900 0.0000 9.5200 155.3329 409.5522 0.6827 0.0000 7.8400 0.0000 0.0000 0.0000 0.0000 0.0000 10.3400 7.8400 
2022 9 22 2 0.8200 328.7500 0.0000 9.5200 155.3419 409.5559 0.6827 0.0000 7.8400 0.0000 0.0000 0.0000 0.0000 0.0000 10.3400 7.8400 
2022 9 22 3 0.8200 338.6800 0.0000 9.5200 155.3509 409.5595 0.6827 0.0000 7.8400 0.0000 0.0000 0.0000 0.0000 0.0000 10.3400 7.8400 
2022 9 22 4 0.8100 383.1700 0.0000 9.5200 155.3598 409.5632 0.6828 0.0000 7.8400 0.0000 0.0000 0.0000 0.0000 0.0000 10.3300 7.8400 
2022 9 22 5 0.8100 420.6000 0.0000 9.5200 155.3688 409.5669 0.6828 0.0000 7.8400 0.0000 0.0000 0.0000 0.0000 0.0000 10.3300 7.8400 
2022 9 22 6 0.8100 482.1400 0.0000 9.5200 155.3778 409.5705 0.6829 0.0000 7.8400 0.0000 0.0000 0.0000 0.0000 0.0000 10.3300 7.8400 
2022 9 22 7 0.8100 487.7100 0.0000 9.5200 155.3867 409.5742 0.6829 0.0000 7.8400 0.0000 0.0000 0.0000 0.0000 0.0000 10.3300 7.8400 
2022 9 22 8 0.8000 398.2100 0.0000 9.5200 155.3957 409.5778 0.6830 0.0000 7.8400 0.0000 0.0000 0.0000 0.0000 0.0000 10.3200 7.8400 
2022 9 22 9 0.8000 360.7400 0.0000 9.5200 155.4046 409.5815 0.6830 0.0000 7.8400 0.0000 0.0000 0.0000 0.0000 0.0000 10.3200 7.8400 
2022 9 22 10 0.8000 318.8900 0.0000 9.5200 155.4135 409.5851 0.6831 0.0000 7.8400 0.0000 0.0000 0.0000 0.0000 0.0000 10.3200 7.8400 
2022 9 22 11 0.7900 311.8700 0.0000 9.5200 155.4224 409.5887 0.6831 0.0000 7.8400 0.0000 0.0000 0.0000 0.0000 0.0000 10.3100 7.8400 
2022 9 22 12 0.7900 299.0500 0.0000 9.5200 155.4313 409.5924 0.6831 0.0000 7.8400 0.0000 0.0000 0.0000 0.0000 0.0000 10.3100 7.8400 
2022 9 22 13 0.7900 327.5900 0.0000 9.5200 155.4402 409.5960 0.6832 0.0000 7.8400 0.0000 0.0000 0.0000 0.0000 0.0000 10.3100 7.8400 
2022 9 22 14 0.7900 364.4500 0.0000 9.5200 155.4491 409.5996 0.6832 0.0000 7.8400 0.0000 0.0000 0.0000 0.0000 0.0000 10.3100 7.8400 
2022 9 22 15 0.7900 380.5200 0.0000 9.5200 155.4580 409.6033 0.6833 0.0000 7.8400 0.0000 0.0000 0.0000 0.0000 0.0000 10.3100 7.8400 
2022 9 22 16 0.7900 419.7600 0.0000 9.5200 155.4669 409.6069 0.6833 0.0000 7.8400 0.0000 0.0000 0.0000 0.0000 0.0000 10.3100 7.8400 
2022 9 22 17 0.7900 419.9100 0.0000 9.5200 155.4758 409.6105 0.6834 0.0000 7.8400 0.0000 0.0000 0.0000 0.0000 0.0000 10.3100 7.8400 
2022 9 22 18 0.7900 416.8000 0.0000 9.5200 155.4847 409.6141 0.6834 0.0000 7.8400 0.0000 0.0000 0.0000 0.0000 0.0000 10.3100 7.8400 
2022 9 22 19 0.7900 415.2000 0.0000 9.5200 155.4935 409.6178 0.6835 0.0000 7.8400 0.0000 0.0000 0.0000 0.0000 0.0000 10.3100 7.8400 
2022 9 22 20 0.7800 394.3000 0.0000 9.5200 155.5024 409.6214 0.6835 0.0000 7.8400 0.0000 0.0000 0.0000 0.0000 0.0000 10.3000 7.8400 
2022 9 22 21 0.7800 390.0500 0.0000 9.5200 155.5113 409.6250 0.6836 0.0000 7.8400 0.0000 0.0000 0.0000 0.0000 0.0000 10.3000 7.8400 
2022 9 22 22 0.7800 377.5000 0.0000 9.5200 155.5201 409.6286 0.6836 0.0000 7.8400 0.0000 0.0000 0.0000 0.0000 0.0000 10.3000 7.8400 
2022 9 22 23 0.7900 349.7700 0.0000 9.5200 155.5290 409.6322 0.6836 0.0000 7.8400 0.0000 0.0000 0.0000 0.0000 0.0000 10.3100 7.8400 
2022 9 23 0 0.7900 317.7000 0.0000 9.5200 155.5379 409.6359 0.6837 0.0000 7.8400 0.0000 0.0000 0.0000 0.0000 0.0000 10.3100 7.8400 
2022 9 23 1 0.7900 310.1000 0.0000 9.5200 155.5468 409.6395 0.6837 0.0000 7.8400 0.0000 0.0000 0.0000 0.0000 0.0000 10.3100 7.8400 
2022 9 23 2 0.7900 298.1100 0.0000 9.5200 155.5557 409.6431 0.6838 0.0000 7.8400 0.0000 0.0000 0.0000 0.0000 0.0000 10.3100 7.8400 
2022 9 23 3 0.7900 308.5300 0.0000 9.5200 155.5646 409.6468 0.6838 0.0000 7.8400 0.0000 0.0000 0.0000 0.0000 0.0000 10.3100 7.8400 
2022 9 23 4 0.8000 353.4800 0.0000 9.5200 155.5735 409.6504 0.6839 0.0000 7.8400 0.0000 0.0000 0.0000 0.0000 0.0000 10.3200 7.8400 
2022 9 23 5 0.8100 368.1400 0.0000 9.5200 155.5825 409.6541 0.6839 0.0000 7.8400 0.0000 0.0000 0.0000 0.0000 0.0000 10.3300 7.8400 
2022 9 23 6 0.8100 394.3400 0.0000 9.5200 155.5914 409.6577 0.6840 0.0000 7.8400 0.0000 0.0000 0.0000 0.0000 0.0000 10.3300 7.8400 
2022 9 23 7 0.8100 409.1700 0.0000 9.5200 155.6004 409.6614 0.6840 0.0000 7.8400 0.0000 0.0000 0.0000 0.0000 0.0000 10.3300 7.8400 
2022 9 23 8 0.8200 382.7100 0.0000 9.5200 155.6094 409.6651 0.6840 0.0000 7.8400 0.0000 0.0000 0.0000 0.0000 0.0000 10.3400 7.8400 
2022 9 23 9 0.8400 370.0100 0.0000 9.5200 155.6185 409.6688 0.6841 0.0000 7.8400 0.0000 0.0000 0.0000 0.0000 0.0000 10.3600 7.8400 
2022 9 23 10 0.8500 357.8600 0.0000 9.5200 155.6276 409.6725 0.6841 0.0000 7.8400 0.0000 0.0000 0.0000 0.0000 0.0000 10.3700 7.8400 
2022 9 23 11 0.8600 349.4700 0.0000 9.5200 155.6367 409.6762 0.6842 0.0000 7.8400 0.0000 0.0000 0.0000 0.0000 0.0000 10.3800 7.8400 
2022 9 23 12 0.8800 337.2800 0.0000 9.5200 155.6459 409.6800 0.6842 0.0000 7.8400 0.0000 0.0000 0.0000 0.0000 0.0000 10.4000 7.8400 
2022 9 23 13 0.8900 342.6000 0.0000 9.5200 155.6552 409.6837 0.6843 0.0000 7.8400 0.0000 0.0000 0.0000 0.0000 0.0000 10.4100 7.8400 
2022 9 23 14 0.8900 348.7600 0.0000 9.5200 155.6644 409.6875 0.6843 0.0000 7.8400 0.0000 0.0000 0.0000 0.0000 0.0000 10.4100 7.8400 
2022 9 23 15 0.9000 368.4300 0.0000 9.5200 155.6737 409.6913 0.6844 0.0000 7.8400 0.0000 0.0000 0.0000 0.0000 0.0000 10.4200 7.8400 
2022 9 23 16 0.9000 372.4400 0.0000 9.5200 155.6830 409.6951 0.6844 0.0000 7.8400 0.0000 0.0000 0.0000 0.0000 0.0000 10.4200 7.8400 
2022 9 23 17 0.9100 385.1400 0.0000 9.5200 155.6923 409.6989 0.6845 0.0000 7.8400 0.0000 0.0000 0.0000 0.0000 0.0000 10.4300 7.8400 
2022 9 23 18 0.9100 394.3100 0.0000 9.5200 155.7017 409.7027 0.6845 0.0000 7.8400 0.0000 0.0000 0.0000 0.0000 0.0000 10.4300 7.8400 
2022 9 23 19 0.9200 394.3100 0.0000 9.5200 155.7110 409.7065 0.6846 0.0000 7.8400 0.0000 0.0000 0.0000 0.0000 0.0000 10.4400 7.8400 
2022 9 23 20 0.9200 378.4500 0.0000 9.5200 155.7204 409.7104 0.6846 0.0000 7.8400 0.0000 0.0000 0.0000 0.0000 0.0000 10.4400 7.8400 
2022 9 23 21 0.9200 375.1800 0.0000 9.5200 155.7297 409.7142 0.6846 0.0000 7.8400 0.0000 0.0000 0.0000 0.0000 0.0000 10.4400 7.8400 
2022 9 23 22 0.9300 358.7500 0.0000 9.5200 155.7391 409.7180 0.6847 0.0000 7.8400 0.0000 0.0000 0.0000 0.0000 0.0000 10.4500 7.8400 
2022 9 23 23 0.9300 364.1800 0.0000 9.5200 155.7485 409.7218 0.6847 0.0000 7.8400 0.0000 0.0000 0.0000 0.0000 0.0000 10.4500 7.8400 
2022 9 24 0 0.9300 354.9500 0.0000 9.5200 155.7579 409.7257 0.6848 0.0000 7.8400 0.0000 0.0000 0.0000 0.0000 0.0000 10.4500 7.8400 
2022 9 24 1 0.9300 312.8900 0.0000 9.5200 155.7673 409.7295 0.6848 0.0000 7.8400 0.0000 0.0000 0.0000 0.0000 0.0000 10.4500 7.8400 
2022 9 24 2 0.9300 306.6100 0.0000 9.5200 155.7767 409.7334 0.6849 0.0000 7.8400 0.0000 0.0000 0.0000 0.0000 0.0000 10.4500 7.8400 
2022 9 24 3 0.9300 305.6800 0.0000 9.5200 155.7861 409.7372 0.6849 0.0000 7.8400 0.0000 0.0000 0.0000 0.0000 0.0000 10.4500 7.8400 
2022 9 24 4 0.9300 313.8000 0.0000 9.5200 155.7955 409.7410 0.6850 0.0000 7.8400 0.0000 0.0000 0.0000 0.0000 0.0000 10.4500 7.8400 
2022 9 24 5 0.9300 351.7300 0.0000 9.5200 155.8049 409.7449 0.6850 0.0000 7.8400 0.0000 0.0000 0.0000 0.0000 0.0000 10.4500 7.8400 
2022 9 24 6 0.9300 362.3300 0.0000 9.5200 155.8143 409.7487 0.6851 0.0000 7.8400 0.0000 0.0000 0.0000 0.0000 0.0000 10.4500 7.8400 
2022 9 24 7 0.9300 369.1600 0.0000 9.5200 155.8237 409.7525 0.6851 0.0000 7.8400 0.0000 0.0000 0.0000 0.0000 0.0000 10.4500 7.8400 
2022 9 24 8 0.9300 373.6300 0.0000 9.5200 155.8331 409.7564 0.6852 0.0000 7.8400 0.0000 0.0000 0.0000 0.0000 0.0000 10.4500 7.8400 
2022 9 24 9 0.9300 368.4300 0.0000 9.5200 155.8425 409.7602 0.6852 0.0000 7.8400 0.0000 0.0000 0.0000 0.0000 0.0000 10.4500 7.8400 
2022 9 24 10 0.9300 362.0100 0.0000 9.5200 155.8519 409.7640 0.6853 0.0000 7.8400 0.0000 0.0000 0.0000 0.0000 0.0000 10.4500 7.8400 
2022 9 24 11 0.9200 350.0300 0.0000 9.5200 155.8612 409.7679 0.6853 0.0000 7.8400 0.0000 0.0000 0.0000 0.0000 0.0000 10.4400 7.8400 
2022 9 24 12 0.9200 316.4000 0.0000 9.5200 155.8706 409.7717 0.6854 0.0000 7.8400 0.0000 0.0000 0.0000 0.0000 0.0000 10.4400 7.8400 
2022 9 24 13 0.9200 317.1500 0.0000 9.5200 155.8800 409.7755 0.6854 0.0000 7.8400 0.0000 0.0000 0.0000 0.0000 0.0000 10.4400 7.8400 
2022 9 24 14 0.9200 338.9500 0.0000 9.5200 155.8893 409.7793 0.6854 0.0000 7.8400 0.0000 0.0000 0.0000 0.0000 0.0000 10.4400 7.8400 
2022 9 24 15 0.9200 356.3500 0.0000 9.5200 155.8987 409.7831 0.6855 0.0000 7.8400 0.0000 0.0000 0.0000 0.0000 0.0000 10.4400 7.8400 
2022 9 24 16 0.9200 369.6400 0.0000 9.5200 155.9080 409.7870 0.6855 0.0000 7.8400 0.0000 0.0000 0.0000 0.0000 0.0000 10.4400 7.8400 
2022 9 24 17 0.9300 389.7200 0.0000 9.5200 155.9174 409.7908 0.6856 0.0000 7.8400 0.0000 0.0000 0.0000 0.0000 0.0000 10.4500 7.8400 
2022 9 24 18 0.9300 403.6200 0.0000 9.5200 155.9268 409.7946 0.6856 0.0000 7.8400 0.0000 0.0000 0.0000 0.0000 0.0000 10.4500 7.8400 
2022 9 24 19 0.9300 393.8700 0.0000 9.5200 155.9362 409.7985 0.6857 0.0000 7.8400 0.0000 0.0000 0.0000 0.0000 0.0000 10.4500 7.8400 
2022 9 24 20 0.9300 370.0400 0.0000 9.5200 155.9456 409.8023 0.6857 0.0000 7.8400 0.0000 0.0000 0.0000 0.0000 0.0000 10.4500 7.8400 
2022 9 24 21 0.9300 356.1100 0.0000 9.5200 155.9550 409.8061 0.6858 0.0000 7.8400 0.0000 0.0000 0.0000 0.0000 0.0000 10.4500 7.8400 
2022 9 24 22 0.9300 333.9800 0.0000 9.5200 155.9644 409.8100 0.6858 0.0000 7.8400 0.0000 0.0000 0.0000 0.0000 0.0000 10.4500 7.8400 
2022 9 24 23 0.9300 339.9900 0.0000 9.5200 155.9738 409.8138 0.6859 0.0000 7.8400 0.0000 0.0000 0.0000 0.0000 0.0000 10.4500 7.8400 
2022 9 25 0 0.9300 322.7200 0.0000 9.5200 155.9832 409.8176 0.6859 0.0000 7.8400 0.0000 0.0000 0.0000 0.0000 0.0000 10.4500 7.8400 
2022 9 25 1 0.9400 295.1700 0.0000 9.5200 155.9926 409.8215 0.6860 0.0000 7.8400 0.0000 0.0000 0.0000 0.0000 0.0000 10.4600 7.8400 
2022 9 25 2 0.9400 277.6900 0.0000 9.5200 156.0021 409.8253 0.6860 0.0000 7.8400 0.0000 0.0000 0.0000 0.0000 0.0000 10.4600 7.8400 
2022 9 25 3 0.9400 207.4000 0.0000 9.5200 156.0115 409.8292 0.6861 0.0000 7.8400 0.0000 0.0000 0.0000 0.0000 0.0000 10.4600 7.8400 
2022 9 25 4 0.9300 210.8100 0.0000 9.5200 156.0209 409.8330 0.6861 0.0000 7.8400 0.0000 0.0000 0.0000 0.0000 0.0000 10.4500 7.8400 
2022 9 25 5 0.9300 246.3600 0.0000 9.5200 156.0303 409.8369 0.6862 0.0000 7.8400 0.0000 0.0000 0.0000 0.0000 0.0000 10.4500 7.8400 
2022 9 25 6 0.9300 255.9400 0.0000 9.5200 156.0397 409.8407 0.6862 0.0000 7.8400 0.0000 0.0000 0.0000 0.0000 0.0000 10.4500 7.8400 
2022 9 25 7 0.9300 297.3800 0.0000 9.5200 156.0491 409.8445 0.6863 0.0000 7.8400 0.0000 0.0000 0.0000 0.0000 0.0000 10.4500 7.8400 
2022 9 25 8 0.9300 311.0900 0.0000 9.5200 156.0585 409.8484 0.6863 0.0000 7.8400 0.0000 0.0000 0.0000 0.0000 0.0000 10.4500 7.8400 
2022 9 25 9 0.9300 309.9700 0.0000 9.5200 156.0679 409.8522 0.6863 0.0000 7.8400 0.0000 0.0000 0.0000 0.0000 0.0000 10.4500 7.8400 
2022 9 25 10 0.9300 331.6600 0.0000 9.5200 156.0773 409.8560 0.6864 0.0000 7.8400 0.0000 0.0000 0.0000 0.0000 0.0000 10.4500 7.8400 
2022 9 25 11 0.9300 284.3100 0.0000 9.5200 156.0867 409.8599 0.6864 0.0000 7.8400 0.0000 0.0000 0.0000 0.0000 0.0000 10.4500 7.8400 
2022 9 25 12 0.9200 254.2800 0.0000 9.5200 156.0960 409.8637 0.6865 0.0000 7.8400 0.0000 0.0000 0.0000 0.0000 0.0000 10.4400 7.8400 
2022 9 25 13 0.9200 240.8700 0.0000 9.5200 156.1054 409.8675 0.6865 0.0000 7.8400 0.0000 0.0000 0.0000 0.0000 0.0000 10.4400 7.8400 
2022 9 25 14 0.9200 271.8500 0.0000 9.5200 156.1148 409.8713 0.6866 0.0000 7.8400 0.0000 0.0000 0.0000 0.0000 0.0000 10.4400 7.8400 
2022 9 25 15 0.9200 324.3400 0.0000 9.5200 156.1241 409.8752 0.6866 0.0000 7.8400 0.0000 0.0000 0.0000 0.0000 0.0000 10.4400 7.8400 
2022 9 25 16 0.9100 355.2400 0.0000 9.5200 156.1334 409.8790 0.6867 0.0000 7.8400 0.0000 0.0000 0.0000 0.0000 0.0000 10.4300 7.8400 
2022 9 25 17 0.9100 363.0100 0.0000 9.5200 156.1428 409.8828 0.6867 0.0000 7.8400 0.0000 0.0000 0.0000 0.0000 0.0000 10.4300 7.8400 
2022 9 25 18 0.9100 369.6700 0.0000 9.5200 156.1521 409.8866 0.6868 0.0000 7.8400 0.0000 0.0000 0.0000 0.0000 0.0000 10.4300 7.8400 
2022 9 25 19 0.9200 374.4700 0.0000 9.5200 156.1615 409.8904 0.6868 0.0000 7.8400 0.0000 0.0000 0.0000 0.0000 0.0000 10.4400 7.8400 
2022 9 25 20 0.9300 366.3400 0.0000 9.5200 156.1708 409.8942 0.6869 0.0000 7.8400 0.0000 0.0000 0.0000 0.0000 0.0000 10.4500 7.8400 
2022 9 25 21 0.9400 353.0700 0.0000 9.5200 156.1803 409.8981 0.6869 0.0000 7.8400 0.0000 0.0000 0.0000 0.0000 0.0000 10.4600 7.8400 
2022 9 25 22 0.9500 297.0400 0.0000 9.5200 156.1897 409.9019 0.6870 0.0000 7.8400 0.0000 0.0000 0.0000 0.0000 0.0000 10.4700 7.8400 
2022 9 25 23 0.9600 257.1800 0.0000 9.5200 156.1993 409.9058 0.6870 0.0000 7.8400 0.0000 0.0000 0.0000 0.0000 0.0000 10.4800 7.8400 
2022 9 26 0 0.9900 187.6300 0.0000 9.5200 156.2089 409.9097 0.6871 0.0000 7.8400 0.0000 0.0000 0.0000 0.0000 0.0000 10.5100 7.8400 
2022 9 26 1 1.0200 162.1400 0.0000 9.5200 156.2186 409.9137 0.6871 0.0000 7.8400 0.0000 0.0000 0.0000 0.0000 0.0000 10.5400 7.8400 
2022 9 26 2 1.0700 129.0800 0.0000 9.5200 156.2285 409.9177 0.6872 0.0000 7.8400 0.0000 0.0000 0.0000 0.0000 0.0000 10.5900 7.8400 
2022 9 26 3 1.1700 104.5700 0.0000 9.5200 156.2387 409.9219 0.6872 0.0000 7.8400 0.0000 0.0000 0.0000 0.0000 0.0000 10.6900 7.8400 
2022 9 26 4 1.2600 166.3500 0.0000 9.5200 156.2493 409.9263 0.6873 0.0000 7.8400 0.0000 0.0000 0.0000 0.0000 0.0000 10.7800 7.8400 
2022 9 26 5 1.3400 268.6000 0.0000 9.5200 156.2602 409.9307 0.6873 0.0000 7.8400 0.0000 0.0000 0.0000 0.0000 0.0000 10.8600 7.8400 
2022 9 26 6 1.4300 336.9000 0.0000 9.5200 156.2714 409.9353 0.6874 0.0000 7.8400 0.0000 0.0000 0.0000 0.0000 0.0000 10.9500 7.8400 
2022 9 26 7 1.5600 341.1500 0.0000 9.5200 156.2831 409.9400 0.6874 0.0000 7.8400 0.0000 0.0000 0.0000 0.0000 0.0000 11.0800 7.8400 
2022 9 26 8 1.7500 312.9300 0.0000 9.5200 156.2954 409.9451 0.6875 0.0000 7.8400 0.0000 0.0000 0.0000 0.0000 0.0000 11.2700 7.8400 
2022 9 26 9 2.0800 276.5500 0.0000 9.5200 156.3089 409.9506 0.6876 0.0000 7.8400 0.0000 0.0000 0.0000 0.0000 0.0000 11.6000 7.8400 
2022 9 26 10 2.5900 231.5400 0.0000 9.5200 156.3243 409.9569 0.6876 0.0000 7.8400 0.0000 0.0000 0.0000 0.0000 0.0000 12.1100 7.8400 
2022 9 26 11 3.2100 215.6000 0.0000 9.5200 156.3419 409.9640 0.6877 0.0000 7.8400 0.0000 0.0000 0.0000 0.0000 0.0000 12.7300 7.8400 
2022 9 26 12 3.6000 206.7900 0.0000 9.5200 156.3609 409.9718 0.6878 0.0000 7.8400 0.0000 0.0000 0.0000 0.0000 0.0000 13.1200 7.8400 
2022 9 26 13 3.7000 164.2200 0.0000 9.5200 156.3803 409.9797 0.6879 0.0000 7.8400 0.0000 0.0000 0.0000 0.0000 0.0000 13.2200 7.8400 
2022 9 26 14 3.6700 239.4100 0.0000 9.5200 156.3996 409.9876 0.6880 0.0000 7.8400 0.0000 0.0000 0.0000 0.0000 0.0000 13.1900 7.8400 
2022 9 26 15 3.6000 302.2400 0.0000 9.5200 156.4186 409.9953 0.6881 0.0000 7.8400 0.0000 0.0000 0.0000 0.0000 0.0000 13.1200 7.8400 
2022 9 26 16 3.5200 318.1000 0.0000 9.5200 156.4373 410.0030 0.6882 0.0000 7.8400 0.0000 0.0000 0.0000 0.0000 0.0000 13.0400 7.8400 
2022 9 26 17 3.4400 336.0100 0.0000 9.5200 156.4557 410.0105 0.6883 0.0000 7.8400 0.0000 0.0000 0.0000 0.0000 0.0000 12.9600 7.8400 
2022 9 26 18 3.3900 343.0200 0.0000 9.5200 156.4740 410.0179 0.6884 0.0000 7.8400 0.0000 0.0000 0.0000 0.0000 0.0000 12.9100 7.8400 
2022 9 26 19 3.3500 348.7100 0.0000 9.5200 156.4921 410.0253 0.6885 0.0000 7.8400 0.0000 0.0000 0.0000 0.0000 0.0000 12.8700 7.8400 
2022 9 26 20 3.3500 335.5400 0.0000 9.5200 156.5102 410.0327 0.6886 0.0000 7.8400 0.0000 0.0000 0.0000 0.0000 0.0000 12.8700 7.8400 
2022 9 26 21 3.4200 301.4200 0.0000 9.5200 156.5285 410.0402 0.6887 0.0000 7.8400 0.0000 0.0000 0.0000 0.0000 0.0000 12.9400 7.8400 
2022 9 26 22 3.6200 290.0600 0.0000 9.5200 156.5476 410.0480 0.6888 0.0000 7.8400 0.0000 0.0000 0.0000 0.0000 0.0000 13.1400 7.8400 
2022 9 26 23 3.8300 306.9800 0.0000 9.5200 156.5675 410.0561 0.6889 0.0000 7.8400 0.0000 0.0000 0.0000 0.0000 0.0000 13.3500 7.8400 
2022 9 27 0 3.9400 245.1800 0.0000 9.5200 156.5877 410.0644 0.6890 0.0000 7.8400 0.0000 0.0000 0.0000 0.0000 0.0000 13.4600 7.8400 
2022 9 27 1 3.9700 181.0000 0.0000 9.5200 156.6080 410.0727 0.6891 0.0000 7.8400 0.0000 0.0000 0.0000 0.0000 0.0000 13.4900 7.8400 
2022 9 27 2 3.9600 161.2800 0.0000 9.5200 156.6283 410.0810 0.6892 0.0000 7.8400 0.0000 0.0000 0.0000 0.0000 0.0000 13.4800 7.8400 
2022 9 27 3 3.9200 214.3300 0.0000 9.5200 156.6485 410.0892 0.6893 0.0000 7.8400 0.0000 0.0000 0.0000 0.0000 0.0000 13.4400 7.8400 
2022 9 27 4 3.8500 301.7700 0.0000 9.5200 156.6684 410.0973 0.6894 0.0000 7.8400 0.0000 0.0000 0.0000 0.0000 0.0000 13.3700 7.8400 
2022 9 27 5 3.7800 314.5900 0.0000 9.5200 156.6881 410.1053 0.6895 0.0000 7.8400 0.0000 0.0000 0.0000 0.0000 0.0000 13.3000 7.8400 
2022 9 27 6 3.7000 331.8400 0.0000 9.5200 156.7074 410.1132 0.6896 0.0000 7.8400 0.0000 0.0000 0.0000 0.0000 0.0000 13.2200 7.8400 
2022 9 27 7 3.6300 340.3900 0.0000 9.5200 156.7265 410.1210 0.6896 0.0000 7.8400 0.0000 0.0000 0.0000 0.0000 0.0000 13.1500 7.8400 
2022 9 27 8 3.5700 338.7400 0.0000 9.5200 156.7454 410.1288 0.6897 0.0000 7.8400 0.0000 0.0000 0.0000 0.0000 0.0000 13.0900 7.8400 
2022 9 27 9 3.5000 338.6300 0.0000 9.5200 156.7641 410.1364 0.6898 0.0000 7.8400 0.0000 0.0000 0.0000 0.0000 0.0000 13.0200 7.8400 
2022 9 27 10 3.4500 335.6900 0.0000 9.5200 156.7826 410.1439 0.6899 0.0000 7.8400 0.0000 0.0000 0.0000 0.0000 0.0000 12.9700 7.8400 
2022 9 27 11 3.4100 330.8600 0.0000 9.5200 156.8009 410.1514 0.6900 0.0000 7.8400 0.0000 0.0000 0.0000 0.0000 0.0000 12.9300 7.8400 
2022 9 27 12 3.4000 314.3700 0.0000 9.5200 156.8192 410.1588 0.6901 0.0000 7.8400 0.0000 0.0000 0.0000 0.0000 0.0000 12.9200 7.8400 
2022 9 27 13 3.4100 307.7000 0.0000 9.5200 156.8375 410.1663 0.6902 0.0000 7.8400 0.0000 0.0000 0.0000 0.0000 0.0000 12.9300 7.8400 
2022 9 27 14 3.4800 322.1100 0.0000 9.5200 156.8561 410.1739 0.6903 0.0000 7.8400 0.0000 0.0000 0.0000 0.0000 0.0000 13.0000 7.8400 
2022 9 27 15 3.6200 326.6400 0.0000 9.5200 156.8752 410.1817 0.6904 0.0000 7.8400 0.0000 0.0000 0.0000 0.0000 0.0000 13.1400 7.8400 
2022 9 27 16 3.9600 333.7800 0.0000 9.5200 156.8955 410.1900 0.6905 0.0000 7.8400 0.0000 0.0000 0.0000 0.0000 0.0000 13.4800 7.8400 
2022 9 27 17 4.6600 341.4300 0.0000 9.5200 156.9183 410.1993 0.6906 0.0000 7.8400 0.0000 0.0000 0.0000 0.0000 0.0000 14.1800 7.8400 
2022 9 27 18 5.8400 344.4400 0.0000 9.5200 156.9454 410.2103 0.6907 0.0000 7.8400 0.0000 0.0000 0.0000 0.0000 0.0000 15.3600 7.8400 
2022 9 27 19 7.1800 346.9500 0.0000 9.5200 156.9772 410.2234 0.6909 0.0000 7.8400 0.0000 0.0000 0.0000 0.0000 0.0000 16.7000 7.8400 
2022 9 27 20 8.3500 337.8300 0.0000 9.5200 157.0134 410.2381 0.6911 0.0000 7.8400 0.0000 0.0000 0.0000 0.0000 0.0000 17.8700 7.8400 
2022 9 27 21 9.4700 327.3200 0.0000 9.5200 157.0535 410.2545 0.6913 0.0000 7.8400 0.0000 0.0000 0.0000 0.0000 0.0000 18.9900 7.8400 
2022 9 27 22 10.6300 321.3200 0.0000 9.5200 157.0978 410.2726 0.6915 0.0000 7.8400 0.0000 0.0000 0.0000 0.0000 0.0000 20.1500 7.8400 
2022 9 27 23 11.4100 307.0600 0.0000 9.5200 157.1449 410.2918 0.6917 0.0000 7.8400 0.0000 0.0000 0.0000 0.0000 0.0000 20.9300 7.8400 
2022 9 28 0 11.8000 276.3500 0.0000 9.5200 157.1935 410.3116 0.6920 0.0000 7.8400 0.0000 0.0000 0.0000 0.0000 0.0000 21.3200 7.8400 
2022 9 28 1 12.0000 246.4400 0.0000 9.5200 157.2427 410.3317 0.6922 0.0000 7.8400 0.0000 0.0000 0.0000 0.0000 0.0000 21.5200 7.8400 
2022 9 28 2 12.1100 243.4900 0.0000 9.5200 157.2924 410.3520 0.6925 0.0000 7.8400 0.0000 0.0000 0.0000 0.0000 0.0000 21.6300 7.8400 
2022 9 28 3 12.1300 274.3400 0.0000 9.5200 157.3421 410.3723 0.6927 0.0000 7.8400 0.0000 0.0000 0.0000 0.0000 0.0000 21.6500 7.8400 
2022 9 28 4 12.1000 306.6800 0.0000 9.5200 157.3917 410.3925 0.6930 0.0000 7.8400 0.0000 0.0000 0.0000 0.0000 0.0000 21.6200 7.8400 
2022 9 28 5 12.0600 312.1100 0.0000 9.5200 157.4411 410.4127 0.6932 0.0000 7.8400 0.0000 0.0000 0.0000 0.0000 0.0000 21.5800 7.8400 
2022 9 28 6 12.0800 312.6200 0.0000 9.5200 157.4907 410.4329 0.6935 0.0000 7.8400 0.0000 0.0000 0.0000 0.0000 0.0000 21.6000 7.8400 
2022 9 28 7 12.1400 324.8100 0.0000 9.5200 157.5404 410.4532 0.6937 0.0000 7.8400 0.0000 0.0000 0.0000 0.0000 0.0000 21.6600 7.8400 
2022 9 28 8 12.2200 333.1500 0.0000 9.5200 157.5905 410.4737 0.6940 0.0000 7.8400 0.0000 0.0000 0.0000 0.0000 0.0000 21.7400 7.8400 
2022 9 28 9 12.2400 328.0300 0.0000 9.5200 157.6406 410.4941 0.6942 0.0000 7.8400 0.0000 0.0000 0.0000 0.0000 0.0000 21.7600 7.8400 
2022 9 28 10 12.2200 323.9500 0.0000 9.5200 157.6906 410.5145 0.6945 0.0000 7.8400 0.0000 0.0000 0.0000 0.0000 0.0000 21.7400 7.8400 
2022 9 28 11 12.1600 325.5900 0.0000 9.5200 157.7404 410.5349 0.6947 0.0000 7.8400 0.0000 0.0000 0.0000 0.0000 0.0000 21.6800 7.8400 
2022 9 28 12 11.9800 328.8300 0.0000 9.5200 157.7896 410.5549 0.6950 0.0000 7.8400 0.0000 0.0000 0.0000 0.0000 0.0000 21.5000 7.8400 
2022 9 28 13 11.7700 330.2400 0.0000 9.5200 157.8380 410.5747 0.6952 0.0000 7.8400 0.0000 0.0000 0.0000 0.0000 0.0000 21.2900 7.8400 
2022 9 28 14 11.5300 329.7100 0.0000 9.5200 157.8856 410.5941 0.6955 0.0000 7.8400 0.0000 0.0000 0.0000 0.0000 0.0000 21.0500 7.8400 
2022 9 28 15 11.3100 320.1000 0.0000 9.5200 157.9324 410.6132 0.6957 0.0000 7.8400 0.0000 0.0000 0.0000 0.0000 0.0000 20.8300 7.8400 
2022 9 28 16 11.0800 315.4400 0.0000 9.5200 157.9783 410.6320 0.6959 0.0000 7.8400 0.0000 0.0000 0.0000 0.0000 0.0000 20.6000 7.8400 
2022 9 28 17 10.8600 320.0600 0.0000 9.5200 158.0234 410.6504 0.6962 0.0000 7.8400 0.0000 0.0000 0.0000 0.0000 0.0000 20.3800 7.8400 
2022 9 28 18 10.6400 320.7100 0.0000 9.5200 158.0678 410.6685 0.6964 0.0000 7.8400 0.0000 0.0000 0.0000 0.0000 0.0000 20.1600 7.8400 
2022 9 28 19 10.4400 316.6600 0.0000 9.5200 158.1114 410.6863 0.6966 0.0000 7.8400 0.0000 0.0000 0.0000 0.0000 0.0000 19.9600 7.8400 
2022 9 28 20 10.2500 312.1300 0.0000 9.5200 158.1544 410.7038 0.6968 0.0000 7.8400 0.0000 0.0000 0.0000 0.0000 0.0000 19.7700 7.8400 
2022 9 28 21 10.0600 293.6400 0.0000 9.5200 158.1966 410.7211 0.6970 0.0000 7.8400 0.0000 0.0000 0.0000 0.0000 0.0000 19.5800 7.8400 
2022 9 28 22 9.8700 292.4600 0.0000 9.5200 158.2382 410.7380 0.6972 0.0000 7.8400 0.0000 0.0000 0.0000 0.0000 0.0000 19.3900 7.8400 
2022 9 28 23 9.6900 316.9900 0.0000 9.5200 158.2792 410.7548 0.6974 0.0000 7.8400 0.0000 0.0000 0.0000 0.0000 0.0000 19.2100 7.8400 
2022 9 29 0 9.5300 314.0000 0.0000 9.5200 158.3195 410.7712 0.6976 0.0000 7.8400 0.0000 0.0000 0.0000 0.0000 0.0000 19.0500 7.8400 
2022 9 29 1 9.3600 313.9700 0.0000 9.5200 158.3593 410.7874 0.6978 0.0000 7.8400 0.0000 0.0000 0.0000 0.0000 0.0000 18.8800 7.8400 
2022 9 29 2 9.2000 313.9600 0.0000 9.5200 158.3984 410.8034 0.6980 0.0000 7.8400 0.0000 0.0000 0.0000 0.0000 0.0000 18.7200 7.8400 
2022 9 29 3 9.0700 314.5600 0.0000 9.5200 158.4371 410.8192 0.6982 0.0000 7.8400 0.0000 0.0000 0.0000 0.0000 0.0000 18.5900 7.8400 
2022 9 29 4 8.9200 320.6300 0.0000 9.5200 158.4753 410.8348 0.6984 0.0000 7.8400 0.0000 0.0000 0.0000 0.0000 0.0000 18.4400 7.8400 
2022 9 29 5 8.7900 326.5500 0.0000 9.5200 158.5130 410.8502 0.6986 0.0000 7.8400 0.0000 0.0000 0.0000 0.0000 0.0000 18.3100 7.8400 
2022 9 29 6 8.6500 329.3000 0.0000 9.5200 158.5502 410.8654 0.6988 0.0000 7.8400 0.0000 0.0000 0.0000 0.0000 0.0000 18.1700 7.8400 
2022 9 29 7 8.5300 348.4400 0.0000 9.5200 158.5869 410.8804 0.6990 0.0000 7.8400 0.0000 0.0000 0.0000 0.0000 0.0000 18.0500 7.8400 
2022 9 29 8 8.4100 371.5900 0.0000 9.5200 158.6232 410.8952 0.6992 0.0000 7.8400 0.0000 0.0000 0.0000 0.0000 0.0000 17.9300 7.8400 
2022 9 29 9 8.2700 377.8600 0.0000 9.5200 158.6591 410.9098 0.6993 0.0000 7.8400 0.0000 0.0000 0.0000 0.0000 0.0000 17.7900 7.8400 
2022 9 29 10 8.1500 354.6500 0.0000 9.5200 158.6944 410.9243 0.6995 0.0000 7.8400 0.0000 0.0000 0.0000 0.0000 0.0000 17.6700 7.8400 
2022 9 29 11 8.0500 339.8800 0.0000 9.5200 158.7295 410.9386 0.6997 0.0000 7.8400 0.0000 0.0000 0.0000 0.0000 0.0000 17.5700 7.8400 
2022 9 29 12 7.9300 349.1900 0.0000 9.5200 158.7641 410.9527 0.6999 0.0000 7.8400 0.0000 0.0000 0.0000 0.0000 0.0000 17.4500 7.8400 
2022 9 29 13 7.8200 340.8000 0.0000 9.5200 158.7983 410.9666 0.7000 0.0000 7.8400 0.0000 0.0000 0.0000 0.0000 0.0000 17.3400 7.8400 
2022 9 29 14 7.7000 355.7500 0.0000 9.5200 158.8320 410.9804 0.7002 0.0000 7.8400 0.0000 0.0000 0.0000 0.0000 0.0000 17.2200 7.8400 
2022 9 29 15 7.5900 371.6800 0.0000 9.5200 158.8654 410.9940 0.7004 0.0000 7.8400 0.0000 0.0000 0.0000 0.0000 0.0000 17.1100 7.8400 
2022 9 29 16 7.4900 378.1500 0.0000 9.5200 158.8984 411.0075 0.7005 0.0000 7.8400 0.0000 0.0000 0.0000 0.0000 0.0000 17.0100 7.8400 
2022 9 29 17 7.4000 382.6500 0.0000 9.5200 158.9311 411.0209 0.7007 0.0000 7.8400 0.0000 0.0000 0.0000 0.0000 0.0000 16.9200 7.8400 
2022 9 29 18 7.3100 376.7800 0.0000 9.5200 158.9635 411.0341 0.7009 0.0000 7.8400 0.0000 0.0000 0.0000 0.0000 0.0000 16.8300 7.8400 
2022 9 29 19 7.2200 373.9000 0.0000 9.5200 158.9955 411.0471 0.7010 0.0000 7.8400 0.0000 0.0000 0.0000 0.0000 0.0000 16.7400 7.8400 
2022 9 29 20 7.1300 359.2700 0.0000 9.5200 159.0272 411.0601 0.7012 0.0000 7.8400 0.0000 0.0000 0.0000 0.0000 0.0000 16.6500 7.8400 
2022 9 29 21 7.0500 339.6900 0.0000 9.5200 159.0587 411.0729 0.7014 0.0000 7.8400 0.0000 0.0000 0.0000 0.0000 0.0000 16.5700 7.8400 
2022 9 29 22 6.9600 335.5400 0.0000 9.5200 159.0898 411.0856 0.7015 0.0000 7.8400 0.0000 0.0000 0.0000 0.0000 0.0000 16.4800 7.8400 
2022 9 29 23 6.8700 341.5400 0.0000 9.5200 159.1205 411.0982 0.7017 0.0000 7.8400 0.0000 0.0000 0.0000 0.0000 0.0000 16.3900 7.8400 
2022 9 30 0 6.7900 324.5500 0.0000 9.5200 159.1510 411.1106 0.7018 0.0000 7.8400 0.0000 0.0000 0.0000 0.0000 0.0000 16.3100 7.8400 
2022 9 30 1 6.7200 322.1200 0.0000 9.5200 159.1813 411.1230 0.7020 0.0000 7.8400 0.0000 0.0000 0.0000 0.0000 0.0000 16.2400 7.8400 
2022 9 30 2 6.6500 320.8600 0.0000 9.5200 159.2113 411.1352 0.7021 0.0000 7.8400 0.0000 0.0000 0.0000 0.0000 0.0000 16.1700 7.8400 
2022 9 30 3 6.5800 320.8000 0.0000 9.5200 159.2410 411.1473 0.7023 0.0000 7.8400 0.0000 0.0000 0.0000 0.0000 0.0000 16.1000 7.8400 
2022 9 30 4 6.5000 321.3000 0.0000 9.5200 159.2704 411.1594 0.7024 0.0000 7.8400 0.0000 0.0000 0.0000 0.0000 0.0000 16.0200 7.8400 
2022 9 30 5 6.4400 327.7000 0.0000 9.5200 159.2997 411.1713 0.7026 0.0000 7.8400 0.0000 0.0000 0.0000 0.0000 0.0000 15.9600 7.8400 
2022 9 30 6 6.3700 355.5300 0.0000 9.5200 159.3287 411.1831 0.7027 0.0000 7.8400 0.0000 0.0000 0.0000 0.0000 0.0000 15.8900 7.8400 
2022 9 30 7 6.3100 370.8800 0.0000 9.5200 159.3574 411.1949 0.7029 0.0000 7.8400 0.0000 0.0000 0.0000 0.0000 0.0000 15.8300 7.8400 
2022 9 30 8 6.2400 365.2600 0.0000 9.5200 159.3859 411.2065 0.7030 0.0000 7.8400 0.0000 0.0000 0.0000 0.0000 0.0000 15.7600 7.8400 
2022 9 30 9 6.1700 354.3600 0.0000 9.5200 159.4142 411.2180 0.7031 0.0000 7.8400 0.0000 0.0000 0.0000 0.0000 0.0000 15.6900 7.8400 
2022 9 30 10 6.1100 331.2900 0.0000 9.5200 159.4422 411.2295 0.7033 0.0000 7.8400 0.0000 0.0000 0.0000 0.0000 0.0000 15.6300 7.8400 
2022 9 30 11 6.0400 292.1500 0.0000 9.5200 159.4700 411.2408 0.7034 0.0000 7.8400 0.0000 0.0000 0.0000 0.0000 0.0000 15.5600 7.8400 
2022 9 30 12 5.9700 264.0800 0.0000 9.5200 159.4976 411.2521 0.7036 0.0000 7.8400 0.0000 0.0000 0.0000 0.0000 0.0000 15.4900 7.8400 
2022 9 30 13 5.9200 209.4500 0.0000 9.5200 159.5249 411.2632 0.7037 0.0000 7.8400 0.0000 0.0000 0.0000 0.0000 0.0000 15.4400 7.8400 
2022 9 30 14 5.8800 204.5600 0.0000 9.5200 159.5521 411.2743 0.7038 0.0000 7.8400 0.0000 0.0000 0.0000 0.0000 0.0000 15.4000 7.8400 
2022 9 30 15 5.8300 225.8600 0.0000 9.5200 159.5792 411.2854 0.7040 0.0000 7.8400 0.0000 0.0000 0.0000 0.0000 0.0000 15.3500 7.8400 
2022 9 30 16 5.8000 307.7600 0.0000 9.5200 159.6061 411.2964 0.7041 0.0000 7.8400 0.0000 0.0000 0.0000 0.0000 0.0000 15.3200 7.8400 
2022 9 30 17 5.7600 293.1200 0.0000 9.5200 159.6329 411.3073 0.7042 0.0000 7.8400 0.0000 0.0000 0.0000 0.0000 0.0000 15.2800 7.8400 
2022 9 30 18 5.7200 316.2800 0.0000 9.5200 159.6595 411.3182 0.7044 0.0000 7.8400 0.0000 0.0000 0.0000 0.0000 0.0000 15.2400 7.8400 
2022 9 30 19 5.7100 306.5000 0.0000 9.5200 159.6861 411.3290 0.7045 0.0000 7.8400 0.0000 0.0000 0.0000 0.0000 0.0000 15.2300 7.8400 
2022 9 30 20 5.6900 201.5000 0.0000 9.5200 159.7127 411.3399 0.7046 0.0000 7.8400 0.0000 0.0000 0.0000 0.0000 0.0000 15.2100 7.8400 
2022 9 30 21 5.6600 176.8500 0.0000 9.5200 159.7391 411.3507 0.7048 0.0000 7.8400 0.0000 0.0000 0.0000 0.0000 0.0000 15.1800 7.8400 
2022 9 30 22 5.6400 99.1600 0.0000 9.5200 159.7654 411.3614 0.7049 0.0000 7.8400 0.0000 0.0000 0.0000 0.0000 0.0000 15.1600 7.8400 
2022 9 30 23 5.6300 83.4300 0.0000 9.5200 159.7918 411.3721 0.7050 0.0000 7.8400 0.0000 0.0000 0.0000 0.0000 0.0000 15.1500 7.8400 
2022 10 1 0 5.6200 69.2000 0.0000 9.5200 159.8180 411.3829 0.7052 0.0000 7.8400 0.0000 0.0000 0.0000 0.0000 0.0000 15.1400 7.8400 
2022 10 1 1 5.6100 54.4200 0.0000 9.5200 159.8443 411.3936 0.7053 0.0000 7.8400 0.0000 0.0000 0.0000 0.0000 0.0000 15.1300 7.8400 
2022 10 1 2 5.6300 23.3800 0.0000 9.5200 159.8706 411.4043 0.7054 0.0000 7.8400 0.0000 0.0000 0.0000 0.0000 0.0000 15.1500 7.8400 
2022 10 1 3 5.7400 18.4000 0.0000 9.5200 159.8973 411.4152 0.7056 0.0000 7.8400 0.0000 0.0000 0.0000 0.0000 0.0000 15.2600 7.8400 
2022 10 1 4 5.9900 17.4200 0.0000 9.5200 159.9249 411.4265 0.7057 0.0000 7.8400 0.0000 0.0000 0.0000 0.0000 0.0000 15.5100 7.8400 
2022 10 1 5 6.5600 17.0300 0.0000 9.5200 159.9546 411.4386 0.7058 0.0000 7.8400 0.0000 0.0000 0.0000 0.0000 0.0000 16.0800 7.8400 
2022 10 1 6 7.7300 25.9500 0.0000 9.5200 159.9885 411.4524 0.7060 0.0000 7.8400 0.0000 0.0000 0.0000 0.0000 0.0000 17.2500 7.8400 
2022 10 1 7 9.7700 48.9000 0.0000 9.5200 160.0297 411.4693 0.7062 0.0000 7.8400 0.0000 0.0000 0.0000 0.0000 0.0000 19.2900 7.8400 
2022 10 1 8 12.3300 79.6000 0.0000 9.5200 160.0801 411.4898 0.7065 0.0000 7.8400 0.0000 0.0000 0.0000 0.0000 0.0000 21.8500 7.8400 
2022 10 1 9 14.7100 119.5500 0.0000 9.5200 160.1391 411.5139 0.7068 0.0000 7.8400 0.0000 0.0000 0.0000 0.0000 0.0000 24.2300 7.8400 
2022 10 1 10 16.3900 116.2000 0.0000 9.5200 160.2042 411.5405 0.7071 0.0000 7.8400 0.0000 0.0000 0.0000 0.0000 0.0000 25.9100 7.8400 
2022 10 1 11 17.2900 97.9500 0.0000 9.5200 160.2725 411.5684 0.7074 0.0000 7.8400 0.0000 0.0000 0.0000 0.0000 0.0000 26.8100 7.8400 
2022 10 1 12 17.6900 80.5800 0.0000 9.5200 160.3422 411.5968 0.7078 0.0000 7.8400 0.0000 0.0000 0.0000 0.0000 0.0000 27.2100 7.8400 
2022 10 1 13 17.9400 72.0100 0.0000 9.5200 160.4128 411.6256 0.7081 0.0000 7.8400 0.0000 0.0000 0.0000 0.0000 0.0000 27.4600 7.8400 
2022 10 1 14 18.1300 72.8100 0.0000 9.5200 160.4842 411.6548 0.7085 0.0000 7.8400 0.0000 0.0000 0.0000 0.0000 0.0000 27.6500 7.8400 
2022 10 1 15 18.2000 75.9900 0.0000 9.5200 160.5557 411.6840 0.7089 0.0000 7.8400 0.0000 0.0000 0.0000 0.0000 0.0000 27.7200 7.8400 
2022 10 1 16 18.0800 149.9700 0.0000 9.5200 160.6269 411.7130 0.7092 0.0000 7.8400 0.0000 0.0000 0.0000 0.0000 0.0000 27.6000 7.8400 
2022 10 1 17 17.7600 184.2700 0.0000 9.5200 160.6968 411.7416 0.7096 0.0000 7.8400 0.0000 0.0000 0.0000 0.0000 0.0000 27.2800 7.8400 
2022 10 1 18 17.3100 213.0600 0.0000 9.5200 160.7652 411.7695 0.7099 0.0000 7.8400 0.0000 0.0000 0.0000 0.0000 0.0000 26.8300 7.8400 
2022 10 1 19 16.8700 196.2000 0.0000 9.5200 160.8320 411.7967 0.7103 0.0000 7.8400 0.0000 0.0000 0.0000 0.0000 0.0000 26.3900 7.8400 
2022 10 1 20 16.4300 157.6900 0.0000 9.5200 160.8972 411.8233 0.7106 0.0000 7.8400 0.0000 0.0000 0.0000 0.0000 0.0000 25.9500 7.8400 
2022 10 1 21 16.0300 120.0200 0.0000 9.5200 160.9609 411.8494 0.7109 0.0000 7.8400 0.0000 0.0000 0.0000 0.0000 0.0000 25.5500 7.8400 
2022 10 1 22 15.6400 84.2900 0.0000 9.5200 161.0233 411.8748 0.7112 0.0000 7.8400 0.0000 0.0000 0.0000 0.0000 0.0000 25.1600 7.8400 
2022 10 1 23 15.2900 70.8700 0.0000 9.5200 161.0844 411.8997 0.7115 0.0000 7.8400 0.0000 0.0000 0.0000 0.0000 0.0000 24.8100 7.8400 
2022 10 2 0 14.9400 70.3200 0.0000 9.5200 161.1442 411.9242 0.7118 0.0000 7.8400 0.0000 0.0000 0.0000 0.0000 0.0000 24.4600 7.8400 
2022 10 2 1 14.6100 63.9500 0.0000 9.5200 161.2029 411.9481 0.7121 0.0000 7.8400 0.0000 0.0000 0.0000 0.0000 0.0000 24.1300 7.8400 
2022 10 2 2 14.3100 68.0300 0.0000 9.5200 161.2604 411.9716 0.7124 0.0000 7.8400 0.0000 0.0000 0.0000 0.0000 0.0000 23.8300 7.8400 
2022 10 2 3 14.0400 64.9900 0.0000 9.5200 161.3170 411.9947 0.7127 0.0000 7.8400 0.0000 0.0000 0.0000 0.0000 0.0000 23.5600 7.8400 
2022 10 2 4 13.7900 65.3600 0.0000 9.5200 161.3727 412.0174 0.7130 0.0000 7.8400 0.0000 0.0000 0.0000 0.0000 0.0000 23.3100 7.8400 
2022 10 2 5 13.5600 65.2000 0.0000 9.5200 161.4276 412.0398 0.7132 0.0000 7.8400 0.0000 0.0000 0.0000 0.0000 0.0000 23.0800 7.8400 
2022 10 2 6 13.3300 127.7400 0.0000 9.5200 161.4816 412.0619 0.7135 0.0000 7.8400 0.0000 0.0000 0.0000 0.0000 0.0000 22.8500 7.8400 
2022 10 2 7 13.1200 93.3700 0.0000 9.5200 161.5349 412.0836 0.7138 0.0000 7.8400 0.0000 0.0000 0.0000 0.0000 0.0000 22.6400 7.8400 
2022 10 2 8 12.9200 212.7600 0.0000 9.5200 161.5874 412.1051 0.7140 0.0000 7.8400 0.0000 0.0000 0.0000 0.0000 0.0000 22.4400 7.8400 
2022 10 2 9 12.7500 232.8900 0.0000 9.5200 161.6394 412.1263 0.7143 0.0000 7.8400 0.0000 0.0000 0.0000 0.0000 0.0000 22.2700 7.8400 
2022 10 2 10 12.5800 233.2600 0.0000 9.5200 161.6907 412.1472 0.7146 0.0000 7.8400 0.0000 0.0000 0.0000 0.0000 0.0000 22.1000 7.8400 
2022 10 2 11 12.4200 253.5800 0.0000 9.5200 161.7415 412.1680 0.7148 0.0000 7.8400 0.0000 0.0000 0.0000 0.0000 0.0000 21.9400 7.8400 
2022 10 2 12 12.2500 287.3600 0.0000 9.5200 161.7916 412.1884 0.7151 0.0000 7.8400 0.0000 0.0000 0.0000 0.0000 0.0000 21.7700 7.8400 
2022 10 2 13 12.1100 254.1600 0.0000 9.5200 161.8413 412.2087 0.7153 0.0000 7.8400 0.0000 0.0000 0.0000 0.0000 0.0000 21.6300 7.8400 
2022 10 2 14 11.9500 224.5500 0.0000 9.5200 161.8903 412.2287 0.7156 0.0000 7.8400 0.0000 0.0000 0.0000 0.0000 0.0000 21.4700 7.8400 
2022 10 2 15 11.7900 107.4000 0.0000 9.5200 161.9388 412.2485 0.7158 0.0000 7.8400 0.0000 0.0000 0.0000 0.0000 0.0000 21.3100 7.8400 
2022 10 2 16 11.6400 220.4100 0.0000 9.5200 161.9868 412.2681 0.7160 0.0000 7.8400 0.0000 0.0000 0.0000 0.0000 0.0000 21.1600 7.8400 
2022 10 2 17 11.4800 297.9300 0.0000 9.5200 162.0342 412.2874 0.7163 0.0000 7.8400 0.0000 0.0000 0.0000 0.0000 0.0000 21.0000 7.8400 
2022 10 2 18 11.3400 331.6800 0.0000 9.5200 162.0810 412.3065 0.7165 0.0000 7.8400 0.0000 0.0000 0.0000 0.0000 0.0000 20.8600 7.8400 
2022 10 2 19 11.2000 318.4200 0.0000 9.5200 162.1274 412.3255 0.7168 0.0000 7.8400 0.0000 0.0000 0.0000 0.0000 0.0000 20.7200 7.8400 
2022 10 2 20 11.0500 253.0800 0.0000 9.5200 162.1732 412.3442 0.7170 0.0000 7.8400 0.0000 0.0000 0.0000 0.0000 0.0000 20.5700 7.8400 
2022 10 2 21 10.9100 178.6600 0.0000 9.5200 162.2186 412.3627 0.7172 0.0000 7.8400 0.0000 0.0000 0.0000 0.0000 0.0000 20.4300 7.8400 
2022 10 2 22 10.7700 165.3800 0.0000 9.5200 162.2634 412.3810 0.7174 0.0000 7.8400 0.0000 0.0000 0.0000 0.0000 0.0000 20.2900 7.8400 
2022 10 2 23 10.6300 194.7300 0.0000 9.5200 162.3077 412.3991 0.7177 0.0000 7.8400 0.0000 0.0000 0.0000 0.0000 0.0000 20.1500 7.8400 
2022 10 3 0 10.5000 179.9000 0.0000 9.5200 162.3515 412.4170 0.7179 0.0000 7.8400 0.0000 0.0000 0.0000 0.0000 0.0000 20.0200 7.8400 
2022 10 3 1 10.3700 171.6000 0.0000 9.5200 162.3949 412.4347 0.7181 0.0000 7.8400 0.0000 0.0000 0.0000 0.0000 0.0000 19.8900 7.8400 
2022 10 3 2 10.2400 100.4500 0.0000 9.5200 162.4378 412.4522 0.7183 0.0000 7.8400 0.0000 0.0000 0.0000 0.0000 0.0000 19.7600 7.8400 
2022 10 3 3 10.1200 104.5500 0.0000 9.5200 162.4803 412.4695 0.7185 0.0000 7.8400 0.0000 0.0000 0.0000 0.0000 0.0000 19.6400 7.8400 
2022 10 3 4 9.9900 140.4600 0.0000 9.5200 162.5223 412.4867 0.7187 0.0000 7.8400 0.0000 0.0000 0.0000 0.0000 0.0000 19.5100 7.8400 
2022 10 3 5 9.8600 212.7100 0.0000 9.5200 162.5639 412.5036 0.7189 0.0000 7.8400 0.0000 0.0000 0.0000 0.0000 0.0000 19.3800 7.8400 
2022 10 3 6 9.7500 305.1800 0.0000 9.5200 162.6050 412.5204 0.7191 0.0000 7.8400 0.0000 0.0000 0.0000 0.0000 0.0000 19.2700 7.8400 
2022 10 3 7 9.6300 323.5700 0.0000 9.5200 162.6457 412.5370 0.7194 0.0000 7.8400 0.0000 0.0000 0.0000 0.0000 0.0000 19.1500 7.8400 
2022 10 3 8 9.5000 275.9600 0.0000 9.5200 162.6860 412.5535 0.7196 0.0000 7.8400 0.0000 0.0000 0.0000 0.0000 0.0000 19.0200 7.8400 
2022 10 3 9 9.3900 212.7300 0.0000 9.5200 162.7258 412.5697 0.7198 0.0000 7.8400 0.0000 0.0000 0.0000 0.0000 0.0000 18.9100 7.8400 
2022 10 3 10 9.2900 156.7600 0.0000 9.5200 162.7653 412.5858 0.7200 0.0000 7.8400 0.0000 0.0000 0.0000 0.0000 0.0000 18.8100 7.8400 
2022 10 3 11 9.2000 126.7100 0.0000 9.5200 162.8045 412.6018 0.7202 0.0000 7.8400 0.0000 0.0000 0.0000 0.0000 0.0000 18.7200 7.8400 
2022 10 3 12 9.0900 137.5900 0.0000 9.5200 162.8433 412.6177 0.7203 0.0000 7.8400 0.0000 0.0000 0.0000 0.0000 0.0000 18.6100 7.8400 
2022 10 3 13 8.9800 154.3700 0.0000 9.5200 162.8816 412.6333 0.7205 0.0000 7.8400 0.0000 0.0000 0.0000 0.0000 0.0000 18.5000 7.8400 
2022 10 3 14 8.9000 196.1100 0.0000 9.5200 162.9197 412.6489 0.7207 0.0000 7.8400 0.0000 0.0000 0.0000 0.0000 0.0000 18.4200 7.8400 
2022 10 3 15 8.8100 238.2900 0.0000 9.5200 162.9575 412.6643 0.7209 0.0000 7.8400 0.0000 0.0000 0.0000 0.0000 0.0000 18.3300 7.8400 
2022 10 3 16 8.7000 332.4800 0.0000 9.5200 162.9949 412.6795 0.7211 0.0000 7.8400 0.0000 0.0000 0.0000 0.0000 0.0000 18.2200 7.8400 
2022 10 3 17 8.6000 367.0800 0.0000 9.5200 163.0319 412.6946 0.7213 0.0000 7.8400 0.0000 0.0000 0.0000 0.0000 0.0000 18.1200 7.8400 
2022 10 3 18 8.5100 373.7600 0.0000 9.5200 163.0686 412.7096 0.7215 0.0000 7.8400 0.0000 0.0000 0.0000 0.0000 0.0000 18.0300 7.8400 
2022 10 3 19 8.4200 364.8600 0.0000 9.5200 163.1049 412.7245 0.7217 0.0000 7.8400 0.0000 0.0000 0.0000 0.0000 0.0000 17.9400 7.8400 
2022 10 3 20 8.3200 326.4700 0.0000 9.5200 163.1409 412.7391 0.7218 0.0000 7.8400 0.0000 0.0000 0.0000 0.0000 0.0000 17.8400 7.8400 
2022 10 3 21 8.2300 319.0700 0.0000 9.5200 163.1766 412.7537 0.7220 0.0000 7.8400 0.0000 0.0000 0.0000 0.0000 0.0000 17.7500 7.8400 
2022 10 3 22 8.1400 297.8500 0.0000 9.5200 163.2119 412.7681 0.7222 0.0000 7.8400 0.0000 0.0000 0.0000 0.0000 0.0000 17.6600 7.8400 
2022 10 3 23 8.0500 211.7700 0.0000 9.5200 163.2470 412.7824 0.7224 0.0000 7.8400 0.0000 0.0000 0.0000 0.0000 0.0000 17.5700 7.8400 
2022 10 4 0 7.9600 193.6000 0.0000 9.5200 163.2817 412.7966 0.7225 0.0000 7.8400 0.0000 0.0000 0.0000 0.0000 0.0000 17.4800 7.8400 
2022 10 4 1 7.8800 193.0400 0.0000 9.5200 163.3161 412.8106 0.7227 0.0000 7.8400 0.0000 0.0000 0.0000 0.0000 0.0000 17.4000 7.8400 
2022 10 4 2 7.7900 173.9500 0.0000 9.5200 163.3502 412.8246 0.7229 0.0000 7.8400 0.0000 0.0000 0.0000 0.0000 0.0000 17.3100 7.8400 
2022 10 4 3 7.7100 192.6700 0.0000 9.5200 163.3840 412.8384 0.7231 0.0000 7.8400 0.0000 0.0000 0.0000 0.0000 0.0000 17.2300 7.8400 
2022 10 4 4 7.6300 202.5600 0.0000 9.5200 163.4175 412.8520 0.7232 0.0000 7.8400 0.0000 0.0000 0.0000 0.0000 0.0000 17.1500 7.8400 
2022 10 4 5 7.5500 252.2900 0.0000 9.5200 163.4507 412.8656 0.7234 0.0000 7.8400 0.0000 0.0000 0.0000 0.0000 0.0000 17.0700 7.8400 
2022 10 4 6 7.4800 299.2900 0.0000 9.5200 163.4837 412.8791 0.7236 0.0000 7.8400 0.0000 0.0000 0.0000 0.0000 0.0000 17.0000 7.8400 
2022 10 4 7 7.4000 308.4300 0.0000 9.5200 163.5164 412.8924 0.7237 0.0000 7.8400 0.0000 0.0000 0.0000 0.0000 0.0000 16.9200 7.8400 
2022 10 4 8 7.3300 303.3300 0.0000 9.5200 163.5488 412.9056 0.7239 0.0000 7.8400 0.0000 0.0000 0.0000 0.0000 0.0000 16.8500 7.8400 
2022 10 4 9 7.2600 266.3100 0.0000 9.5200 163.5810 412.9188 0.7240 0.0000 7.8400 0.0000 0.0000 0.0000 0.0000 0.0000 16.7800 7.8400 
2022 10 4 10 7.2000 223.4600 0.0000 9.5200 163.6130 412.9318 0.7242 0.0000 7.8400 0.0000 0.0000 0.0000 0.0000 0.0000 16.7200 7.8400 
2022 10 4 11 7.1200 171.5200 0.0000 9.5200 163.6447 412.9448 0.7244 0.0000 7.8400 0.0000 0.0000 0.0000 0.0000 0.0000 16.6400 7.8400 
2022 10 4 12 7.0500 159.6400 0.0000 9.5200 163.6761 412.9576 0.7245 0.0000 7.8400 0.0000 0.0000 0.0000 0.0000 0.0000 16.5700 7.8400 
2022 10 4 13 7.0000 148.3800 0.0000 9.5200 163.7073 412.9703 0.7247 0.0000 7.8400 0.0000 0.0000 0.0000 0.0000 0.0000 16.5200 7.8400 
2022 10 4 14 6.9300 152.6300 0.0000 9.5200 163.7383 412.9830 0.7248 0.0000 7.8400 0.0000 0.0000 0.0000 0.0000 0.0000 16.4500 7.8400 
2022 10 4 15 6.8800 187.8200 0.0000 9.5200 163.7692 412.9956 0.7250 0.0000 7.8400 0.0000 0.0000 0.0000 0.0000 0.0000 16.4000 7.8400 
2022 10 4 16 6.8300 211.9200 0.0000 9.5200 163.7998 413.0081 0.7251 0.0000 7.8400 0.0000 0.0000 0.0000 0.0000 0.0000 16.3500 7.8400 
2022 10 4 17 6.7700 236.0900 0.0000 9.5200 163.8302 413.0205 0.7253 0.0000 7.8400 0.0000 0.0000 0.0000 0.0000 0.0000 16.2900 7.8400 
2022 10 4 18 6.7300 212.0100 0.0000 9.5200 163.8605 413.0329 0.7255 0.0000 7.8400 0.0000 0.0000 0.0000 0.0000 0.0000 16.2500 7.8400 
2022 10 4 19 6.6800 178.5700 0.0000 9.5200 163.8906 413.0451 0.7256 0.0000 7.8400 0.0000 0.0000 0.0000 0.0000 0.0000 16.2000 7.8400 
2022 10 4 20 6.6300 159.3100 0.0000 9.5200 163.9205 413.0573 0.7258 0.0000 7.8400 0.0000 0.0000 0.0000 0.0000 0.0000 16.1500 7.8400 
2022 10 4 21 6.5900 161.8500 0.0000 9.5200 163.9503 413.0695 0.7259 0.0000 7.8400 0.0000 0.0000 0.0000 0.0000 0.0000 16.1100 7.8400 
2022 10 4 22 6.5400 141.6400 0.0000 9.5200 163.9799 413.0816 0.7260 0.0000 7.8400 0.0000 0.0000 0.0000 0.0000 0.0000 16.0600 7.8400 
2022 10 4 23 6.5100 45.8400 0.0000 9.5200 164.0093 413.0867 0.7262 0.0000 7.8400 0.0000 0.0000 0.0000 0.0000 0.0000 16.0300 7.8400 
2022 10 5 0 6.4700 87.4300 0.0000 9.5200 164.0387 413.0978 0.7263 0.0000 7.8400 0.0000 0.0000 0.0000 0.0000 0.0000 15.9900 7.8400 
2022 10 5 1 6.4300 56.7800 0.0000 9.5200 164.0679 413.1088 0.7265 0.0000 7.8400 0.0000 0.0000 0.0000 0.0000 0.0000 15.9500 7.8400 
2022 10 5 2 6.3900 48.3100 0.0000 9.5200 164.0969 413.1198 0.7266 0.0000 7.8400 0.0000 0.0000 0.0000 0.0000 0.0000 15.9100 7.8400 
2022 10 5 3 6.3400 44.0500 0.0000 9.5200 164.1258 413.1307 0.7268 0.0000 7.8400 0.0000 0.0000 0.0000 0.0000 0.0000 15.8600 7.8400 
2022 10 5 4 6.3000 42.4300 0.0000 9.5200 164.1545 413.1416 0.7269 0.0000 7.8400 0.0000 0.0000 0.0000 0.0000 0.0000 15.8200 7.8400 
2022 10 5 5 6.2600 97.9500 0.0000 9.5200 164.1831 413.1524 0.7271 0.0000 7.8400 0.0000 0.0000 0.0000 0.0000 0.0000 15.7800 7.8400 
2022 10 5 6 6.2400 156.5100 0.0000 9.5200 164.2116 413.1632 0.7272 0.0000 7.8400 0.0000 0.0000 0.0000 0.0000 0.0000 15.7600 7.8400 
2022 10 5 7 6.2700 163.2100 0.0000 9.5200 164.2402 413.1740 0.7274 0.0000 7.8400 0.0000 0.0000 0.0000 0.0000 0.0000 15.7900 7.8400 
2022 10 5 8 6.3200 110.0400 0.0000 9.5200 164.2690 413.1849 0.7275 0.0000 7.8400 0.0000 0.0000 0.0000 0.0000 0.0000 15.8400 7.8400 
2022 10 5 9 6.3200 100.8000 0.0000 9.5200 164.2978 413.1958 0.7276 0.0000 7.8400 0.0000 0.0000 0.0000 0.0000 0.0000 15.8400 7.8400 
2022 10 5 10 6.3400 57.5400 0.0000 9.5200 164.3267 413.2067 0.7278 0.0000 7.8400 0.0000 0.0000 0.0000 0.0000 0.0000 15.8600 7.8400 
2022 10 5 11 6.3900 40.8600 0.0000 9.5200 164.3558 413.2177 0.7279 0.0000 7.8400 0.0000 0.0000 0.0000 0.0000 0.0000 15.9100 7.8400 
2022 10 5 12 6.4300 24.7000 0.0000 9.5200 164.3850 413.2287 0.7281 0.0000 7.8400 0.0000 0.0000 0.0000 0.0000 0.0000 15.9500 7.8400 
2022 10 5 13 6.5000 18.0200 0.0000 9.5200 164.4144 413.2399 0.7282 0.0000 7.8400 0.0000 0.0000 0.0000 0.0000 0.0000 16.0200 7.8400 
2022 10 5 14 6.5800 20.4400 0.0000 9.5200 164.4442 413.2511 0.7284 0.0000 7.8400 0.0000 0.0000 0.0000 0.0000 0.0000 16.1000 7.8400 
2022 10 5 15 6.6800 37.6900 0.0000 9.5200 164.4742 413.2625 0.7285 0.0000 7.8400 0.0000 0.0000 0.0000 0.0000 0.0000 16.2000 7.8400 
2022 10 5 16 6.7900 26.9600 0.0000 9.5200 164.5047 413.2740 0.7287 0.0000 7.8400 0.0000 0.0000 0.0000 0.0000 0.0000 16.3100 7.8400 
2022 10 5 17 6.9500 21.1800 0.0000 9.5200 164.5358 413.2857 0.7288 0.0000 7.8400 0.0000 0.0000 0.0000 0.0000 0.0000 16.4700 7.8400 
2022 10 5 18 7.2100 16.7800 0.0000 9.5200 164.5678 413.2978 0.7290 0.0000 7.8400 0.0000 0.0000 0.0000 0.0000 0.0000 16.7300 7.8400 
2022 10 5 19 7.6200 11.5800 0.0000 9.5200 164.6013 413.3105 0.7292 0.0000 7.8400 0.0000 0.0000 0.0000 0.0000 0.0000 17.1400 7.8400 
2022 10 5 20 8.0000 18.3700 0.0000 9.5200 164.6361 413.3237 0.7293 0.0000 7.8400 0.0000 0.0000 0.0000 0.0000 0.0000 17.5200 7.8400 
2022 10 5 21 8.3100 21.8600 0.0000 9.5200 164.6721 413.3373 0.7295 0.0000 7.8400 0.0000 0.0000 0.0000 0.0000 0.0000 17.8300 7.8400 
2022 10 5 22 8.5000 2.0500 0.0000 9.5200 164.7088 413.3511 0.7297 0.0000 7.8400 0.0000 0.0000 0.0000 0.0000 0.0000 18.0200 7.8400 
2022 10 5 23 8.6500 1.0000 0.0000 9.5200 164.7459 413.3652 0.7299 0.0000 7.8400 0.0000 0.0000 0.0000 0.0000 0.0000 18.1700 7.8400 
2022 10 6 0 8.7800 0.4200 0.0000 9.5200 164.7836 413.3794 0.7301 0.0000 7.8400 0.0000 0.0000 0.0000 0.0000 0.0000 18.3000 7.8400 
2022 10 6 1 8.8700 0.0900 0.0000 9.5200 164.8216 413.3938 0.7303 0.0000 7.8400 0.0000 0.0000 0.0000 0.0000 0.0000 18.3900 7.8400 
2022 10 6 2 8.9300 0.0800 0.0000 9.5200 164.8598 413.4082 0.7305 0.0000 7.8400 0.0000 0.0000 0.0000 0.0000 0.0000 18.4500 7.8400 
2022 10 6 3 8.9600 0.0700 0.0000 9.5200 164.8981 413.4227 0.7307 0.0000 7.8400 0.0000 0.0000 0.0000 0.0000 0.0000 18.4800 7.8400 
2022 10 6 4 8.9500 0.6100 0.0000 9.5200 164.9363 413.4372 0.7308 0.0000 7.8400 0.0000 0.0000 0.0000 0.0000 0.0000 18.4700 7.8400 
2022 10 6 5 8.9200 21.7200 0.0000 9.5200 164.9745 413.4516 0.7310 0.0000 7.8400 0.0000 0.0000 0.0000 0.0000 0.0000 18.4400 7.8400 
2022 10 6 6 8.8500 53.6700 0.0000 9.5200 165.0124 413.4659 0.7312 0.0000 7.8400 0.0000 0.0000 0.0000 0.0000 0.0000 18.3700 7.8400 
2022 10 6 7 8.7800 62.8000 0.0000 9.5200 165.0501 413.4802 0.7314 0.0000 7.8400 0.0000 0.0000 0.0000 0.0000 0.0000 18.3000 7.8400 
2022 10 6 8 8.6900 45.2800 0.0000 9.5200 165.0874 413.4943 0.7316 0.0000 7.8400 0.0000 0.0000 0.0000 0.0000 0.0000 18.2100 7.8400 
2022 10 6 9 8.6100 40.1800 0.0000 9.5200 165.1244 413.5083 0.7318 0.0000 7.8400 0.0000 0.0000 0.0000 0.0000 0.0000 18.1300 7.8400 
2022 10 6 10 8.5400 9.3600 0.0000 9.5200 165.1612 413.5222 0.7320 0.0000 7.8400 0.0000 0.0000 0.0000 0.0000 0.0000 18.0600 7.8400 
2022 10 6 11 8.4900 5.9500 0.0000 9.5200 165.1978 413.5360 0.7322 0.0000 7.8400 0.0000 0.0000 0.0000 0.0000 0.0000 18.0100 7.8400 
2022 10 6 12 8.4700 4.6000 0.0000 9.5200 165.2344 413.5499 0.7323 0.0000 7.8400 0.0000 0.0000 0.0000 0.0000 0.0000 17.9900 7.8400 
2022 10 6 13 8.4900 4.2200 0.0000 9.5200 165.2710 413.5637 0.7325 0.0000 7.8400 0.0000 0.0000 0.0000 0.0000 0.0000 18.0100 7.8400 
2022 10 6 14 8.5000 15.6000 0.0000 9.5200 165.3076 413.5776 0.7327 0.0000 7.8400 0.0000 0.0000 0.0000 0.0000 0.0000 18.0200 7.8400 
2022 10 6 15 8.4900 19.1800 0.0000 9.5200 165.3443 413.5914 0.7329 0.0000 7.8400 0.0000 0.0000 0.0000 0.0000 0.0000 18.0100 7.8400 
2022 10 6 16 8.4800 25.5800 0.0000 9.5200 165.3808 413.6052 0.7331 0.0000 7.8400 0.0000 0.0000 0.0000 0.0000 0.0000 18.0000 7.8400 
2022 10 6 17 8.4800 42.8600 0.0000 9.5200 165.4174 413.6191 0.7333 0.0000 7.8400 0.0000 0.0000 0.0000 0.0000 0.0000 18.0000 7.8400 
2022 10 6 18 8.4400 47.0300 0.0000 9.5200 165.4538 413.6328 0.7334 0.0000 7.8400 0.0000 0.0000 0.0000 0.0000 0.0000 17.9600 7.8400 
2022 10 6 19 8.4200 46.6000 0.0000 9.5200 165.4902 413.6466 0.7336 0.0000 7.8400 0.0000 0.0000 0.0000 0.0000 0.0000 17.9400 7.8400 
2022 10 6 20 8.3800 42.9500 0.0000 9.5200 165.5264 413.6603 0.7338 0.0000 7.8400 0.0000 0.0000 0.0000 0.0000 0.0000 17.9000 7.8400 
2022 10 6 21 8.3200 37.9000 0.0000 9.5200 165.5624 413.6739 0.7340 0.0000 7.8400 0.0000 0.0000 0.0000 0.0000 0.0000 17.8400 7.8400 
2022 10 6 22 8.2800 27.9100 0.0000 9.5200 165.5983 413.6874 0.7342 0.0000 7.8400 0.0000 0.0000 0.0000 0.0000 0.0000 17.8000 7.8400 
2022 10 6 23 8.2200 18.2500 0.0000 9.5200 165.6339 413.7009 0.7343 0.0000 7.8400 0.0000 0.0000 0.0000 0.0000 0.0000 17.7400 7.8400 
2022 10 7 0 8.1800 5.0700 0.0000 9.5200 165.6694 413.7143 0.7345 0.0000 7.8400 0.0000 0.0000 0.0000 0.0000 0.0000 17.7000 7.8400 
2022 10 7 1 8.1200 1.4100 0.0000 9.5200 165.7047 413.7277 0.7347 0.0000 7.8400 0.0000 0.0000 0.0000 0.0000 0.0000 17.6400 7.8400 
2022 10 7 2 8.0500 0.4700 0.0000 9.5200 165.7397 413.7409 0.7349 0.0000 7.8400 0.0000 0.0000 0.0000 0.0000 0.0000 17.5700 7.8400 
2022 10 7 3 8.0200 0.1000 0.0000 9.5200 165.7746 413.7541 0.7351 0.0000 7.8400 0.0000 0.0000 0.0000 0.0000 0.0000 17.5400 7.8400 
2022 10 7 4 8.0200 0.8400 0.0000 9.5200 165.8096 413.7673 0.7352 0.0000 7.8400 0.0000 0.0000 0.0000 0.0000 0.0000 17.5400 7.8400 
2022 10 7 5 8.0500 6.2000 0.0000 9.5200 165.8446 413.7806 0.7354 0.0000 7.8400 0.0000 0.0000 0.0000 0.0000 0.0000 17.5700 7.8400 
2022 10 7 6 8.1300 52.1500 0.0000 9.5200 165.8799 413.7939 0.7356 0.0000 7.8400 0.0000 0.0000 0.0000 0.0000 0.0000 17.6500 7.8400 
2022 10 7 7 8.2200 53.4600 0.0000 9.5200 165.9155 413.8074 0.7358 0.0000 7.8400 0.0000 0.0000 0.0000 0.0000 0.0000 17.7400 7.8400 
2022 10 7 8 8.3800 50.7000 0.0000 9.5200 165.9518 413.8211 0.7359 0.0000 7.8400 0.0000 0.0000 0.0000 0.0000 0.0000 17.9000 7.8400 
2022 10 7 9 8.5500 41.6200 0.0000 9.5200 165.9886 413.8350 0.7361 0.0000 7.8400 0.0000 0.0000 0.0000 0.0000 0.0000 18.0700 7.8400 
2022 10 7 10 8.7100 22.0600 0.0000 9.5200 166.0260 413.8491 0.7363 0.0000 7.8400 0.0000 0.0000 0.0000 0.0000 0.0000 18.2300 7.8400 
2022 10 7 11 8.8700 14.6600 0.0000 9.5200 166.0640 413.8635 0.7365 0.0000 7.8400 0.0000 0.0000 0.0000 0.0000 0.0000 18.3900 7.8400 
2022 10 7 12 9.1600 14.7600 0.0000 9.5200 166.1030 413.8783 0.7367 0.0000 7.8400 0.0000 0.0000 0.0000 0.0000 0.0000 18.6800 7.8400 
2022 10 7 13 9.5800 20.9900 0.0000 9.5200 166.1435 413.8936 0.7369 0.0000 7.8400 0.0000 0.0000 0.0000 0.0000 0.0000 19.1000 7.8400 
2022 10 7 14 10.1300 19.3400 0.0000 9.5200 166.1860 413.9097 0.7371 0.0000 7.8400 0.0000 0.0000 0.0000 0.0000 0.0000 19.6500 7.8400 
2022 10 7 15 10.6200 24.8400 0.0000 9.5200 166.2303 413.9264 0.7373 0.0000 7.8400 0.0000 0.0000 0.0000 0.0000 0.0000 20.1400 7.8400 
2022 10 7 16 10.9900 36.4200 0.0000 9.5200 166.2759 413.9436 0.7376 0.0000 7.8400 0.0000 0.0000 0.0000 0.0000 0.0000 20.5100 7.8400 
2022 10 7 17 11.2700 55.8200 0.0000 9.5200 166.3226 413.9613 0.7378 0.0000 7.8400 0.0000 0.0000 0.0000 0.0000 0.0000 20.7900 7.8400 
2022 10 7 18 11.5000 53.6500 0.0000 9.5200 166.3700 413.9792 0.7380 0.0000 7.8400 0.0000 0.0000 0.0000 0.0000 0.0000 21.0200 7.8400 
2022 10 7 19 11.6900 41.8400 0.0000 9.5200 166.4181 413.9974 0.7383 0.0000 7.8400 0.0000 0.0000 0.0000 0.0000 0.0000 21.2100 7.8400 
2022 10 7 20 11.8200 53.6400 0.0000 9.5200 166.4667 414.0158 0.7385 0.0000 7.8400 0.0000 0.0000 0.0000 0.0000 0.0000 21.3400 7.8400 
2022 10 7 21 11.8900 54.9800 0.0000 9.5200 166.5156 414.0343 0.7388 0.0000 7.8400 0.0000 0.0000 0.0000 0.0000 0.0000 21.4100 7.8400 
2022 10 7 22 11.9100 53.6100 0.0000 9.5200 166.5645 414.0527 0.7390 0.0000 7.8400 0.0000 0.0000 0.0000 0.0000 0.0000 21.4300 7.8400 
2022 10 7 23 11.9200 48.2200 0.0000 9.5200 166.6135 414.0713 0.7393 0.0000 7.8400 0.0000 0.0000 0.0000 0.0000 0.0000 21.4400 7.8400 
2022 10 8 0 11.8700 48.6400 0.0000 9.5200 166.6623 414.0897 0.7395 0.0000 7.8400 0.0000 0.0000 0.0000 0.0000 0.0000 21.3900 7.8400 
2022 10 8 1 11.8000 48.9600 0.0000 9.5200 166.7108 414.1080 0.7398 0.0000 7.8400 0.0000 0.0000 0.0000 0.0000 0.0000 21.3200 7.8400 
2022 10 8 2 11.7000 49.1500 0.0000 9.5200 166.7590 414.1263 0.7400 0.0000 7.8400 0.0000 0.0000 0.0000 0.0000 0.0000 21.2200 7.8400 
2022 10 8 3 11.5800 49.1200 0.0000 9.5200 166.8067 414.1443 0.7402 0.0000 7.8400 0.0000 0.0000 0.0000 0.0000 0.0000 21.1000 7.8400 
2022 10 8 4 11.4500 49.4900 0.0000 9.5200 166.8540 414.1622 0.7405 0.0000 7.8400 0.0000 0.0000 0.0000 0.0000 0.0000 20.9700 7.8400 
2022 10 8 5 11.3300 50.1000 0.0000 9.5200 166.9008 414.1799 0.7407 0.0000 7.8400 0.0000 0.0000 0.0000 0.0000 0.0000 20.8500 7.8400 
2022 10 8 6 11.1800 64.2600 0.0000 9.5200 166.9471 414.1974 0.7409 0.0000 7.8400 0.0000 0.0000 0.0000 0.0000 0.0000 20.7000 7.8400 
2022 10 8 7 11.0300 71.4500 0.0000 9.5200 166.9928 414.2147 0.7412 0.0000 7.8400 0.0000 0.0000 0.0000 0.0000 0.0000 20.5500 7.8400 
2022 10 8 8 10.9000 71.4800 0.0000 9.5200 167.0381 414.2318 0.7414 0.0000 7.8400 0.0000 0.0000 0.0000 0.0000 0.0000 20.4200 7.8400 
2022 10 8 9 10.7800 55.0100 0.0000 9.5200 167.0830 414.2488 0.7416 0.0000 7.8400 0.0000 0.0000 0.0000 0.0000 0.0000 20.3000 7.8400 
2022 10 8 10 10.6700 49.0400 0.0000 9.5200 167.1274 414.2656 0.7418 0.0000 7.8400 0.0000 0.0000 0.0000 0.0000 0.0000 20.1900 7.8400 
2022 10 8 11 10.5700 39.7700 0.0000 9.5200 167.1715 414.2822 0.7421 0.0000 7.8400 0.0000 0.0000 0.0000 0.0000 0.0000 20.0900 7.8400 
2022 10 8 12 10.4600 37.7800 0.0000 9.5200 167.2153 414.2988 0.7423 0.0000 7.8400 0.0000 0.0000 0.0000 0.0000 0.0000 19.9800 7.8400 
2022 10 8 13 10.3600 32.3100 0.0000 9.5200 167.2586 414.3152 0.7425 0.0000 7.8400 0.0000 0.0000 0.0000 0.0000 0.0000 19.8800 7.8400 
2022 10 8 14 10.2700 32.2800 0.0000 9.5200 167.3016 414.3314 0.7427 0.0000 7.8400 0.0000 0.0000 0.0000 0.0000 0.0000 19.7900 7.8400 
2022 10 8 15 10.1500 45.2300 0.0000 9.5200 167.3442 414.3475 0.7429 0.0000 7.8400 0.0000 0.0000 0.0000 0.0000 0.0000 19.6700 7.8400 
2022 10 8 16 10.0500 49.0200 0.0000 9.5200 167.3864 414.3635 0.7431 0.0000 7.8400 0.0000 0.0000 0.0000 0.0000 0.0000 19.5700 7.8400 
2022 10 8 17 9.9700 54.9800 0.0000 9.5200 167.4284 414.3793 0.7434 0.0000 7.8400 0.0000 0.0000 0.0000 0.0000 0.0000 19.4900 7.8400 
2022 10 8 18 9.8700 51.4900 0.0000 9.5200 167.4700 414.3951 0.7436 0.0000 7.8400 0.0000 0.0000 0.0000 0.0000 0.0000 19.3900 7.8400 
2022 10 8 19 9.7900 49.7900 0.0000 9.5200 167.5112 414.4107 0.7438 0.0000 7.8400 0.0000 0.0000 0.0000 0.0000 0.0000 19.3100 7.8400 
2022 10 8 20 9.6900 50.2500 0.0000 9.5200 167.5522 414.4262 0.7440 0.0000 7.8400 0.0000 0.0000 0.0000 0.0000 0.0000 19.2100 7.8400 
2022 10 8 21 9.5900 61.8100 0.0000 9.5200 167.5927 414.4415 0.7442 0.0000 7.8400 0.0000 0.0000 0.0000 0.0000 0.0000 19.1100 7.8400 
2022 10 8 22 9.4900 67.7700 0.0000 9.5200 167.6330 414.4567 0.7444 0.0000 7.8400 0.0000 0.0000 0.0000 0.0000 0.0000 19.0100 7.8400 
2022 10 8 23 9.4100 101.8400 0.0000 9.5200 167.6729 414.4718 0.7446 0.0000 7.8400 0.0000 0.0000 0.0000 0.0000 0.0000 18.9300 7.8400 
2022 10 9 0 9.3100 101.4500 0.0000 9.5200 167.7124 414.4867 0.7448 0.0000 7.8400 0.0000 0.0000 0.0000 0.0000 0.0000 18.8300 7.8400 
2022 10 9 1 9.2100 102.2400 0.0000 9.5200 167.7517 414.5016 0.7450 0.0000 7.8400 0.0000 0.0000 0.0000 0.0000 0.0000 18.7300 7.8400 
2022 10 9 2 9.1200 102.7000 0.0000 9.5200 167.7905 414.5163 0.7452 0.0000 7.8400 0.0000 0.0000 0.0000 0.0000 0.0000 18.6400 7.8400 
2022 10 9 3 9.0300 102.7700 0.0000 9.5200 167.8291 414.5308 0.7454 0.0000 7.8400 0.0000 0.0000 0.0000 0.0000 0.0000 18.5500 7.8400 
2022 10 9 4 8.9400 102.2400 0.0000 9.5200 167.8673 414.5453 0.7456 0.0000 7.8400 0.0000 0.0000 0.0000 0.0000 0.0000 18.4600 7.8400 
2022 10 9 5 8.8600 102.7200 0.0000 9.5200 167.9053 414.5596 0.7457 0.0000 7.8400 0.0000 0.0000 0.0000 0.0000 0.0000 18.3800 7.8400 
2022 10 9 6 8.7800 99.4200 0.0000 9.5200 167.9429 414.5739 0.7459 0.0000 7.8400 0.0000 0.0000 0.0000 0.0000 0.0000 18.3000 7.8400 
2022 10 9 7 8.6800 103.4500 0.0000 9.5200 167.9802 414.5880 0.7461 0.0000 7.8400 0.0000 0.0000 0.0000 0.0000 0.0000 18.2000 7.8400 
2022 10 9 8 8.5900 104.4300 0.0000 9.5200 168.0172 414.6020 0.7463 0.0000 7.8400 0.0000 0.0000 0.0000 0.0000 0.0000 18.1100 7.8400 
2022 10 9 9 8.5200 101.2600 0.0000 9.5200 168.0539 414.6158 0.7465 0.0000 7.8400 0.0000 0.0000 0.0000 0.0000 0.0000 18.0400 7.8400 
2022 10 9 10 8.4500 91.5900 0.0000 9.5200 168.0904 414.6296 0.7467 0.0000 7.8400 0.0000 0.0000 0.0000 0.0000 0.0000 17.9700 7.8400 
2022 10 9 11 8.3700 60.8200 0.0000 9.5200 168.1266 414.6433 0.7469 0.0000 7.8400 0.0000 0.0000 0.0000 0.0000 0.0000 17.8900 7.8400 
2022 10 9 12 8.3000 52.2200 0.0000 9.5200 168.1625 414.6569 0.7470 0.0000 7.8400 0.0000 0.0000 0.0000 0.0000 0.0000 17.8200 7.8400 
2022 10 9 13 8.2200 57.1900 0.0000 9.5200 168.1981 414.6704 0.7472 0.0000 7.8400 0.0000 0.0000 0.0000 0.0000 0.0000 17.7400 7.8400 
2022 10 9 14 8.1600 84.2000 0.0000 9.5200 168.2335 414.6838 0.7474 0.0000 7.8400 0.0000 0.0000 0.0000 0.0000 0.0000 17.6800 7.8400 
2022 10 9 15 8.0800 100.5700 0.0000 9.5200 168.2687 414.6970 0.7476 0.0000 7.8400 0.0000 0.0000 0.0000 0.0000 0.0000 17.6000 7.8400 
2022 10 9 16 8.0200 103.3400 0.0000 9.5200 168.3036 414.7102 0.7477 0.0000 7.8400 0.0000 0.0000 0.0000 0.0000 0.0000 17.5400 7.8400 
2022 10 9 17 7.9400 103.9300 0.0000 9.5200 168.3382 414.7233 0.7479 0.0000 7.8400 0.0000 0.0000 0.0000 0.0000 0.0000 17.4600 7.8400 
2022 10 9 18 7.8800 104.3000 0.0000 9.5200 168.3727 414.7364 0.7481 0.0000 7.8400 0.0000 0.0000 0.0000 0.0000 0.0000 17.4000 7.8400 
2022 10 9 19 7.8100 100.5600 0.0000 9.5200 168.4068 414.7493 0.7483 0.0000 7.8400 0.0000 0.0000 0.0000 0.0000 0.0000 17.3300 7.8400 
2022 10 9 20 7.7300 96.1400 0.0000 9.5200 168.4407 414.7621 0.7484 0.0000 7.8400 0.0000 0.0000 0.0000 0.0000 0.0000 17.2500 7.8400 
2022 10 9 21 7.6700 94.0000 0.0000 9.5200 168.4744 414.7748 0.7486 0.0000 7.8400 0.0000 0.0000 0.0000 0.0000 0.0000 17.1900 7.8400 
2022 10 9 22 7.6100 62.7200 0.0000 9.5200 168.5078 414.7874 0.7488 0.0000 7.8400 0.0000 0.0000 0.0000 0.0000 0.0000 17.1300 7.8400 
2022 10 9 23 7.5400 72.3700 0.0000 9.5200 168.5410 414.8000 0.7489 0.0000 7.8400 0.0000 0.0000 0.0000 0.0000 0.0000 17.0600 7.8400 
2022 10 10 0 7.4800 71.7400 0.0000 9.5200 168.5740 414.8125 0.7491 0.0000 7.8400 0.0000 0.0000 0.0000 0.0000 0.0000 17.0000 7.8400 
2022 10 10 1 7.4200 69.5500 0.0000 9.5200 168.6067 414.8248 0.7493 0.0000 7.8400 0.0000 0.0000 0.0000 0.0000 0.0000 16.9400 7.8400 
2022 10 10 2 7.3600 71.7600 0.0000 9.5200 168.6393 414.8372 0.7494 0.0000 7.8400 0.0000 0.0000 0.0000 0.0000 0.0000 16.8800 7.8400 
2022 10 10 3 7.3100 81.6400 0.0000 9.5200 168.6716 414.8494 0.7496 0.0000 7.8400 0.0000 0.0000 0.0000 0.0000 0.0000 16.8300 7.8400 
2022 10 10 4 7.2500 102.5800 0.0000 9.5200 168.7038 414.8615 0.7498 0.0000 7.8400 0.0000 0.0000 0.0000 0.0000 0.0000 16.7700 7.8400 
2022 10 10 5 7.1900 133.4400 0.0000 9.5200 168.7357 414.8736 0.7499 0.0000 7.8400 0.0000 0.0000 0.0000 0.0000 0.0000 16.7100 7.8400 
2022 10 10 6 7.1300 162.5600 0.0000 9.5200 168.7674 414.8856 0.7501 0.0000 7.8400 0.0000 0.0000 0.0000 0.0000 0.0000 16.6500 7.8400 
2022 10 10 7 7.0700 173.7700 0.0000 9.5200 168.7989 414.8975 0.7502 0.0000 7.8400 0.0000 0.0000 0.0000 0.0000 0.0000 16.5900 7.8400 
2022 10 10 8 7.0200 178.8300 0.0000 9.5200 168.8302 414.9094 0.7504 0.0000 7.8400 0.0000 0.0000 0.0000 0.0000 0.0000 16.5400 7.8400 
2022 10 10 9 6.9700 167.0200 0.0000 9.5200 168.8614 414.9211 0.7505 0.0000 7.8400 0.0000 0.0000 0.0000 0.0000 0.0000 16.4900 7.8400 
2022 10 10 10 6.9300 161.4700 0.0000 9.5200 168.8924 414.9328 0.7507 0.0000 7.8400 0.0000 0.0000 0.0000 0.0000 0.0000 16.4500 7.8400 
2022 10 10 11 6.9400 136.1400 0.0000 9.5200 168.9234 414.9446 0.7509 0.0000 7.8400 0.0000 0.0000 0.0000 0.0000 0.0000 16.4600 7.8400 
2022 10 10 12 7.0700 132.9400 0.0000 9.5200 168.9549 414.9565 0.7510 0.0000 7.8400 0.0000 0.0000 0.0000 0.0000 0.0000 16.5900 7.8400 
2022 10 10 13 7.1900 133.0400 0.0000 9.5200 168.9868 414.9686 0.7512 0.0000 7.8400 0.0000 0.0000 0.0000 0.0000 0.0000 16.7100 7.8400 
2022 10 10 14 7.3100 141.3400 0.0000 9.5200 169.0192 414.9808 0.7513 0.0000 7.8400 0.0000 0.0000 0.0000 0.0000 0.0000 16.8300 7.8400 
2022 10 10 15 7.4600 160.4900 0.0000 9.5200 169.0521 414.9932 0.7515 0.0000 7.8400 0.0000 0.0000 0.0000 0.0000 0.0000 16.9800 7.8400 
2022 10 10 16 7.6100 165.5600 0.0000 9.5200 169.0856 415.0059 0.7517 0.0000 7.8400 0.0000 0.0000 0.0000 0.0000 0.0000 17.1300 7.8400 
2022 10 10 17 7.7300 168.6200 0.0000 9.5200 169.1194 415.0187 0.7518 0.0000 7.8400 0.0000 0.0000 0.0000 0.0000 0.0000 17.2500 7.8400 
2022 10 10 18 7.8100 162.6800 0.0000 9.5200 169.1536 415.0316 0.7520 0.0000 7.8400 0.0000 0.0000 0.0000 0.0000 0.0000 17.3300 7.8400 
2022 10 10 19 7.8700 160.5200 0.0000 9.5200 169.1880 415.0446 0.7522 0.0000 7.8400 0.0000 0.0000 0.0000 0.0000 0.0000 17.3900 7.8400 
2022 10 10 20 7.9100 160.1700 0.0000 9.5200 169.2225 415.0577 0.7524 0.0000 7.8400 0.0000 0.0000 0.0000 0.0000 0.0000 17.4300 7.8400 
2022 10 10 21 7.9400 157.6000 0.0000 9.5200 169.2571 415.0708 0.7525 0.0000 7.8400 0.0000 0.0000 0.0000 0.0000 0.0000 17.4600 7.8400 
2022 10 10 22 7.9500 126.3100 0.0000 9.5200 169.2918 415.0839 0.7527 0.0000 7.8400 0.0000 0.0000 0.0000 0.0000 0.0000 17.4700 7.8400 
2022 10 10 23 7.9400 125.2100 0.0000 9.5200 169.3264 415.0970 0.7529 0.0000 7.8400 0.0000 0.0000 0.0000 0.0000 0.0000 17.4600 7.8400 
2022 10 11 0 7.9300 119.9400 0.0000 9.5200 169.3610 415.1100 0.7531 0.0000 7.8400 0.0000 0.0000 0.0000 0.0000 0.0000 17.4500 7.8400 
2022 10 11 1 7.8800 111.4600 0.0000 9.5200 169.3954 415.1230 0.7532 0.0000 7.8400 0.0000 0.0000 0.0000 0.0000 0.0000 17.4000 7.8400 
2022 10 11 2 7.8300 113.5700 0.0000 9.5200 169.4297 415.1360 0.7534 0.0000 7.8400 0.0000 0.0000 0.0000 0.0000 0.0000 17.3500 7.8400 
2022 10 11 3 7.7800 124.1800 0.0000 9.5200 169.4637 415.1489 0.7536 0.0000 7.8400 0.0000 0.0000 0.0000 0.0000 0.0000 17.3000 7.8400 
2022 10 11 4 7.7300 135.4700 0.0000 9.5200 169.4976 415.1617 0.7537 0.0000 7.8400 0.0000 0.0000 0.0000 0.0000 0.0000 17.2500 7.8400 
2022 10 11 5 7.6900 162.6600 0.0000 9.5200 169.5313 415.1744 0.7539 0.0000 7.8400 0.0000 0.0000 0.0000 0.0000 0.0000 17.2100 7.8400 
2022 10 11 6 7.6300 183.1300 0.0000 9.5200 169.5649 415.1871 0.7541 0.0000 7.8400 0.0000 0.0000 0.0000 0.0000 0.0000 17.1500 7.8400 
2022 10 11 7 7.5700 189.7600 0.0000 9.5200 169.5982 415.1997 0.7542 0.0000 7.8400 0.0000 0.0000 0.0000 0.0000 0.0000 17.0900 7.8400 
2022 10 11 8 7.5100 210.0800 0.0000 9.5200 169.6312 415.2122 0.7544 0.0000 7.8400 0.0000 0.0000 0.0000 0.0000 0.0000 17.0300 7.8400 
2022 10 11 9 7.4600 217.8500 0.0000 9.5200 169.6642 415.2246 0.7546 0.0000 7.8400 0.0000 0.0000 0.0000 0.0000 0.0000 16.9800 7.8400 
2022 10 11 10 7.3900 214.9500 0.0000 9.5200 169.6968 415.2370 0.7547 0.0000 7.8400 0.0000 0.0000 0.0000 0.0000 0.0000 16.9100 7.8400 
2022 10 11 11 7.3200 187.4400 0.0000 9.5200 169.7292 415.2492 0.7549 0.0000 7.8400 0.0000 0.0000 0.0000 0.0000 0.0000 16.8400 7.8400 
2022 10 11 12 7.2700 184.0200 0.0000 9.5200 169.7614 415.2614 0.7551 0.0000 7.8400 0.0000 0.0000 0.0000 0.0000 0.0000 16.7900 7.8400 
2022 10 11 13 7.2200 182.3900 0.0000 9.5200 169.7935 415.2735 0.7552 0.0000 7.8400 0.0000 0.0000 0.0000 0.0000 0.0000 16.7400 7.8400 
2022 10 11 14 7.1600 181.7100 0.0000 9.5200 169.8253 415.2856 0.7554 0.0000 7.8400 0.0000 0.0000 0.0000 0.0000 0.0000 16.6800 7.8400 
2022 10 11 15 7.1100 185.6900 0.0000 9.5200 169.8569 415.2975 0.7555 0.0000 7.8400 0.0000 0.0000 0.0000 0.0000 0.0000 16.6300 7.8400 
2022 10 11 16 7.0600 189.7600 0.0000 9.5200 169.8884 415.3094 0.7557 0.0000 7.8400 0.0000 0.0000 0.0000 0.0000 0.0000 16.5800 7.8400 
2022 10 11 17 7.0200 194.2900 0.0000 9.5200 169.9197 415.3213 0.7559 0.0000 7.8400 0.0000 0.0000 0.0000 0.0000 0.0000 16.5400 7.8400 
2022 10 11 18 6.9800 189.3400 0.0000 9.5200 169.9509 415.3330 0.7560 0.0000 7.8400 0.0000 0.0000 0.0000 0.0000 0.0000 16.5000 7.8400 
2022 10 11 19 6.9300 185.5600 0.0000 9.5200 169.9819 415.3448 0.7562 0.0000 7.8400 0.0000 0.0000 0.0000 0.0000 0.0000 16.4500 7.8400 
2022 10 11 20 6.8700 183.9100 0.0000 9.5200 170.0127 415.3564 0.7563 0.0000 7.8400 0.0000 0.0000 0.0000 0.0000 0.0000 16.3900 7.8400 
2022 10 11 21 6.8300 169.1700 0.0000 9.5200 170.0433 415.3680 0.7565 0.0000 7.8400 0.0000 0.0000 0.0000 0.0000 0.0000 16.3500 7.8400 
2022 10 11 22 6.7700 158.2600 0.0000 9.5200 170.0737 415.3795 0.7566 0.0000 7.8400 0.0000 0.0000 0.0000 0.0000 0.0000 16.2900 7.8400 
2022 10 11 23 6.7200 209.0800 0.0000 9.5200 170.1040 415.3909 0.7568 0.0000 7.8400 0.0000 0.0000 0.0000 0.0000 0.0000 16.2400 7.8400 
2022 10 12 0 6.6800 194.2600 0.0000 9.5200 170.1341 415.4023 0.7569 0.0000 7.8400 0.0000 0.0000 0.0000 0.0000 0.0000 16.2000 7.8400 
2022 10 12 1 6.6200 209.5300 0.0000 9.5200 170.1639 415.4136 0.7571 0.0000 7.8400 0.0000 0.0000 0.0000 0.0000 0.0000 16.1400 7.8400 
2022 10 12 2 6.5700 201.3000 0.0000 9.5200 170.1936 415.4248 0.7572 0.0000 7.8400 0.0000 0.0000 0.0000 0.0000 0.0000 16.0900 7.8400 
2022 10 12 3 6.5100 208.1100 0.0000 9.5200 170.2231 415.4360 0.7574 0.0000 7.8400 0.0000 0.0000 0.0000 0.0000 0.0000 16.0300 7.8400 
2022 10 12 4 6.4600 186.0500 0.0000 9.5200 170.2524 415.4470 0.7575 0.0000 7.8400 0.0000 0.0000 0.0000 0.0000 0.0000 15.9800 7.8400 
2022 10 12 5 6.4000 188.4800 0.0000 9.5200 170.2815 415.4580 0.7577 0.0000 7.8400 0.0000 0.0000 0.0000 0.0000 0.0000 15.9200 7.8400 
2022 10 12 6 6.3500 209.5200 0.0000 9.5200 170.3104 415.4690 0.7578 0.0000 7.8400 0.0000 0.0000 0.0000 0.0000 0.0000 15.8700 7.8400 
2022 10 12 7 6.3000 213.0300 0.0000 9.5200 170.3392 415.4798 0.7580 0.0000 7.8400 0.0000 0.0000 0.0000 0.0000 0.0000 15.8200 7.8400 
2022 10 12 8 6.2600 218.9800 0.0000 9.5200 170.3677 415.4906 0.7581 0.0000 7.8400 0.0000 0.0000 0.0000 0.0000 0.0000 15.7800 7.8400 
2022 10 12 9 6.2100 233.6000 0.0000 9.5200 170.3961 415.5014 0.7582 0.0000 7.8400 0.0000 0.0000 0.0000 0.0000 0.0000 15.7300 7.8400 
2022 10 12 10 6.1600 211.0600 0.0000 9.5200 170.4244 415.5120 0.7584 0.0000 7.8400 0.0000 0.0000 0.0000 0.0000 0.0000 15.6800 7.8400 
2022 10 12 11 6.1100 201.2700 0.0000 9.5200 170.4524 415.5226 0.7585 0.0000 7.8400 0.0000 0.0000 0.0000 0.0000 0.0000 15.6300 7.8400 
2022 10 12 12 6.0700 195.1400 0.0000 9.5200 170.4803 415.5332 0.7587 0.0000 7.8400 0.0000 0.0000 0.0000 0.0000 0.0000 15.5900 7.8400 
2022 10 12 13 6.0300 192.6400 0.0000 9.5200 170.5081 415.5437 0.7588 0.0000 7.8400 0.0000 0.0000 0.0000 0.0000 0.0000 15.5500 7.8400 
2022 10 12 14 5.9900 194.1400 0.0000 9.5200 170.5357 415.5541 0.7589 0.0000 7.8400 0.0000 0.0000 0.0000 0.0000 0.0000 15.5100 7.8400 
2022 10 12 15 5.9400 193.5200 0.0000 9.5200 170.5631 415.5645 0.7591 0.0000 7.8400 0.0000 0.0000 0.0000 0.0000 0.0000 15.4600 7.8400 
2022 10 12 16 5.9100 212.2600 0.0000 9.5200 170.5904 415.5748 0.7592 0.0000 7.8400 0.0000 0.0000 0.0000 0.0000 0.0000 15.4300 7.8400 
2022 10 12 17 5.8700 213.9600 0.0000 9.5200 170.6176 415.5851 0.7594 0.0000 7.8400 0.0000 0.0000 0.0000 0.0000 0.0000 15.3900 7.8400 
2022 10 12 18 5.8400 210.9600 0.0000 9.5200 170.6447 415.5953 0.7595 0.0000 7.8400 0.0000 0.0000 0.0000 0.0000 0.0000 15.3600 7.8400 
2022 10 12 19 5.8000 192.8800 0.0000 9.5200 170.6716 415.6055 0.7596 0.0000 7.8400 0.0000 0.0000 0.0000 0.0000 0.0000 15.3200 7.8400 
2022 10 12 20 5.7600 191.7300 0.0000 9.5200 170.6984 415.6157 0.7598 0.0000 7.8400 0.0000 0.0000 0.0000 0.0000 0.0000 15.2800 7.8400 
2022 10 12 21 5.7300 188.9600 0.0000 9.5200 170.7251 415.6257 0.7599 0.0000 7.8400 0.0000 0.0000 0.0000 0.0000 0.0000 15.2500 7.8400 
2022 10 12 22 5.6900 159.1400 0.0000 9.5200 170.7516 415.6358 0.7600 0.0000 7.8400 0.0000 0.0000 0.0000 0.0000 0.0000 15.2100 7.8400 
2022 10 12 23 5.6600 179.3000 0.0000 9.5200 170.7780 415.6458 0.7602 0.0000 7.8400 0.0000 0.0000 0.0000 0.0000 0.0000 15.1800 7.8400 
2022 10 13 0 5.6300 168.1100 0.0000 9.5200 170.8043 415.6557 0.7603 0.0000 7.8400 0.0000 0.0000 0.0000 0.0000 0.0000 15.1500 7.8400 
2022 10 13 1 5.6000 169.5400 0.0000 9.5200 170.8306 415.6656 0.7604 0.0000 7.8400 0.0000 0.0000 0.0000 0.0000 0.0000 15.1200 7.8400 
2022 10 13 2 5.5700 179.7400 0.0000 9.5200 170.8567 415.6755 0.7606 0.0000 7.8400 0.0000 0.0000 0.0000 0.0000 0.0000 15.0900 7.8400 
2022 10 13 3 5.5600 181.1800 0.0000 9.5200 170.8827 415.6853 0.7607 0.0000 7.8400 0.0000 0.0000 0.0000 0.0000 0.0000 15.0800 7.8400 
2022 10 13 4 5.6000 194.6600 0.0000 9.5200 170.9089 415.6952 0.7608 0.0000 7.8400 0.0000 0.0000 0.0000 0.0000 0.0000 15.1200 7.8400 
2022 10 13 5 5.6300 216.5500 0.0000 9.5200 170.9352 415.7052 0.7610 0.0000 7.8400 0.0000 0.0000 0.0000 0.0000 0.0000 15.1500 7.8400 
2022 10 13 6 5.6700 251.2000 0.0000 9.5200 170.9617 415.7152 0.7611 0.0000 7.8400 0.0000 0.0000 0.0000 0.0000 0.0000 15.1900 7.8400 
2022 10 13 7 5.7300 269.5900 0.0000 9.5200 170.9884 415.7253 0.7612 0.0000 7.8400 0.0000 0.0000 0.0000 0.0000 0.0000 15.2500 7.8400 
2022 10 13 8 5.7900 268.6000 0.0000 9.5200 171.0153 415.7355 0.7614 0.0000 7.8400 0.0000 0.0000 0.0000 0.0000 0.0000 15.3100 7.8400 
2022 10 13 9 5.8400 266.3600 0.0000 9.5200 171.0423 415.7457 0.7615 0.0000 7.8400 0.0000 0.0000 0.0000 0.0000 0.0000 15.3600 7.8400 
2022 10 13 10 5.8700 264.9000 0.0000 9.5200 171.0695 415.7560 0.7616 0.0000 7.8400 0.0000 0.0000 0.0000 0.0000 0.0000 15.3900 7.8400 
2022 10 13 11 5.9000 260.9200 0.0000 9.5200 171.0968 415.7663 0.7618 0.0000 7.8400 0.0000 0.0000 0.0000 0.0000 0.0000 15.4200 7.8400 
2022 10 13 12 5.9100 257.7600 0.0000 9.5200 171.1241 415.7766 0.7619 0.0000 7.8400 0.0000 0.0000 0.0000 0.0000 0.0000 15.4300 7.8400 
2022 10 13 13 5.9000 245.6900 0.0000 9.5200 171.1514 415.7869 0.7620 0.0000 7.8400 0.0000 0.0000 0.0000 0.0000 0.0000 15.4200 7.8400 
2022 10 13 14 5.8900 236.4000 0.0000 9.5200 171.1787 415.7972 0.7622 0.0000 7.8400 0.0000 0.0000 0.0000 0.0000 0.0000 15.4100 7.8400 
2022 10 13 15 5.8700 234.6800 0.0000 9.5200 171.2059 415.8075 0.7623 0.0000 7.8400 0.0000 0.0000 0.0000 0.0000 0.0000 15.3900 7.8400 
2022 10 13 16 5.8400 261.7300 0.0000 9.5200 171.2329 415.8177 0.7624 0.0000 7.8400 0.0000 0.0000 0.0000 0.0000 0.0000 15.3600 7.8400 
2022 10 13 17 5.8100 270.7500 0.0000 9.5200 171.2599 415.8279 0.7626 0.0000 7.8400 0.0000 0.0000 0.0000 0.0000 0.0000 15.3300 7.8400 
2022 10 13 18 5.7900 268.1500 0.0000 9.5200 171.2868 415.8381 0.7627 0.0000 7.8400 0.0000 0.0000 0.0000 0.0000 0.0000 15.3100 7.8400 
2022 10 13 19 5.7600 263.5000 0.0000 9.5200 171.3136 415.8482 0.7629 0.0000 7.8400 0.0000 0.0000 0.0000 0.0000 0.0000 15.2800 7.8400 
2022 10 13 20 5.7100 246.4800 0.0000 9.5200 171.3402 415.8583 0.7630 0.0000 7.8400 0.0000 0.0000 0.0000 0.0000 0.0000 15.2300 7.8400 
2022 10 13 21 5.6700 220.6200 0.0000 9.5200 171.3666 415.8683 0.7631 0.0000 7.8400 0.0000 0.0000 0.0000 0.0000 0.0000 15.1900 7.8400 
2022 10 13 22 5.6300 200.5300 0.0000 9.5200 171.3929 415.8782 0.7633 0.0000 7.8400 0.0000 0.0000 0.0000 0.0000 0.0000 15.1500 7.8400 
2022 10 13 23 5.5900 208.8300 0.0000 9.5200 171.4191 415.8881 0.7634 0.0000 7.8400 0.0000 0.0000 0.0000 0.0000 0.0000 15.1100 7.8400 
2022 10 14 0 5.5400 197.2900 0.0000 9.5200 171.4451 415.8980 0.7635 0.0000 7.8400 0.0000 0.0000 0.0000 0.0000 0.0000 15.0600 7.8400 
2022 10 14 1 5.4900 197.2800 0.0000 9.5200 171.4709 415.9077 0.7636 0.0000 7.8400 0.0000 0.0000 0.0000 0.0000 0.0000 15.0100 7.8400 
2022 10 14 2 5.4500 200.3200 0.0000 9.5200 171.4966 415.9174 0.7638 0.0000 7.8400 0.0000 0.0000 0.0000 0.0000 0.0000 14.9700 7.8400 
2022 10 14 3 5.4100 197.5500 0.0000 9.5200 171.5221 415.9271 0.7639 0.0000 7.8400 0.0000 0.0000 0.0000 0.0000 0.0000 14.9300 7.8400 
2022 10 14 4 5.3700 199.2300 0.0000 9.5200 171.5475 415.9367 0.7640 0.0000 7.8400 0.0000 0.0000 0.0000 0.0000 0.0000 14.8900 7.8400 
2022 10 14 5 5.3200 200.2800 0.0000 9.5200 171.5727 415.9462 0.7642 0.0000 7.8400 0.0000 0.0000 0.0000 0.0000 0.0000 14.8400 7.8400 
2022 10 14 6 5.2900 228.2900 0.0000 9.5200 171.5978 415.9557 0.7643 0.0000 7.8400 0.0000 0.0000 0.0000 0.0000 0.0000 14.8100 7.8400 
2022 10 14 7 5.2500 231.4800 0.0000 9.5200 171.6227 415.9651 0.7644 0.0000 7.8400 0.0000 0.0000 0.0000 0.0000 0.0000 14.7700 7.8400 
2022 10 14 8 5.2100 267.1400 0.0000 9.5200 171.6475 415.9745 0.7645 0.0000 7.8400 0.0000 0.0000 0.0000 0.0000 0.0000 14.7300 7.8400 
2022 10 14 9 5.1700 268.3000 0.0000 9.5200 171.6722 415.9838 0.7647 0.0000 7.8400 0.0000 0.0000 0.0000 0.0000 0.0000 14.6900 7.8400 
2022 10 14 10 5.1300 258.6000 0.0000 9.5200 171.6967 415.9931 0.7648 0.0000 7.8400 0.0000 0.0000 0.0000 0.0000 0.0000 14.6500 7.8400 
2022 10 14 11 5.1000 227.2000 0.0000 9.5200 171.7211 416.0023 0.7649 0.0000 7.8400 0.0000 0.0000 0.0000 0.0000 0.0000 14.6200 7.8400 
2022 10 14 12 5.0600 221.0200 0.0000 9.5200 171.7454 416.0115 0.7650 0.0000 7.8400 0.0000 0.0000 0.0000 0.0000 0.0000 14.5800 7.8400 
2022 10 14 13 5.0300 207.6800 0.0000 9.5200 171.7695 416.0206 0.7651 0.0000 7.8400 0.0000 0.0000 0.0000 0.0000 0.0000 14.5500 7.8400 
2022 10 14 14 4.9900 188.1700 0.0000 9.5200 171.7936 416.0297 0.7653 0.0000 7.8400 0.0000 0.0000 0.0000 0.0000 0.0000 14.5100 7.8400 
2022 10 14 15 4.9900 201.9800 0.0000 9.5200 171.8176 416.0388 0.7654 0.0000 7.8400 0.0000 0.0000 0.0000 0.0000 0.0000 14.5100 7.8400 
2022 10 14 16 4.9500 213.1800 0.0000 9.5200 171.8414 416.0478 0.7655 0.0000 7.8400 0.0000 0.0000 0.0000 0.0000 0.0000 14.4700 7.8400 
2022 10 14 17 4.9400 245.8800 0.0000 9.5200 171.8653 416.0568 0.7656 0.0000 7.8400 0.0000 0.0000 0.0000 0.0000 0.0000 14.4600 7.8400 
2022 10 14 18 4.9200 248.4600 0.0000 9.5200 171.8890 416.0658 0.7657 0.0000 7.8400 0.0000 0.0000 0.0000 0.0000 0.0000 14.4400 7.8400 
2022 10 14 19 4.8900 224.9100 0.0000 9.5200 171.9127 416.0747 0.7659 0.0000 7.8400 0.0000 0.0000 0.0000 0.0000 0.0000 14.4100 7.8400 
2022 10 14 20 4.8800 205.4800 0.0000 9.5200 171.9363 416.0837 0.7660 0.0000 7.8400 0.0000 0.0000 0.0000 0.0000 0.0000 14.4000 7.8400 
2022 10 14 21 4.8900 203.1300 0.0000 9.5200 171.9599 416.0926 0.7661 0.0000 7.8400 0.0000 0.0000 0.0000 0.0000 0.0000 14.4100 7.8400 
2022 10 14 22 4.9600 188.8400 0.0000 9.5200 171.9838 416.1016 0.7662 0.0000 7.8400 0.0000 0.0000 0.0000 0.0000 0.0000 14.4800 7.8400 
2022 10 14 23 5.1200 192.0200 0.0000 9.5200 172.0083 416.1109 0.7663 0.0000 7.8400 0.0000 0.0000 0.0000 0.0000 0.0000 14.6400 7.8400 
2022 10 15 0 5.5600 173.8800 0.0000 9.5200 172.0344 416.1208 0.7665 0.0000 7.8400 0.0000 0.0000 0.0000 0.0000 0.0000 15.0800 7.8400 
2022 10 15 1 6.5800 164.3800 0.0000 9.5200 172.0641 416.1320 0.7666 0.0000 7.8400 0.0000 0.0000 0.0000 0.0000 0.0000 16.1000 7.8400 
2022 10 15 2 8.0300 149.2600 0.0000 9.5200 172.0991 416.1452 0.7668 0.0000 7.8400 0.0000 0.0000 0.0000 0.0000 0.0000 17.5500 7.8400 
2022 10 15 3 9.2100 144.2700 0.0000 9.5200 172.1383 416.1600 0.7670 0.0000 7.8400 0.0000 0.0000 0.0000 0.0000 0.0000 18.7300 7.8400 
2022 10 15 4 9.7900 137.5300 0.0000 9.5200 172.1796 416.1756 0.7672 0.0000 7.8400 0.0000 0.0000 0.0000 0.0000 0.0000 19.3100 7.8400 
2022 10 15 5 10.0100 148.4000 0.0000 9.5200 172.2217 416.1916 0.7674 0.0000 7.8400 0.0000 0.0000 0.0000 0.0000 0.0000 19.5300 7.8400 
2022 10 15 6 10.1200 159.3200 0.0000 9.5200 172.2641 416.2076 0.7676 0.0000 7.8400 0.0000 0.0000 0.0000 0.0000 0.0000 19.6400 7.8400 
2022 10 15 7 10.1900 186.4900 0.0000 9.5200 172.3069 416.2238 0.7678 0.0000 7.8400 0.0000 0.0000 0.0000 0.0000 0.0000 19.7100 7.8400 
2022 10 15 8 10.2000 199.1900 0.0000 9.5200 172.3496 416.2399 0.7681 0.0000 7.8400 0.0000 0.0000 0.0000 0.0000 0.0000 19.7200 7.8400 
2022 10 15 9 10.1600 185.0200 0.0000 9.5200 172.3923 416.2561 0.7683 0.0000 7.8400 0.0000 0.0000 0.0000 0.0000 0.0000 19.6800 7.8400 
2022 10 15 10 10.0400 160.5400 0.0000 9.5200 172.4345 416.2720 0.7685 0.0000 7.8400 0.0000 0.0000 0.0000 0.0000 0.0000 19.5600 7.8400 
2022 10 15 11 9.8700 153.9000 0.0000 9.5200 172.4760 416.2877 0.7687 0.0000 7.8400 0.0000 0.0000 0.0000 0.0000 0.0000 19.3900 7.8400 
2022 10 15 12 9.6600 144.7800 0.0000 9.5200 172.5169 416.3032 0.7689 0.0000 7.8400 0.0000 0.0000 0.0000 0.0000 0.0000 19.1800 7.8400 
2022 10 15 13 9.4300 126.4100 0.0000 9.5200 172.5569 416.3183 0.7691 0.0000 7.8400 0.0000 0.0000 0.0000 0.0000 0.0000 18.9500 7.8400 
2022 10 15 14 9.2000 127.4400 0.0000 9.5200 172.5960 416.3331 0.7693 0.0000 7.8400 0.0000 0.0000 0.0000 0.0000 0.0000 18.7200 7.8400 
2022 10 15 15 8.9800 141.7700 0.0000 9.5200 172.6344 416.3476 0.7695 0.0000 7.8400 0.0000 0.0000 0.0000 0.0000 0.0000 18.5000 7.8400 
2022 10 15 16 8.7900 169.3200 0.0000 9.5200 172.6721 416.3619 0.7697 0.0000 7.8400 0.0000 0.0000 0.0000 0.0000 0.0000 18.3100 7.8400 
2022 10 15 17 8.8200 185.0800 0.0000 9.5200 172.7099 416.3761 0.7699 0.0000 7.8400 0.0000 0.0000 0.0000 0.0000 0.0000 18.3400 7.8400 
2022 10 15 18 9.2400 190.4600 0.0000 9.5200 172.7492 416.3910 0.7701 0.0000 7.8400 0.0000 0.0000 0.0000 0.0000 0.0000 18.7600 7.8400 
2022 10 15 19 9.9600 157.9300 0.0000 9.5200 172.7911 416.4068 0.7703 0.0000 7.8400 0.0000 0.0000 0.0000 0.0000 0.0000 19.4800 7.8400 
2022 10 15 20 10.5300 143.2900 0.0000 9.5200 172.8351 416.4235 0.7705 0.0000 7.8400 0.0000 0.0000 0.0000 0.0000 0.0000 20.0500 7.8400 
2022 10 15 21 10.8500 144.4600 0.0000 9.5200 172.8802 416.4405 0.7707 0.0000 7.8400 0.0000 0.0000 0.0000 0.0000 0.0000 20.3700 7.8400 
2022 10 15 22 11.0000 136.9800 0.0000 9.5200 172.9258 416.4578 0.7709 0.0000 7.8400 0.0000 0.0000 0.0000 0.0000 0.0000 20.5200 7.8400 
2022 10 15 23 11.0700 81.8400 0.0000 9.5200 172.9717 416.4751 0.7712 0.0000 7.8400 0.0000 0.0000 0.0000 0.0000 0.0000 20.5900 7.8400 
2022 10 16 0 11.1000 72.4500 0.0000 9.5200 173.0177 416.4925 0.7714 0.0000 7.8400 0.0000 0.0000 0.0000 0.0000 0.0000 20.6200 7.8400 
2022 10 16 1 11.1200 70.4100 0.0000 9.5200 173.0638 416.5099 0.7716 0.0000 7.8400 0.0000 0.0000 0.0000 0.0000 0.0000 20.6400 7.8400 
2022 10 16 2 11.1000 74.0900 0.0000 9.5200 173.1098 416.5273 0.7719 0.0000 7.8400 0.0000 0.0000 0.0000 0.0000 0.0000 20.6200 7.8400 
2022 10 16 3 11.0300 84.4200 0.0000 9.5200 173.1556 416.5446 0.7721 0.0000 7.8400 0.0000 0.0000 0.0000 0.0000 0.0000 20.5500 7.8400 
2022 10 16 4 10.9300 80.6100 0.0000 9.5200 173.2010 416.5618 0.7723 0.0000 7.8400 0.0000 0.0000 0.0000 0.0000 0.0000 20.4500 7.8400 
2022 10 16 5 10.7900 76.1900 0.0000 9.5200 173.2459 416.5788 0.7725 0.0000 7.8400 0.0000 0.0000 0.0000 0.0000 0.0000 20.3100 7.8400 
2022 10 16 6 10.6400 81.0400 0.0000 9.5200 173.2902 416.5955 0.7728 0.0000 7.8400 0.0000 0.0000 0.0000 0.0000 0.0000 20.1600 7.8400 
2022 10 16 7 10.5500 93.2500 0.0000 9.5200 173.3342 416.6122 0.7730 0.0000 7.8400 0.0000 0.0000 0.0000 0.0000 0.0000 20.0700 7.8400 
2022 10 16 8 10.5000 90.7000 0.0000 9.5200 173.3781 416.6288 0.7732 0.0000 7.8400 0.0000 0.0000 0.0000 0.0000 0.0000 20.0200 7.8400 
2022 10 16 9 10.4500 80.3600 0.0000 9.5200 173.4218 416.6453 0.7734 0.0000 7.8400 0.0000 0.0000 0.0000 0.0000 0.0000 19.9700 7.8400 
2022 10 16 10 10.5200 89.8900 0.0000 9.5200 173.4657 416.6619 0.7737 0.0000 7.8400 0.0000 0.0000 0.0000 0.0000 0.0000 20.0400 7.8400 
2022 10 16 11 10.7900 114.0600 0.0000 9.5200 173.5106 416.6789 0.7739 0.0000 7.8400 0.0000 0.0000 0.0000 0.0000 0.0000 20.3100 7.8400 
2022 10 16 12 11.2200 117.9700 0.0000 9.5200 173.5570 416.6964 0.7741 0.0000 7.8400 0.0000 0.0000 0.0000 0.0000 0.0000 20.7400 7.8400 
2022 10 16 13 11.6600 113.5800 0.0000 9.5200 173.6050 416.7146 0.7744 0.0000 7.8400 0.0000 0.0000 0.0000 0.0000 0.0000 21.1800 7.8400 
2022 10 16 14 12.0300 100.1400 0.0000 9.5200 173.6544 416.7332 0.7746 0.0000 7.8400 0.0000 0.0000 0.0000 0.0000 0.0000 21.5500 7.8400 
2022 10 16 15 12.2700 120.3600 0.0000 9.5200 173.7046 416.7522 0.7749 0.0000 7.8400 0.0000 0.0000 0.0000 0.0000 0.0000 21.7900 7.8400 
2022 10 16 16 12.4700 131.0700 0.0000 9.5200 173.7556 416.7715 0.7751 0.0000 7.8400 0.0000 0.0000 0.0000 0.0000 0.0000 21.9900 7.8400 
2022 10 16 17 12.6300 181.6100 0.0000 9.5200 173.8071 416.7910 0.7754 0.0000 7.8400 0.0000 0.0000 0.0000 0.0000 0.0000 22.1500 7.8400 
2022 10 16 18 12.7300 195.9800 0.0000 9.5200 173.8589 416.8106 0.7756 0.0000 7.8400 0.0000 0.0000 0.0000 0.0000 0.0000 22.2500 7.8400 
2022 10 16 19 12.7400 181.2600 0.0000 9.5200 173.9109 416.8302 0.7759 0.0000 7.8400 0.0000 0.0000 0.0000 0.0000 0.0000 22.2600 7.8400 
2022 10 16 20 12.7000 150.1800 0.0000 9.5200 173.9626 416.8498 0.7761 0.0000 7.8400 0.0000 0.0000 0.0000 0.0000 0.0000 22.2200 7.8400 
2022 10 16 21 12.6400 140.8800 0.0000 9.5200 174.0142 416.8693 0.7764 0.0000 7.8400 0.0000 0.0000 0.0000 0.0000 0.0000 22.1600 7.8400 
2022 10 16 22 12.5300 139.4000 0.0000 9.5200 174.0653 416.8886 0.7767 0.0000 7.8400 0.0000 0.0000 0.0000 0.0000 0.0000 22.0500 7.8400 
2022 10 16 23 12.4100 137.1900 0.0000 9.5200 174.1161 416.9078 0.7769 0.0000 7.8400 0.0000 0.0000 0.0000 0.0000 0.0000 21.9300 7.8400 
2022 10 17 0 12.2700 122.0800 0.0000 9.5200 174.1663 416.9268 0.7772 0.0000 7.8400 0.0000 0.0000 0.0000 0.0000 0.0000 21.7900 7.8400 
2022 10 17 1 12.1200 109.4600 0.0000 9.5200 174.2160 416.9455 0.7774 0.0000 7.8400 0.0000 0.0000 0.0000 0.0000 0.0000 21.6400 7.8400 
2022 10 17 2 11.9900 92.8700 0.0000 9.5200 174.2652 416.9641 0.7777 0.0000 7.8400 0.0000 0.0000 0.0000 0.0000 0.0000 21.5100 7.8400 
2022 10 17 3 11.8500 89.2400 0.0000 9.5200 174.3139 416.9826 0.7779 0.0000 7.8400 0.0000 0.0000 0.0000 0.0000 0.0000 21.3700 7.8400 
2022 10 17 4 11.7000 112.3500 0.0000 9.5200 174.3620 417.0008 0.7782 0.0000 7.8400 0.0000 0.0000 0.0000 0.0000 0.0000 21.2200 7.8400 
2022 10 17 5 11.5600 133.9400 0.0000 9.5200 174.4097 417.0188 0.7784 0.0000 7.8400 0.0000 0.0000 0.0000 0.0000 0.0000 21.0800 7.8400 
2022 10 17 6 11.4100 159.2600 0.0000 9.5200 174.4568 417.0366 0.7786 0.0000 7.8400 0.0000 0.0000 0.0000 0.0000 0.0000 20.9300 7.8400 
2022 10 17 7 11.2700 183.1300 0.0000 9.5200 174.5035 417.0542 0.7789 0.0000 7.8400 0.0000 0.0000 0.0000 0.0000 0.0000 20.7900 7.8400 
2022 10 17 8 11.1200 161.8900 0.0000 9.5200 174.5495 417.0717 0.7791 0.0000 7.8400 0.0000 0.0000 0.0000 0.0000 0.0000 20.6400 7.8400 
2022 10 17 9 10.9700 137.1900 0.0000 9.5200 174.5951 417.0889 0.7793 0.0000 7.8400 0.0000 0.0000 0.0000 0.0000 0.0000 20.4900 7.8400 
2022 10 17 10 10.8200 137.8400 0.0000 9.5200 174.6401 417.1059 0.7795 0.0000 7.8400 0.0000 0.0000 0.0000 0.0000 0.0000 20.3400 7.8400 
2022 10 17 11 10.6800 125.3500 0.0000 9.5200 174.6846 417.1227 0.7798 0.0000 7.8400 0.0000 0.0000 0.0000 0.0000 0.0000 20.2000 7.8400 
2022 10 17 12 10.6000 125.7700 0.0000 9.5200 174.7288 417.1394 0.7800 0.0000 7.8400 0.0000 0.0000 0.0000 0.0000 0.0000 20.1200 7.8400 
2022 10 17 13 10.5100 131.8000 0.0000 9.5200 174.7727 417.1560 0.7802 0.0000 7.8400 0.0000 0.0000 0.0000 0.0000 0.0000 20.0300 7.8400 
2022 10 17 14 10.4600 146.5900 0.0000 9.5200 174.8164 417.1725 0.7804 0.0000 7.8400 0.0000 0.0000 0.0000 0.0000 0.0000 19.9800 7.8400 
2022 10 17 15 10.4500 173.6400 0.0000 9.5200 174.8600 417.1890 0.7806 0.0000 7.8400 0.0000 0.0000 0.0000 0.0000 0.0000 19.9700 7.8400 
2022 10 17 16 10.4500 185.5200 0.0000 9.5200 174.9037 417.2056 0.7809 0.0000 7.8400 0.0000 0.0000 0.0000 0.0000 0.0000 19.9700 7.8400 
2022 10 17 17 10.4700 186.2000 0.0000 9.5200 174.9474 417.2221 0.7811 0.0000 7.8400 0.0000 0.0000 0.0000 0.0000 0.0000 19.9900 7.8400 
2022 10 17 18 10.5000 187.5200 0.0000 9.5200 174.9913 417.2387 0.7813 0.0000 7.8400 0.0000 0.0000 0.0000 0.0000 0.0000 20.0200 7.8400 
2022 10 17 19 10.5300 190.5500 0.0000 9.5200 175.0352 417.2553 0.7815 0.0000 7.8400 0.0000 0.0000 0.0000 0.0000 0.0000 20.0500 7.8400 
2022 10 17 20 10.5600 165.8300 0.0000 9.5200 175.0793 417.2720 0.7817 0.0000 7.8400 0.0000 0.0000 0.0000 0.0000 0.0000 20.0800 7.8400 
2022 10 17 21 10.5900 163.6300 0.0000 9.5200 175.1235 417.2887 0.7820 0.0000 7.8400 0.0000 0.0000 0.0000 0.0000 0.0000 20.1100 7.8400 
2022 10 17 22 10.5900 145.8900 0.0000 9.5200 175.1677 417.3054 0.7822 0.0000 7.8400 0.0000 0.0000 0.0000 0.0000 0.0000 20.1100 7.8400 
2022 10 17 23 10.5700 141.6500 0.0000 9.5200 175.2118 417.3220 0.7824 0.0000 7.8400 0.0000 0.0000 0.0000 0.0000 0.0000 20.0900 7.8400 
2022 10 18 0 10.5700 135.8300 0.0000 9.5200 175.2559 417.3387 0.7826 0.0000 7.8400 0.0000 0.0000 0.0000 0.0000 0.0000 20.0900 7.8400 
2022 10 18 1 10.5500 140.4700 0.0000 9.5200 175.2999 417.3553 0.7829 0.0000 7.8400 0.0000 0.0000 0.0000 0.0000 0.0000 20.0700 7.8400 
2022 10 18 2 10.5200 140.0500 0.0000 9.5200 175.3438 417.3719 0.7831 0.0000 7.8400 0.0000 0.0000 0.0000 0.0000 0.0000 20.0400 7.8400 
2022 10 18 3 10.5000 140.0900 0.0000 9.5200 175.3876 417.3885 0.7833 0.0000 7.8400 0.0000 0.0000 0.0000 0.0000 0.0000 20.0200 7.8400 
2022 10 18 4 10.4800 144.1500 0.0000 9.5200 175.4314 417.4051 0.7835 0.0000 7.8400 0.0000 0.0000 0.0000 0.0000 0.0000 20.0000 7.8400 
2022 10 18 5 10.4700 150.2300 0.0000 9.5200 175.4752 417.4216 0.7837 0.0000 7.8400 0.0000 0.0000 0.0000 0.0000 0.0000 19.9900 7.8400 
2022 10 18 6 10.4900 181.4600 0.0000 9.5200 175.5190 417.4382 0.7840 0.0000 7.8400 0.0000 0.0000 0.0000 0.0000 0.0000 20.0100 7.8400 
2022 10 18 7 10.4900 224.2200 0.0000 9.5200 175.5628 417.4547 0.7842 0.0000 7.8400 0.0000 0.0000 0.0000 0.0000 0.0000 20.0100 7.8400 
2022 10 18 8 10.5100 204.1500 0.0000 9.5200 175.6067 417.4713 0.7844 0.0000 7.8400 0.0000 0.0000 0.0000 0.0000 0.0000 20.0300 7.8400 
2022 10 18 9 10.5400 193.5100 0.0000 9.5200 175.6507 417.4880 0.7846 0.0000 7.8400 0.0000 0.0000 0.0000 0.0000 0.0000 20.0600 7.8400 
2022 10 18 10 10.5700 180.3500 0.0000 9.5200 175.6948 417.5046 0.7848 0.0000 7.8400 0.0000 0.0000 0.0000 0.0000 0.0000 20.0900 7.8400 
2022 10 18 11 10.5900 134.4600 0.0000 9.5200 175.7389 417.5213 0.7851 0.0000 7.8400 0.0000 0.0000 0.0000 0.0000 0.0000 20.1100 7.8400 
2022 10 18 12 10.6100 143.2500 0.0000 9.5200 175.7832 417.5381 0.7853 0.0000 7.8400 0.0000 0.0000 0.0000 0.0000 0.0000 20.1300 7.8400 
2022 10 18 13 10.6100 126.1500 0.0000 9.5200 175.8274 417.5548 0.7855 0.0000 7.8400 0.0000 0.0000 0.0000 0.0000 0.0000 20.1300 7.8400 
2022 10 18 14 10.6100 139.8200 0.0000 9.5200 175.8717 417.5715 0.7857 0.0000 7.8400 0.0000 0.0000 0.0000 0.0000 0.0000 20.1300 7.8400 
2022 10 18 15 10.5900 159.1400 0.0000 9.5200 175.9158 417.5882 0.7859 0.0000 7.8400 0.0000 0.0000 0.0000 0.0000 0.0000 20.1100 7.8400 
2022 10 18 16 10.5300 189.0700 0.0000 9.5200 175.9598 417.6048 0.7862 0.0000 7.8400 0.0000 0.0000 0.0000 0.0000 0.0000 20.0500 7.8400 
2022 10 18 17 10.4700 203.0900 0.0000 9.5200 176.0035 417.6214 0.7864 0.0000 7.8400 0.0000 0.0000 0.0000 0.0000 0.0000 19.9900 7.8400 
2022 10 18 18 10.3900 195.7600 0.0000 9.5200 176.0470 417.6378 0.7866 0.0000 7.8400 0.0000 0.0000 0.0000 0.0000 0.0000 19.9100 7.8400 
2022 10 18 19 10.3200 189.7800 0.0000 9.5200 176.0902 417.6541 0.7868 0.0000 7.8400 0.0000 0.0000 0.0000 0.0000 0.0000 19.8400 7.8400 
2022 10 18 20 10.2400 166.3300 0.0000 9.5200 176.1331 417.6704 0.7870 0.0000 7.8400 0.0000 0.0000 0.0000 0.0000 0.0000 19.7600 7.8400 
2022 10 18 21 10.1600 163.6000 0.0000 9.5200 176.1757 417.6865 0.7873 0.0000 7.8400 0.0000 0.0000 0.0000 0.0000 0.0000 19.6800 7.8400 
2022 10 18 22 10.0800 154.2100 0.0000 9.5200 176.2181 417.7025 0.7875 0.0000 7.8400 0.0000 0.0000 0.0000 0.0000 0.0000 19.6000 7.8400 
2022 10 18 23 10.0000 132.4800 0.0000 9.5200 176.2601 417.7184 0.7877 0.0000 7.8400 0.0000 0.0000 0.0000 0.0000 0.0000 19.5200 7.8400 
2022 10 19 0 9.9100 125.9900 0.0000 9.5200 176.3018 417.7342 0.7879 0.0000 7.8400 0.0000 0.0000 0.0000 0.0000 0.0000 19.4300 7.8400 
2022 10 19 1 9.8300 122.2000 0.0000 9.5200 176.3433 417.7498 0.7881 0.0000 7.8400 0.0000 0.0000 0.0000 0.0000 0.0000 19.3500 7.8400 
2022 10 19 2 9.7400 125.9300 0.0000 9.5200 176.3844 417.7654 0.7883 0.0000 7.8400 0.0000 0.0000 0.0000 0.0000 0.0000 19.2600 7.8400 
2022 10 19 3 9.6500 134.0400 0.0000 9.5200 176.4252 417.7808 0.7885 0.0000 7.8400 0.0000 0.0000 0.0000 0.0000 0.0000 19.1700 7.8400 
2022 10 19 4 9.5700 149.5700 0.0000 9.5200 176.4657 417.7961 0.7887 0.0000 7.8400 0.0000 0.0000 0.0000 0.0000 0.0000 19.0900 7.8400 
2022 10 19 5 9.4900 162.9300 0.0000 9.5200 176.5059 417.8113 0.7889 0.0000 7.8400 0.0000 0.0000 0.0000 0.0000 0.0000 19.0100 7.8400 
2022 10 19 6 9.4000 192.5700 0.0000 9.5200 176.5458 417.8264 0.7891 0.0000 7.8400 0.0000 0.0000 0.0000 0.0000 0.0000 18.9200 7.8400 
2022 10 19 7 9.3300 207.3200 0.0000 9.5200 176.5854 417.8414 0.7893 0.0000 7.8400 0.0000 0.0000 0.0000 0.0000 0.0000 18.8500 7.8400 
2022 10 19 8 9.2500 202.6000 0.0000 9.5200 176.6248 417.8562 0.7895 0.0000 7.8400 0.0000 0.0000 0.0000 0.0000 0.0000 18.7700 7.8400 
2022 10 19 9 9.1700 188.9100 0.0000 9.5200 176.6638 417.8710 0.7897 0.0000 7.8400 0.0000 0.0000 0.0000 0.0000 0.0000 18.6900 7.8400 
2022 10 19 10 9.0900 175.4400 0.0000 9.5200 176.7026 417.8857 0.7899 0.0000 7.8400 0.0000 0.0000 0.0000 0.0000 0.0000 18.6100 7.8400 
2022 10 19 11 9.0200 154.7400 0.0000 9.5200 176.7411 417.9002 0.7901 0.0000 7.8400 0.0000 0.0000 0.0000 0.0000 0.0000 18.5400 7.8400 
2022 10 19 12 8.9400 150.2400 0.0000 9.5200 176.7793 417.9147 0.7903 0.0000 7.8400 0.0000 0.0000 0.0000 0.0000 0.0000 18.4600 7.8400 
2022 10 19 13 8.8600 144.4400 0.0000 9.5200 176.8173 417.9290 0.7905 0.0000 7.8400 0.0000 0.0000 0.0000 0.0000 0.0000 18.3800 7.8400 
2022 10 19 14 8.7900 153.3400 0.0000 9.5200 176.8550 417.9433 0.7907 0.0000 7.8400 0.0000 0.0000 0.0000 0.0000 0.0000 18.3100 7.8400 
2022 10 19 15 8.7200 171.2500 0.0000 9.5200 176.8924 417.9574 0.7908 0.0000 7.8400 0.0000 0.0000 0.0000 0.0000 0.0000 18.2400 7.8400 
2022 10 19 16 8.6500 186.9500 0.0000 9.5200 176.9296 417.9715 0.7910 0.0000 7.8400 0.0000 0.0000 0.0000 0.0000 0.0000 18.1700 7.8400 
2022 10 19 17 8.5900 183.5600 0.0000 9.5200 176.9666 417.9855 0.7912 0.0000 7.8400 0.0000 0.0000 0.0000 0.0000 0.0000 18.1100 7.8400 
2022 10 19 18 8.5100 175.2900 0.0000 9.5200 177.0033 417.9993 0.7914 0.0000 7.8400 0.0000 0.0000 0.0000 0.0000 0.0000 18.0300 7.8400 
2022 10 19 19 8.4400 163.3600 0.0000 9.5200 177.0397 418.0131 0.7916 0.0000 7.8400 0.0000 0.0000 0.0000 0.0000 0.0000 17.9600 7.8400 
2022 10 19 20 8.3700 151.6000 0.0000 9.5200 177.0759 418.0268 0.7918 0.0000 7.8400 0.0000 0.0000 0.0000 0.0000 0.0000 17.8900 7.8400 
2022 10 19 21 8.3000 149.1100 0.0000 9.5200 177.1118 418.0404 0.7919 0.0000 7.8400 0.0000 0.0000 0.0000 0.0000 0.0000 17.8200 7.8400 
2022 10 19 22 8.2300 133.0000 0.0000 9.5200 177.1475 418.0539 0.7921 0.0000 7.8400 0.0000 0.0000 0.0000 0.0000 0.0000 17.7500 7.8400 
2022 10 19 23 8.1500 128.4400 0.0000 9.5200 177.1829 418.0672 0.7923 0.0000 7.8400 0.0000 0.0000 0.0000 0.0000 0.0000 17.6700 7.8400 
2022 10 20 0 8.0800 116.2000 0.0000 9.5200 177.2180 418.0805 0.7925 0.0000 7.8400 0.0000 0.0000 0.0000 0.0000 0.0000 17.6000 7.8400 
2022 10 20 1 8.0200 80.4300 0.0000 9.5200 177.2529 418.0937 0.7927 0.0000 7.8400 0.0000 0.0000 0.0000 0.0000 0.0000 17.5400 7.8400 
2022 10 20 2 7.9400 79.0100 0.0000 9.5200 177.2875 418.1068 0.7928 0.0000 7.8400 0.0000 0.0000 0.0000 0.0000 0.0000 17.4600 7.8400 
2022 10 20 3 7.8600 74.8000 0.0000 9.5200 177.3219 418.1198 0.7930 0.0000 7.8400 0.0000 0.0000 0.0000 0.0000 0.0000 17.3800 7.8400 
2022 10 20 4 7.7900 113.3700 0.0000 9.5200 177.3560 418.1327 0.7932 0.0000 7.8400 0.0000 0.0000 0.0000 0.0000 0.0000 17.3100 7.8400 
2022 10 20 5 7.7300 151.6700 0.0000 9.5200 177.3899 418.1455 0.7933 0.0000 7.8400 0.0000 0.0000 0.0000 0.0000 0.0000 17.2500 7.8400 
2022 10 20 6 7.6700 173.5200 0.0000 9.5200 177.4235 418.1582 0.7935 0.0000 7.8400 0.0000 0.0000 0.0000 0.0000 0.0000 17.1900 7.8400 
2022 10 20 7 7.5900 187.5100 0.0000 9.5200 177.4569 418.1708 0.7937 0.0000 7.8400 0.0000 0.0000 0.0000 0.0000 0.0000 17.1100 7.8400 
2022 10 20 8 7.5200 174.2400 0.0000 9.5200 177.4900 418.1834 0.7938 0.0000 7.8400 0.0000 0.0000 0.0000 0.0000 0.0000 17.0400 7.8400 
2022 10 20 9 7.4600 173.9900 0.0000 9.5200 177.5229 418.1958 0.7940 0.0000 7.8400 0.0000 0.0000 0.0000 0.0000 0.0000 16.9800 7.8400 
2022 10 20 10 7.4000 161.0300 0.0000 9.5200 177.5556 418.2082 0.7942 0.0000 7.8400 0.0000 0.0000 0.0000 0.0000 0.0000 16.9200 7.8400 
2022 10 20 11 7.3400 137.9900 0.0000 9.5200 177.5881 418.2204 0.7943 0.0000 7.8400 0.0000 0.0000 0.0000 0.0000 0.0000 16.8600 7.8400 
2022 10 20 12 7.2800 134.9900 0.0000 9.5200 177.6203 418.2326 0.7945 0.0000 7.8400 0.0000 0.0000 0.0000 0.0000 0.0000 16.8000 7.8400 
2022 10 20 13 7.2200 135.1900 0.0000 9.5200 177.6524 418.2448 0.7947 0.0000 7.8400 0.0000 0.0000 0.0000 0.0000 0.0000 16.7400 7.8400 
2022 10 20 14 7.1600 139.6000 0.0000 9.5200 177.6842 418.2568 0.7948 0.0000 7.8400 0.0000 0.0000 0.0000 0.0000 0.0000 16.6800 7.8400 
2022 10 20 15 7.1000 150.1900 0.0000 9.5200 177.7158 418.2687 0.7950 0.0000 7.8400 0.0000 0.0000 0.0000 0.0000 0.0000 16.6200 7.8400 
2022 10 20 16 7.0400 170.5400 0.0000 9.5200 177.7472 418.2806 0.7951 0.0000 7.8400 0.0000 0.0000 0.0000 0.0000 0.0000 16.5600 7.8400 
2022 10 20 17 7.0000 178.9400 0.0000 9.5200 177.7784 418.2924 0.7953 0.0000 7.8400 0.0000 0.0000 0.0000 0.0000 0.0000 16.5200 7.8400 
2022 10 20 18 6.9400 183.6400 0.0000 9.5200 177.8095 418.3041 0.7955 0.0000 7.8400 0.0000 0.0000 0.0000 0.0000 0.0000 16.4600 7.8400 
2022 10 20 19 6.8900 159.7600 0.0000 9.5200 177.8403 418.3158 0.7956 0.0000 7.8400 0.0000 0.0000 0.0000 0.0000 0.0000 16.4100 7.8400 
2022 10 20 20 6.8300 142.4900 0.0000 9.5200 177.8710 418.3274 0.7958 0.0000 7.8400 0.0000 0.0000 0.0000 0.0000 0.0000 16.3500 7.8400 
2022 10 20 21 6.7900 133.6800 0.0000 9.5200 177.9015 418.3389 0.7959 0.0000 7.8400 0.0000 0.0000 0.0000 0.0000 0.0000 16.3100 7.8400 
2022 10 20 22 6.7300 124.9900 0.0000 9.5200 177.9317 418.3504 0.7961 0.0000 7.8400 0.0000 0.0000 0.0000 0.0000 0.0000 16.2500 7.8400 
2022 10 20 23 6.6700 132.9100 0.0000 9.5200 177.9618 418.3617 0.7962 0.0000 7.8400 0.0000 0.0000 0.0000 0.0000 0.0000 16.1900 7.8400 
2022 10 21 0 6.6200 121.1300 0.0000 9.5200 177.9917 418.3730 0.7964 0.0000 7.8400 0.0000 0.0000 0.0000 0.0000 0.0000 16.1400 7.8400 
2022 10 21 1 6.5700 117.7000 0.0000 9.5200 178.0214 418.3843 0.7965 0.0000 7.8400 0.0000 0.0000 0.0000 0.0000 0.0000 16.0900 7.8400 
2022 10 21 2 6.5200 114.0500 0.0000 9.5200 178.0509 418.3954 0.7967 0.0000 7.8400 0.0000 0.0000 0.0000 0.0000 0.0000 16.0400 7.8400 
2022 10 21 3 6.4700 120.1500 0.0000 9.5200 178.0802 418.4065 0.7968 0.0000 7.8400 0.0000 0.0000 0.0000 0.0000 0.0000 15.9900 7.8400 
2022 10 21 4 6.4200 134.8700 0.0000 9.5200 178.1094 418.4175 0.7970 0.0000 7.8400 0.0000 0.0000 0.0000 0.0000 0.0000 15.9400 7.8400 
2022 10 21 5 6.3800 155.8800 0.0000 9.5200 178.1384 418.4285 0.7971 0.0000 7.8400 0.0000 0.0000 0.0000 0.0000 0.0000 15.9000 7.8400 
2022 10 21 6 6.3300 179.8100 0.0000 9.5200 178.1672 418.4394 0.7972 0.0000 7.8400 0.0000 0.0000 0.0000 0.0000 0.0000 15.8500 7.8400 
2022 10 21 7 6.2800 193.8900 0.0000 9.5200 178.1959 418.4502 0.7974 0.0000 7.8400 0.0000 0.0000 0.0000 0.0000 0.0000 15.8000 7.8400 
2022 10 21 8 6.2400 195.9600 0.0000 9.5200 178.2244 418.4610 0.7975 0.0000 7.8400 0.0000 0.0000 0.0000 0.0000 0.0000 15.7600 7.8400 
2022 10 21 9 6.2000 182.9800 0.0000 9.5200 178.2528 418.4718 0.7977 0.0000 7.8400 0.0000 0.0000 0.0000 0.0000 0.0000 15.7200 7.8400 
2022 10 21 10 6.1600 179.1800 0.0000 9.5200 178.2810 418.4824 0.7978 0.0000 7.8400 0.0000 0.0000 0.0000 0.0000 0.0000 15.6800 7.8400 
2022 10 21 11 6.1100 168.8000 0.0000 9.5200 178.3090 418.4930 0.7980 0.0000 7.8400 0.0000 0.0000 0.0000 0.0000 0.0000 15.6300 7.8400 
2022 10 21 12 6.0600 165.8800 0.0000 9.5200 178.3369 418.5036 0.7981 0.0000 7.8400 0.0000 0.0000 0.0000 0.0000 0.0000 15.5800 7.8400 
2022 10 21 13 6.0300 162.9600 0.0000 9.5200 178.3647 418.5141 0.7982 0.0000 7.8400 0.0000 0.0000 0.0000 0.0000 0.0000 15.5500 7.8400 
2022 10 21 14 5.9900 159.7900 0.0000 9.5200 178.3923 418.5245 0.7984 0.0000 7.8400 0.0000 0.0000 0.0000 0.0000 0.0000 15.5100 7.8400 
2022 10 21 15 5.9500 164.4300 0.0000 9.5200 178.4197 418.5349 0.7985 0.0000 7.8400 0.0000 0.0000 0.0000 0.0000 0.0000 15.4700 7.8400 
2022 10 21 16 5.9100 173.7300 0.0000 9.5200 178.4471 418.5452 0.7987 0.0000 7.8400 0.0000 0.0000 0.0000 0.0000 0.0000 15.4300 7.8400 
2022 10 21 17 5.8600 176.2900 0.0000 9.5200 178.4742 418.5555 0.7988 0.0000 7.8400 0.0000 0.0000 0.0000 0.0000 0.0000 15.3800 7.8400 
2022 10 21 18 5.8200 161.5800 0.0000 9.5200 178.5012 418.5657 0.7989 0.0000 7.8400 0.0000 0.0000 0.0000 0.0000 0.0000 15.3400 7.8400 
2022 10 21 19 5.7900 150.1600 0.0000 9.5200 178.5281 418.5758 0.7991 0.0000 7.8400 0.0000 0.0000 0.0000 0.0000 0.0000 15.3100 7.8400 
2022 10 21 20 5.7500 152.4500 0.0000 9.5200 178.5549 418.5860 0.7992 0.0000 7.8400 0.0000 0.0000 0.0000 0.0000 0.0000 15.2700 7.8400 
2022 10 21 21 5.7100 154.1400 0.0000 9.5200 178.5815 418.5960 0.7993 0.0000 7.8400 0.0000 0.0000 0.0000 0.0000 0.0000 15.2300 7.8400 
2022 10 21 22 5.6700 144.4900 0.0000 9.5200 178.6079 418.6060 0.7995 0.0000 7.8400 0.0000 0.0000 0.0000 0.0000 0.0000 15.1900 7.8400 
2022 10 21 23 5.6300 149.1900 0.0000 9.5200 178.6342 418.6160 0.7996 0.0000 7.8400 0.0000 0.0000 0.0000 0.0000 0.0000 15.1500 7.8400 
2022 10 22 0 5.5900 134.2800 0.0000 9.5200 178.6604 418.6259 0.7997 0.0000 7.8400 0.0000 0.0000 0.0000 0.0000 0.0000 15.1100 7.8400 
2022 10 22 1 5.5600 130.5100 0.0000 9.5200 178.6865 418.6357 0.7999 0.0000 7.8400 0.0000 0.0000 0.0000 0.0000 0.0000 15.0800 7.8400 
2022 10 22 2 5.5300 134.0100 0.0000 9.5200 178.7124 418.6455 0.8000 0.0000 7.8400 0.0000 0.0000 0.0000 0.0000 0.0000 15.0500 7.8400 
2022 10 22 3 5.5000 134.2600 0.0000 9.5200 178.7383 418.6553 0.8001 0.0000 7.8400 0.0000 0.0000 0.0000 0.0000 0.0000 15.0200 7.8400 
2022 10 22 4 5.4600 136.4500 0.0000 9.5200 178.7640 418.6650 0.8002 0.0000 7.8400 0.0000 0.0000 0.0000 0.0000 0.0000 14.9800 7.8400 
2022 10 22 5 5.4300 135.3400 0.0000 9.5200 178.7896 418.6747 0.8004 0.0000 7.8400 0.0000 0.0000 0.0000 0.0000 0.0000 14.9500 7.8400 
2022 10 22 6 5.3900 142.5200 0.0000 9.5200 178.8150 418.6843 0.8005 0.0000 7.8400 0.0000 0.0000 0.0000 0.0000 0.0000 14.9100 7.8400 
2022 10 22 7 5.3500 146.7000 0.0000 9.5200 178.8403 418.6939 0.8006 0.0000 7.8400 0.0000 0.0000 0.0000 0.0000 0.0000 14.8700 7.8400 
2022 10 22 8 5.3200 148.0300 0.0000 9.5200 178.8655 418.7034 0.8008 0.0000 7.8400 0.0000 0.0000 0.0000 0.0000 0.0000 14.8400 7.8400 
2022 10 22 9 5.2900 145.8500 0.0000 9.5200 178.8906 418.7129 0.8009 0.0000 7.8400 0.0000 0.0000 0.0000 0.0000 0.0000 14.8100 7.8400 
2022 10 22 10 5.2500 137.8700 0.0000 9.5200 178.9156 418.7223 0.8010 0.0000 7.8400 0.0000 0.0000 0.0000 0.0000 0.0000 14.7700 7.8400 
2022 10 22 11 5.2100 134.5200 0.0000 9.5200 178.9404 418.7317 0.8011 0.0000 7.8400 0.0000 0.0000 0.0000 0.0000 0.0000 14.7300 7.8400 
2022 10 22 12 5.1700 126.2200 0.0000 9.5200 178.9650 418.7410 0.8012 0.0000 7.8400 0.0000 0.0000 0.0000 0.0000 0.0000 14.6900 7.8400 
2022 10 22 13 5.1400 119.6400 0.0000 9.5200 178.9896 418.7503 0.8014 0.0000 7.8400 0.0000 0.0000 0.0000 0.0000 0.0000 14.6600 7.8400 
2022 10 22 14 5.1100 121.6700 0.0000 9.5200 179.0140 418.7596 0.8015 0.0000 7.8400 0.0000 0.0000 0.0000 0.0000 0.0000 14.6300 7.8400 
2022 10 22 15 5.0900 141.4300 0.0000 9.5200 179.0384 418.7688 0.8016 0.0000 7.8400 0.0000 0.0000 0.0000 0.0000 0.0000 14.6100 7.8400 
2022 10 22 16 5.0500 161.3200 0.0000 9.5200 179.0626 418.7779 0.8017 0.0000 7.8400 0.0000 0.0000 0.0000 0.0000 0.0000 14.5700 7.8400 
2022 10 22 17 5.0200 180.8100 0.0000 9.5200 179.0868 418.7871 0.8019 0.0000 7.8400 0.0000 0.0000 0.0000 0.0000 0.0000 14.5400 7.8400 
2022 10 22 18 4.9900 184.9500 0.0000 9.5200 179.1108 418.7961 0.8020 0.0000 7.8400 0.0000 0.0000 0.0000 0.0000 0.0000 14.5100 7.8400 
2022 10 22 19 4.9500 165.1100 0.0000 9.5200 179.1346 418.8052 0.8021 0.0000 7.8400 0.0000 0.0000 0.0000 0.0000 0.0000 14.4700 7.8400 
2022 10 22 20 4.9200 146.1200 0.0000 9.5200 179.1584 418.8141 0.8022 0.0000 7.8400 0.0000 0.0000 0.0000 0.0000 0.0000 14.4400 7.8400 
2022 10 22 21 4.8900 145.5600 0.0000 9.5200 179.1820 418.8231 0.8023 0.0000 7.8400 0.0000 0.0000 0.0000 0.0000 0.0000 14.4100 7.8400 
2022 10 22 22 4.8800 137.9400 0.0000 9.5200 179.2057 418.8320 0.8025 0.0000 7.8400 0.0000 0.0000 0.0000 0.0000 0.0000 14.4000 7.8400 
2022 10 22 23 4.8700 118.5100 0.0000 9.5200 179.2292 418.8409 0.8026 0.0000 7.8400 0.0000 0.0000 0.0000 0.0000 0.0000 14.3900 7.8400 
2022 10 23 0 4.8500 106.1800 0.0000 9.5200 179.2528 418.8498 0.8027 0.0000 7.8400 0.0000 0.0000 0.0000 0.0000 0.0000 14.3700 7.8400 
2022 10 23 1 4.8200 99.9600 0.0000 9.5200 179.2762 418.8587 0.8028 0.0000 7.8400 0.0000 0.0000 0.0000 0.0000 0.0000 14.3400 7.8400 
2022 10 23 2 4.8000 96.1900 0.0000 9.5200 179.2995 418.8675 0.8029 0.0000 7.8400 0.0000 0.0000 0.0000 0.0000 0.0000 14.3200 7.8400 
2022 10 23 3 4.7700 98.5400 0.0000 9.5200 179.3227 418.8763 0.8030 0.0000 7.8400 0.0000 0.0000 0.0000 0.0000 0.0000 14.2900 7.8400 
2022 10 23 4 4.7400 94.6300 0.0000 9.5200 179.3458 418.8850 0.8032 0.0000 7.8400 0.0000 0.0000 0.0000 0.0000 0.0000 14.2600 7.8400 
2022 10 23 5 4.7100 112.0000 0.0000 9.5200 179.3688 418.8937 0.8033 0.0000 7.8400 0.0000 0.0000 0.0000 0.0000 0.0000 14.2300 7.8400 
2022 10 23 6 4.6900 117.5600 0.0000 9.5200 179.3917 418.9024 0.8034 0.0000 7.8400 0.0000 0.0000 0.0000 0.0000 0.0000 14.2100 7.8400 
2022 10 23 7 4.6600 126.0400 0.0000 9.5200 179.4146 418.9110 0.8035 0.0000 7.8400 0.0000 0.0000 0.0000 0.0000 0.0000 14.1800 7.8400 
2022 10 23 8 4.6500 122.9000 0.0000 9.5200 179.4374 418.9196 0.8036 0.0000 7.8400 0.0000 0.0000 0.0000 0.0000 0.0000 14.1700 7.8400 
2022 10 23 9 4.6200 102.9100 0.0000 9.5200 179.4600 418.9282 0.8037 0.0000 7.8400 0.0000 0.0000 0.0000 0.0000 0.0000 14.1400 7.8400 
2022 10 23 10 4.5900 99.9000 0.0000 9.5200 179.4826 418.9367 0.8038 0.0000 7.8400 0.0000 0.0000 0.0000 0.0000 0.0000 14.1100 7.8400 
2022 10 23 11 4.5700 89.3900 0.0000 9.5200 179.5051 418.9452 0.8040 0.0000 7.8400 0.0000 0.0000 0.0000 0.0000 0.0000 14.0900 7.8400 
2022 10 23 12 4.5400 81.6600 0.0000 9.5200 179.5275 418.9537 0.8041 0.0000 7.8400 0.0000 0.0000 0.0000 0.0000 0.0000 14.0600 7.8400 
2022 10 23 13 4.5200 83.9400 0.0000 9.5200 179.5498 418.9621 0.8042 0.0000 7.8400 0.0000 0.0000 0.0000 0.0000 0.0000 14.0400 7.8400 
2022 10 23 14 4.5000 85.6100 0.0000 9.5200 179.5721 418.9705 0.8043 0.0000 7.8400 0.0000 0.0000 0.0000 0.0000 0.0000 14.0200 7.8400 
2022 10 23 15 4.4700 95.2700 0.0000 9.5200 179.5942 418.9789 0.8044 0.0000 7.8400 0.0000 0.0000 0.0000 0.0000 0.0000 13.9900 7.8400 
2022 10 23 16 4.4500 111.0200 0.0000 9.5200 179.6163 418.9873 0.8045 0.0000 7.8400 0.0000 0.0000 0.0000 0.0000 0.0000 13.9700 7.8400 
2022 10 23 17 4.4200 119.9200 0.0000 9.5200 179.6382 418.9956 0.8046 0.0000 7.8400 0.0000 0.0000 0.0000 0.0000 0.0000 13.9400 7.8400 
2022 10 23 18 4.4100 123.6900 0.0000 9.5200 179.6602 419.0038 0.8047 0.0000 7.8400 0.0000 0.0000 0.0000 0.0000 0.0000 13.9300 7.8400 
2022 10 23 19 4.3800 110.0600 0.0000 9.5200 179.6820 419.0121 0.8048 0.0000 7.8400 0.0000 0.0000 0.0000 0.0000 0.0000 13.9000 7.8400 
2022 10 23 20 4.3600 93.3300 0.0000 9.5200 179.7037 419.0203 0.8050 0.0000 7.8400 0.0000 0.0000 0.0000 0.0000 0.0000 13.8800 7.8400 
2022 10 23 21 4.3400 86.2600 0.0000 9.5200 179.7254 419.0285 0.8051 0.0000 7.8400 0.0000 0.0000 0.0000 0.0000 0.0000 13.8600 7.8400 
2022 10 23 22 4.3100 78.5900 0.0000 9.5200 179.7470 419.0367 0.8052 0.0000 7.8400 0.0000 0.0000 0.0000 0.0000 0.0000 13.8300 7.8400 
2022 10 23 23 4.2800 56.4400 0.0000 9.5200 179.7684 419.0448 0.8053 0.0000 7.8400 0.0000 0.0000 0.0000 0.0000 0.0000 13.8000 7.8400 
2022 10 24 0 4.2600 53.2400 0.0000 9.5200 179.7898 419.0529 0.8054 0.0000 7.8400 0.0000 0.0000 0.0000 0.0000 0.0000 13.7800 7.8400 
2022 10 24 1 4.2300 40.7000 0.0000 9.5200 179.8111 419.0609 0.8055 0.0000 7.8400 0.0000 0.0000 0.0000 0.0000 0.0000 13.7500 7.8400 
2022 10 24 2 4.2100 26.8000 0.0000 9.5200 179.8323 419.0689 0.8056 0.0000 7.8400 0.0000 0.0000 0.0000 0.0000 0.0000 13.7300 7.8400 
2022 10 24 3 4.1800 40.6900 0.0000 9.5200 179.8534 419.0769 0.8057 0.0000 7.8400 0.0000 0.0000 0.0000 0.0000 0.0000 13.7000 7.8400 
2022 10 24 4 4.1600 55.9300 0.0000 9.5200 179.8744 419.0848 0.8058 0.0000 7.8400 0.0000 0.0000 0.0000 0.0000 0.0000 13.6800 7.8400 
2022 10 24 5 4.1400 73.1300 0.0000 9.5200 179.8954 419.0928 0.8059 0.0000 7.8400 0.0000 0.0000 0.0000 0.0000 0.0000 13.6600 7.8400 
2022 10 24 6 4.1300 110.6600 0.0000 9.5200 179.9163 419.1007 0.8060 0.0000 7.8400 0.0000 0.0000 0.0000 0.0000 0.0000 13.6500 7.8400 
2022 10 24 7 4.1300 126.7000 0.0000 9.5200 179.9372 419.1086 0.8061 0.0000 7.8400 0.0000 0.0000 0.0000 0.0000 0.0000 13.6500 7.8400 
2022 10 24 8 4.1600 120.1800 0.0000 9.5200 179.9582 419.1165 0.8062 0.0000 7.8400 0.0000 0.0000 0.0000 0.0000 0.0000 13.6800 7.8400 
2022 10 24 9 4.2300 112.1800 0.0000 9.5200 179.9795 419.1246 0.8063 0.0000 7.8400 0.0000 0.0000 0.0000 0.0000 0.0000 13.7500 7.8400 
2022 10 24 10 4.3600 87.2600 0.0000 9.5200 180.0012 419.1328 0.8064 0.0000 7.8400 0.0000 0.0000 0.0000 0.0000 0.0000 13.8800 7.8400 
2022 10 24 11 4.5200 72.9300 0.0000 9.5200 180.0235 419.1412 0.8066 0.0000 7.8400 0.0000 0.0000 0.0000 0.0000 0.0000 14.0400 7.8400 
2022 10 24 12 4.7000 72.6300 0.0000 9.5200 180.0465 419.1499 0.8067 0.0000 7.8400 0.0000 0.0000 0.0000 0.0000 0.0000 14.2200 7.8400 
2022 10 24 13 4.8900 73.0400 0.0000 9.5200 180.0702 419.1589 0.8068 0.0000 7.8400 0.0000 0.0000 0.0000 0.0000 0.0000 14.4100 7.8400 
2022 10 24 14 5.0300 81.5500 0.0000 9.5200 180.0943 419.1680 0.8069 0.0000 7.8400 0.0000 0.0000 0.0000 0.0000 0.0000 14.5500 7.8400 
2022 10 24 15 5.1300 88.3500 0.0000 9.5200 180.1188 419.1773 0.8070 0.0000 7.8400 0.0000 0.0000 0.0000 0.0000 0.0000 14.6500 7.8400 
2022 10 24 16 5.2100 114.1300 0.0000 9.5200 180.1436 419.1866 0.8072 0.0000 7.8400 0.0000 0.0000 0.0000 0.0000 0.0000 14.7300 7.8400 
2022 10 24 17 5.2800 123.8400 0.0000 9.5200 180.1687 419.1961 0.8073 0.0000 7.8400 0.0000 0.0000 0.0000 0.0000 0.0000 14.8000 7.8400 
2022 10 24 18 5.3500 130.7400 0.0000 9.5200 180.1940 419.2057 0.8074 0.0000 7.8400 0.0000 0.0000 0.0000 0.0000 0.0000 14.8700 7.8400 
2022 10 24 19 5.4300 111.0900 0.0000 9.5200 180.2196 419.2154 0.8075 0.0000 7.8400 0.0000 0.0000 0.0000 0.0000 0.0000 14.9500 7.8400 
2022 10 24 20 5.5000 92.6900 0.0000 9.5200 180.2455 419.2251 0.8077 0.0000 7.8400 0.0000 0.0000 0.0000 0.0000 0.0000 15.0200 7.8400 
2022 10 24 21 5.5700 91.7400 0.0000 9.5200 180.2716 419.2350 0.8078 0.0000 7.8400 0.0000 0.0000 0.0000 0.0000 0.0000 15.0900 7.8400 
2022 10 24 22 5.6500 83.6000 0.0000 9.5200 180.2979 419.2450 0.8079 0.0000 7.8400 0.0000 0.0000 0.0000 0.0000 0.0000 15.1700 7.8400 
2022 10 24 23 5.7400 61.0300 0.0000 9.5200 180.3247 419.2551 0.8081 0.0000 7.8400 0.0000 0.0000 0.0000 0.0000 0.0000 15.2600 7.8400 
2022 10 25 0 5.8300 54.2400 0.0000 9.5200 180.3517 419.2653 0.8082 0.0000 7.8400 0.0000 0.0000 0.0000 0.0000 0.0000 15.3500 7.8400 
2022 10 25 1 5.9100 60.5500 0.0000 9.5200 180.3790 419.2756 0.8083 0.0000 7.8400 0.0000 0.0000 0.0000 0.0000 0.0000 15.4300 7.8400 
2022 10 25 2 5.9900 60.2400 0.0000 9.5200 180.4066 419.2861 0.8085 0.0000 7.8400 0.0000 0.0000 0.0000 0.0000 0.0000 15.5100 7.8400 
2022 10 25 3 6.0600 72.2600 0.0000 9.5200 180.4345 419.2966 0.8086 0.0000 7.8400 0.0000 0.0000 0.0000 0.0000 0.0000 15.5800 7.8400 
2022 10 25 4 6.1100 75.7600 0.0000 9.5200 180.4625 419.3072 0.8088 0.0000 7.8400 0.0000 0.0000 0.0000 0.0000 0.0000 15.6300 7.8400 
2022 10 25 5 6.1700 92.5200 0.0000 9.5200 180.4908 419.3179 0.8089 0.0000 7.8400 0.0000 0.0000 0.0000 0.0000 0.0000 15.6900 7.8400 
2022 10 25 6 6.2200 121.1600 0.0000 9.5200 180.5192 419.3286 0.8090 0.0000 7.8400 0.0000 0.0000 0.0000 0.0000 0.0000 15.7400 7.8400 
2022 10 25 7 6.3000 131.5800 0.0000 9.5200 180.5480 419.3395 0.8092 0.0000 7.8400 0.0000 0.0000 0.0000 0.0000 0.0000 15.8200 7.8400 
2022 10 25 8 6.3900 131.0700 0.0000 9.5200 180.5770 419.3505 0.8093 0.0000 7.8400 0.0000 0.0000 0.0000 0.0000 0.0000 15.9100 7.8400 
2022 10 25 9 6.4800 113.2600 0.0000 9.5200 180.6064 419.3616 0.8095 0.0000 7.8400 0.0000 0.0000 0.0000 0.0000 0.0000 16.0000 7.8400 
2022 10 25 10 6.5600 107.0900 0.0000 9.5200 180.6361 419.3728 0.8096 0.0000 7.8400 0.0000 0.0000 0.0000 0.0000 0.0000 16.0800 7.8400 
2022 10 25 11 6.6100 100.1800 0.0000 9.5200 180.6659 419.3841 0.8098 0.0000 7.8400 0.0000 0.0000 0.0000 0.0000 0.0000 16.1300 7.8400 
2022 10 25 12 6.6700 84.3800 0.0000 9.5200 180.6960 419.3954 0.8099 0.0000 7.8400 0.0000 0.0000 0.0000 0.0000 0.0000 16.1900 7.8400 
2022 10 25 13 6.7000 85.7400 0.0000 9.5200 180.7261 419.4069 0.8101 0.0000 7.8400 0.0000 0.0000 0.0000 0.0000 0.0000 16.2200 7.8400 
2022 10 25 14 6.7100 103.6100 0.0000 9.5200 180.7563 419.4183 0.8102 0.0000 7.8400 0.0000 0.0000 0.0000 0.0000 0.0000 16.2300 7.8400 
2022 10 25 15 6.7200 120.0900 0.0000 9.5200 180.7866 419.4297 0.8104 0.0000 7.8400 0.0000 0.0000 0.0000 0.0000 0.0000 16.2400 7.8400 
2022 10 25 16 6.7000 154.7800 0.0000 9.5200 180.8167 419.4411 0.8105 0.0000 7.8400 0.0000 0.0000 0.0000 0.0000 0.0000 16.2200 7.8400 
2022 10 25 17 6.6800 177.6700 0.0000 9.5200 180.8468 419.4525 0.8107 0.0000 7.8400 0.0000 0.0000 0.0000 0.0000 0.0000 16.2000 7.8400 
2022 10 25 18 6.6400 184.2700 0.0000 9.5200 180.8768 419.4638 0.8108 0.0000 7.8400 0.0000 0.0000 0.0000 0.0000 0.0000 16.1600 7.8400 
2022 10 25 19 6.6000 154.0300 0.0000 9.5200 180.9066 419.4751 0.8110 0.0000 7.8400 0.0000 0.0000 0.0000 0.0000 0.0000 16.1200 7.8400 
2022 10 25 20 6.5500 131.2900 0.0000 9.5200 180.9362 419.4863 0.8111 0.0000 7.8400 0.0000 0.0000 0.0000 0.0000 0.0000 16.0700 7.8400 
2022 10 25 21 6.4900 121.4600 0.0000 9.5200 180.9656 419.4974 0.8113 0.0000 7.8400 0.0000 0.0000 0.0000 0.0000 0.0000 16.0100 7.8400 
2022 10 25 22 6.4300 116.2600 0.0000 9.5200 180.9948 419.5084 0.8114 0.0000 7.8400 0.0000 0.0000 0.0000 0.0000 0.0000 15.9500 7.8400 
2022 10 25 23 6.3800 98.6900 0.0000 9.5200 181.0238 419.5194 0.8116 0.0000 7.8400 0.0000 0.0000 0.0000 0.0000 0.0000 15.9000 7.8400 
2022 10 26 0 6.3100 94.2900 0.0000 9.5200 181.0526 419.5303 0.8117 0.0000 7.8400 0.0000 0.0000 0.0000 0.0000 0.0000 15.8300 7.8400 
2022 10 26 1 6.2400 91.3300 0.0000 9.5200 181.0811 419.5411 0.8119 0.0000 7.8400 0.0000 0.0000 0.0000 0.0000 0.0000 15.7600 7.8400 
2022 10 26 2 6.1900 89.6800 0.0000 9.5200 181.1095 419.5518 0.8120 0.0000 7.8400 0.0000 0.0000 0.0000 0.0000 0.0000 15.7100 7.8400 
2022 10 26 3 6.1300 97.6000 0.0000 9.5200 181.1376 419.5624 0.8122 0.0000 7.8400 0.0000 0.0000 0.0000 0.0000 0.0000 15.6500 7.8400 
2022 10 26 4 6.0700 108.9800 0.0000 9.5200 181.1655 419.5730 0.8123 0.0000 7.8400 0.0000 0.0000 0.0000 0.0000 0.0000 15.5900 7.8400 
2022 10 26 5 6.0000 129.2000 0.0000 9.5200 181.1931 419.5834 0.8124 0.0000 7.8400 0.0000 0.0000 0.0000 0.0000 0.0000 15.5200 7.8400 
2022 10 26 6 5.9500 156.7000 0.0000 9.5200 181.2206 419.5938 0.8126 0.0000 7.8400 0.0000 0.0000 0.0000 0.0000 0.0000 15.4700 7.8400 
2022 10 26 7 5.8900 163.5600 0.0000 9.5200 181.2478 419.6041 0.8127 0.0000 7.8400 0.0000 0.0000 0.0000 0.0000 0.0000 15.4100 7.8400 
2022 10 26 8 5.8300 151.4200 0.0000 9.5200 181.2749 419.6143 0.8128 0.0000 7.8400 0.0000 0.0000 0.0000 0.0000 0.0000 15.3500 7.8400 
2022 10 26 9 5.7900 134.7900 0.0000 9.5200 181.3018 419.6245 0.8130 0.0000 7.8400 0.0000 0.0000 0.0000 0.0000 0.0000 15.3100 7.8400 
2022 10 26 10 5.7300 119.9000 0.0000 9.5200 181.3284 419.6346 0.8131 0.0000 7.8400 0.0000 0.0000 0.0000 0.0000 0.0000 15.2500 7.8400 
2022 10 26 11 5.6800 117.1400 0.0000 9.5200 181.3549 419.6446 0.8132 0.0000 7.8400 0.0000 0.0000 0.0000 0.0000 0.0000 15.2000 7.8400 
2022 10 26 12 5.6300 117.2200 0.0000 9.5200 181.3813 419.6545 0.8134 0.0000 7.8400 0.0000 0.0000 0.0000 0.0000 0.0000 15.1500 7.8400 
2022 10 26 13 5.5900 120.4200 0.0000 9.5200 181.4074 419.6644 0.8135 0.0000 7.8400 0.0000 0.0000 0.0000 0.0000 0.0000 15.1100 7.8400 
2022 10 26 14 5.5400 130.0700 0.0000 9.5200 181.4334 419.6743 0.8136 0.0000 7.8400 0.0000 0.0000 0.0000 0.0000 0.0000 15.0600 7.8400 
2022 10 26 15 5.5000 144.2800 0.0000 9.5200 181.4593 419.6840 0.8138 0.0000 7.8400 0.0000 0.0000 0.0000 0.0000 0.0000 15.0200 7.8400 
2022 10 26 16 5.4600 144.4000 0.0000 9.5200 181.4850 419.6937 0.8139 0.0000 7.8400 0.0000 0.0000 0.0000 0.0000 0.0000 14.9800 7.8400 
2022 10 26 17 5.4300 140.8600 0.0000 9.5200 181.5106 419.7034 0.8140 0.0000 7.8400 0.0000 0.0000 0.0000 0.0000 0.0000 14.9500 7.8400 
2022 10 26 18 5.3900 140.5200 0.0000 9.5200 181.5360 419.7130 0.8142 0.0000 7.8400 0.0000 0.0000 0.0000 0.0000 0.0000 14.9100 7.8400 
2022 10 26 19 5.3800 128.8000 0.0000 9.5200 181.5614 419.7227 0.8143 0.0000 7.8400 0.0000 0.0000 0.0000 0.0000 0.0000 14.9000 7.8400 
2022 10 26 20 5.3400 111.7400 0.0000 9.5200 181.5867 419.7322 0.8144 0.0000 7.8400 0.0000 0.0000 0.0000 0.0000 0.0000 14.8600 7.8400 
2022 10 26 21 5.3400 99.5600 0.0000 9.5200 181.6120 419.7418 0.8145 0.0000 7.8400 0.0000 0.0000 0.0000 0.0000 0.0000 14.8600 7.8400 
2022 10 26 22 5.3600 91.1100 0.0000 9.5200 181.6373 419.7513 0.8147 0.0000 7.8400 0.0000 0.0000 0.0000 0.0000 0.0000 14.8800 7.8400 
2022 10 26 23 5.4100 92.2500 0.0000 9.5200 181.6628 419.7610 0.8148 0.0000 7.8400 0.0000 0.0000 0.0000 0.0000 0.0000 14.9300 7.8400 
2022 10 27 0 5.4600 96.4600 0.0000 9.5200 181.6885 419.7707 0.8149 0.0000 7.8400 0.0000 0.0000 0.0000 0.0000 0.0000 14.9800 7.8400 
2022 10 27 1 5.5100 98.5000 0.0000 9.5200 181.7144 419.7805 0.8150 0.0000 7.8400 0.0000 0.0000 0.0000 0.0000 0.0000 15.0300 7.8400 
2022 10 27 2 5.5600 96.3600 0.0000 9.5200 181.7405 419.7904 0.8152 0.0000 7.8400 0.0000 0.0000 0.0000 0.0000 0.0000 15.0800 7.8400 
2022 10 27 3 5.5900 98.7000 0.0000 9.5200 181.7667 419.8003 0.8153 0.0000 7.8400 0.0000 0.0000 0.0000 0.0000 0.0000 15.1100 7.8400 
2022 10 27 4 5.6100 109.7800 0.0000 9.5200 181.7929 419.8102 0.8154 0.0000 7.8400 0.0000 0.0000 0.0000 0.0000 0.0000 15.1300 7.8400 
2022 10 27 5 5.6300 124.4500 0.0000 9.5200 181.8192 419.8201 0.8156 0.0000 7.8400 0.0000 0.0000 0.0000 0.0000 0.0000 15.1500 7.8400 
2022 10 27 6 5.6300 161.5500 0.0000 9.5200 181.8455 419.8301 0.8157 0.0000 7.8400 0.0000 0.0000 0.0000 0.0000 0.0000 15.1500 7.8400 
2022 10 27 7 5.6300 142.8300 0.0000 9.5200 181.8719 419.8400 0.8158 0.0000 7.8400 0.0000 0.0000 0.0000 0.0000 0.0000 15.1500 7.8400 
2022 10 27 8 5.6100 135.2100 0.0000 9.5200 181.8981 419.8499 0.8160 0.0000 7.8400 0.0000 0.0000 0.0000 0.0000 0.0000 15.1300 7.8400 
2022 10 27 9 5.6000 130.7300 0.0000 9.5200 181.9243 419.8599 0.8161 0.0000 7.8400 0.0000 0.0000 0.0000 0.0000 0.0000 15.1200 7.8400 
2022 10 27 10 5.5700 119.3600 0.0000 9.5200 181.9504 419.8697 0.8162 0.0000 7.8400 0.0000 0.0000 0.0000 0.0000 0.0000 15.0900 7.8400 
2022 10 27 11 5.5500 108.3600 0.0000 9.5200 181.9764 419.8796 0.8164 0.0000 7.8400 0.0000 0.0000 0.0000 0.0000 0.0000 15.0700 7.8400 
2022 10 27 12 5.5100 101.4400 0.0000 9.5200 182.0023 419.8893 0.8165 0.0000 7.8400 0.0000 0.0000 0.0000 0.0000 0.0000 15.0300 7.8400 
2022 10 27 13 5.4800 106.3200 0.0000 9.5200 182.0281 419.8991 0.8166 0.0000 7.8400 0.0000 0.0000 0.0000 0.0000 0.0000 15.0000 7.8400 
2022 10 27 14 5.4500 120.2800 0.0000 9.5200 182.0538 419.9088 0.8167 0.0000 7.8400 0.0000 0.0000 0.0000 0.0000 0.0000 14.9700 7.8400 
2022 10 27 15 5.4200 128.8300 0.0000 9.5200 182.0793 419.9185 0.8169 0.0000 7.8400 0.0000 0.0000 0.0000 0.0000 0.0000 14.9400 7.8400 
2022 10 27 16 5.3900 124.8800 0.0000 9.5200 182.1048 419.9281 0.8170 0.0000 7.8400 0.0000 0.0000 0.0000 0.0000 0.0000 14.9100 7.8400 
2022 10 27 17 5.3400 126.5800 0.0000 9.5200 182.1301 419.9376 0.8171 0.0000 7.8400 0.0000 0.0000 0.0000 0.0000 0.0000 14.8600 7.8400 
2022 10 27 18 5.3100 127.9400 0.0000 9.5200 182.1552 419.9472 0.8173 0.0000 7.8400 0.0000 0.0000 0.0000 0.0000 0.0000 14.8300 7.8400 
2022 10 27 19 5.2700 125.3200 0.0000 9.5200 182.1802 419.9566 0.8174 0.0000 7.8400 0.0000 0.0000 0.0000 0.0000 0.0000 14.7900 7.8400 
2022 10 27 20 5.2300 128.3400 0.0000 9.5200 182.2051 419.9660 0.8175 0.0000 7.8400 0.0000 0.0000 0.0000 0.0000 0.0000 14.7500 7.8400 
2022 10 27 21 5.2100 118.7100 0.0000 9.5200 182.2299 419.9754 0.8176 0.0000 7.8400 0.0000 0.0000 0.0000 0.0000 0.0000 14.7300 7.8400 
2022 10 27 22 5.1800 101.7200 0.0000 9.5200 182.2546 419.9847 0.8178 0.0000 7.8400 0.0000 0.0000 0.0000 0.0000 0.0000 14.7000 7.8400 
2022 10 27 23 5.1400 91.1400 0.0000 9.5200 182.2792 419.9940 0.8179 0.0000 7.8400 0.0000 0.0000 0.0000 0.0000 0.0000 14.6600 7.8400 
2022 10 28 0 5.1100 91.4600 0.0000 9.5200 182.3036 420.0033 0.8180 0.0000 7.8400 0.0000 0.0000 0.0000 0.0000 0.0000 14.6300 7.8400 
2022 10 28 1 5.0800 91.1400 0.0000 9.5200 182.3279 420.0125 0.8181 0.0000 7.8400 0.0000 0.0000 0.0000 0.0000 0.0000 14.6000 7.8400 
2022 10 28 2 5.0400 91.0000 0.0000 9.5200 182.3521 420.0216 0.8182 0.0000 7.8400 0.0000 0.0000 0.0000 0.0000 0.0000 14.5600 7.8400 
2022 10 28 3 5.0200 92.2100 0.0000 9.5200 182.3763 420.0307 0.8184 0.0000 7.8400 0.0000 0.0000 0.0000 0.0000 0.0000 14.5400 7.8400 
2022 10 28 4 4.9900 100.1900 0.0000 9.5200 182.4003 420.0398 0.8185 0.0000 7.8400 0.0000 0.0000 0.0000 0.0000 0.0000 14.5100 7.8400 
2022 10 28 5 4.9600 106.6800 0.0000 9.5200 182.4242 420.0488 0.8186 0.0000 7.8400 0.0000 0.0000 0.0000 0.0000 0.0000 14.4800 7.8400 
2022 10 28 6 4.9400 118.6700 0.0000 9.5200 182.4480 420.0578 0.8187 0.0000 7.8400 0.0000 0.0000 0.0000 0.0000 0.0000 14.4600 7.8400 
2022 10 28 7 4.9100 122.1100 0.0000 9.5200 182.4717 420.0668 0.8188 0.0000 7.8400 0.0000 0.0000 0.0000 0.0000 0.0000 14.4300 7.8400 
2022 10 28 8 4.8800 123.5800 0.0000 9.5200 182.4953 420.0757 0.8190 0.0000 7.8400 0.0000 0.0000 0.0000 0.0000 0.0000 14.4000 7.8400 
2022 10 28 9 4.8600 111.6000 0.0000 9.5200 182.5189 420.0846 0.8191 0.0000 7.8400 0.0000 0.0000 0.0000 0.0000 0.0000 14.3800 7.8400 
2022 10 28 10 4.8200 105.3800 0.0000 9.5200 182.5423 420.0935 0.8192 0.0000 7.8400 0.0000 0.0000 0.0000 0.0000 0.0000 14.3400 7.8400 
2022 10 28 11 4.8000 100.3100 0.0000 9.5200 182.5656 420.1023 0.8193 0.0000 7.8400 0.0000 0.0000 0.0000 0.0000 0.0000 14.3200 7.8400 
2022 10 28 12 4.7700 89.2200 0.0000 9.5200 182.5888 420.1111 0.8194 0.0000 7.8400 0.0000 0.0000 0.0000 0.0000 0.0000 14.2900 7.8400 
2022 10 28 13 4.7500 92.5200 0.0000 9.5200 182.6120 420.1198 0.8196 0.0000 7.8400 0.0000 0.0000 0.0000 0.0000 0.0000 14.2700 7.8400 
2022 10 28 14 4.7300 96.5200 0.0000 9.5200 182.6351 420.1286 0.8197 0.0000 7.8400 0.0000 0.0000 0.0000 0.0000 0.0000 14.2500 7.8400 
2022 10 28 15 4.7100 105.8900 0.0000 9.5200 182.6581 420.1373 0.8198 0.0000 7.8400 0.0000 0.0000 0.0000 0.0000 0.0000 14.2300 7.8400 
2022 10 28 16 4.6900 108.7200 0.0000 9.5200 182.6810 420.1459 0.8199 0.0000 7.8400 0.0000 0.0000 0.0000 0.0000 0.0000 14.2100 7.8400 
2022 10 28 17 4.6700 117.8800 0.0000 9.5200 182.7039 420.1546 0.8200 0.0000 7.8400 0.0000 0.0000 0.0000 0.0000 0.0000 14.1900 7.8400 
2022 10 28 18 4.6800 124.8000 0.0000 9.5200 182.7268 420.1632 0.8201 0.0000 7.8400 0.0000 0.0000 0.0000 0.0000 0.0000 14.2000 7.8400 
2022 10 28 19 4.6900 111.7800 0.0000 9.5200 182.7497 420.1719 0.8202 0.0000 7.8400 0.0000 0.0000 0.0000 0.0000 0.0000 14.2100 7.8400 
2022 10 28 20 4.7600 102.3700 0.0000 9.5200 182.7729 420.1807 0.8204 0.0000 7.8400 0.0000 0.0000 0.0000 0.0000 0.0000 14.2800 7.8400 
2022 10 28 21 4.8600 94.5000 0.0000 9.5200 182.7964 420.1896 0.8205 0.0000 7.8400 0.0000 0.0000 0.0000 0.0000 0.0000 14.3800 7.8400 
2022 10 28 22 4.9600 85.8800 0.0000 9.5200 182.8203 420.1986 0.8206 0.0000 7.8400 0.0000 0.0000 0.0000 0.0000 0.0000 14.4800 7.8400 
2022 10 28 23 5.0800 92.7900 0.0000 9.5200 182.8447 420.2078 0.8207 0.0000 7.8400 0.0000 0.0000 0.0000 0.0000 0.0000 14.6000 7.8400 
2022 10 29 0 5.1600 92.2500 0.0000 9.5200 182.8693 420.2171 0.8208 0.0000 7.8400 0.0000 0.0000 0.0000 0.0000 0.0000 14.6800 7.8400 
2022 10 29 1 5.2100 89.9100 0.0000 9.5200 182.8941 420.2265 0.8210 0.0000 7.8400 0.0000 0.0000 0.0000 0.0000 0.0000 14.7300 7.8400 
2022 10 29 2 5.2500 89.7900 0.0000 9.5200 182.9190 420.2359 0.8211 0.0000 7.8400 0.0000 0.0000 0.0000 0.0000 0.0000 14.7700 7.8400 
2022 10 29 3 5.2800 87.8600 0.0000 9.5200 182.9441 420.2454 0.8212 0.0000 7.8400 0.0000 0.0000 0.0000 0.0000 0.0000 14.8000 7.8400 
2022 10 29 4 5.3100 86.1900 0.0000 9.5200 182.9692 420.2549 0.8213 0.0000 7.8400 0.0000 0.0000 0.0000 0.0000 0.0000 14.8300 7.8400 
2022 10 29 5 5.3500 90.8800 0.0000 9.5200 182.9946 420.2645 0.8215 0.0000 7.8400 0.0000 0.0000 0.0000 0.0000 0.0000 14.8700 7.8400 
2022 10 29 6 5.3500 100.7500 0.0000 9.5200 183.0199 420.2741 0.8216 0.0000 7.8400 0.0000 0.0000 0.0000 0.0000 0.0000 14.8700 7.8400 
2022 10 29 7 5.3600 114.2300 0.0000 9.5200 183.0452 420.2836 0.8217 0.0000 7.8400 0.0000 0.0000 0.0000 0.0000 0.0000 14.8800 7.8400 
2022 10 29 8 5.3500 108.5600 0.0000 9.5200 183.0705 420.2932 0.8219 0.0000 7.8400 0.0000 0.0000 0.0000 0.0000 0.0000 14.8700 7.8400 
2022 10 29 9 5.3400 98.4600 0.0000 9.5200 183.0958 420.3028 0.8220 0.0000 7.8400 0.0000 0.0000 0.0000 0.0000 0.0000 14.8600 7.8400 
2022 10 29 10 5.3000 89.2800 0.0000 9.5200 183.1209 420.3123 0.8221 0.0000 7.8400 0.0000 0.0000 0.0000 0.0000 0.0000 14.8200 7.8400 
2022 10 29 11 5.2800 87.0800 0.0000 9.5200 183.1460 420.3217 0.8222 0.0000 7.8400 0.0000 0.0000 0.0000 0.0000 0.0000 14.8000 7.8400 
2022 10 29 12 5.2600 83.6000 0.0000 9.5200 183.1710 420.3312 0.8224 0.0000 7.8400 0.0000 0.0000 0.0000 0.0000 0.0000 14.7800 7.8400 
2022 10 29 13 5.2300 86.7300 0.0000 9.5200 183.1958 420.3406 0.8225 0.0000 7.8400 0.0000 0.0000 0.0000 0.0000 0.0000 14.7500 7.8400 
2022 10 29 14 5.1900 92.3200 0.0000 9.5200 183.2206 420.3499 0.8226 0.0000 7.8400 0.0000 0.0000 0.0000 0.0000 0.0000 14.7100 7.8400 
2022 10 29 15 5.1500 109.4300 0.0000 9.5200 183.2452 420.3592 0.8227 0.0000 7.8400 0.0000 0.0000 0.0000 0.0000 0.0000 14.6700 7.8400 
2022 10 29 16 5.1200 120.6600 0.0000 9.5200 183.2696 420.3685 0.8229 0.0000 7.8400 0.0000 0.0000 0.0000 0.0000 0.0000 14.6400 7.8400 
2022 10 29 17 5.0800 139.1200 0.0000 9.5200 183.2940 420.3777 0.8230 0.0000 7.8400 0.0000 0.0000 0.0000 0.0000 0.0000 14.6000 7.8400 
2022 10 29 18 5.0500 137.4600 0.0000 9.5200 183.3182 420.3868 0.8231 0.0000 7.8400 0.0000 0.0000 0.0000 0.0000 0.0000 14.5700 7.8400 
2022 10 29 19 5.0100 120.6200 0.0000 9.5200 183.3423 420.3959 0.8232 0.0000 7.8400 0.0000 0.0000 0.0000 0.0000 0.0000 14.5300 7.8400 
2022 10 29 20 4.9800 109.8000 0.0000 9.5200 183.3663 420.4050 0.8233 0.0000 7.8400 0.0000 0.0000 0.0000 0.0000 0.0000 14.5000 7.8400 
2022 10 29 21 4.9400 103.6700 0.0000 9.5200 183.3901 420.4140 0.8235 0.0000 7.8400 0.0000 0.0000 0.0000 0.0000 0.0000 14.4600 7.8400 
2022 10 29 22 4.9000 97.1400 0.0000 9.5200 183.4138 420.4230 0.8236 0.0000 7.8400 0.0000 0.0000 0.0000 0.0000 0.0000 14.4200 7.8400 
2022 10 29 23 4.8600 103.0900 0.0000 9.5200 183.4373 420.4319 0.8237 0.0000 7.8400 0.0000 0.0000 0.0000 0.0000 0.0000 14.3800 7.8400 
2022 10 30 0 4.8200 100.9400 0.0000 9.5200 183.4607 420.4407 0.8238 0.0000 7.8400 0.0000 0.0000 0.0000 0.0000 0.0000 14.3400 7.8400 
2022 10 30 1 4.7800 100.6700 0.0000 9.5200 183.4840 420.4495 0.8239 0.0000 7.8400 0.0000 0.0000 0.0000 0.0000 0.0000 14.3000 7.8400 
2022 10 30 2 4.7600 100.3400 0.0000 9.5200 183.5072 420.4583 0.8240 0.0000 7.8400 0.0000 0.0000 0.0000 0.0000 0.0000 14.2800 7.8400 
2022 10 30 3 4.7200 98.4200 0.0000 9.5200 183.5302 420.4670 0.8242 0.0000 7.8400 0.0000 0.0000 0.0000 0.0000 0.0000 14.2400 7.8400 
2022 10 30 4 4.7000 98.5700 0.0000 9.5200 183.5532 420.4757 0.8243 0.0000 7.8400 0.0000 0.0000 0.0000 0.0000 0.0000 14.2200 7.8400 
2022 10 30 5 4.6700 99.0900 0.0000 9.5200 183.5760 420.4843 0.8244 0.0000 7.8400 0.0000 0.0000 0.0000 0.0000 0.0000 14.1900 7.8400 
2022 10 30 6 4.6500 100.8900 0.0000 9.5200 183.5988 420.4929 0.8245 0.0000 7.8400 0.0000 0.0000 0.0000 0.0000 0.0000 14.1700 7.8400 
2022 10 30 7 4.6200 109.9400 0.0000 9.5200 183.6215 420.5015 0.8246 0.0000 7.8400 0.0000 0.0000 0.0000 0.0000 0.0000 14.1400 7.8400 
2022 10 30 8 4.5900 113.2300 0.0000 9.5200 183.6441 420.5100 0.8247 0.0000 7.8400 0.0000 0.0000 0.0000 0.0000 0.0000 14.1100 7.8400 
2022 10 30 9 4.5700 105.2600 0.0000 9.5200 183.6666 420.5186 0.8248 0.0000 7.8400 0.0000 0.0000 0.0000 0.0000 0.0000 14.0900 7.8400 
2022 10 30 10 4.5500 103.0000 0.0000 9.5200 183.6890 420.5270 0.8250 0.0000 7.8400 0.0000 0.0000 0.0000 0.0000 0.0000 14.0700 7.8400 
2022 10 30 11 4.5300 103.1400 0.0000 9.5200 183.7114 420.5355 0.8251 0.0000 7.8400 0.0000 0.0000 0.0000 0.0000 0.0000 14.0500 7.8400 
2022 10 30 12 4.5000 103.1000 0.0000 9.5200 183.7336 420.5439 0.8252 0.0000 7.8400 0.0000 0.0000 0.0000 0.0000 0.0000 14.0200 7.8400 
2022 10 30 13 4.4800 105.8200 0.0000 9.5200 183.7558 420.5523 0.8253 0.0000 7.8400 0.0000 0.0000 0.0000 0.0000 0.0000 14.0000 7.8400 
2022 10 30 14 4.4500 110.1200 0.0000 9.5200 183.7778 420.5606 0.8254 0.0000 7.8400 0.0000 0.0000 0.0000 0.0000 0.0000 13.9700 7.8400 
2022 10 30 15 4.4300 125.4000 0.0000 9.5200 183.7998 420.5689 0.8255 0.0000 7.8400 0.0000 0.0000 0.0000 0.0000 0.0000 13.9500 7.8400 
2022 10 30 16 4.4100 139.7600 0.0000 9.5200 183.8218 420.5772 0.8256 0.0000 7.8400 0.0000 0.0000 0.0000 0.0000 0.0000 13.9300 7.8400 
2022 10 30 17 4.3800 155.8500 0.0000 9.5200 183.8436 420.5855 0.8257 0.0000 7.8400 0.0000 0.0000 0.0000 0.0000 0.0000 13.9000 7.8400 
2022 10 30 18 4.3700 170.0500 0.0000 9.5200 183.8654 420.5937 0.8258 0.0000 7.8400 0.0000 0.0000 0.0000 0.0000 0.0000 13.8900 7.8400 
2022 10 30 19 4.3500 164.6800 0.0000 9.5200 183.8871 420.6019 0.8260 0.0000 7.8400 0.0000 0.0000 0.0000 0.0000 0.0000 13.8700 7.8400 
2022 10 30 20 4.3200 147.2300 0.0000 9.5200 183.9087 420.6101 0.8261 0.0000 7.8400 0.0000 0.0000 0.0000 0.0000 0.0000 13.8400 7.8400 
2022 10 30 21 4.3100 138.8300 0.0000 9.5200 183.9302 420.6182 0.8262 0.0000 7.8400 0.0000 0.0000 0.0000 0.0000 0.0000 13.8300 7.8400 
2022 10 30 22 4.2800 126.8800 0.0000 9.5200 183.9517 420.6263 0.8263 0.0000 7.8400 0.0000 0.0000 0.0000 0.0000 0.0000 13.8000 7.8400 
2022 10 30 23 4.2600 109.1600 0.0000 9.5200 183.9731 420.6344 0.8264 0.0000 7.8400 0.0000 0.0000 0.0000 0.0000 0.0000 13.7800 7.8400 
2022 10 31 0 4.2500 129.2600 0.0000 9.5200 183.9944 420.6425 0.8265 0.0000 7.8400 0.0000 0.0000 0.0000 0.0000 0.0000 13.7700 7.8400 
2022 10 31 1 4.2400 118.9800 0.0000 9.5200 184.0157 420.6506 0.8266 0.0000 7.8400 0.0000 0.0000 0.0000 0.0000 0.0000 13.7600 7.8400 
2022 10 31 2 4.2200 116.2100 0.0000 9.5200 184.0370 420.6586 0.8267 0.0000 7.8400 0.0000 0.0000 0.0000 0.0000 0.0000 13.7400 7.8400 
2022 10 31 3 4.2000 114.5000 0.0000 9.5200 184.0581 420.6666 0.8268 0.0000 7.8400 0.0000 0.0000 0.0000 0.0000 0.0000 13.7200 7.8400 
2022 10 31 4 4.1800 114.9600 0.0000 9.5200 184.0792 420.6746 0.8269 0.0000 7.8400 0.0000 0.0000 0.0000 0.0000 0.0000 13.7000 7.8400 
2022 10 31 5 4.1700 123.5900 0.0000 9.5200 184.1003 420.6825 0.8270 0.0000 7.8400 0.0000 0.0000 0.0000 0.0000 0.0000 13.6900 7.8400 
2022 10 31 6 4.1500 144.6800 0.0000 9.5200 184.1213 420.6905 0.8271 0.0000 7.8400 0.0000 0.0000 0.0000 0.0000 0.0000 13.6700 7.8400 
2022 10 31 7 4.1400 166.2400 0.0000 9.5200 184.1422 420.6984 0.8272 0.0000 7.8400 0.0000 0.0000 0.0000 0.0000 0.0000 13.6600 7.8400 
2022 10 31 8 4.1300 167.5400 0.0000 9.5200 184.1632 420.7063 0.8273 0.0000 7.8400 0.0000 0.0000 0.0000 0.0000 0.0000 13.6500 7.8400 
2022 10 31 9 4.1100 153.4700 0.0000 9.5200 184.1840 420.7142 0.8274 0.0000 7.8400 0.0000 0.0000 0.0000 0.0000 0.0000 13.6300 7.8400 
2022 10 31 10 4.0800 143.5100 0.0000 9.5200 184.2047 420.7220 0.8275 0.0000 7.8400 0.0000 0.0000 0.0000 0.0000 0.0000 13.6000 7.8400 
2022 10 31 11 4.0600 142.1100 0.0000 9.5200 184.2254 420.7298 0.8276 0.0000 7.8400 0.0000 0.0000 0.0000 0.0000 0.0000 13.5800 7.8400 
2022 10 31 12 4.0500 142.1200 0.0000 9.5200 184.2460 420.7376 0.8278 0.0000 7.8400 0.0000 0.0000 0.0000 0.0000 0.0000 13.5700 7.8400 
2022 10 31 13 4.0300 146.1300 0.0000 9.5200 184.2666 420.7454 0.8279 0.0000 7.8400 0.0000 0.0000 0.0000 0.0000 0.0000 13.5500 7.8400 
2022 10 31 14 4.0100 155.1800 0.0000 9.5200 184.2871 420.7531 0.8280 0.0000 7.8400 0.0000 0.0000 0.0000 0.0000 0.0000 13.5300 7.8400 
2022 10 31 15 4.0000 168.6800 0.0000 9.5200 184.3075 420.7609 0.8281 0.0000 7.8400 0.0000 0.0000 0.0000 0.0000 0.0000 13.5200 7.8400 
2022 10 31 16 3.9700 172.2000 0.0000 9.5200 184.3279 420.7686 0.8282 0.0000 7.8400 0.0000 0.0000 0.0000 0.0000 0.0000 13.4900 7.8400 
2022 10 31 17 3.9600 181.3900 0.0000 9.5200 184.3482 420.7762 0.8283 0.0000 7.8400 0.0000 0.0000 0.0000 0.0000 0.0000 13.4800 7.8400 
2022 10 31 18 3.9500 182.1300 0.0000 9.5200 184.3684 420.7839 0.8284 0.0000 7.8400 0.0000 0.0000 0.0000 0.0000 0.0000 13.4700 7.8400 
2022 10 31 19 3.9200 168.0100 0.0000 9.5200 184.3886 420.7915 0.8285 0.0000 7.8400 0.0000 0.0000 0.0000 0.0000 0.0000 13.4400 7.8400 
2022 10 31 20 3.9100 147.1500 0.0000 9.5200 184.4087 420.7991 0.8286 0.0000 7.8400 0.0000 0.0000 0.0000 0.0000 0.0000 13.4300 7.8400 
2022 10 31 21 3.8900 136.9300 0.0000 9.5200 184.4288 420.8067 0.8287 0.0000 7.8400 0.0000 0.0000 0.0000 0.0000 0.0000 13.4100 7.8400 
2022 10 31 22 3.8700 120.4000 0.0000 9.5200 184.4487 420.8143 0.8288 0.0000 7.8400 0.0000 0.0000 0.0000 0.0000 0.0000 13.3900 7.8400 
2022 10 31 23 3.8500 103.8600 0.0000 9.5200 184.4686 420.8218 0.8289 0.0000 7.8400 0.0000 0.0000 0.0000 0.0000 0.0000 13.3700 7.8400 
2022 11 1 0 4.5000 72.4900 0.0000 9.5200 185.0026 421.0237 0.8315 0.0000 7.8400 0.0000 0.0000 0.0000 0.0000 0.0000 14.0200 7.8400 
2022 11 2 0 7.9129 71.1700 0.0000 9.5200 185.8314 421.3370 0.8357 0.0000 7.8400 0.0000 0.0000 0.0000 0.0000 0.0000 17.4329 7.8400 
2022 11 3 0 15.3867 86.5000 0.0000 9.5200 187.3060 421.8945 0.8431 0.0000 7.8400 0.0000 0.0000 0.0000 0.0000 0.0000 24.9067 7.8400 
2022 11 4 0 19.7971 72.6700 0.0000 9.5200 189.1616 422.5961 0.8524 0.0000 7.8400 0.0000 0.0000 0.0000 0.0000 0.0000 29.3171 7.8400 
2022 11 5 0 19.1221 47.6500 0.0000 9.5200 190.9589 423.2756 0.8614 0.0000 7.8400 0.0000 0.0000 0.0000 0.0000 0.0000 28.6421 7.8400 
2022 11 6 0 14.4058 35.7500 0.0000 9.5200 192.3487 423.7476 0.8684 0.0000 7.8400 0.0000 0.0000 0.0000 0.0000 0.0000 23.9258 7.8400 
2022 11 7 0 19.9213 43.8300 0.0000 9.5200 194.2151 424.4062 0.8778 0.0000 7.8400 0.0000 0.0000 0.0000 0.0000 0.0000 29.4413 7.8400 
2022 11 8 0 17.2317 51.0900 0.0000 9.5200 195.8490 424.9827 0.8860 0.0000 7.8400 0.0000 0.0000 0.0000 0.0000 0.0000 26.7517 7.8400 
2022 11 9 0 20.7558 42.5700 0.0000 9.5200 197.7875 425.6667 0.8957 0.0000 7.8400 0.0000 0.0000 0.0000 0.0000 0.0000 30.2758 7.8400 
2022 11 10 0 15.9175 27.4000 0.0000 9.5200 199.3079 426.2032 0.9033 0.0000 7.8400 0.0000 0.0000 0.0000 0.0000 0.0000 25.4375 7.8400 
2022 11 11 0 12.7600 2.0000 0.0000 9.5200 200.5555 426.6435 0.9096 0.0000 7.8400 0.0000 0.0000 0.0000 0.0000 0.0000 22.2800 7.8400 
2022 11 12 0 10.2583 2.3700 0.0000 9.5200 201.5870 427.0074 0.9148 0.0000 7.8400 0.0000 0.0000 0.0000 0.0000 0.0000 19.7783 7.8400 
2022 11 13 0 8.3629 29.9300 0.0000 9.5200 202.4547 427.3136 0.9191 0.0000 7.8400 0.0000 0.0000 0.0000 0.0000 0.0000 17.8829 7.8400 
2022 11 14 0 6.8937 53.6800 0.0000 9.5200 203.1955 427.5750 0.9228 0.0000 7.8400 0.0000 0.0000 0.0000 0.0000 0.0000 16.4137 7.8400 
2022 11 15 0 6.0504 53.7500 0.0000 9.5401 203.8651 427.8113 0.9262 0.0000 7.8400 0.0000 0.0000 0.0000 0.0000 0.0000 15.5905 7.8400 
2022 11 16 0 6.5500 27.6900 0.0000 9.7555 204.5965 428.0694 0.9299 0.0000 7.8400 0.0000 0.0000 0.0000 0.0000 0.0000 16.3055 7.8400 
2022 11 17 0 5.7883 48.9100 0.0000 9.9193 205.2763 428.3092 0.9333 0.0000 7.8400 0.0000 0.0000 0.0000 0.0000 0.0000 15.7076 7.8400 
2022 11 18 0 4.7708 113.7000 0.0000 10.0886 205.8828 428.5232 0.9363 0.0000 7.8400 0.0000 0.0000 0.0000 0.0000 0.0000 14.8594 7.8400 
2022 11 19 0 4.0579 167.1000 0.0000 10.2174 206.4388 428.7194 0.9391 0.0000 7.8400 0.0000 0.0000 0.0000 0.0000 0.0000 14.2753 7.8400 
2022 11 20 0 3.5125 162.8400 0.0000 10.3180 206.9564 428.9020 0.9417 0.0000 7.8400 0.0000 0.0000 0.0000 0.0000 0.0000 13.8305 7.8400 
2022 11 21 0 3.0787 209.5500 0.0000 10.3807 207.4419 429.0734 0.9442 0.0000 7.8400 0.0000 0.0000 0.0000 0.0000 0.0000 13.4594 7.8400 
2022 11 22 0 2.7596 174.4300 0.0000 10.4110 207.9025 429.2359 0.9465 0.0000 7.8400 0.0000 0.0000 0.0000 0.0000 0.0000 13.1706 7.8400 
2022 11 23 0 2.7050 149.8400 0.0000 10.4279 208.3598 429.3972 0.9488 0.0000 7.8400 0.0000 0.0000 0.0000 0.0000 0.0000 13.1329 7.8400 
2022 11 24 0 3.7671 172.1800 0.0000 10.4456 208.9104 429.5915 0.9515 0.0000 7.8400 0.0000 0.0000 0.0000 0.0000 0.0000 14.2127 7.8400 
2022 11 25 0 8.4383 200.3300 0.0000 10.5149 209.8705 429.9303 0.9563 0.0000 7.8400 0.0000 0.0000 0.0000 0.0000 0.0000 18.9532 7.8400 
2022 11 26 0 11.5250 196.0200 0.0000 10.6478 211.1089 430.3673 0.9626 0.0000 7.8400 0.0000 0.0000 0.0000 0.0000 0.0000 22.1728 7.8400 
2022 11 27 0 11.5917 146.0400 0.0000 10.8096 212.3670 430.8112 0.9689 0.0000 7.8400 0.0000 0.0000 0.0000 0.0000 0.0000 22.4013 7.8400 
2022 11 28 0 19.2183 195.3000 0.0000 11.0673 214.3063 431.4955 0.9786 0.0000 7.8400 0.0000 0.0000 0.0000 0.0000 0.0000 30.2856 7.8400 
2022 11 29 0 13.0800 362.5600 0.0000 11.2653 215.7324 431.9987 0.9858 0.0000 7.8400 0.0000 0.0000 0.0000 0.0000 0.0000 24.3453 7.8400 
2022 11 30 0 8.5721 364.6000 0.0000 11.3736 216.7783 432.3678 0.9910 0.0000 7.8400 0.0000 0.0000 0.0000 0.0000 0.0000 19.9457 7.8400 
2022 12 1 0 6.3842 349.6500 0.0000 11.4198 217.6392 432.6715 0.9953 0.0000 7.8400 0.0000 0.0000 0.0000 0.0000 0.0000 17.8040 7.8400 
2022 12 2 0 5.1987 324.9900 0.0000 11.4254 218.3981 432.9393 0.9991 0.0000 7.8400 0.0000 0.0000 0.0000 0.0000 0.0000 16.6241 7.8400 
2022 12 3 0 4.4633 268.8200 0.0000 11.4006 219.0803 433.0125 1.0026 0.0000 7.8400 0.0000 0.1281 0.0000 0.0000 0.0000 15.8639 7.9681 
2022 12 4 0 3.9038 271.5000 0.0000 11.3527 219.6967 433.0277 1.0057 0.0000 7.8400 0.0000 0.2827 0.0000 0.0000 0.0000 15.2565 8.1227 
2022 12 5 0 3.4871 290.7800 0.0000 11.2874 220.2592 433.0415 1.0085 0.0000 7.8400 0.0000 0.4239 0.0000 0.0000 0.0000 14.7745 8.2639 
2022 12 6 0 3.4729 346.8000 0.0000 11.2186 220.8027 433.0548 1.0112 0.0000 7.8400 0.0000 0.5603 0.0000 0.0000 0.0000 14.6915 8.4003 
2022 12 7 0 3.3792 334.1100 0.0000 11.1506 221.3211 433.0676 1.0138 0.0000 7.8400 0.0000 0.6903 0.0000 0.0000 0.0000 14.5298 8.5303 
2022 12 8 0 3.6417 399.0300 0.0000 11.0880 221.8453 433.0804 1.0164 0.0000 7.8400 0.0000 0.8219 0.0000 0.0000 0.0000 14.7297 8.6619 
2022 12 9 0 3.9496 418.6900 0.0000 11.0327 222.3798 433.0936 1.0191 0.0000 7.8400 0.0000 0.9560 0.0000 0.0000 0.0000 14.9823 8.7960 
2022 12 10 0 3.9425 362.9800 0.0000 10.9807 222.8980 433.1063 1.0217 0.0000 7.8400 0.0000 1.0860 0.0000 0.0000 0.0000 14.9232 8.9260 
2022 12 11 0 4.2625 338.6100 0.0000 10.9347 223.4283 433.1193 1.0244 0.0000 7.8400 0.0000 1.2191 0.0000 0.0000 0.0000 15.1972 9.0591 
2022 12 12 0 4.3054 446.1100 0.0000 10.8921 223.9474 433.1321 1.0270 0.0000 7.8400 0.0000 1.3494 0.0000 0.0000 0.0000 15.1975 9.1894 
2022 12 13 0 4.1125 458.6300 0.0000 10.8489 224.4355 433.1441 1.0294 0.0000 7.8400 0.0000 1.4719 0.0000 0.0000 0.0000 14.9614 9.3119 
2022 12 14 0 3.9458 451.4100 0.0000 10.8042 224.8954 433.1554 1.0317 0.0000 7.8400 0.0000 1.5873 0.0000 0.0000 0.0000 14.7500 9.4273 
2022 12 15 0 3.5792 396.6100 0.0000 10.7560 225.3105 433.1656 1.0338 0.0000 7.8400 0.0000 1.6914 0.0000 0.0000 0.0000 14.3352 9.5314 
2022 12 16 0 3.1654 413.8400 0.0000 10.7038 225.6773 433.1746 1.0357 0.0000 7.8400 0.0000 1.7835 0.0000 0.0000 0.0000 13.8692 9.6235 
2022 12 17 0 3.0450 254.6500 0.0000 10.6507 226.0217 433.1830 1.0374 0.0000 7.8400 0.0000 1.8699 0.0000 0.0000 0.0000 13.6957 9.7099 
2022 12 18 0 3.0279 206.4000 0.0000 10.5994 226.3530 433.1912 1.0391 0.0000 7.8400 0.0000 1.9530 0.0000 0.0000 0.0000 13.6273 9.7930 
2022 12 19 0 2.8775 211.4800 0.0000 10.5500 226.6603 433.1987 1.0406 0.0000 7.8400 0.0000 2.0301 0.0000 0.0000 0.0000 13.4275 9.8701 
2022 12 20 0 2.7554 205.2500 0.0000 10.5055 226.9471 433.2057 1.0420 0.0000 7.8400 0.0000 2.1021 0.0000 0.0000 0.0000 13.2609 9.9421 
2022 12 21 0 2.2225 223.3000 0.0000 10.4732 227.1799 433.2115 1.0432 0.0000 7.8400 0.0000 2.1605 0.0000 0.0000 0.0000 12.6957 10.0005 
2022 12 22 0 2.0629 201.9700 0.0000 10.4444 227.3919 433.2167 1.0443 0.0000 7.8400 0.0000 2.2137 0.0000 0.0000 0.0000 12.5073 10.0537 
2022 12 23 0 1.8625 193.2900 0.0000 10.4062 227.5792 433.2213 1.0452 0.0000 7.8400 0.0000 2.2607 0.0000 0.0000 0.0000 12.2687 10.1007 
2022 12 24 0 1.6438 142.3700 0.0000 10.3571 227.7399 433.2252 1.0460 0.0000 7.8400 0.0000 2.3011 0.0000 0.0000 0.0000 12.0009 10.1411 
2022 12 25 0 1.6367 129.4400 0.0000 10.3038 227.8921 433.2290 1.0468 0.0000 7.8400 0.0000 2.3392 0.0000 0.0000 0.0000 11.9405 10.1792 
2022 12 26 0 3.0363 111.7200 0.0000 10.2772 228.1572 433.2355 1.0481 0.0000 7.8400 0.0000 2.4057 0.0000 0.0000 0.0000 13.3135 10.2457 
2022 12 27 0 3.4000 141.3500 0.0000 10.2564 228.4456 433.2426 1.0496 0.0000 7.8400 0.0000 2.4781 0.0000 0.0000 0.0000 13.6564 10.3181 
2022 12 28 0 2.8342 122.1300 0.0000 10.2250 228.6774 433.2482 1.0507 0.0000 7.8400 0.0000 2.5363 0.0000 0.0000 0.0000 13.0592 10.3763 
2022 12 29 0 2.5325 96.2800 0.0000 10.1888 228.8757 433.2531 1.0517 0.0000 7.8400 0.0000 2.5861 0.0000 0.0000 0.0000 12.7213 10.4261 
2022 12 30 0 2.4142 100.4100 0.0000 10.1504 229.0565 433.2576 1.0526 0.0000 7.8400 0.0000 2.6314 0.0000 0.0000 0.0000 12.5646 10.4714 
2022 12 31 0 3.9937 116.2200 0.0000 10.1313 229.3655 433.2651 1.0542 0.0000 7.8400 0.0000 2.7090 0.0000 0.0000 0.0000 14.1250 10.5490 
2023 1 1 0 2.3867 129.1100 0.0000 10.1316 230.1710 433.2849 1.0582 0.0000 7.8400 0.0000 3.3464 0.0000 0.0000 0.0000 12.5183 11.1864 
2023 1 8 0 6.8457 100.5200 0.0000 9.5416 232.8493 433.3507 1.0717 0.0000 7.8400 0.0000 4.1190 0.0000 0.0000 0.0000 16.3873 11.9590 
2023 1 15 0 3.3073 134.9100 0.0000 9.5203 233.2965 433.3617 1.0739 0.0000 7.8400 0.0000 4.2480 0.0000 0.0000 0.0000 12.8276 12.0880 
2023 1 22 0 2.7410 153.5500 0.0000 8.5712 233.3174 433.3622 1.0740 0.0000 7.0237 0.0000 4.2540 0.0000 0.0000 0.0000 11.3122 11.2777 
2023 1 29 0 2.6059 114.0700 0.0000 0.5083 232.0694 433.3316 1.0677 0.0000 1.2838 0.0000 3.8940 0.0000 0.0000 0.0000 3.1142 5.1778 
2023 2 5 0 1.9928 118.2100 0.0000 0.0111 231.0960 433.3077 1.0629 0.0000 0.0000 0.0000 3.6132 0.0000 0.0000 0.0000 2.0039 3.6132 
2023 2 12 0 2.3354 114.5300 0.0000 0.0001 230.4380 433.2915 1.0596 0.0000 0.0000 0.0000 3.4234 0.0000 0.0000 0.0000 2.3355 3.4234 
2023 2 19 0 2.6032 103.9800 0.0000 0.3233 230.1821 433.2852 1.0583 0.0000 0.0000 0.0000 3.3496 0.0000 0.0000 0.0000 2.9265 3.3496 
2023 2 26 0 2.0786 119.9500 0.0000 0.8885 229.9852 433.2804 1.0573 0.0000 0.0000 0.0000 3.2928 0.0000 0.0000 0.0000 2.9671 3.2928 
2023 3 5 0 1.1675 132.3400 0.0000 1.8858 229.8618 433.2773 1.0567 0.0000 0.0000 0.0000 3.2572 0.0000 0.0000 0.0000 3.0533 3.2572 
2023 3 12 0 0.9259 107.4200 0.0000 2.6032 230.0018 433.2808 1.0574 0.0000 0.0000 0.0000 3.2976 0.0000 0.0000 0.0000 3.5291 3.2976 
2023 3 19 0 1.9548 96.2600 0.0000 3.2219 230.9695 433.3045 1.0622 0.0000 0.0000 0.0000 3.5767 0.0000 0.0000 0.0000 5.1767 3.5767 
2023 3 26 0 2.3628 108.2600 0.0000 3.6379 232.2178 433.3352 1.0685 0.0000 0.0000 0.0000 3.9368 0.0000 0.0000 0.0000 6.0007 3.9368 
2023 4 2 0 1.6132 122.8700 0.0000 3.0672 232.6007 433.3446 1.0704 0.0000 0.0000 0.0000 4.0473 0.0000 0.0000 0.0000 4.6804 4.0473 
2023 4 9 0 6.2904 99.8300 0.0000 8.0575 235.5499 433.4170 1.0852 0.0000 4.5737 0.0000 4.8980 0.0000 0.0000 0.0000 14.3479 9.4716 
2023 4 16 0 10.4398 111.6700 0.0000 12.1210 240.6082 433.5413 1.1106 0.0000 7.8400 0.0000 6.3571 0.0000 0.0000 0.0000 22.5608 14.1971 
2023 4 23 0 13.8508 113.0000 0.0000 12.6966 246.9681 433.6975 1.1425 0.0000 7.8400 0.0000 8.1917 0.0000 0.0000 0.0000 26.5474 16.0317 
2023 4 30 0 7.7852 107.2500 0.0000 12.3849 249.0992 433.7498 1.1532 0.0000 7.8400 0.0000 8.8064 0.0000 0.0000 0.0000 20.1701 16.6464 
2023 5 7 0 16.9072 92.5400 0.0000 11.0190 251.9579 433.8200 1.1676 0.0000 4.8069 0.0000 18.3927 0.0000 0.0000 0.0000 27.9262 23.1996 
2023 5 14 0 19.8692 74.1000 0.0000 10.3929 249.5394 433.7606 1.1554 0.0000 0.0000 0.0000 34.2609 0.0000 0.0000 0.0000 30.2621 34.2609 
2023 5 21 0 17.4150 64.0600 0.0000 12.7012 250.3839 433.7814 1.1597 0.0000 0.0000 0.0000 28.7198 0.0000 0.0000 0.0000 30.1162 28.7198 
2023 5 28 0 8.0834 63.7800 0.0000 11.6550 252.2139 433.8263 1.1688 0.0000 0.0000 0.0000 16.7126 0.0000 0.0000 0.0000 19.7384 16.7126 
2023 6 4 0 3.2390 82.2700 0.0000 9.3161 253.0610 433.8471 1.1731 0.0000 0.0000 0.0000 11.1545 0.0000 0.0000 0.0000 12.5551 11.1545 
2023 6 11 0 1.2272 98.3300 0.0000 7.0541 252.2021 433.8260 1.1688 0.0000 0.0000 0.0000 9.7015 0.0000 0.0000 0.0000 8.2813 9.7015 
2023 6 18 0 0.7157 116.6200 0.0000 5.4664 250.3898 433.7815 1.1597 0.0000 0.0000 0.0000 9.1787 0.0000 0.0000 0.0000 6.1821 9.1787 
2023 6 25 0 0.7090 95.2200 0.0000 4.2117 248.1970 433.7277 1.1487 0.0000 0.0000 0.0000 8.5462 0.0000 0.0000 0.0000 4.9207 8.5462 
2023 7 2 0 1.1849 73.6100 0.0000 3.3972 246.1557 433.6775 1.1384 0.0000 0.0000 0.0000 7.9573 0.0000 0.0000 0.0000 4.5821 7.9573 
2023 7 9 0 1.9098 80.1600 0.0000 3.0877 244.6315 433.6401 1.1308 0.0000 0.0000 0.0000 7.5177 0.0000 0.0000 0.0000 4.9975 7.5177 
2023 7 16 0 6.1449 59.1900 0.0000 8.0220 245.7488 433.6675 1.1364 0.0000 4.4796 0.0000 7.8400 0.0000 0.0000 0.0000 14.1669 12.3195 
2023 7 23 0 2.5948 68.8000 0.0000 11.2629 244.8104 433.6445 1.1317 0.0000 7.8400 0.0000 7.5693 0.0000 0.0000 0.0000 13.8577 15.4093 
2023 7 30 0 1.0495 61.4400 0.0000 10.6348 242.8922 433.5974 1.1221 0.0000 7.8400 0.0000 7.0160 0.0000 0.0000 0.0000 11.6843 14.8560 
2023 8 6 0 1.3570 40.3600 0.0000 10.1108 241.1475 433.5545 1.1133 0.0000 7.8400 0.0000 6.5127 0.0000 0.0000 0.0000 11.4678 14.3527 
2023 8 13 0 2.8791 78.8100 0.0000 10.1179 240.4494 433.5374 1.1098 0.0000 7.8400 0.0000 6.3113 0.0000 0.0000 0.0000 12.9970 14.1513 
2023 8 20 0 4.0850 90.9300 0.0000 9.9080 240.3679 433.5354 1.1094 0.0000 7.8400 0.0000 6.2878 0.0000 0.0000 0.0000 13.9930 14.1278 
2023 8 27 0 3.9950 94.6300 0.0000 9.7631 240.1775 433.5307 1.1084 0.0000 7.8400 0.0000 6.2329 0.0000 0.0000 0.0000 13.7581 14.0729 
