POWERSTATION node 1 SVOLETJONN
init_Power = 0.00000
penstock_config = SHARED
headloss_coef = 0.300000
yyyy mm dd hh [m3/s]    [Euro/MWh]  [fr_g0] [m3/s] [m3/s] [m] [m] [MWh] [GWh/Mm3] [Euro] [Euro] [Euro] [Euro] [Euro] [Euro]
yyyy mm dd hh Up_Inflow Price Action_g0 tot_outflow auto_qmin Hnetto Hbrutto Power est_eekv income tot_cost startstopCost adjust_cost cost_aggressive_actions profit
2022 9 1 0 3.2000 495.0100 0.8000 3.2000 0.0000 61.1268 64.1988 1.7126 0.1487  847.7559 1.0000 1.0000 0.0000 0.0000 846.7559
2022 9 1 1 3.2000 494.9900 0.8000 3.2000 0.0000 61.1163 64.1883 1.7123 0.1486  847.5748 0.0000 0.0000 0.0000 0.0000 847.5748
2022 9 1 2 3.2000 490.5800 0.8000 3.2000 0.0000 61.1057 64.1777 1.7120 0.1486  839.8780 0.0000 0.0000 0.0000 0.0000 839.8780
2022 9 1 3 3.2000 501.0100 0.8000 3.2000 0.0000 61.0951 64.1671 1.7117 0.1486  857.5857 0.0000 0.0000 0.0000 0.0000 857.5857
2022 9 1 4 3.2000 568.4400 0.8000 3.2000 0.0000 61.0845 64.1565 1.7114 0.1486  972.8379 0.0000 0.0000 0.0000 0.0000 972.8379
2022 9 1 5 3.2000 590.4500 0.8000 3.2000 0.0000 61.0739 64.1459 1.7111 0.1485  1010.3311 0.0000 0.0000 0.0000 0.0000 1010.3311
2022 9 1 6 3.2000 643.5100 0.8000 3.2000 0.0000 61.0633 64.1353 1.7108 0.1485  1100.9320 0.0000 0.0000 0.0000 0.0000 1100.9320
2022 9 1 7 3.2000 639.9000 0.8000 3.2000 0.0000 61.0527 64.1247 1.7105 0.1485  1094.5654 0.0000 0.0000 0.0000 0.0000 1094.5654
2022 9 1 8 3.2000 595.2600 0.8000 3.2000 0.0000 61.0421 64.1141 1.7102 0.1485  1018.0304 0.0000 0.0000 0.0000 0.0000 1018.0304
2022 9 1 9 3.2000 577.0100 0.8000 3.2000 0.0000 61.0314 64.1034 1.7099 0.1484  986.6469 0.0000 0.0000 0.0000 0.0000 986.6469
2022 9 1 10 3.2000 534.6000 0.8000 3.2000 0.0000 61.0208 64.0928 1.7096 0.1484  913.9696 0.0000 0.0000 0.0000 0.0000 913.9696
2022 9 1 11 3.2000 507.1900 0.8000 3.2000 0.0000 61.0102 64.0822 1.7093 0.1484  866.9574 0.0000 0.0000 0.0000 0.0000 866.9574
2022 9 1 12 3.2000 503.4000 0.8000 3.2000 0.0000 60.9995 64.0715 1.7090 0.1484  860.3286 0.0000 0.0000 0.0000 0.0000 860.3286
2022 9 1 13 3.2000 523.5600 0.8000 3.2000 0.0000 60.9888 64.0608 1.7087 0.1483  894.6264 0.0000 0.0000 0.0000 0.0000 894.6264
2022 9 1 14 3.2000 552.6500 0.8000 3.2000 0.0000 60.9782 64.0502 1.7084 0.1483  944.1685 0.0000 0.0000 0.0000 0.0000 944.1685
2022 9 1 15 3.2000 575.6100 0.8000 3.2000 0.0000 60.9675 64.0395 1.7081 0.1483  983.2223 0.0000 0.0000 0.0000 0.0000 983.2223
2022 9 1 16 3.2000 615.1800 0.8000 3.2000 0.0000 60.9569 64.0289 1.7078 0.1483  1050.6296 0.0000 0.0000 0.0000 0.0000 1050.6296
2022 9 1 17 3.2000 649.8000 0.8000 3.2000 0.0000 60.9462 64.0182 1.7075 0.1482  1109.5610 0.0000 0.0000 0.0000 0.0000 1109.5610
2022 9 1 18 3.2000 673.7200 0.8000 3.2000 0.0000 60.9355 64.0075 1.7072 0.1482  1150.2041 0.0000 0.0000 0.0000 0.0000 1150.2041
2022 9 1 19 3.2000 658.0800 0.8000 3.2000 0.0000 60.9249 63.9969 1.7069 0.1482  1123.3060 0.0000 0.0000 0.0000 0.0000 1123.3060
2022 9 1 20 3.2000 627.5700 0.8000 3.2000 0.0000 60.9142 63.9862 1.7066 0.1481  1071.0390 0.0000 0.0000 0.0000 0.0000 1071.0390
2022 9 1 21 3.2000 560.7000 0.8000 3.2000 0.0000 60.9035 63.9755 1.7063 0.1481  956.7476 0.0000 0.0000 0.0000 0.0000 956.7476
2022 9 1 22 3.2000 507.1200 0.8000 3.2000 0.0000 60.8928 63.9648 1.7060 0.1481  865.1696 0.0000 0.0000 0.0000 0.0000 865.1696
2022 9 1 23 3.2000 471.8500 0.8000 3.2000 0.0000 60.8821 63.9541 1.7057 0.1481  804.8559 0.0000 0.0000 0.0000 0.0000 804.8559
2022 9 2 0 3.2000 433.2400 0.8000 3.2000 0.0000 60.8714 63.9434 1.7054 0.1480  738.8672 0.0000 0.0000 0.0000 0.0000 738.8672
2022 9 2 1 3.2000 409.0500 0.8000 3.2000 0.0000 60.8607 63.9327 1.7051 0.1480  697.4899 0.0000 0.0000 0.0000 0.0000 697.4899
2022 9 2 2 3.2000 375.2400 0.8000 3.2000 0.0000 60.8500 63.9220 1.7048 0.1480  639.7264 0.0000 0.0000 0.0000 0.0000 639.7264
2022 9 2 3 3.2000 406.1400 0.8000 3.2000 0.0000 60.8392 63.9112 1.7045 0.1480  692.2843 0.0000 0.0000 0.0000 0.0000 692.2843
2022 9 2 4 3.2000 448.6600 0.8000 3.2000 0.0000 60.8285 63.9005 1.7042 0.1479  764.6266 0.0000 0.0000 0.0000 0.0000 764.6266
2022 9 2 5 3.2000 533.3700 0.8000 3.2000 0.0000 60.8178 63.8898 1.7039 0.1479  908.8327 0.0000 0.0000 0.0000 0.0000 908.8327
2022 9 2 6 3.2000 567.7100 0.8000 3.2000 0.0000 60.8070 63.8790 1.7036 0.1479  967.1754 0.0000 0.0000 0.0000 0.0000 967.1754
2022 9 2 7 3.2000 584.6700 0.8000 3.2000 0.0000 60.7963 63.8683 1.7033 0.1479  995.8933 0.0000 0.0000 0.0000 0.0000 995.8933
2022 9 2 8 3.2000 549.3000 0.8000 3.2000 0.0000 60.7855 63.8575 1.7030 0.1478  935.4806 0.0000 0.0000 0.0000 0.0000 935.4806
2022 9 2 9 3.2000 514.7700 0.8000 3.2000 0.0000 60.7748 63.8468 1.7027 0.1478  876.5192 0.0000 0.0000 0.0000 0.0000 876.5192
2022 9 2 10 3.2000 428.5100 0.8000 3.2000 0.0000 60.7640 63.8360 1.7024 0.1478  729.5116 0.0000 0.0000 0.0000 0.0000 729.5116
2022 9 2 11 3.2000 292.7800 0.8000 3.2000 0.0000 60.7532 63.8252 1.7021 0.1478  498.3513 0.0000 0.0000 0.0000 0.0000 498.3513
2022 9 2 12 3.2000 271.2500 0.8000 3.2000 0.0000 60.7425 63.8145 1.7018 0.1477  461.6225 0.0000 0.0000 0.0000 0.0000 461.6225
2022 9 2 13 3.2000 273.1100 0.8000 3.2000 0.0000 60.7317 63.8037 1.7015 0.1477  464.7054 0.0000 0.0000 0.0000 0.0000 464.7054
2022 9 2 14 3.2000 321.3800 0.8000 3.2000 0.0000 60.7209 63.7929 1.7012 0.1477  546.7414 0.0000 0.0000 0.0000 0.0000 546.7414
2022 9 2 15 3.2000 396.6400 0.8000 3.2000 0.0000 60.7101 63.7821 1.7009 0.1477  674.6563 0.0000 0.0000 0.0000 0.0000 674.6563
2022 9 2 16 3.2000 491.8000 0.8000 3.2000 0.0000 60.6993 63.7713 1.7006 0.1476  836.3679 0.0000 0.0000 0.0000 0.0000 836.3679
2022 9 2 17 3.2000 552.5100 0.8000 3.2000 0.0000 60.6885 63.7605 1.7003 0.1476  939.4456 0.0000 0.0000 0.0000 0.0000 939.4456
2022 9 2 18 3.2000 572.7500 0.8000 3.2000 0.0000 60.6777 63.7497 1.7000 0.1476  973.6866 0.0000 0.0000 0.0000 0.0000 973.6866
2022 9 2 19 3.2000 545.0200 0.8000 3.2000 0.0000 60.6669 63.7389 1.6997 0.1475  926.3800 0.0000 0.0000 0.0000 0.0000 926.3800
2022 9 2 20 3.2000 440.6200 0.8000 3.2000 0.0000 60.6561 63.7281 1.6994 0.1475  748.7960 0.0000 0.0000 0.0000 0.0000 748.7960
2022 9 2 21 3.2000 355.8800 0.8000 3.2000 0.0000 60.6453 63.7173 1.6991 0.1475  604.6799 0.0000 0.0000 0.0000 0.0000 604.6799
2022 9 2 22 3.2000 217.7900 0.8000 3.2000 0.0000 60.6345 63.7065 1.6988 0.1475  369.9834 0.0000 0.0000 0.0000 0.0000 369.9834
2022 9 2 23 3.2000 238.2100 0.8000 3.2000 0.0000 60.6236 63.6956 1.6985 0.1474  404.6008 0.0000 0.0000 0.0000 0.0000 404.6008
2022 9 3 0 3.2000 253.5000 0.8000 3.2000 0.0000 60.6128 63.6848 1.6982 0.1474  430.4941 0.0000 0.0000 0.0000 0.0000 430.4941
2022 9 3 1 3.2000 271.6000 0.8000 3.2000 0.0000 60.6020 63.6740 1.6979 0.1474  461.1490 0.0000 0.0000 0.0000 0.0000 461.1490
2022 9 3 2 3.2000 258.7100 0.8000 3.2000 0.0000 60.5911 63.6631 1.6976 0.1474  439.1844 0.0000 0.0000 0.0000 0.0000 439.1844
2022 9 3 3 3.2000 243.5100 0.8000 3.2000 0.0000 60.5803 63.6523 1.6973 0.1473  413.3071 0.0000 0.0000 0.0000 0.0000 413.3071
2022 9 3 4 3.2000 301.8400 0.8000 3.2000 0.0000 60.5695 63.6415 1.6970 0.1473  512.2186 0.0000 0.0000 0.0000 0.0000 512.2186
2022 9 3 5 3.2000 284.0000 0.8000 3.2000 0.0000 60.5586 63.6306 1.6967 0.1473  481.8582 0.0000 0.0000 0.0000 0.0000 481.8582
2022 9 3 6 3.2000 382.1900 0.8000 3.2000 0.0000 60.5478 63.6198 1.6964 0.1473  648.3395 0.0000 0.0000 0.0000 0.0000 648.3395
2022 9 3 7 3.2000 413.5400 0.8000 3.2000 0.0000 60.5369 63.6089 1.6961 0.1472  701.3953 0.0000 0.0000 0.0000 0.0000 701.3953
2022 9 3 8 3.2000 393.5100 0.8000 3.2000 0.0000 60.5261 63.5981 1.6958 0.1472  667.3033 0.0000 0.0000 0.0000 0.0000 667.3033
2022 9 3 9 3.2000 442.1400 0.8000 3.2000 0.0000 60.5152 63.5872 1.6955 0.1472  749.6343 0.0000 0.0000 0.0000 0.0000 749.6343
2022 9 3 10 3.2000 453.6600 0.8000 3.2000 0.0000 60.5044 63.5764 1.6952 0.1471  769.0282 0.0000 0.0000 0.0000 0.0000 769.0282
2022 9 3 11 3.2000 468.9000 0.8000 3.2000 0.0000 60.4935 63.5655 1.6949 0.1471  794.7197 0.0000 0.0000 0.0000 0.0000 794.7197
2022 9 3 12 3.2000 456.4300 0.8000 3.2000 0.0000 60.4826 63.5546 1.6946 0.1471  773.4456 0.0000 0.0000 0.0000 0.0000 773.4456
2022 9 3 13 3.2000 459.8200 0.8000 3.2000 0.0000 60.4718 63.5438 1.6942 0.1471  779.0500 0.0000 0.0000 0.0000 0.0000 779.0500
2022 9 3 14 3.2000 431.0300 0.8000 3.2000 0.0000 60.4609 63.5329 1.6939 0.1470  730.1408 0.0000 0.0000 0.0000 0.0000 730.1408
2022 9 3 15 3.2000 387.1700 0.8000 3.2000 0.0000 60.4499 63.5219 1.6936 0.1470  655.7260 0.0000 0.0000 0.0000 0.0000 655.7260
2022 9 3 16 3.2000 414.6800 0.8000 3.2000 0.0000 60.4390 63.5110 1.6933 0.1470  702.1910 0.0000 0.0000 0.0000 0.0000 702.1910
2022 9 3 17 3.2000 468.4800 0.8000 3.2000 0.0000 60.4281 63.5001 1.6930 0.1470  793.1490 0.0000 0.0000 0.0000 0.0000 793.1490
2022 9 3 18 3.2000 531.4800 0.8000 3.2000 0.0000 60.4172 63.4892 1.6927 0.1469  899.6469 0.0000 0.0000 0.0000 0.0000 899.6469
2022 9 3 19 3.2000 513.1200 0.8000 3.2000 0.0000 60.4062 63.4782 1.6924 0.1469  868.4116 0.0000 0.0000 0.0000 0.0000 868.4116
2022 9 3 20 3.2000 443.1200 0.8000 3.2000 0.0000 60.3953 63.4673 1.6921 0.1469  749.8072 0.0000 0.0000 0.0000 0.0000 749.8072
2022 9 3 21 3.2000 395.0200 0.8000 3.2000 0.0000 60.3845 63.4565 1.6918 0.1469  668.2963 0.0000 0.0000 0.0000 0.0000 668.2963
2022 9 3 22 3.2000 330.8700 0.8000 3.2000 0.0000 60.3736 63.4456 1.6915 0.1468  559.6664 0.0000 0.0000 0.0000 0.0000 559.6664
2022 9 3 23 3.2000 215.7900 0.8000 3.2000 0.0000 60.3627 63.4347 1.6912 0.1468  364.9430 0.0000 0.0000 0.0000 0.0000 364.9430
2022 9 4 0 3.2000 210.1400 0.8000 3.2000 0.0000 60.3519 63.4239 1.6909 0.1468  355.3242 0.0000 0.0000 0.0000 0.0000 355.3242
2022 9 4 1 3.2000 205.3000 0.8000 3.2000 0.0000 60.3412 63.4132 1.6906 0.1468  347.0784 0.0000 0.0000 0.0000 0.0000 347.0784
2022 9 4 2 3.2000 209.5200 0.8000 3.2000 0.0000 60.3304 63.4024 1.6903 0.1467  354.1497 0.0000 0.0000 0.0000 0.0000 354.1497
2022 9 4 3 3.2000 225.8600 0.8000 3.2000 0.0000 60.3197 63.3917 1.6900 0.1467  381.7011 0.0000 0.0000 0.0000 0.0000 381.7011
2022 9 4 4 3.2000 228.5700 0.8000 3.2000 0.0000 60.3090 63.3810 1.6897 0.1467  386.2122 0.0000 0.0000 0.0000 0.0000 386.2122
2022 9 4 5 3.2000 216.1600 0.8000 3.2000 0.0000 60.2982 63.3702 1.6894 0.1466  365.1781 0.0000 0.0000 0.0000 0.0000 365.1781
2022 9 4 6 3.2000 231.8500 0.8000 3.2000 0.0000 60.2875 63.3595 1.6891 0.1466  391.6149 0.0000 0.0000 0.0000 0.0000 391.6149
2022 9 4 7 3.2000 215.0200 0.8000 3.2000 0.0000 60.2768 63.3488 1.6888 0.1466  363.1229 0.0000 0.0000 0.0000 0.0000 363.1229
2022 9 4 8 3.2000 188.9800 0.8000 3.2000 0.0000 60.2660 63.3380 1.6885 0.1466  319.0900 0.0000 0.0000 0.0000 0.0000 319.0900
2022 9 4 9 3.2000 298.2800 0.8000 3.2000 0.0000 60.2553 63.3273 1.6882 0.1465  503.5518 0.0000 0.0000 0.0000 0.0000 503.5518
2022 9 4 10 3.2000 200.4200 0.8000 3.2000 0.0000 60.2446 63.3166 1.6879 0.1465  338.2857 0.0000 0.0000 0.0000 0.0000 338.2857
2022 9 4 11 3.2000 248.6000 0.8000 3.2000 0.0000 60.2338 63.3058 1.6876 0.1465  419.5332 0.0000 0.0000 0.0000 0.0000 419.5332
2022 9 4 12 3.2000 404.7600 0.8000 3.2000 0.0000 60.2231 63.2951 1.6873 0.1465  682.9445 0.0000 0.0000 0.0000 0.0000 682.9445
2022 9 4 13 3.2000 404.3900 0.8000 3.2000 0.0000 60.2123 63.2843 1.6870 0.1464  682.1985 0.0000 0.0000 0.0000 0.0000 682.1985
2022 9 4 14 3.2000 364.4300 0.8000 3.2000 0.0000 60.2016 63.2736 1.6867 0.1464  614.6771 0.0000 0.0000 0.0000 0.0000 614.6771
2022 9 4 15 3.2000 248.5300 0.8000 3.2000 0.0000 60.1909 63.2629 1.6864 0.1464  419.1160 0.0000 0.0000 0.0000 0.0000 419.1160
2022 9 4 16 3.2000 410.2000 0.8000 3.2000 0.0000 60.1801 63.2521 1.6861 0.1464  691.6297 0.0000 0.0000 0.0000 0.0000 691.6297
2022 9 4 17 3.2000 442.0700 0.8000 3.2000 0.0000 60.1694 63.2414 1.6858 0.1463  745.2323 0.0000 0.0000 0.0000 0.0000 745.2323
2022 9 4 18 3.2000 501.0600 0.8000 3.2000 0.0000 60.1587 63.2307 1.6855 0.1463  844.5262 0.0000 0.0000 0.0000 0.0000 844.5262
2022 9 4 19 3.2000 500.6000 0.8000 3.2000 0.0000 60.1480 63.2200 1.6852 0.1463  843.6009 0.0000 0.0000 0.0000 0.0000 843.6009
2022 9 4 20 3.2000 449.0300 0.8000 3.2000 0.0000 60.1373 63.2093 1.6849 0.1463  756.5616 0.0000 0.0000 0.0000 0.0000 756.5616
2022 9 4 21 3.2000 418.8500 0.8000 3.2000 0.0000 60.1266 63.1986 1.6846 0.1462  705.5866 0.0000 0.0000 0.0000 0.0000 705.5866
2022 9 4 22 3.2000 344.0800 0.8000 3.2000 0.0000 60.1160 63.1880 1.6843 0.1462  579.5277 0.0000 0.0000 0.0000 0.0000 579.5277
2022 9 4 23 3.2000 275.7500 0.8000 3.2000 0.0000 60.1053 63.1773 1.6840 0.1462  464.3583 0.0000 0.0000 0.0000 0.0000 464.3583
2022 9 5 0 3.2000 225.3100 0.8000 3.2000 0.0000 60.0947 63.1667 1.6837 0.1462  379.3509 0.0000 0.0000 0.0000 0.0000 379.3509
2022 9 5 1 3.2000 217.5800 0.8000 3.2000 0.0000 60.0840 63.1560 1.6834 0.1461  366.2711 0.0000 0.0000 0.0000 0.0000 366.2711
2022 9 5 2 3.2000 228.2200 0.8000 3.2000 0.0000 60.0733 63.1453 1.6831 0.1461  384.1141 0.0000 0.0000 0.0000 0.0000 384.1141
2022 9 5 3 3.2000 245.1000 0.8000 3.2000 0.0000 60.0627 63.1347 1.6828 0.1461  412.4515 0.0000 0.0000 0.0000 0.0000 412.4515
2022 9 5 4 3.2000 376.3900 0.8000 3.2000 0.0000 60.0521 63.1241 1.6825 0.1460  633.2729 0.0000 0.0000 0.0000 0.0000 633.2729
2022 9 5 5 3.2000 457.3400 0.8000 3.2000 0.0000 60.0414 63.1134 1.6822 0.1460  769.3344 0.0000 0.0000 0.0000 0.0000 769.3344
2022 9 5 6 3.2000 503.6800 0.8000 3.2000 0.0000 60.0308 63.1028 1.6819 0.1460  847.1375 0.0000 0.0000 0.0000 0.0000 847.1375
2022 9 5 7 3.2000 517.0400 0.8000 3.2000 0.0000 60.0202 63.0922 1.6816 0.1460  869.4543 0.0000 0.0000 0.0000 0.0000 869.4543
2022 9 5 8 3.2000 476.2600 0.8000 3.2000 0.0000 60.0097 63.0817 1.6813 0.1459  800.7377 0.0000 0.0000 0.0000 0.0000 800.7377
2022 9 5 9 3.2000 429.2600 0.8000 3.2000 0.0000 59.9991 63.0711 1.6810 0.1459  721.5898 0.0000 0.0000 0.0000 0.0000 721.5898
2022 9 5 10 3.2000 385.8200 0.8000 3.2000 0.0000 59.9886 63.0606 1.6807 0.1459  648.4531 0.0000 0.0000 0.0000 0.0000 648.4531
2022 9 5 11 3.2000 402.6600 0.8000 3.2000 0.0000 59.9781 63.0501 1.6804 0.1459  676.6377 0.0000 0.0000 0.0000 0.0000 676.6377
2022 9 5 12 3.2000 398.7600 0.8000 3.2000 0.0000 59.9676 63.0396 1.6801 0.1458  669.9667 0.0000 0.0000 0.0000 0.0000 669.9667
2022 9 5 13 3.2000 291.4200 0.8000 3.2000 0.0000 59.9571 63.0291 1.6798 0.1458  489.5364 0.0000 0.0000 0.0000 0.0000 489.5364
2022 9 5 14 3.2000 402.6800 0.8000 3.2000 0.0000 59.9466 63.0186 1.6795 0.1458  676.3161 0.0000 0.0000 0.0000 0.0000 676.3161
2022 9 5 15 3.2000 401.9700 0.8000 3.2000 0.0000 59.9362 63.0082 1.6792 0.1458  675.0059 0.0000 0.0000 0.0000 0.0000 675.0059
2022 9 5 16 3.2000 484.3400 0.8000 3.2000 0.0000 59.9257 62.9977 1.6790 0.1457  813.1837 0.0000 0.0000 0.0000 0.0000 813.1837
2022 9 5 17 3.2000 546.8400 0.8000 3.2000 0.0000 59.9153 62.9873 1.6787 0.1457  917.9583 0.0000 0.0000 0.0000 0.0000 917.9583
2022 9 5 18 3.2000 579.7300 0.8000 3.2000 0.0000 59.9049 62.9769 1.6784 0.1457  972.9998 0.0000 0.0000 0.0000 0.0000 972.9998
2022 9 5 19 3.2000 504.0000 0.8000 3.2000 0.0000 59.8944 62.9664 1.6781 0.1457  845.7497 0.0000 0.0000 0.0000 0.0000 845.7497
2022 9 5 20 3.2000 417.8100 0.8000 3.2000 0.0000 59.8840 62.9560 1.6778 0.1456  700.9942 0.0000 0.0000 0.0000 0.0000 700.9942
2022 9 5 21 3.2000 329.4400 0.8000 3.2000 0.0000 59.8736 62.9456 1.6775 0.1456  552.6323 0.0000 0.0000 0.0000 0.0000 552.6323
2022 9 5 22 3.2000 230.8900 0.8000 3.2000 0.0000 59.8631 62.9351 1.6772 0.1456  387.2482 0.0000 0.0000 0.0000 0.0000 387.2482
2022 9 5 23 3.2000 279.5100 0.8000 3.2000 0.0000 59.8527 62.9247 1.6769 0.1456  468.7122 0.0000 0.0000 0.0000 0.0000 468.7122
2022 9 6 0 3.2000 305.4700 0.8000 3.2000 0.0000 59.8423 62.9143 1.6766 0.1455  512.1556 0.0000 0.0000 0.0000 0.0000 512.1556
2022 9 6 1 3.2000 282.3100 0.8000 3.2000 0.0000 59.8319 62.9039 1.6763 0.1455  473.2430 0.0000 0.0000 0.0000 0.0000 473.2430
2022 9 6 2 3.2000 289.6700 0.8000 3.2000 0.0000 59.8216 62.8936 1.6760 0.1455  485.4965 0.0000 0.0000 0.0000 0.0000 485.4965
2022 9 6 3 3.2000 293.6400 0.8000 3.2000 0.0000 59.8112 62.8832 1.6757 0.1455  492.0651 0.0000 0.0000 0.0000 0.0000 492.0651
2022 9 6 4 3.2000 393.0700 0.8000 3.2000 0.0000 59.8008 62.8728 1.6755 0.1454  658.5702 0.0000 0.0000 0.0000 0.0000 658.5702
2022 9 6 5 3.2000 462.0400 0.8000 3.2000 0.0000 59.7905 62.8625 1.6752 0.1454  773.9925 0.0000 0.0000 0.0000 0.0000 773.9925
2022 9 6 6 3.2000 521.0100 0.8000 3.2000 0.0000 59.7802 62.8522 1.6749 0.1454  872.6262 0.0000 0.0000 0.0000 0.0000 872.6262
2022 9 6 7 3.2000 540.1400 0.8000 3.2000 0.0000 59.7699 62.8419 1.6746 0.1454  904.5105 0.0000 0.0000 0.0000 0.0000 904.5105
2022 9 6 8 3.2000 474.4700 0.8000 3.2000 0.0000 59.7596 62.8316 1.6743 0.1453  794.4037 0.0000 0.0000 0.0000 0.0000 794.4037
2022 9 6 9 3.2000 441.4400 0.8000 3.2000 0.0000 59.7493 62.8213 1.6740 0.1453  738.9747 0.0000 0.0000 0.0000 0.0000 738.9747
2022 9 6 10 3.2000 311.8200 0.8000 3.2000 0.0000 59.7391 62.8111 1.6737 0.1453  521.9002 0.0000 0.0000 0.0000 0.0000 521.9002
2022 9 6 11 3.2000 261.3000 0.8000 3.2000 0.0000 59.7289 62.8009 1.6734 0.1453  437.2689 0.0000 0.0000 0.0000 0.0000 437.2689
2022 9 6 12 3.2000 273.5200 0.8000 3.2000 0.0000 59.7187 62.7907 1.6732 0.1452  457.6400 0.0000 0.0000 0.0000 0.0000 457.6400
2022 9 6 13 3.2000 286.6500 0.8000 3.2000 0.0000 59.7085 62.7805 1.6729 0.1452  479.5266 0.0000 0.0000 0.0000 0.0000 479.5266
2022 9 6 14 3.2000 386.9200 0.8000 3.2000 0.0000 59.6983 62.7703 1.6726 0.1452  647.1547 0.0000 0.0000 0.0000 0.0000 647.1547
2022 9 6 15 3.2000 472.2400 0.8000 3.2000 0.0000 59.6882 62.7602 1.6723 0.1452  789.7253 0.0000 0.0000 0.0000 0.0000 789.7253
2022 9 6 16 3.2000 481.7900 0.8000 3.2000 0.0000 59.6781 62.7501 1.6720 0.1451  805.5594 0.0000 0.0000 0.0000 0.0000 805.5594
2022 9 6 17 3.2000 525.8500 0.8000 3.2000 0.0000 59.6680 62.7400 1.6717 0.1451  879.0794 0.0000 0.0000 0.0000 0.0000 879.0794
2022 9 6 18 3.2000 549.4500 0.8000 3.2000 0.0000 59.6579 62.7299 1.6714 0.1451  918.3768 0.0000 0.0000 0.0000 0.0000 918.3768
2022 9 6 19 3.2000 541.0200 0.8000 3.2000 0.0000 59.6478 62.7198 1.6712 0.1451  904.1331 0.0000 0.0000 0.0000 0.0000 904.1331
2022 9 6 20 3.2000 509.6200 0.8000 3.2000 0.0000 59.6376 62.7096 1.6709 0.1450  851.5137 0.0000 0.0000 0.0000 0.0000 851.5137
2022 9 6 21 3.2000 466.2000 0.8000 3.2000 0.0000 59.6275 62.6995 1.6706 0.1450  778.8317 0.0000 0.0000 0.0000 0.0000 778.8317
2022 9 6 22 3.2000 453.1000 0.8000 3.2000 0.0000 59.6173 62.6893 1.6703 0.1450  756.8182 0.0000 0.0000 0.0000 0.0000 756.8182
2022 9 6 23 3.2000 421.7600 0.8000 3.2000 0.0000 59.6072 62.6792 1.6700 0.1450  704.3508 0.0000 0.0000 0.0000 0.0000 704.3508
2022 9 7 0 3.2000 391.3100 0.8000 3.2000 0.0000 59.5971 62.6691 1.6697 0.1449  653.3873 0.0000 0.0000 0.0000 0.0000 653.3873
2022 9 7 1 3.2000 374.3800 0.8000 3.2000 0.0000 59.5869 62.6589 1.6695 0.1449  625.0120 0.0000 0.0000 0.0000 0.0000 625.0120
2022 9 7 2 3.2000 373.0200 0.8000 3.2000 0.0000 59.5767 62.6487 1.6692 0.1449  622.6351 0.0000 0.0000 0.0000 0.0000 622.6351
2022 9 7 3 3.2000 394.9700 0.8000 3.2000 0.0000 59.5666 62.6386 1.6689 0.1449  659.1609 0.0000 0.0000 0.0000 0.0000 659.1609
2022 9 7 4 3.2000 402.2600 0.8000 3.2000 0.0000 59.5564 62.6284 1.6686 0.1448  671.2124 0.0000 0.0000 0.0000 0.0000 671.2124
2022 9 7 5 3.2000 467.0300 0.8000 3.2000 0.0000 59.5462 62.6182 1.6683 0.1448  779.1547 0.0000 0.0000 0.0000 0.0000 779.1547
2022 9 7 6 3.2000 498.4000 0.8000 3.2000 0.0000 59.5360 62.6080 1.6680 0.1448  831.3477 0.0000 0.0000 0.0000 0.0000 831.3477
2022 9 7 7 3.2000 502.5900 0.8000 3.2000 0.0000 59.5258 62.5978 1.6677 0.1448  838.1935 0.0000 0.0000 0.0000 0.0000 838.1935
2022 9 7 8 3.2000 494.7000 0.8000 3.2000 0.0000 59.5157 62.5877 1.6675 0.1447  824.8939 0.0000 0.0000 0.0000 0.0000 824.8939
2022 9 7 9 3.2000 464.9200 0.8000 3.2000 0.0000 59.5055 62.5775 1.6672 0.1447  775.1045 0.0000 0.0000 0.0000 0.0000 775.1045
2022 9 7 10 3.2000 445.5600 0.8000 3.2000 0.0000 59.4954 62.5674 1.6669 0.1447  742.7014 0.0000 0.0000 0.0000 0.0000 742.7014
2022 9 7 11 3.2000 401.2200 0.8000 3.2000 0.0000 59.4853 62.5573 1.6666 0.1447  668.6775 0.0000 0.0000 0.0000 0.0000 668.6775
2022 9 7 12 3.2000 397.7500 0.8000 3.2000 0.0000 59.4751 62.5471 1.6663 0.1446  662.7816 0.0000 0.0000 0.0000 0.0000 662.7816
2022 9 7 13 3.2000 404.9600 0.8000 3.2000 0.0000 59.4650 62.5370 1.6660 0.1446  674.6807 0.0000 0.0000 0.0000 0.0000 674.6807
2022 9 7 14 3.2000 408.3600 0.8000 3.2000 0.0000 59.4549 62.5269 1.6658 0.1446  680.2293 0.0000 0.0000 0.0000 0.0000 680.2293
2022 9 7 15 3.2000 466.8800 0.8000 3.2000 0.0000 59.4447 62.5167 1.6655 0.1446  777.5769 0.0000 0.0000 0.0000 0.0000 777.5769
2022 9 7 16 3.2000 499.4900 0.8000 3.2000 0.0000 59.4346 62.5066 1.6652 0.1445  831.7461 0.0000 0.0000 0.0000 0.0000 831.7461
2022 9 7 17 3.2000 520.7000 0.8000 3.2000 0.0000 59.4244 62.4964 1.6649 0.1445  866.9166 0.0000 0.0000 0.0000 0.0000 866.9166
2022 9 7 18 3.2000 544.1300 0.8000 3.2000 0.0000 59.4142 62.4862 1.6646 0.1445  905.7702 0.0000 0.0000 0.0000 0.0000 905.7702
2022 9 7 19 3.2000 524.2600 0.8000 3.2000 0.0000 59.4040 62.4760 1.6643 0.1445  872.5444 0.0000 0.0000 0.0000 0.0000 872.5444
2022 9 7 20 3.2000 502.1600 0.8000 3.2000 0.0000 59.3938 62.4658 1.6640 0.1444  835.6187 0.0000 0.0000 0.0000 0.0000 835.6187
2022 9 7 21 3.2000 484.5200 0.8000 3.2000 0.0000 59.3836 62.4556 1.6638 0.1444  806.1257 0.0000 0.0000 0.0000 0.0000 806.1257
2022 9 7 22 3.2000 434.1200 0.8000 3.2000 0.0000 59.3733 62.4453 1.6635 0.1444  722.1474 0.0000 0.0000 0.0000 0.0000 722.1474
2022 9 7 23 3.2000 439.0400 0.8000 3.2000 0.0000 59.3630 62.4350 1.6632 0.1444  730.2054 0.0000 0.0000 0.0000 0.0000 730.2054
2022 9 8 0 3.2000 405.0600 0.8000 3.2000 0.0000 59.3527 62.4247 1.6629 0.1443  673.5735 0.0000 0.0000 0.0000 0.0000 673.5735
2022 9 8 1 3.2000 397.6600 0.8000 3.2000 0.0000 59.3425 62.4145 1.6626 0.1443  661.1535 0.0000 0.0000 0.0000 0.0000 661.1535
2022 9 8 2 3.2000 379.4100 0.8000 3.2000 0.0000 59.3322 62.4042 1.6623 0.1443  630.7015 0.0000 0.0000 0.0000 0.0000 630.7015
2022 9 8 3 3.2000 376.7300 0.8000 3.2000 0.0000 59.3219 62.3939 1.6620 0.1443  626.1379 0.0000 0.0000 0.0000 0.0000 626.1379
2022 9 8 4 3.2000 439.1000 0.8000 3.2000 0.0000 59.3116 62.3836 1.6617 0.1442  729.6723 0.0000 0.0000 0.0000 0.0000 729.6723
2022 9 8 5 3.2000 459.8200 0.8000 3.2000 0.0000 59.3013 62.3733 1.6615 0.1442  763.9711 0.0000 0.0000 0.0000 0.0000 763.9711
2022 9 8 6 3.2000 486.0300 0.8000 3.2000 0.0000 59.2910 62.3630 1.6612 0.1442  807.3775 0.0000 0.0000 0.0000 0.0000 807.3775
2022 9 8 7 3.2000 504.4700 0.8000 3.2000 0.0000 59.2807 62.3527 1.6609 0.1442  837.8635 0.0000 0.0000 0.0000 0.0000 837.8635
2022 9 8 8 3.2000 473.3100 0.8000 3.2000 0.0000 59.2703 62.3423 1.6606 0.1441  785.9734 0.0000 0.0000 0.0000 0.0000 785.9734
2022 9 8 9 3.2000 465.6200 0.8000 3.2000 0.0000 59.2600 62.3320 1.6603 0.1441  773.0682 0.0000 0.0000 0.0000 0.0000 773.0682
2022 9 8 10 3.2000 438.5300 0.8000 3.2000 0.0000 59.2496 62.3216 1.6600 0.1441  727.9634 0.0000 0.0000 0.0000 0.0000 727.9634
2022 9 8 11 3.2000 426.1800 0.8000 3.2000 0.0000 59.2392 62.3112 1.6597 0.1441  707.3386 0.0000 0.0000 0.0000 0.0000 707.3386
2022 9 8 12 3.2000 407.0500 0.8000 3.2000 0.0000 59.2289 62.3009 1.6594 0.1440  675.4700 0.0000 0.0000 0.0000 0.0000 675.4700
2022 9 8 13 3.2000 397.2700 0.8000 3.2000 0.0000 59.2185 62.2905 1.6591 0.1440  659.1254 0.0000 0.0000 0.0000 0.0000 659.1254
2022 9 8 14 3.2000 402.0900 0.8000 3.2000 0.0000 59.2081 62.2801 1.6588 0.1440  667.0055 0.0000 0.0000 0.0000 0.0000 667.0055
2022 9 8 15 3.2000 413.1900 0.8000 3.2000 0.0000 59.1977 62.2697 1.6586 0.1440  685.2983 0.0000 0.0000 0.0000 0.0000 685.2983
2022 9 8 16 3.2000 452.1600 0.8000 3.2000 0.0000 59.1873 62.2593 1.6583 0.1439  749.8004 0.0000 0.0000 0.0000 0.0000 749.8004
2022 9 8 17 3.2000 467.2000 0.8000 3.2000 0.0000 59.1769 62.2489 1.6580 0.1439  774.6046 0.0000 0.0000 0.0000 0.0000 774.6046
2022 9 8 18 3.2000 478.3100 0.8000 3.2000 0.0000 59.1665 62.2385 1.6577 0.1439  792.8850 0.0000 0.0000 0.0000 0.0000 792.8850
2022 9 8 19 3.2000 484.0800 0.8000 3.2000 0.0000 59.1561 62.2281 1.6574 0.1439  802.3083 0.0000 0.0000 0.0000 0.0000 802.3083
2022 9 8 20 3.2000 450.0900 0.8000 3.2000 0.0000 59.1456 62.2176 1.6571 0.1438  745.8418 0.0000 0.0000 0.0000 0.0000 745.8418
2022 9 8 21 3.2000 391.6800 0.8000 3.2000 0.0000 59.1351 62.2071 1.6568 0.1438  648.9357 0.0000 0.0000 0.0000 0.0000 648.9357
2022 9 8 22 3.2000 332.2700 0.8000 3.2000 0.0000 59.1246 62.1966 1.6565 0.1438  550.4073 0.0000 0.0000 0.0000 0.0000 550.4073
2022 9 8 23 3.2000 310.0400 0.8000 3.2000 0.0000 59.1141 62.1861 1.6562 0.1438  513.4919 0.0000 0.0000 0.0000 0.0000 513.4919
2022 9 9 0 3.2000 246.1600 0.8000 3.2000 0.0000 59.1036 62.1756 1.6559 0.1437  407.6206 0.0000 0.0000 0.0000 0.0000 407.6206
2022 9 9 1 3.2000 211.8700 0.8000 3.2000 0.0000 59.0931 62.1651 1.6556 0.1437  350.7768 0.0000 0.0000 0.0000 0.0000 350.7768
2022 9 9 2 3.2000 199.4500 0.8000 3.2000 0.0000 59.0826 62.1546 1.6553 0.1437  330.1552 0.0000 0.0000 0.0000 0.0000 330.1552
2022 9 9 3 3.2000 234.9400 0.8000 3.2000 0.0000 59.0721 62.1441 1.6550 0.1437  388.8339 0.0000 0.0000 0.0000 0.0000 388.8339
2022 9 9 4 3.2000 288.6200 0.8000 3.2000 0.0000 59.0616 62.1336 1.6547 0.1436  477.5917 0.0000 0.0000 0.0000 0.0000 477.5917
2022 9 9 5 3.2000 371.2400 0.8000 3.2000 0.0000 59.0512 62.1232 1.6545 0.1436  614.1983 0.0000 0.0000 0.0000 0.0000 614.1983
2022 9 9 6 3.2000 419.0900 0.8000 3.2000 0.0000 59.0409 62.1129 1.6542 0.1436  693.2419 0.0000 0.0000 0.0000 0.0000 693.2419
2022 9 9 7 3.2000 419.5300 0.8000 3.2000 0.0000 59.0304 62.1024 1.6539 0.1436  693.8470 0.0000 0.0000 0.0000 0.0000 693.8470
2022 9 9 8 3.2000 404.5500 0.8000 3.2000 0.0000 59.0200 62.0920 1.6536 0.1435  668.9536 0.0000 0.0000 0.0000 0.0000 668.9536
2022 9 9 9 3.2000 376.5400 0.8000 3.2000 0.0000 59.0095 62.0815 1.6533 0.1435  622.5269 0.0000 0.0000 0.0000 0.0000 622.5269
2022 9 9 10 3.2000 341.6000 0.8000 3.2000 0.0000 58.9991 62.0711 1.6530 0.1435  564.6611 0.0000 0.0000 0.0000 0.0000 564.6611
2022 9 9 11 3.2000 351.8400 0.8000 3.2000 0.0000 58.9886 62.0606 1.6527 0.1435  581.4843 0.0000 0.0000 0.0000 0.0000 581.4843
2022 9 9 12 3.2000 302.8800 0.8000 3.2000 0.0000 58.9781 62.0501 1.6524 0.1434  500.4793 0.0000 0.0000 0.0000 0.0000 500.4793
2022 9 9 13 3.2000 304.3300 0.8000 3.2000 0.0000 58.9676 62.0396 1.6521 0.1434  502.7859 0.0000 0.0000 0.0000 0.0000 502.7859
2022 9 9 14 3.2000 301.3700 0.8000 3.2000 0.0000 58.9571 62.0291 1.6518 0.1434  497.8071 0.0000 0.0000 0.0000 0.0000 497.8071
2022 9 9 15 3.2000 377.1900 0.8000 3.2000 0.0000 58.9466 62.0186 1.6515 0.1434  622.9365 0.0000 0.0000 0.0000 0.0000 622.9365
2022 9 9 16 3.2000 403.7700 0.8000 3.2000 0.0000 58.9361 62.0081 1.6512 0.1433  666.7152 0.0000 0.0000 0.0000 0.0000 666.7152
2022 9 9 17 3.2000 423.2800 0.8000 3.2000 0.0000 58.9256 61.9976 1.6509 0.1433  698.8059 0.0000 0.0000 0.0000 0.0000 698.8059
2022 9 9 18 3.2000 454.4300 0.8000 3.2000 0.0000 58.9150 61.9870 1.6506 0.1433  750.0978 0.0000 0.0000 0.0000 0.0000 750.0978
2022 9 9 19 3.2000 452.1400 0.8000 3.2000 0.0000 58.9044 61.9764 1.6503 0.1433  746.1836 0.0000 0.0000 0.0000 0.0000 746.1836
2022 9 9 20 3.2000 408.3400 0.8000 3.2000 0.0000 58.8938 61.9658 1.6500 0.1432  673.7772 0.0000 0.0000 0.0000 0.0000 673.7772
2022 9 9 21 3.2000 388.4600 0.8000 3.2000 0.0000 58.8832 61.9552 1.6497 0.1432  640.8588 0.0000 0.0000 0.0000 0.0000 640.8588
2022 9 9 22 3.2000 388.7900 0.8000 3.2000 0.0000 58.8725 61.9445 1.6494 0.1432  641.2873 0.0000 0.0000 0.0000 0.0000 641.2873
2022 9 9 23 3.2000 399.9600 0.8000 3.2000 0.0000 58.8619 61.9339 1.6491 0.1432  659.5921 0.0000 0.0000 0.0000 0.0000 659.5921
2022 9 10 0 3.2000 369.7600 0.8000 3.2000 0.0000 58.8512 61.9232 1.6488 0.1431  609.6775 0.0000 0.0000 0.0000 0.0000 609.6775
2022 9 10 1 3.2000 361.7900 0.8000 3.2000 0.0000 58.8405 61.9125 1.6485 0.1431  596.4279 0.0000 0.0000 0.0000 0.0000 596.4279
2022 9 10 2 3.2000 357.6700 0.8000 3.2000 0.0000 58.8298 61.9018 1.6482 0.1431  589.5287 0.0000 0.0000 0.0000 0.0000 589.5287
2022 9 10 3 3.2000 357.6900 0.8000 3.2000 0.0000 58.8191 61.8911 1.6479 0.1431  589.4544 0.0000 0.0000 0.0000 0.0000 589.4544
2022 9 10 4 3.2000 366.6100 0.8000 3.2000 0.0000 58.8084 61.8804 1.6476 0.1430  604.0444 0.0000 0.0000 0.0000 0.0000 604.0444
2022 9 10 5 3.2000 392.6200 0.8000 3.2000 0.0000 58.7978 61.8698 1.6474 0.1430  646.7827 0.0000 0.0000 0.0000 0.0000 646.7827
2022 9 10 6 3.2000 405.5500 0.8000 3.2000 0.0000 58.7872 61.8592 1.6471 0.1430  667.9622 0.0000 0.0000 0.0000 0.0000 667.9622
2022 9 10 7 3.2000 422.6400 0.8000 3.2000 0.0000 58.7766 61.8486 1.6468 0.1429  695.9845 0.0000 0.0000 0.0000 0.0000 695.9845
2022 9 10 8 3.2000 420.7900 0.8000 3.2000 0.0000 58.7659 61.8379 1.6465 0.1429  692.8128 0.0000 0.0000 0.0000 0.0000 692.8128
2022 9 10 9 3.2000 441.6700 0.8000 3.2000 0.0000 58.7553 61.8273 1.6462 0.1429  727.0596 0.0000 0.0000 0.0000 0.0000 727.0596
2022 9 10 10 3.2000 430.7900 0.8000 3.2000 0.0000 58.7448 61.8168 1.6459 0.1429  709.0218 0.0000 0.0000 0.0000 0.0000 709.0218
2022 9 10 11 3.2000 411.8500 0.8000 3.2000 0.0000 58.7343 61.8063 1.6456 0.1428  677.7280 0.0000 0.0000 0.0000 0.0000 677.7280
2022 9 10 12 3.2000 365.5500 0.8000 3.2000 0.0000 58.7238 61.7958 1.6453 0.1428  601.4314 0.0000 0.0000 0.0000 0.0000 601.4314
2022 9 10 13 3.2000 359.3500 0.8000 3.2000 0.0000 58.7134 61.7854 1.6450 0.1428  591.1260 0.0000 0.0000 0.0000 0.0000 591.1260
2022 9 10 14 3.2000 363.8900 0.8000 3.2000 0.0000 58.7031 61.7751 1.6447 0.1428  598.4886 0.0000 0.0000 0.0000 0.0000 598.4886
2022 9 10 15 3.2000 394.0800 0.8000 3.2000 0.0000 58.6928 61.7648 1.6444 0.1427  648.0281 0.0000 0.0000 0.0000 0.0000 648.0281
2022 9 10 16 3.2000 457.2000 0.8000 3.2000 0.0000 58.6825 61.7545 1.6441 0.1427  751.6912 0.0000 0.0000 0.0000 0.0000 751.6912
2022 9 10 17 3.2000 441.1300 0.8000 3.2000 0.0000 58.6722 61.7442 1.6438 0.1427  725.1428 0.0000 0.0000 0.0000 0.0000 725.1428
2022 9 10 18 3.2000 478.8600 0.8000 3.2000 0.0000 58.6619 61.7339 1.6435 0.1427  787.0269 0.0000 0.0000 0.0000 0.0000 787.0269
2022 9 10 19 3.2000 478.7500 0.8000 3.2000 0.0000 58.6517 61.7237 1.6433 0.1426  786.7089 0.0000 0.0000 0.0000 0.0000 786.7089
2022 9 10 20 3.2000 453.0000 0.8000 3.2000 0.0000 58.6414 61.7134 1.6430 0.1426  744.2649 0.0000 0.0000 0.0000 0.0000 744.2649
2022 9 10 21 3.2000 448.9200 0.8000 3.2000 0.0000 58.6312 61.7032 1.6427 0.1426  737.4327 0.0000 0.0000 0.0000 0.0000 737.4327
2022 9 10 22 3.2000 447.8000 0.8000 3.2000 0.0000 58.6209 61.6929 1.6424 0.1426  735.4645 0.0000 0.0000 0.0000 0.0000 735.4645
2022 9 10 23 3.2000 434.5600 0.8000 3.2000 0.0000 58.6107 61.6827 1.6421 0.1425  713.5950 0.0000 0.0000 0.0000 0.0000 713.5950
2022 9 11 0 3.2000 397.0500 0.8000 3.2000 0.0000 58.6005 61.6725 1.6418 0.1425  651.8861 0.0000 0.0000 0.0000 0.0000 651.8861
2022 9 11 1 3.2000 397.0400 0.8000 3.2000 0.0000 58.5904 61.6624 1.6415 0.1425  651.7563 0.0000 0.0000 0.0000 0.0000 651.7563
2022 9 11 2 3.2000 380.7100 0.8000 3.2000 0.0000 58.5802 61.6522 1.6413 0.1425  624.8414 0.0000 0.0000 0.0000 0.0000 624.8414
2022 9 11 3 3.2000 369.7000 0.8000 3.2000 0.0000 58.5700 61.6420 1.6410 0.1424  606.6658 0.0000 0.0000 0.0000 0.0000 606.6658
2022 9 11 4 3.2000 380.5100 0.8000 3.2000 0.0000 58.5598 61.6318 1.6407 0.1424  624.2964 0.0000 0.0000 0.0000 0.0000 624.2964
2022 9 11 5 3.2000 390.0100 0.8000 3.2000 0.0000 58.5497 61.6217 1.6404 0.1424  639.7721 0.0000 0.0000 0.0000 0.0000 639.7721
2022 9 11 6 3.2000 396.1600 0.8000 3.2000 0.0000 58.5395 61.6115 1.6401 0.1424  649.7478 0.0000 0.0000 0.0000 0.0000 649.7478
2022 9 11 7 3.2000 413.7900 0.8000 3.2000 0.0000 58.5294 61.6014 1.6398 0.1423  678.5452 0.0000 0.0000 0.0000 0.0000 678.5452
2022 9 11 8 3.2000 414.6400 0.8000 3.2000 0.0000 58.5192 61.5912 1.6395 0.1423  679.8213 0.0000 0.0000 0.0000 0.0000 679.8213
2022 9 11 9 3.2000 400.5900 0.8000 3.2000 0.0000 58.5091 61.5811 1.6393 0.1423  656.6721 0.0000 0.0000 0.0000 0.0000 656.6721
2022 9 11 10 3.2000 391.8700 0.8000 3.2000 0.0000 58.4990 61.5710 1.6390 0.1423  642.2668 0.0000 0.0000 0.0000 0.0000 642.2668
2022 9 11 11 3.2000 371.2000 0.8000 3.2000 0.0000 58.4889 61.5609 1.6387 0.1422  608.2840 0.0000 0.0000 0.0000 0.0000 608.2840
2022 9 11 12 3.2000 344.8200 0.8000 3.2000 0.0000 58.4788 61.5508 1.6384 0.1422  564.9574 0.0000 0.0000 0.0000 0.0000 564.9574
2022 9 11 13 3.2000 284.3200 0.8000 3.2000 0.0000 58.4687 61.5407 1.6381 0.1422  465.7529 0.0000 0.0000 0.0000 0.0000 465.7529
2022 9 11 14 3.2000 306.2400 0.8000 3.2000 0.0000 58.4586 61.5306 1.6378 0.1422  501.5738 0.0000 0.0000 0.0000 0.0000 501.5738
2022 9 11 15 3.2000 376.2900 0.8000 3.2000 0.0000 58.4484 61.5204 1.6376 0.1421  616.1980 0.0000 0.0000 0.0000 0.0000 616.1980
2022 9 11 16 3.2000 426.0100 0.8000 3.2000 0.0000 58.4383 61.5103 1.6373 0.1421  697.4965 0.0000 0.0000 0.0000 0.0000 697.4965
2022 9 11 17 3.2000 465.2000 0.8000 3.2000 0.0000 58.4281 61.5001 1.6370 0.1421  761.5293 0.0000 0.0000 0.0000 0.0000 761.5293
2022 9 11 18 3.2000 493.3800 0.8000 3.2000 0.0000 58.4180 61.4900 1.6367 0.1421  807.5196 0.0000 0.0000 0.0000 0.0000 807.5196
2022 9 11 19 3.2000 504.5400 0.8000 3.2000 0.0000 58.4078 61.4798 1.6364 0.1421  825.6416 0.0000 0.0000 0.0000 0.0000 825.6416
2022 9 11 20 3.2000 484.5300 0.8000 3.2000 0.0000 58.3977 61.4697 1.6361 0.1420  792.7586 0.0000 0.0000 0.0000 0.0000 792.7586
2022 9 11 21 3.2000 450.8800 0.8000 3.2000 0.0000 58.3875 61.4595 1.6359 0.1420  737.5740 0.0000 0.0000 0.0000 0.0000 737.5740
2022 9 11 22 3.2000 403.6900 0.8000 3.2000 0.0000 58.3773 61.4493 1.6356 0.1420  660.2629 0.0000 0.0000 0.0000 0.0000 660.2629
2022 9 11 23 3.2000 357.1600 0.8000 3.2000 0.0000 58.3671 61.4391 1.6353 0.1420  584.0579 0.0000 0.0000 0.0000 0.0000 584.0579
2022 9 12 0 3.2000 365.7900 0.8000 3.2000 0.0000 58.3569 61.4289 1.6350 0.1419  598.0657 0.0000 0.0000 0.0000 0.0000 598.0657
2022 9 12 1 3.2000 365.2900 0.8000 3.2000 0.0000 58.3467 61.4187 1.6347 0.1419  597.1436 0.0000 0.0000 0.0000 0.0000 597.1436
2022 9 12 2 3.2000 360.0400 0.8000 3.2000 0.0000 58.3365 61.4085 1.6344 0.1419  588.4584 0.0000 0.0000 0.0000 0.0000 588.4584
2022 9 12 3 3.2000 363.6300 0.8000 3.2000 0.0000 58.3263 61.3983 1.6341 0.1419  594.2219 0.0000 0.0000 0.0000 0.0000 594.2219
2022 9 12 4 3.2000 401.1500 0.8000 3.2000 0.0000 58.3160 61.3880 1.6339 0.1418  655.4198 0.0000 0.0000 0.0000 0.0000 655.4198
2022 9 12 5 3.2000 454.5300 0.8000 3.2000 0.0000 58.3058 61.3778 1.6336 0.1418  742.5042 0.0000 0.0000 0.0000 0.0000 742.5042
2022 9 12 6 3.2000 486.6800 0.8000 3.2000 0.0000 58.2955 61.3675 1.6333 0.1418  794.8836 0.0000 0.0000 0.0000 0.0000 794.8836
2022 9 12 7 3.2000 489.8100 0.8000 3.2000 0.0000 58.2853 61.3573 1.6330 0.1418  799.8548 0.0000 0.0000 0.0000 0.0000 799.8548
2022 9 12 8 3.2000 458.5800 0.8000 3.2000 0.0000 58.2750 61.3470 1.6327 0.1417  748.7243 0.0000 0.0000 0.0000 0.0000 748.7243
2022 9 12 9 3.2000 417.6200 0.8000 3.2000 0.0000 58.2647 61.3367 1.6324 0.1417  681.7285 0.0000 0.0000 0.0000 0.0000 681.7285
2022 9 12 10 3.2000 370.5200 0.8000 3.2000 0.0000 58.2544 61.3264 1.6321 0.1417  604.7350 0.0000 0.0000 0.0000 0.0000 604.7350
2022 9 12 11 3.2000 362.2600 0.8000 3.2000 0.0000 58.2441 61.3161 1.6318 0.1417  591.1492 0.0000 0.0000 0.0000 0.0000 591.1492
2022 9 12 12 3.2000 339.4700 0.8000 3.2000 0.0000 58.2338 61.3058 1.6315 0.1416  553.8618 0.0000 0.0000 0.0000 0.0000 553.8618
2022 9 12 13 3.2000 347.4200 0.8000 3.2000 0.0000 58.2235 61.2955 1.6313 0.1416  566.7325 0.0000 0.0000 0.0000 0.0000 566.7325
2022 9 12 14 3.2000 354.9400 0.8000 3.2000 0.0000 58.2132 61.2852 1.6310 0.1416  578.8974 0.0000 0.0000 0.0000 0.0000 578.8974
2022 9 12 15 3.2000 407.2800 0.8000 3.2000 0.0000 58.2030 61.2750 1.6307 0.1416  664.1458 0.0000 0.0000 0.0000 0.0000 664.1458
2022 9 12 16 3.2000 457.5900 0.8000 3.2000 0.0000 58.1928 61.2648 1.6304 0.1415  746.0549 0.0000 0.0000 0.0000 0.0000 746.0549
2022 9 12 17 3.2000 490.3000 0.8000 3.2000 0.0000 58.1826 61.2546 1.6301 0.1415  799.2454 0.0000 0.0000 0.0000 0.0000 799.2454
2022 9 12 18 3.2000 495.5800 0.8000 3.2000 0.0000 58.1725 61.2445 1.6298 0.1415  807.7122 0.0000 0.0000 0.0000 0.0000 807.7122
2022 9 12 19 3.2000 486.8400 0.8000 3.2000 0.0000 58.1627 61.2347 1.6296 0.1415  793.3337 0.0000 0.0000 0.0000 0.0000 793.3337
2022 9 12 20 3.2000 449.5400 0.8000 3.2000 0.0000 58.1542 61.2262 1.6293 0.1414  732.4433 0.0000 0.0000 0.0000 0.0000 732.4433
2022 9 12 21 3.2000 375.1400 0.8000 3.2000 0.0000 58.1478 61.2198 1.6291 0.1414  611.1557 0.0000 0.0000 0.0000 0.0000 611.1557
2022 9 12 22 3.2000 341.6700 0.8000 3.2000 0.0000 58.1434 61.2154 1.6290 0.1414  556.5853 0.0000 0.0000 0.0000 0.0000 556.5853
2022 9 12 23 3.2000 349.1800 0.8000 3.2000 0.0000 58.1396 61.2116 1.6289 0.1414  568.7829 0.0000 0.0000 0.0000 0.0000 568.7829
2022 9 13 0 3.2000 302.8800 0.8000 3.2000 0.0000 58.1362 61.2082 1.6288 0.1414  493.3351 0.0000 0.0000 0.0000 0.0000 493.3351
2022 9 13 1 3.2000 289.9200 0.8000 3.2000 0.0000 58.1327 61.2047 1.6287 0.1414  472.1973 0.0000 0.0000 0.0000 0.0000 472.1973
2022 9 13 2 3.2000 303.0000 0.8000 3.2000 0.0000 58.1289 61.2009 1.6286 0.1414  493.4689 0.0000 0.0000 0.0000 0.0000 493.4689
2022 9 13 3 3.2000 311.0300 0.8000 3.2000 0.0000 58.1249 61.1969 1.6285 0.1414  506.5112 0.0000 0.0000 0.0000 0.0000 506.5112
2022 9 13 4 3.2000 308.9200 0.8000 3.2000 0.0000 58.1206 61.1926 1.6284 0.1414  503.0378 0.0000 0.0000 0.0000 0.0000 503.0378
2022 9 13 5 3.2000 394.8500 0.8000 3.2000 0.0000 58.1161 61.1881 1.6283 0.1413  642.9146 0.0000 0.0000 0.0000 0.0000 642.9146
2022 9 13 6 3.2000 444.2200 0.8000 3.2000 0.0000 58.1115 61.1835 1.6281 0.1413  723.2445 0.0000 0.0000 0.0000 0.0000 723.2445
2022 9 13 7 3.2000 454.6600 0.8000 3.2000 0.0000 58.1069 61.1789 1.6280 0.1413  740.1835 0.0000 0.0000 0.0000 0.0000 740.1835
2022 9 13 8 3.2000 445.1700 0.8000 3.2000 0.0000 58.1023 61.1743 1.6279 0.1413  724.6764 0.0000 0.0000 0.0000 0.0000 724.6764
2022 9 13 9 3.2000 434.5700 0.8000 3.2000 0.0000 58.0977 61.1697 1.6277 0.1413  707.3654 0.0000 0.0000 0.0000 0.0000 707.3654
2022 9 13 10 3.2000 442.0500 0.8000 3.2000 0.0000 58.0932 61.1652 1.6276 0.1413  719.4846 0.0000 0.0000 0.0000 0.0000 719.4846
2022 9 13 11 3.2000 345.7200 0.8000 3.2000 0.0000 58.0886 61.1606 1.6275 0.1413  562.6528 0.0000 0.0000 0.0000 0.0000 562.6528
2022 9 13 12 3.2000 334.8100 0.8000 3.2000 0.0000 58.0840 61.1560 1.6274 0.1413  544.8536 0.0000 0.0000 0.0000 0.0000 544.8536
2022 9 13 13 3.2000 340.6700 0.8000 3.2000 0.0000 58.0793 61.1513 1.6272 0.1413  554.3451 0.0000 0.0000 0.0000 0.0000 554.3451
2022 9 13 14 3.2000 354.9900 0.8000 3.2000 0.0000 58.0745 61.1465 1.6271 0.1412  577.5993 0.0000 0.0000 0.0000 0.0000 577.5993
2022 9 13 15 3.2000 372.5300 0.8000 3.2000 0.0000 58.0697 61.1417 1.6269 0.1412  606.0875 0.0000 0.0000 0.0000 0.0000 606.0875
2022 9 13 16 3.2000 414.6100 0.8000 3.2000 0.0000 58.0646 61.1366 1.6268 0.1412  674.4906 0.0000 0.0000 0.0000 0.0000 674.4906
2022 9 13 17 3.2000 449.3400 0.8000 3.2000 0.0000 58.0593 61.1313 1.6267 0.1412  730.9232 0.0000 0.0000 0.0000 0.0000 730.9232
2022 9 13 18 3.2000 468.8000 0.8000 3.2000 0.0000 58.0539 61.1259 1.6265 0.1412  762.5068 0.0000 0.0000 0.0000 0.0000 762.5068
2022 9 13 19 3.2000 465.7900 0.8000 3.2000 0.0000 58.0483 61.1203 1.6264 0.1412  757.5388 0.0000 0.0000 0.0000 0.0000 757.5388
2022 9 13 20 3.2000 425.4300 0.8000 3.2000 0.0000 58.0427 61.1147 1.6262 0.1412  691.8319 0.0000 0.0000 0.0000 0.0000 691.8319
2022 9 13 21 3.2000 388.8200 0.8000 3.2000 0.0000 58.0369 61.1089 1.6260 0.1411  632.2340 0.0000 0.0000 0.0000 0.0000 632.2340
2022 9 13 22 3.2000 333.2800 0.8000 3.2000 0.0000 58.0310 61.1030 1.6259 0.1411  541.8686 0.0000 0.0000 0.0000 0.0000 541.8686
2022 9 13 23 3.2000 355.7400 0.8000 3.2000 0.0000 58.0249 61.0969 1.6257 0.1411  578.3248 0.0000 0.0000 0.0000 0.0000 578.3248
2022 9 14 0 3.2000 319.5800 0.8000 3.2000 0.0000 58.0187 61.0907 1.6255 0.1411  519.4844 0.0000 0.0000 0.0000 0.0000 519.4844
2022 9 14 1 3.2000 329.7100 0.8000 3.2000 0.0000 58.0125 61.0845 1.6253 0.1411  535.8938 0.0000 0.0000 0.0000 0.0000 535.8938
2022 9 14 2 3.2000 325.5600 0.8000 3.2000 0.0000 58.0063 61.0783 1.6252 0.1411  529.0916 0.0000 0.0000 0.0000 0.0000 529.0916
2022 9 14 3 3.2000 337.0300 0.8000 3.2000 0.0000 57.9999 61.0719 1.6250 0.1411  547.6725 0.0000 0.0000 0.0000 0.0000 547.6725
2022 9 14 4 3.2000 363.8700 0.8000 3.2000 0.0000 57.9935 61.0655 1.6248 0.1410  591.2215 0.0000 0.0000 0.0000 0.0000 591.2215
2022 9 14 5 3.2000 413.8000 0.8000 3.2000 0.0000 57.9869 61.0589 1.6246 0.1410  672.2720 0.0000 0.0000 0.0000 0.0000 672.2720
2022 9 14 6 3.2000 460.5400 0.8000 3.2000 0.0000 57.9802 61.0522 1.6244 0.1410  748.1212 0.0000 0.0000 0.0000 0.0000 748.1212
2022 9 14 7 3.2000 478.9300 0.8000 3.2000 0.0000 57.9735 61.0455 1.6243 0.1410  777.9044 0.0000 0.0000 0.0000 0.0000 777.9044
2022 9 14 8 3.2000 486.6400 0.8000 3.2000 0.0000 57.9667 61.0387 1.6241 0.1410  790.3349 0.0000 0.0000 0.0000 0.0000 790.3349
2022 9 14 9 3.2000 478.5400 0.8000 3.2000 0.0000 57.9598 61.0318 1.6239 0.1410  777.0883 0.0000 0.0000 0.0000 0.0000 777.0883
2022 9 14 10 3.2000 476.0000 0.8000 3.2000 0.0000 57.9530 61.0250 1.6237 0.1409  772.8716 0.0000 0.0000 0.0000 0.0000 772.8716
2022 9 14 11 3.2000 460.8700 0.8000 3.2000 0.0000 57.9460 61.0180 1.6235 0.1409  748.2156 0.0000 0.0000 0.0000 0.0000 748.2156
2022 9 14 12 3.2000 450.3700 0.8000 3.2000 0.0000 57.9390 61.0110 1.6233 0.1409  731.0810 0.0000 0.0000 0.0000 0.0000 731.0810
2022 9 14 13 3.2000 422.0900 0.8000 3.2000 0.0000 57.9320 61.0040 1.6231 0.1409  685.0917 0.0000 0.0000 0.0000 0.0000 685.0917
2022 9 14 14 3.2000 440.4100 0.8000 3.2000 0.0000 57.9250 60.9970 1.6229 0.1409  714.7399 0.0000 0.0000 0.0000 0.0000 714.7399
2022 9 14 15 3.2000 447.2400 0.8000 3.2000 0.0000 57.9179 60.9899 1.6227 0.1409  725.7350 0.0000 0.0000 0.0000 0.0000 725.7350
2022 9 14 16 3.2000 461.9100 0.8000 3.2000 0.0000 57.9107 60.9827 1.6225 0.1408  749.4471 0.0000 0.0000 0.0000 0.0000 749.4471
2022 9 14 17 3.2000 466.8800 0.8000 3.2000 0.0000 57.9035 60.9755 1.6223 0.1408  757.4166 0.0000 0.0000 0.0000 0.0000 757.4166
2022 9 14 18 3.2000 474.3900 0.8000 3.2000 0.0000 57.8963 60.9683 1.6221 0.1408  769.5039 0.0000 0.0000 0.0000 0.0000 769.5039
2022 9 14 19 3.2000 474.1500 0.8000 3.2000 0.0000 57.8890 60.9610 1.6219 0.1408  769.0183 0.0000 0.0000 0.0000 0.0000 769.0183
2022 9 14 20 3.2000 460.8100 0.8000 3.2000 0.0000 57.8817 60.9537 1.6217 0.1408  747.2880 0.0000 0.0000 0.0000 0.0000 747.2880
2022 9 14 21 3.2000 419.9700 0.8000 3.2000 0.0000 57.8743 60.9463 1.6215 0.1408  680.9718 0.0000 0.0000 0.0000 0.0000 680.9718
2022 9 14 22 3.2000 355.9400 0.8000 3.2000 0.0000 57.8670 60.9390 1.6213 0.1407  577.0750 0.0000 0.0000 0.0000 0.0000 577.0750
2022 9 14 23 3.2000 406.7400 0.8000 3.2000 0.0000 57.8596 60.9316 1.6211 0.1407  659.3512 0.0000 0.0000 0.0000 0.0000 659.3512
2022 9 15 0 3.2000 353.2000 0.8000 3.2000 0.0000 57.8521 60.9241 1.6209 0.1407  572.4859 0.0000 0.0000 0.0000 0.0000 572.4859
2022 9 15 1 3.2000 330.0700 0.8000 3.2000 0.0000 57.8447 60.9167 1.6206 0.1407  534.9266 0.0000 0.0000 0.0000 0.0000 534.9266
2022 9 15 2 3.2000 314.7200 0.8000 3.2000 0.0000 57.8372 60.9092 1.6204 0.1407  509.9838 0.0000 0.0000 0.0000 0.0000 509.9838
2022 9 15 3 3.2000 283.5700 0.8000 3.2000 0.0000 57.8297 60.9017 1.6202 0.1406  459.4475 0.0000 0.0000 0.0000 0.0000 459.4475
2022 9 15 4 3.2000 381.1500 0.8000 3.2000 0.0000 57.8221 60.8941 1.6200 0.1406  617.4687 0.0000 0.0000 0.0000 0.0000 617.4687
2022 9 15 5 3.2000 396.4000 0.8000 3.2000 0.0000 57.8146 60.8866 1.6198 0.1406  642.0901 0.0000 0.0000 0.0000 0.0000 642.0901
2022 9 15 6 3.2000 430.1700 0.8000 3.2000 0.0000 57.8070 60.8790 1.6196 0.1406  696.6995 0.0000 0.0000 0.0000 0.0000 696.6995
2022 9 15 7 3.2000 431.7700 0.8000 3.2000 0.0000 57.7994 60.8714 1.6194 0.1406  699.1986 0.0000 0.0000 0.0000 0.0000 699.1986
2022 9 15 8 3.2000 433.2200 0.8000 3.2000 0.0000 57.7917 60.8637 1.6192 0.1406  701.4539 0.0000 0.0000 0.0000 0.0000 701.4539
2022 9 15 9 3.2000 411.8400 0.8000 3.2000 0.0000 57.7841 60.8561 1.6189 0.1405  666.7478 0.0000 0.0000 0.0000 0.0000 666.7478
2022 9 15 10 3.2000 388.5700 0.8000 3.2000 0.0000 57.7764 60.8484 1.6187 0.1405  628.9911 0.0000 0.0000 0.0000 0.0000 628.9911
2022 9 15 11 3.2000 344.9700 0.8000 3.2000 0.0000 57.7687 60.8407 1.6185 0.1405  558.3397 0.0000 0.0000 0.0000 0.0000 558.3397
2022 9 15 12 3.2000 315.3800 0.8000 3.2000 0.0000 57.7610 60.8330 1.6183 0.1405  510.3796 0.0000 0.0000 0.0000 0.0000 510.3796
2022 9 15 13 3.2000 309.6800 0.8000 3.2000 0.0000 57.7532 60.8252 1.6181 0.1405  501.0882 0.0000 0.0000 0.0000 0.0000 501.0882
2022 9 15 14 3.2000 271.9200 0.8000 3.2000 0.0000 57.7454 60.8174 1.6179 0.1404  439.9302 0.0000 0.0000 0.0000 0.0000 439.9302
2022 9 15 15 3.2000 302.7300 0.8000 3.2000 0.0000 57.7376 60.8096 1.6176 0.1404  489.7104 0.0000 0.0000 0.0000 0.0000 489.7104
2022 9 15 16 3.2000 364.8600 0.8000 3.2000 0.0000 57.7298 60.8018 1.6174 0.1404  590.1345 0.0000 0.0000 0.0000 0.0000 590.1345
2022 9 15 17 3.2000 414.9600 0.8000 3.2000 0.0000 57.7219 60.7939 1.6172 0.1404  671.0762 0.0000 0.0000 0.0000 0.0000 671.0762
2022 9 15 18 3.2000 422.8400 0.8000 3.2000 0.0000 57.7140 60.7860 1.6170 0.1404  683.7264 0.0000 0.0000 0.0000 0.0000 683.7264
2022 9 15 19 3.2000 428.2900 0.8000 3.2000 0.0000 57.7061 60.7781 1.6168 0.1403  692.4440 0.0000 0.0000 0.0000 0.0000 692.4440
2022 9 15 20 3.2000 397.2500 0.8000 3.2000 0.0000 57.6981 60.7701 1.6165 0.1403  642.1708 0.0000 0.0000 0.0000 0.0000 642.1708
2022 9 15 21 3.2000 356.7900 0.8000 3.2000 0.0000 57.6901 60.7621 1.6163 0.1403  576.6853 0.0000 0.0000 0.0000 0.0000 576.6853
2022 9 15 22 3.2000 264.9100 0.8000 3.2000 0.0000 57.6820 60.7540 1.6161 0.1403  428.1183 0.0000 0.0000 0.0000 0.0000 428.1183
2022 9 15 23 3.2000 190.4700 0.8000 3.2000 0.0000 57.6739 60.7459 1.6159 0.1403  307.7733 0.0000 0.0000 0.0000 0.0000 307.7733
2022 9 16 0 3.2000 170.7800 0.8000 3.2000 0.0000 57.6658 60.7378 1.6156 0.1402  275.9180 0.0000 0.0000 0.0000 0.0000 275.9180
2022 9 16 1 3.2000 228.1700 0.8000 3.2000 0.0000 57.6576 60.7296 1.6154 0.1402  368.5870 0.0000 0.0000 0.0000 0.0000 368.5870
2022 9 16 2 3.2000 181.9800 0.8000 3.2000 0.0000 57.6494 60.7214 1.6152 0.1402  293.9298 0.0000 0.0000 0.0000 0.0000 293.9298
2022 9 16 3 3.2000 148.7300 0.8000 3.2000 0.0000 57.6412 60.7132 1.6149 0.1402  240.1909 0.0000 0.0000 0.0000 0.0000 240.1909
2022 9 16 4 3.2000 220.6300 0.8000 3.2000 0.0000 57.6330 60.7050 1.6147 0.1402  356.2545 0.0000 0.0000 0.0000 0.0000 356.2545
2022 9 16 5 3.2000 369.3600 0.8000 3.2000 0.0000 57.6247 60.6967 1.6145 0.1401  596.3253 0.0000 0.0000 0.0000 0.0000 596.3253
2022 9 16 6 3.2000 424.4300 0.8000 3.2000 0.0000 57.6164 60.6884 1.6143 0.1401  685.1362 0.0000 0.0000 0.0000 0.0000 685.1362
2022 9 16 7 3.2000 418.4700 0.8000 3.2000 0.0000 57.6081 60.6801 1.6140 0.1401  675.4176 0.0000 0.0000 0.0000 0.0000 675.4176
2022 9 16 8 3.2000 405.9100 0.8000 3.2000 0.0000 57.5997 60.6717 1.6138 0.1401  655.0504 0.0000 0.0000 0.0000 0.0000 655.0504
2022 9 16 9 3.2000 408.1000 0.8000 3.2000 0.0000 57.5913 60.6633 1.6135 0.1401  658.4887 0.0000 0.0000 0.0000 0.0000 658.4887
2022 9 16 10 3.2000 406.6700 0.8000 3.2000 0.0000 57.5829 60.6549 1.6133 0.1400  656.0856 0.0000 0.0000 0.0000 0.0000 656.0856
2022 9 16 11 3.2000 411.1900 0.8000 3.2000 0.0000 57.5744 60.6464 1.6131 0.1400  663.2804 0.0000 0.0000 0.0000 0.0000 663.2804
2022 9 16 12 3.2000 409.4500 0.8000 3.2000 0.0000 57.5660 60.6380 1.6128 0.1400  660.3764 0.0000 0.0000 0.0000 0.0000 660.3764
2022 9 16 13 3.2000 409.3200 0.8000 3.2000 0.0000 57.5574 60.6294 1.6126 0.1400  660.0688 0.0000 0.0000 0.0000 0.0000 660.0688
2022 9 16 14 3.2000 408.1100 0.8000 3.2000 0.0000 57.5488 60.6208 1.6124 0.1400  658.0193 0.0000 0.0000 0.0000 0.0000 658.0193
2022 9 16 15 3.2000 404.2600 0.8000 3.2000 0.0000 57.5402 60.6122 1.6121 0.1399  651.7140 0.0000 0.0000 0.0000 0.0000 651.7140
2022 9 16 16 3.2000 266.5500 0.8000 3.2000 0.0000 57.5316 60.6036 1.6119 0.1399  429.6449 0.0000 0.0000 0.0000 0.0000 429.6449
2022 9 16 17 3.2000 327.2600 0.8000 3.2000 0.0000 57.5229 60.5949 1.6116 0.1399  527.4225 0.0000 0.0000 0.0000 0.0000 527.4225
2022 9 16 18 3.2000 379.6100 0.8000 3.2000 0.0000 57.5143 60.5863 1.6114 0.1399  611.6994 0.0000 0.0000 0.0000 0.0000 611.6994
2022 9 16 19 3.2000 365.0900 0.8000 3.2000 0.0000 57.5056 60.5776 1.6111 0.1399  588.2134 0.0000 0.0000 0.0000 0.0000 588.2134
2022 9 16 20 3.2000 235.6200 0.8000 3.2000 0.0000 57.4969 60.5689 1.6109 0.1398  379.5608 0.0000 0.0000 0.0000 0.0000 379.5608
2022 9 16 21 3.2000 276.7700 0.8000 3.2000 0.0000 57.4882 60.5602 1.6107 0.1398  445.7816 0.0000 0.0000 0.0000 0.0000 445.7816
2022 9 16 22 3.2000 237.2900 0.8000 3.2000 0.0000 57.4794 60.5514 1.6104 0.1398  382.1347 0.0000 0.0000 0.0000 0.0000 382.1347
2022 9 16 23 3.2000 391.6600 0.8000 3.2000 0.0000 57.4706 60.5426 1.6102 0.1398  630.6376 0.0000 0.0000 0.0000 0.0000 630.6376
2022 9 17 0 3.2000 365.8200 0.8000 3.2000 0.0000 57.4618 60.5338 1.6099 0.1397  588.9406 0.0000 0.0000 0.0000 0.0000 588.9406
2022 9 17 1 3.2000 247.5600 0.8000 3.2000 0.0000 57.4529 60.5249 1.6097 0.1397  398.4901 0.0000 0.0000 0.0000 0.0000 398.4901
2022 9 17 2 3.2000 245.9400 0.8000 3.2000 0.0000 57.4441 60.5161 1.6094 0.1397  395.8215 0.0000 0.0000 0.0000 0.0000 395.8215
2022 9 17 3 3.2000 245.1300 0.8000 3.2000 0.0000 57.4352 60.5072 1.6092 0.1397  394.4570 0.0000 0.0000 0.0000 0.0000 394.4570
2022 9 17 4 3.2000 199.1900 0.8000 3.2000 0.0000 57.4263 60.4983 1.6089 0.1397  320.4819 0.0000 0.0000 0.0000 0.0000 320.4819
2022 9 17 5 3.2000 86.6800 0.8000 3.2000 0.0000 57.4174 60.4894 1.6087 0.1396  139.4400 0.0000 0.0000 0.0000 0.0000 139.4400
2022 9 17 6 3.2000 250.7100 0.8000 3.2000 0.0000 57.4085 60.4805 1.6084 0.1396  403.2486 0.0000 0.0000 0.0000 0.0000 403.2486
2022 9 17 7 3.2000 235.5200 0.8000 3.2000 0.0000 57.3996 60.4716 1.6082 0.1396  378.7576 0.0000 0.0000 0.0000 0.0000 378.7576
2022 9 17 8 3.2000 390.9700 0.8000 3.2000 0.0000 57.3906 60.4626 1.6079 0.1396  628.6499 0.0000 0.0000 0.0000 0.0000 628.6499
2022 9 17 9 3.2000 396.4800 0.8000 3.2000 0.0000 57.3815 60.4535 1.6077 0.1396  637.4092 0.0000 0.0000 0.0000 0.0000 637.4092
2022 9 17 10 3.2000 389.6400 0.8000 3.2000 0.0000 57.3725 60.4445 1.6074 0.1395  626.3138 0.0000 0.0000 0.0000 0.0000 626.3138
2022 9 17 11 3.2000 390.5200 0.8000 3.2000 0.0000 57.3634 60.4354 1.6072 0.1395  627.6290 0.0000 0.0000 0.0000 0.0000 627.6290
2022 9 17 12 3.2000 234.7300 0.8000 3.2000 0.0000 57.3543 60.4263 1.6069 0.1395  377.1894 0.0000 0.0000 0.0000 0.0000 377.1894
2022 9 17 13 3.2000 187.4400 0.8000 3.2000 0.0000 57.3452 60.4172 1.6067 0.1395  301.1509 0.0000 0.0000 0.0000 0.0000 301.1509
2022 9 17 14 3.2000 192.7500 0.8000 3.2000 0.0000 57.3360 60.4080 1.6064 0.1394  309.6328 0.0000 0.0000 0.0000 0.0000 309.6328
2022 9 17 15 3.2000 37.0800 0.8000 3.2000 0.0000 57.3268 60.3988 1.6061 0.1394  59.5556 0.0000 0.0000 0.0000 0.0000 59.5556
2022 9 17 16 3.2000 70.3200 0.8000 3.2000 0.0000 57.3176 60.3896 1.6059 0.1394  112.9255 0.0000 0.0000 0.0000 0.0000 112.9255
2022 9 17 17 3.2000 240.0200 0.8000 3.2000 0.0000 57.3084 60.3804 1.6056 0.1394  385.3810 0.0000 0.0000 0.0000 0.0000 385.3810
2022 9 17 18 3.2000 229.7500 0.8000 3.2000 0.0000 57.2991 60.3711 1.6054 0.1394  368.8314 0.0000 0.0000 0.0000 0.0000 368.8314
2022 9 17 19 3.2000 343.6700 0.8000 3.2000 0.0000 57.2897 60.3617 1.6051 0.1393  551.6242 0.0000 0.0000 0.0000 0.0000 551.6242
2022 9 17 20 3.2000 398.4700 0.8000 3.2000 0.0000 57.2804 60.3524 1.6048 0.1393  639.4793 0.0000 0.0000 0.0000 0.0000 639.4793
2022 9 17 21 3.2000 250.8600 0.8000 3.2000 0.0000 57.2710 60.3430 1.6046 0.1393  402.5236 0.0000 0.0000 0.0000 0.0000 402.5236
2022 9 17 22 3.2000 269.7300 0.8000 3.2000 0.0000 57.2617 60.3337 1.6043 0.1393  432.7311 0.0000 0.0000 0.0000 0.0000 432.7311
2022 9 17 23 3.2000 28.1300 0.8000 3.2000 0.0000 57.2523 60.3243 1.6040 0.1392  45.1219 0.0000 0.0000 0.0000 0.0000 45.1219
2022 9 18 0 3.2000 28.5400 0.8000 3.2000 0.0000 57.2429 60.3149 1.6038 0.1392  45.7720 0.0000 0.0000 0.0000 0.0000 45.7720
2022 9 18 1 3.2000 23.4000 0.8000 3.2000 0.0000 57.2334 60.3054 1.6035 0.1392  37.5224 0.0000 0.0000 0.0000 0.0000 37.5224
2022 9 18 2 3.2000 28.6500 0.8000 3.2000 0.0000 57.2239 60.2959 1.6033 0.1392  45.9332 0.0000 0.0000 0.0000 0.0000 45.9332
2022 9 18 3 3.2000 35.8800 0.8000 3.2000 0.0000 57.2144 60.2864 1.6030 0.1391  57.5152 0.0000 0.0000 0.0000 0.0000 57.5152
2022 9 18 4 3.2000 32.3500 0.8000 3.2000 0.0000 57.2049 60.2769 1.6027 0.1391  51.8481 0.0000 0.0000 0.0000 0.0000 51.8481
2022 9 18 5 3.2000 25.2300 0.8000 3.2000 0.0000 57.1954 60.2674 1.6025 0.1391  40.4300 0.0000 0.0000 0.0000 0.0000 40.4300
2022 9 18 6 3.2000 63.4600 0.8000 3.2000 0.0000 57.1859 60.2579 1.6022 0.1391  101.6749 0.0000 0.0000 0.0000 0.0000 101.6749
2022 9 18 7 3.2000 78.8100 0.8000 3.2000 0.0000 57.1763 60.2483 1.6019 0.1391  126.2474 0.0000 0.0000 0.0000 0.0000 126.2474
2022 9 18 8 3.2000 71.8100 0.8000 3.2000 0.0000 57.1668 60.2388 1.6017 0.1390  115.0147 0.0000 0.0000 0.0000 0.0000 115.0147
2022 9 18 9 3.2000 229.0200 0.8000 3.2000 0.0000 57.1572 60.2292 1.6014 0.1390  366.7491 0.0000 0.0000 0.0000 0.0000 366.7491
2022 9 18 10 3.2000 363.4200 0.8000 3.2000 0.0000 57.1475 60.2195 1.6011 0.1390  581.8771 0.0000 0.0000 0.0000 0.0000 581.8771
2022 9 18 11 3.2000 85.3300 0.8000 3.2000 0.0000 57.1379 60.2099 1.6008 0.1390  136.6000 0.0000 0.0000 0.0000 0.0000 136.6000
2022 9 18 12 3.2000 244.1100 0.8000 3.2000 0.0000 57.1282 60.2002 1.6006 0.1389  390.7160 0.0000 0.0000 0.0000 0.0000 390.7160
2022 9 18 13 3.2000 34.0000 0.8000 3.2000 0.0000 57.1186 60.1906 1.6003 0.1389  54.4103 0.0000 0.0000 0.0000 0.0000 54.4103
2022 9 18 14 3.2000 35.8900 0.8000 3.2000 0.0000 57.1089 60.1809 1.6000 0.1389  57.4251 0.0000 0.0000 0.0000 0.0000 57.4251
2022 9 18 15 3.2000 163.3000 0.8000 3.2000 0.0000 57.0992 60.1712 1.5998 0.1389  261.2407 0.0000 0.0000 0.0000 0.0000 261.2407
2022 9 18 16 3.2000 86.3800 0.8000 3.2000 0.0000 57.0895 60.1615 1.5995 0.1388  138.1637 0.0000 0.0000 0.0000 0.0000 138.1637
2022 9 18 17 3.2000 192.8800 0.8000 3.2000 0.0000 57.0797 60.1517 1.5992 0.1388  308.4565 0.0000 0.0000 0.0000 0.0000 308.4565
2022 9 18 18 3.2000 213.4000 0.8000 3.2000 0.0000 57.0700 60.1420 1.5989 0.1388  341.2141 0.0000 0.0000 0.0000 0.0000 341.2141
2022 9 18 19 3.2000 226.8900 0.8000 3.2000 0.0000 57.0602 60.1322 1.5987 0.1388  362.7216 0.0000 0.0000 0.0000 0.0000 362.7216
2022 9 18 20 3.2000 193.1400 0.8000 3.2000 0.0000 57.0504 60.1224 1.5984 0.1387  308.7135 0.0000 0.0000 0.0000 0.0000 308.7135
2022 9 18 21 3.2000 158.0000 0.8000 3.2000 0.0000 57.0405 60.1125 1.5981 0.1387  252.5024 0.0000 0.0000 0.0000 0.0000 252.5024
2022 9 18 22 3.2000 119.7200 0.8000 3.2000 0.0000 57.0307 60.1027 1.5978 0.1387  191.2935 0.0000 0.0000 0.0000 0.0000 191.2935
2022 9 18 23 3.2000 88.5900 0.8000 3.2000 0.0000 57.0208 60.0928 1.5976 0.1387  141.5282 0.0000 0.0000 0.0000 0.0000 141.5282
2022 9 19 0 3.2000 102.5400 0.8000 3.2000 0.0000 57.0110 60.0830 1.5973 0.1387  163.7859 0.0000 0.0000 0.0000 0.0000 163.7859
2022 9 19 1 3.2000 97.3700 0.8000 3.2000 0.0000 57.0011 60.0731 1.5970 0.1386  155.5009 0.0000 0.0000 0.0000 0.0000 155.5009
2022 9 19 2 3.2000 91.7800 0.8000 3.2000 0.0000 56.9943 60.0663 1.5968 0.1386  146.5563 0.0000 0.0000 0.0000 0.0000 146.5563
2022 9 19 3 3.2000 103.9200 0.8000 3.2000 0.0000 56.9870 60.0590 1.5966 0.1386  165.9204 0.0000 0.0000 0.0000 0.0000 165.9204
2022 9 19 4 3.2000 184.3000 0.8000 3.2000 0.0000 56.9760 60.0480 1.5963 0.1386  294.1995 0.0000 0.0000 0.0000 0.0000 294.1995
2022 9 19 5 3.2000 359.2200 0.8000 3.2000 0.0000 56.9649 60.0369 1.5960 0.1385  573.3142 0.0000 0.0000 0.0000 0.0000 573.3142
2022 9 19 6 3.2000 408.3800 0.8000 3.2000 0.0000 56.9538 60.0258 1.5957 0.1385  651.6466 0.0000 0.0000 0.0000 0.0000 651.6466
2022 9 19 7 3.2000 415.1800 0.8000 3.2000 0.0000 56.9427 60.0147 1.5954 0.1385  662.3680 0.0000 0.0000 0.0000 0.0000 662.3680
2022 9 19 8 3.2000 375.1800 0.8000 3.2000 0.0000 56.9316 60.0036 1.5951 0.1385  598.4359 0.0000 0.0000 0.0000 0.0000 598.4359
2022 9 19 9 3.2000 347.8600 0.8000 3.2000 0.0000 56.9204 59.9924 1.5948 0.1384  554.7503 0.0000 0.0000 0.0000 0.0000 554.7503
2022 9 19 10 3.2000 248.9800 0.8000 3.2000 0.0000 56.9093 59.9813 1.5944 0.1384  396.9836 0.0000 0.0000 0.0000 0.0000 396.9836
2022 9 19 11 3.2000 230.2800 0.8000 3.2000 0.0000 56.8982 59.9702 1.5941 0.1384  367.0959 0.0000 0.0000 0.0000 0.0000 367.0959
2022 9 19 12 3.2000 242.5600 0.8000 3.2000 0.0000 56.8871 59.9591 1.5938 0.1384  386.5963 0.0000 0.0000 0.0000 0.0000 386.5963
2022 9 19 13 3.2000 243.1200 0.8000 3.2000 0.0000 56.8760 59.9480 1.5935 0.1383  387.4130 0.0000 0.0000 0.0000 0.0000 387.4130
2022 9 19 14 3.2000 227.6600 0.8000 3.2000 0.0000 56.8648 59.9368 1.5932 0.1383  362.7066 0.0000 0.0000 0.0000 0.0000 362.7066
2022 9 19 15 3.2000 263.4200 0.8000 3.2000 0.0000 56.8537 59.9257 1.5929 0.1383  419.5972 0.0000 0.0000 0.0000 0.0000 419.5972
2022 9 19 16 3.2000 369.9000 0.8000 3.2000 0.0000 56.8426 59.9146 1.5926 0.1382  589.0920 0.0000 0.0000 0.0000 0.0000 589.0920
2022 9 19 17 3.2000 407.0800 0.8000 3.2000 0.0000 56.8315 59.9035 1.5923 0.1382  648.1766 0.0000 0.0000 0.0000 0.0000 648.1766
2022 9 19 18 3.2000 438.6700 0.8000 3.2000 0.0000 56.8203 59.8923 1.5919 0.1382  698.3385 0.0000 0.0000 0.0000 0.0000 698.3385
2022 9 19 19 3.2000 419.6500 0.8000 3.2000 0.0000 56.8090 59.8810 1.5916 0.1382  667.9279 0.0000 0.0000 0.0000 0.0000 667.9279
2022 9 19 20 3.2000 390.6100 0.8000 3.2000 0.0000 56.7978 59.8698 1.5913 0.1381  621.5842 0.0000 0.0000 0.0000 0.0000 621.5842
2022 9 19 21 3.2000 362.1600 0.8000 3.2000 0.0000 56.7866 59.8586 1.5910 0.1381  576.1972 0.0000 0.0000 0.0000 0.0000 576.1972
2022 9 19 22 3.2000 312.9200 0.8000 3.2000 0.0000 56.7753 59.8473 1.5907 0.1381  497.7577 0.0000 0.0000 0.0000 0.0000 497.7577
2022 9 19 23 3.2000 277.2800 0.8000 3.2000 0.0000 56.7641 59.8361 1.5904 0.1381  440.9781 0.0000 0.0000 0.0000 0.0000 440.9781
2022 9 20 0 3.2000 274.9500 0.8000 3.2000 0.0000 56.7528 59.8248 1.5901 0.1380  437.1859 0.0000 0.0000 0.0000 0.0000 437.1859
2022 9 20 1 3.2000 291.1200 0.8000 3.2000 0.0000 56.7416 59.8136 1.5897 0.1380  462.8053 0.0000 0.0000 0.0000 0.0000 462.8053
2022 9 20 2 3.2000 278.0300 0.8000 3.2000 0.0000 56.7303 59.8023 1.5894 0.1380  441.9077 0.0000 0.0000 0.0000 0.0000 441.9077
2022 9 20 3 3.2000 275.5200 0.8000 3.2000 0.0000 56.7190 59.7910 1.5891 0.1379  437.8310 0.0000 0.0000 0.0000 0.0000 437.8310
2022 9 20 4 3.2000 310.0400 0.8000 3.2000 0.0000 56.7077 59.7797 1.5888 0.1379  492.5890 0.0000 0.0000 0.0000 0.0000 492.5890
2022 9 20 5 3.2000 368.4200 0.8000 3.2000 0.0000 56.6964 59.7684 1.5885 0.1379  585.2260 0.0000 0.0000 0.0000 0.0000 585.2260
2022 9 20 6 3.2000 421.1600 0.8000 3.2000 0.0000 56.6851 59.7571 1.5882 0.1379  668.8689 0.0000 0.0000 0.0000 0.0000 668.8689
2022 9 20 7 3.2000 438.4000 0.8000 3.2000 0.0000 56.6738 59.7458 1.5878 0.1378  696.1097 0.0000 0.0000 0.0000 0.0000 696.1097
2022 9 20 8 3.2000 422.8200 0.8000 3.2000 0.0000 56.6625 59.7345 1.5875 0.1378  671.2369 0.0000 0.0000 0.0000 0.0000 671.2369
2022 9 20 9 3.2000 389.4100 0.8000 3.2000 0.0000 56.6511 59.7231 1.5872 0.1378  618.0740 0.0000 0.0000 0.0000 0.0000 618.0740
2022 9 20 10 3.2000 374.1200 0.8000 3.2000 0.0000 56.6398 59.7118 1.5869 0.1378  593.6867 0.0000 0.0000 0.0000 0.0000 593.6867
2022 9 20 11 3.2000 375.1700 0.8000 3.2000 0.0000 56.6284 59.7004 1.5866 0.1377  595.2336 0.0000 0.0000 0.0000 0.0000 595.2336
2022 9 20 12 3.2000 375.1400 0.8000 3.2000 0.0000 56.6170 59.6890 1.5863 0.1377  595.0664 0.0000 0.0000 0.0000 0.0000 595.0664
2022 9 20 13 3.2000 373.0600 0.8000 3.2000 0.0000 56.6056 59.6776 1.5859 0.1377  591.6478 0.0000 0.0000 0.0000 0.0000 591.6478
2022 9 20 14 3.2000 374.0800 0.8000 3.2000 0.0000 56.5942 59.6662 1.5856 0.1376  593.1458 0.0000 0.0000 0.0000 0.0000 593.1458
2022 9 20 15 3.2000 379.6800 0.8000 3.2000 0.0000 56.5828 59.6548 1.5853 0.1376  601.9037 0.0000 0.0000 0.0000 0.0000 601.9037
2022 9 20 16 3.2000 422.5800 0.8000 3.2000 0.0000 56.5714 59.6434 1.5850 0.1376  669.7775 0.0000 0.0000 0.0000 0.0000 669.7775
2022 9 20 17 3.2000 466.5300 0.8000 3.2000 0.0000 56.5600 59.6320 1.5847 0.1376  739.2878 0.0000 0.0000 0.0000 0.0000 739.2878
2022 9 20 18 3.2000 498.0000 0.8000 3.2000 0.0000 56.5485 59.6205 1.5843 0.1375  788.9974 0.0000 0.0000 0.0000 0.0000 788.9974
2022 9 20 19 3.2000 492.6500 0.8000 3.2000 0.0000 56.5371 59.6091 1.5840 0.1375  780.3633 0.0000 0.0000 0.0000 0.0000 780.3633
2022 9 20 20 3.2000 430.6900 0.8000 3.2000 0.0000 56.5256 59.5976 1.5837 0.1375  682.0797 0.0000 0.0000 0.0000 0.0000 682.0797
2022 9 20 21 3.2000 398.4700 0.8000 3.2000 0.0000 56.5142 59.5862 1.5834 0.1374  630.9252 0.0000 0.0000 0.0000 0.0000 630.9252
2022 9 20 22 3.2000 363.1400 0.8000 3.2000 0.0000 56.5027 59.5747 1.5830 0.1374  574.8682 0.0000 0.0000 0.0000 0.0000 574.8682
2022 9 20 23 3.2000 346.4900 0.8000 3.2000 0.0000 56.4913 59.5633 1.5827 0.1374  548.3991 0.0000 0.0000 0.0000 0.0000 548.3991
2022 9 21 0 3.2000 317.5400 0.8000 3.2000 0.0000 56.4798 59.5518 1.5824 0.1374  502.4772 0.0000 0.0000 0.0000 0.0000 502.4772
2022 9 21 1 3.2000 316.8500 0.8000 3.2000 0.0000 56.4683 59.5403 1.5821 0.1373  501.2836 0.0000 0.0000 0.0000 0.0000 501.2836
2022 9 21 2 3.2000 316.8800 0.8000 3.2000 0.0000 56.4569 59.5289 1.5818 0.1373  501.2293 0.0000 0.0000 0.0000 0.0000 501.2293
2022 9 21 3 3.2000 315.1000 0.8000 3.2000 0.0000 56.4454 59.5174 1.5814 0.1373  498.3124 0.0000 0.0000 0.0000 0.0000 498.3124
2022 9 21 4 3.2000 368.5600 0.8000 3.2000 0.0000 56.4339 59.5059 1.5811 0.1372  582.7375 0.0000 0.0000 0.0000 0.0000 582.7375
2022 9 21 5 3.2000 428.0500 0.8000 3.2000 0.0000 56.4224 59.4944 1.5808 0.1372  676.6603 0.0000 0.0000 0.0000 0.0000 676.6603
2022 9 21 6 3.2000 501.9500 0.8000 3.2000 0.0000 56.4109 59.4829 1.5805 0.1372  793.3195 0.0000 0.0000 0.0000 0.0000 793.3195
2022 9 21 7 3.2000 513.4500 0.8000 3.2000 0.0000 56.3994 59.4714 1.5802 0.1372  811.3295 0.0000 0.0000 0.0000 0.0000 811.3295
2022 9 21 8 3.2000 438.6700 0.8000 3.2000 0.0000 56.3879 59.4599 1.5798 0.1371  693.0243 0.0000 0.0000 0.0000 0.0000 693.0243
2022 9 21 9 3.2000 379.6200 0.8000 3.2000 0.0000 56.3764 59.4484 1.5795 0.1371  599.6129 0.0000 0.0000 0.0000 0.0000 599.6129
2022 9 21 10 3.2000 340.9000 0.8000 3.2000 0.0000 56.3648 59.4368 1.5792 0.1371  538.3443 0.0000 0.0000 0.0000 0.0000 538.3443
2022 9 21 11 3.2000 316.2600 0.8000 3.2000 0.0000 56.3533 59.4253 1.5789 0.1371  499.3309 0.0000 0.0000 0.0000 0.0000 499.3309
2022 9 21 12 3.2000 320.3800 0.8000 3.2000 0.0000 56.3417 59.4137 1.5785 0.1370  505.7322 0.0000 0.0000 0.0000 0.0000 505.7322
2022 9 21 13 3.2000 330.0600 0.8000 3.2000 0.0000 56.3302 59.4022 1.5782 0.1370  520.9056 0.0000 0.0000 0.0000 0.0000 520.9056
2022 9 21 14 3.2000 359.5200 0.8000 3.2000 0.0000 56.3187 59.3907 1.5779 0.1370  567.2836 0.0000 0.0000 0.0000 0.0000 567.2836
2022 9 21 15 3.2000 393.8200 0.8000 3.2000 0.0000 56.3071 59.3791 1.5776 0.1369  621.2779 0.0000 0.0000 0.0000 0.0000 621.2779
2022 9 21 16 3.2000 417.7600 0.8000 3.2000 0.0000 56.2955 59.3675 1.5772 0.1369  658.9095 0.0000 0.0000 0.0000 0.0000 658.9095
2022 9 21 17 3.2000 467.7700 0.8000 3.2000 0.0000 56.2840 59.3560 1.5769 0.1369  737.6356 0.0000 0.0000 0.0000 0.0000 737.6356
2022 9 21 18 3.2000 484.9700 0.8000 3.2000 0.0000 56.2724 59.3444 1.5766 0.1369  764.6012 0.0000 0.0000 0.0000 0.0000 764.6012
2022 9 21 19 3.2000 457.3800 0.8000 3.2000 0.0000 56.2608 59.3328 1.5763 0.1368  720.9545 0.0000 0.0000 0.0000 0.0000 720.9545
2022 9 21 20 3.2000 413.8600 0.8000 3.2000 0.0000 56.2492 59.3212 1.5759 0.1368  652.2208 0.0000 0.0000 0.0000 0.0000 652.2208
2022 9 21 21 3.2000 378.9100 0.8000 3.2000 0.0000 56.2376 59.3096 1.5756 0.1368  597.0186 0.0000 0.0000 0.0000 0.0000 597.0186
2022 9 21 22 3.2000 369.5000 0.8000 3.2000 0.0000 56.2260 59.2980 1.5753 0.1367  582.0720 0.0000 0.0000 0.0000 0.0000 582.0720
2022 9 21 23 3.2000 384.0500 0.8000 3.2000 0.0000 56.2144 59.2864 1.5750 0.1367  604.8679 0.0000 0.0000 0.0000 0.0000 604.8679
2022 9 22 0 3.2000 358.8600 0.8000 3.2000 0.0000 56.2029 59.2749 1.5746 0.1367  565.0779 0.0000 0.0000 0.0000 0.0000 565.0779
2022 9 22 1 3.2000 348.9900 0.8000 3.2000 0.0000 56.1913 59.2633 1.5743 0.1367  549.4228 0.0000 0.0000 0.0000 0.0000 549.4228
2022 9 22 2 3.2000 328.7500 0.8000 3.2000 0.0000 56.1797 59.2517 1.5740 0.1366  517.4516 0.0000 0.0000 0.0000 0.0000 517.4516
2022 9 22 3 3.2000 338.6800 0.8000 3.2000 0.0000 56.1680 59.2400 1.5737 0.1366  532.9711 0.0000 0.0000 0.0000 0.0000 532.9711
2022 9 22 4 3.2000 383.1700 0.8000 3.2000 0.0000 56.1564 59.2284 1.5733 0.1366  602.8589 0.0000 0.0000 0.0000 0.0000 602.8589
2022 9 22 5 3.2000 420.6000 0.8000 3.2000 0.0000 56.1448 59.2168 1.5730 0.1365  661.6122 0.0000 0.0000 0.0000 0.0000 661.6122
2022 9 22 6 3.2000 482.1400 0.8000 3.2000 0.0000 56.1332 59.2052 1.5727 0.1365  758.2588 0.0000 0.0000 0.0000 0.0000 758.2588
2022 9 22 7 3.2000 487.7100 0.8000 3.2000 0.0000 56.1215 59.1935 1.5724 0.1365  766.8598 0.0000 0.0000 0.0000 0.0000 766.8598
2022 9 22 8 3.2000 398.2100 0.8000 3.2000 0.0000 56.1099 59.1819 1.5720 0.1365  626.0031 0.0000 0.0000 0.0000 0.0000 626.0031
2022 9 22 9 3.2000 360.7400 0.8000 3.2000 0.0000 56.0983 59.1703 1.5717 0.1364  566.9812 0.0000 0.0000 0.0000 0.0000 566.9812
2022 9 22 10 3.2000 318.8900 0.8000 3.2000 0.0000 56.0866 59.1586 1.5714 0.1364  501.1008 0.0000 0.0000 0.0000 0.0000 501.1008
2022 9 22 11 3.2000 311.8700 0.8000 3.2000 0.0000 56.0750 59.1470 1.5711 0.1364  489.9676 0.0000 0.0000 0.0000 0.0000 489.9676
2022 9 22 12 3.2000 299.0500 0.8000 3.2000 0.0000 56.0633 59.1353 1.5707 0.1363  469.7288 0.0000 0.0000 0.0000 0.0000 469.7288
2022 9 22 13 3.2000 327.5900 0.8000 3.2000 0.0000 56.0516 59.1236 1.5704 0.1363  514.4507 0.0000 0.0000 0.0000 0.0000 514.4507
2022 9 22 14 3.2000 364.4500 0.8000 3.2000 0.0000 56.0400 59.1120 1.5701 0.1363  572.2174 0.0000 0.0000 0.0000 0.0000 572.2174
2022 9 22 15 3.2000 380.5200 0.8000 3.2000 0.0000 56.0284 59.1004 1.5698 0.1363  597.3244 0.0000 0.0000 0.0000 0.0000 597.3244
2022 9 22 16 3.2000 419.7600 0.8000 3.2000 0.0000 56.0167 59.0887 1.5694 0.1362  658.7845 0.0000 0.0000 0.0000 0.0000 658.7845
2022 9 22 17 3.2000 419.9100 0.8000 3.2000 0.0000 56.0050 59.0770 1.5691 0.1362  658.8826 0.0000 0.0000 0.0000 0.0000 658.8826
2022 9 22 18 3.2000 416.8000 0.8000 3.2000 0.0000 55.9934 59.0654 1.5688 0.1362  653.8664 0.0000 0.0000 0.0000 0.0000 653.8664
2022 9 22 19 3.2000 415.2000 0.8000 3.2000 0.0000 55.9817 59.0537 1.5685 0.1362  651.2207 0.0000 0.0000 0.0000 0.0000 651.2207
2022 9 22 20 3.2000 394.3000 0.8000 3.2000 0.0000 55.9700 59.0420 1.5681 0.1361  618.3111 0.0000 0.0000 0.0000 0.0000 618.3111
2022 9 22 21 3.2000 390.0500 0.8000 3.2000 0.0000 55.9539 59.0259 1.5677 0.1361  611.4702 0.0000 0.0000 0.0000 0.0000 611.4702
2022 9 22 22 3.2000 377.5000 0.8000 3.2000 0.0000 55.9399 59.0119 1.5673 0.1360  591.6477 0.0000 0.0000 0.0000 0.0000 591.6477
2022 9 22 23 3.2000 349.7700 0.8000 3.2000 0.0000 55.9325 59.0045 1.5671 0.1360  548.1144 0.0000 0.0000 0.0000 0.0000 548.1144
2022 9 23 0 3.2000 317.7000 0.8000 3.2000 0.0000 55.9250 58.9970 1.5669 0.1360  497.7926 0.0000 0.0000 0.0000 0.0000 497.7926
2022 9 23 1 3.2000 310.1000 0.8000 3.2000 0.0000 55.9176 58.9896 1.5667 0.1360  485.8200 0.0000 0.0000 0.0000 0.0000 485.8200
2022 9 23 2 3.2000 298.1100 0.8000 3.2000 0.0000 55.9102 58.9822 1.5664 0.1360  466.9739 0.0000 0.0000 0.0000 0.0000 466.9739
2022 9 23 3 3.2000 308.5300 0.8000 3.2000 0.0000 55.9028 58.9748 1.5662 0.1360  483.2322 0.0000 0.0000 0.0000 0.0000 483.2322
2022 9 23 4 3.2000 353.4800 0.8000 3.2000 0.0000 55.8954 58.9674 1.5660 0.1359  553.5612 0.0000 0.0000 0.0000 0.0000 553.5612
2022 9 23 5 3.2000 368.1400 0.8000 3.2000 0.0000 55.8880 58.9600 1.5658 0.1359  576.4426 0.0000 0.0000 0.0000 0.0000 576.4426
2022 9 23 6 3.2000 394.3400 0.8000 3.2000 0.0000 55.8805 58.9525 1.5656 0.1359  617.3850 0.0000 0.0000 0.0000 0.0000 617.3850
2022 9 23 7 3.2000 409.1700 0.8000 3.2000 0.0000 55.8731 58.9451 1.5654 0.1359  640.5179 0.0000 0.0000 0.0000 0.0000 640.5179
2022 9 23 8 3.2000 382.7100 0.8000 3.2000 0.0000 55.8657 58.9377 1.5652 0.1359  599.0175 0.0000 0.0000 0.0000 0.0000 599.0175
2022 9 23 9 3.2000 370.0100 0.8000 3.2000 0.0000 55.8582 58.9302 1.5650 0.1359  579.0627 0.0000 0.0000 0.0000 0.0000 579.0627
2022 9 23 10 3.2000 357.8600 0.8000 3.2000 0.0000 55.8508 58.9228 1.5648 0.1358  559.9739 0.0000 0.0000 0.0000 0.0000 559.9739
2022 9 23 11 3.2000 349.4700 0.8000 3.2000 0.0000 55.8435 58.9155 1.5646 0.1358  546.7730 0.0000 0.0000 0.0000 0.0000 546.7730
2022 9 23 12 3.2000 337.2800 0.8000 3.2000 0.0000 55.8361 58.9081 1.5644 0.1358  527.6311 0.0000 0.0000 0.0000 0.0000 527.6311
2022 9 23 13 3.2000 342.6000 0.8000 3.2000 0.0000 55.8287 58.9007 1.5642 0.1358  535.8828 0.0000 0.0000 0.0000 0.0000 535.8828
2022 9 23 14 3.2000 348.7600 0.8000 3.2000 0.0000 55.8214 58.8934 1.5640 0.1358  545.4461 0.0000 0.0000 0.0000 0.0000 545.4461
2022 9 23 15 3.2000 368.4300 0.8000 3.2000 0.0000 55.8140 58.8860 1.5638 0.1357  576.1332 0.0000 0.0000 0.0000 0.0000 576.1332
2022 9 23 16 3.2000 372.4400 0.8000 3.2000 0.0000 55.8066 58.8786 1.5635 0.1357  582.3271 0.0000 0.0000 0.0000 0.0000 582.3271
2022 9 23 17 3.2000 385.1400 0.8000 3.2000 0.0000 55.7993 58.8713 1.5633 0.1357  602.1048 0.0000 0.0000 0.0000 0.0000 602.1048
2022 9 23 18 3.2000 394.3100 0.8000 3.2000 0.0000 55.7919 58.8639 1.5631 0.1357  616.3593 0.0000 0.0000 0.0000 0.0000 616.3593
2022 9 23 19 3.2000 394.3100 0.8000 3.2000 0.0000 55.7846 58.8566 1.5629 0.1357  616.2780 0.0000 0.0000 0.0000 0.0000 616.2780
2022 9 23 20 3.2000 378.4500 0.8000 3.2000 0.0000 55.7772 58.8492 1.5627 0.1357  591.4120 0.0000 0.0000 0.0000 0.0000 591.4120
2022 9 23 21 3.2000 375.1800 0.8000 3.2000 0.0000 55.7699 58.8419 1.5625 0.1356  586.2246 0.0000 0.0000 0.0000 0.0000 586.2246
2022 9 23 22 3.2000 358.7500 0.8000 3.2000 0.0000 55.7625 58.8345 1.5623 0.1356  560.4788 0.0000 0.0000 0.0000 0.0000 560.4788
2022 9 23 23 3.2000 364.1800 0.8000 3.2000 0.0000 55.7552 58.8272 1.5621 0.1356  568.8874 0.0000 0.0000 0.0000 0.0000 568.8874
2022 9 24 0 3.2000 354.9500 0.8000 3.2000 0.0000 55.7479 58.8199 1.5619 0.1356  554.3963 0.0000 0.0000 0.0000 0.0000 554.3963
2022 9 24 1 3.2000 312.8900 0.8000 3.2000 0.0000 55.7405 58.8125 1.5617 0.1356  488.6385 0.0000 0.0000 0.0000 0.0000 488.6385
2022 9 24 2 3.2000 306.6100 0.8000 3.2000 0.0000 55.7332 58.8052 1.5615 0.1355  478.7680 0.0000 0.0000 0.0000 0.0000 478.7680
2022 9 24 3 3.2000 305.6800 0.8000 3.2000 0.0000 55.7259 58.7979 1.5613 0.1355  477.2531 0.0000 0.0000 0.0000 0.0000 477.2531
2022 9 24 4 3.2000 313.8000 0.8000 3.2000 0.0000 55.7185 58.7905 1.5611 0.1355  489.8662 0.0000 0.0000 0.0000 0.0000 489.8662
2022 9 24 5 3.2000 351.7300 0.8000 3.2000 0.0000 55.7112 58.7832 1.5609 0.1355  549.0056 0.0000 0.0000 0.0000 0.0000 549.0056
2022 9 24 6 3.2000 362.3300 0.8000 3.2000 0.0000 55.7038 58.7758 1.5607 0.1355  565.4761 0.0000 0.0000 0.0000 0.0000 565.4761
2022 9 24 7 3.2000 369.1600 0.8000 3.2000 0.0000 55.6965 58.7685 1.5605 0.1355  576.0594 0.0000 0.0000 0.0000 0.0000 576.0594
2022 9 24 8 3.2000 373.6300 0.8000 3.2000 0.0000 55.6891 58.7611 1.5603 0.1354  582.9576 0.0000 0.0000 0.0000 0.0000 582.9576
2022 9 24 9 3.2000 368.4300 0.8000 3.2000 0.0000 55.6818 58.7538 1.5600 0.1354  574.7685 0.0000 0.0000 0.0000 0.0000 574.7685
2022 9 24 10 3.2000 362.0100 0.8000 3.2000 0.0000 55.6744 58.7464 1.5598 0.1354  564.6786 0.0000 0.0000 0.0000 0.0000 564.6786
2022 9 24 11 3.2000 350.0300 0.8000 3.2000 0.0000 55.6671 58.7391 1.5596 0.1354  545.9198 0.0000 0.0000 0.0000 0.0000 545.9198
2022 9 24 12 3.2000 316.4000 0.8000 3.2000 0.0000 55.6598 58.7318 1.5594 0.1354  493.4042 0.0000 0.0000 0.0000 0.0000 493.4042
2022 9 24 13 3.2000 317.1500 0.8000 3.2000 0.0000 55.6525 58.7245 1.5592 0.1353  494.5086 0.0000 0.0000 0.0000 0.0000 494.5086
2022 9 24 14 3.2000 338.9500 0.8000 3.2000 0.0000 55.6451 58.7171 1.5590 0.1353  528.4302 0.0000 0.0000 0.0000 0.0000 528.4302
2022 9 24 15 3.2000 356.3500 0.8000 3.2000 0.0000 55.6378 58.7098 1.5588 0.1353  555.4839 0.0000 0.0000 0.0000 0.0000 555.4839
2022 9 24 16 3.2000 369.6400 0.8000 3.2000 0.0000 55.6305 58.7025 1.5586 0.1353  576.1247 0.0000 0.0000 0.0000 0.0000 576.1247
2022 9 24 17 3.2000 389.7200 0.8000 3.2000 0.0000 55.6231 58.6951 1.5584 0.1353  607.3415 0.0000 0.0000 0.0000 0.0000 607.3415
2022 9 24 18 3.2000 403.6200 0.8000 3.2000 0.0000 55.6158 58.6878 1.5582 0.1353  628.9204 0.0000 0.0000 0.0000 0.0000 628.9204
2022 9 24 19 3.2000 393.8700 0.8000 3.2000 0.0000 55.6085 58.6805 1.5580 0.1352  613.6471 0.0000 0.0000 0.0000 0.0000 613.6471
2022 9 24 20 3.2000 370.0400 0.8000 3.2000 0.0000 55.6011 58.6731 1.5578 0.1352  576.4441 0.0000 0.0000 0.0000 0.0000 576.4441
2022 9 24 21 3.2000 356.1100 0.8000 3.2000 0.0000 55.5938 58.6658 1.5576 0.1352  554.6709 0.0000 0.0000 0.0000 0.0000 554.6709
2022 9 24 22 3.2000 333.9800 0.8000 3.2000 0.0000 55.5865 58.6585 1.5574 0.1352  520.1331 0.0000 0.0000 0.0000 0.0000 520.1331
2022 9 24 23 3.2000 339.9900 0.8000 3.2000 0.0000 55.5792 58.6512 1.5572 0.1352  529.4235 0.0000 0.0000 0.0000 0.0000 529.4235
2022 9 25 0 3.2000 322.7200 0.8000 3.2000 0.0000 55.5719 58.6439 1.5570 0.1352  502.4654 0.0000 0.0000 0.0000 0.0000 502.4654
2022 9 25 1 3.2000 295.1700 0.8000 3.2000 0.0000 55.5647 58.6367 1.5568 0.1351  459.5112 0.0000 0.0000 0.0000 0.0000 459.5112
2022 9 25 2 3.2000 277.6900 0.8000 3.2000 0.0000 55.5575 58.6295 1.5566 0.1351  432.2428 0.0000 0.0000 0.0000 0.0000 432.2428
2022 9 25 3 3.2000 207.4000 0.8000 3.2000 0.0000 55.5503 58.6223 1.5564 0.1351  322.7900 0.0000 0.0000 0.0000 0.0000 322.7900
2022 9 25 4 3.2000 210.8100 0.8000 3.2000 0.0000 55.5432 58.6152 1.5562 0.1351  328.0551 0.0000 0.0000 0.0000 0.0000 328.0551
2022 9 25 5 3.2000 246.3600 0.8000 3.2000 0.0000 55.5361 58.6081 1.5560 0.1351  383.3281 0.0000 0.0000 0.0000 0.0000 383.3281
2022 9 25 6 3.2000 255.9400 0.8000 3.2000 0.0000 55.5292 58.6012 1.5558 0.1350  398.1847 0.0000 0.0000 0.0000 0.0000 398.1847
2022 9 25 7 3.2000 297.3800 0.8000 3.2000 0.0000 55.5225 58.5945 1.5556 0.1350  462.6002 0.0000 0.0000 0.0000 0.0000 462.6002
2022 9 25 8 3.2000 311.0900 0.8000 3.2000 0.0000 55.5161 58.5881 1.5554 0.1350  483.8714 0.0000 0.0000 0.0000 0.0000 483.8714
2022 9 25 9 3.2000 309.9700 0.8000 3.2000 0.0000 55.5101 58.5821 1.5552 0.1350  482.0771 0.0000 0.0000 0.0000 0.0000 482.0771
2022 9 25 10 3.2000 331.6600 0.8000 3.2000 0.0000 55.5047 58.5767 1.5551 0.1350  515.7599 0.0000 0.0000 0.0000 0.0000 515.7599
2022 9 25 11 3.2000 284.3100 0.8000 3.2000 0.0000 55.5001 58.5721 1.5550 0.1350  442.0898 0.0000 0.0000 0.0000 0.0000 442.0898
2022 9 25 12 3.2000 254.2800 0.8000 3.2000 0.0000 55.4964 58.5684 1.5549 0.1350  395.3683 0.0000 0.0000 0.0000 0.0000 395.3683
2022 9 25 13 3.2000 240.8700 0.8000 3.2000 0.0000 55.4937 58.5657 1.5548 0.1350  374.4997 0.0000 0.0000 0.0000 0.0000 374.4997
2022 9 25 14 3.2000 271.8500 0.8000 3.2000 0.0000 55.4920 58.5640 1.5547 0.1350  422.6537 0.0000 0.0000 0.0000 0.0000 422.6537
2022 9 25 15 3.2000 324.3400 0.8000 3.2000 0.0000 55.4912 58.5632 1.5547 0.1350  504.2544 0.0000 0.0000 0.0000 0.0000 504.2544
2022 9 25 16 3.2000 355.2400 0.8000 3.2000 0.0000 55.4913 58.5633 1.5547 0.1350  552.2954 0.0000 0.0000 0.0000 0.0000 552.2954
2022 9 25 17 3.2000 363.0100 0.8000 3.2000 0.0000 55.4920 58.5640 1.5547 0.1350  564.3832 0.0000 0.0000 0.0000 0.0000 564.3832
2022 9 25 18 3.2000 369.6700 0.8000 3.2000 0.0000 55.4934 58.5654 1.5548 0.1350  574.7514 0.0000 0.0000 0.0000 0.0000 574.7514
2022 9 25 19 3.2000 374.4700 0.8000 3.2000 0.0000 55.4951 58.5671 1.5548 0.1350  582.2321 0.0000 0.0000 0.0000 0.0000 582.2321
2022 9 25 20 3.2000 366.3400 0.8000 3.2000 0.0000 55.4970 58.5690 1.5549 0.1350  569.6115 0.0000 0.0000 0.0000 0.0000 569.6115
2022 9 25 21 3.2000 353.0700 0.8000 3.2000 0.0000 55.4992 58.5712 1.5549 0.1350  548.9998 0.0000 0.0000 0.0000 0.0000 548.9998
2022 9 25 22 3.2000 297.0400 0.8000 3.2000 0.0000 55.5014 58.5734 1.5550 0.1350  461.8957 0.0000 0.0000 0.0000 0.0000 461.8957
2022 9 25 23 3.2000 257.1800 0.8000 3.2000 0.0000 55.5036 58.5756 1.5551 0.1350  399.9294 0.0000 0.0000 0.0000 0.0000 399.9294
2022 9 26 0 3.2000 187.6300 0.8000 3.2000 0.0000 55.5056 58.5776 1.5551 0.1350  291.7858 0.0000 0.0000 0.0000 0.0000 291.7858
2022 9 26 1 3.2000 162.1400 0.8000 3.2000 0.0000 55.5075 58.5795 1.5552 0.1350  252.1544 0.0000 0.0000 0.0000 0.0000 252.1544
2022 9 26 2 3.2000 129.0800 0.8000 3.2000 0.0000 55.5092 58.5812 1.5552 0.1350  200.7467 0.0000 0.0000 0.0000 0.0000 200.7467
2022 9 26 3 3.2000 104.5700 0.8000 3.2000 0.0000 55.5106 58.5826 1.5553 0.1350  162.6327 0.0000 0.0000 0.0000 0.0000 162.6327
2022 9 26 4 3.2000 166.3500 0.8000 3.2000 0.0000 55.5119 58.5839 1.5553 0.1350  258.7221 0.0000 0.0000 0.0000 0.0000 258.7221
2022 9 26 5 3.2000 268.6000 0.8000 3.2000 0.0000 55.5129 58.5849 1.5553 0.1350  417.7583 0.0000 0.0000 0.0000 0.0000 417.7583
2022 9 26 6 3.2000 336.9000 0.8000 3.2000 0.0000 55.5138 58.5858 1.5553 0.1350  523.9946 0.0000 0.0000 0.0000 0.0000 523.9946
2022 9 26 7 3.2000 341.1500 0.8000 3.2000 0.0000 55.5145 58.5865 1.5554 0.1350  530.6117 0.0000 0.0000 0.0000 0.0000 530.6117
2022 9 26 8 3.2000 312.9300 0.8000 3.2000 0.0000 55.5151 58.5871 1.5554 0.1350  486.7246 0.0000 0.0000 0.0000 0.0000 486.7246
2022 9 26 9 3.2000 276.5500 0.8000 3.2000 0.0000 55.5156 58.5876 1.5554 0.1350  430.1440 0.0000 0.0000 0.0000 0.0000 430.1440
2022 9 26 10 3.2000 231.5400 0.8000 3.2000 0.0000 55.5163 58.5883 1.5554 0.1350  360.1397 0.0000 0.0000 0.0000 0.0000 360.1397
2022 9 26 11 3.2000 215.6000 0.8000 3.2000 0.0000 55.5171 58.5891 1.5554 0.1350  335.3517 0.0000 0.0000 0.0000 0.0000 335.3517
2022 9 26 12 3.2000 206.7900 0.8000 3.2000 0.0000 55.5182 58.5902 1.5555 0.1350  321.6544 0.0000 0.0000 0.0000 0.0000 321.6544
2022 9 26 13 3.2000 164.2200 0.8000 3.2000 0.0000 55.5192 58.5912 1.5555 0.1350  255.4429 0.0000 0.0000 0.0000 0.0000 255.4429
2022 9 26 14 3.2000 239.4100 0.8000 3.2000 0.0000 55.5200 58.5920 1.5555 0.1350  372.4059 0.0000 0.0000 0.0000 0.0000 372.4059
2022 9 26 15 3.2000 302.2400 0.8000 3.2000 0.0000 55.5206 58.5926 1.5555 0.1350  470.1437 0.0000 0.0000 0.0000 0.0000 470.1437
2022 9 26 16 3.2000 318.1000 0.8000 3.2000 0.0000 55.5209 58.5929 1.5555 0.1350  494.8173 0.0000 0.0000 0.0000 0.0000 494.8173
2022 9 26 17 3.2000 336.0100 0.8000 3.2000 0.0000 55.5209 58.5929 1.5555 0.1350  522.6772 0.0000 0.0000 0.0000 0.0000 522.6772
2022 9 26 18 3.2000 343.0200 0.8000 3.2000 0.0000 55.5207 58.5927 1.5555 0.1350  533.5792 0.0000 0.0000 0.0000 0.0000 533.5792
2022 9 26 19 3.2000 348.7100 0.8000 3.2000 0.0000 55.5203 58.5923 1.5555 0.1350  542.4262 0.0000 0.0000 0.0000 0.0000 542.4262
2022 9 26 20 3.2000 335.5400 0.8000 3.2000 0.0000 55.5197 58.5917 1.5555 0.1350  521.9351 0.0000 0.0000 0.0000 0.0000 521.9351
2022 9 26 21 3.2000 301.4200 0.8000 3.2000 0.0000 55.5192 58.5912 1.5555 0.1350  468.8564 0.0000 0.0000 0.0000 0.0000 468.8564
2022 9 26 22 3.2000 290.0600 0.8000 3.2000 0.0000 55.5186 58.5906 1.5555 0.1350  451.1816 0.0000 0.0000 0.0000 0.0000 451.1816
2022 9 26 23 3.2000 306.9800 0.8000 3.2000 0.0000 55.5182 58.5902 1.5555 0.1350  477.4962 0.0000 0.0000 0.0000 0.0000 477.4962
2022 9 27 0 3.2000 245.1800 0.8000 3.2000 0.0000 55.5178 58.5898 1.5555 0.1350  381.3659 0.0000 0.0000 0.0000 0.0000 381.3659
2022 9 27 1 3.2000 181.0000 0.8000 3.2000 0.0000 55.5175 58.5895 1.5554 0.1350  281.5354 0.0000 0.0000 0.0000 0.0000 281.5354
2022 9 27 2 3.2000 161.2800 0.8000 3.2000 0.0000 55.5172 58.5892 1.5554 0.1350  250.8608 0.0000 0.0000 0.0000 0.0000 250.8608
2022 9 27 3 3.2000 214.3300 0.8000 3.2000 0.0000 55.5169 58.5889 1.5554 0.1350  333.3751 0.0000 0.0000 0.0000 0.0000 333.3751
2022 9 27 4 3.2000 301.7700 0.8000 3.2000 0.0000 55.5167 58.5887 1.5554 0.1350  469.3802 0.0000 0.0000 0.0000 0.0000 469.3802
2022 9 27 5 3.2000 314.5900 0.8000 3.2000 0.0000 55.5167 58.5887 1.5554 0.1350  489.3206 0.0000 0.0000 0.0000 0.0000 489.3206
2022 9 27 6 3.2000 331.8400 0.8000 3.2000 0.0000 55.5170 58.5890 1.5554 0.1350  516.1540 0.0000 0.0000 0.0000 0.0000 516.1540
2022 9 27 7 3.2000 340.3900 0.8000 3.2000 0.0000 55.5175 58.5895 1.5554 0.1350  529.4585 0.0000 0.0000 0.0000 0.0000 529.4585
2022 9 27 8 3.2000 338.7400 0.8000 3.2000 0.0000 55.5185 58.5905 1.5555 0.1350  526.9012 0.0000 0.0000 0.0000 0.0000 526.9012
2022 9 27 9 3.2000 338.6300 0.8000 3.2000 0.0000 55.5199 58.5919 1.5555 0.1350  526.7434 0.0000 0.0000 0.0000 0.0000 526.7434
2022 9 27 10 3.2000 335.6900 0.8000 3.2000 0.0000 55.5217 58.5937 1.5556 0.1350  522.1873 0.0000 0.0000 0.0000 0.0000 522.1873
2022 9 27 11 3.2000 330.8600 0.8000 3.2000 0.0000 55.5238 58.5958 1.5556 0.1350  514.6934 0.0000 0.0000 0.0000 0.0000 514.6934
2022 9 27 12 3.2000 314.3700 0.8000 3.2000 0.0000 55.5261 58.5981 1.5557 0.1350  489.0612 0.0000 0.0000 0.0000 0.0000 489.0612
2022 9 27 13 3.2000 307.7000 0.8000 3.2000 0.0000 55.5285 58.6005 1.5558 0.1350  478.7057 0.0000 0.0000 0.0000 0.0000 478.7057
2022 9 27 14 3.2000 322.1100 0.8000 3.2000 0.0000 55.5311 58.6031 1.5558 0.1351  501.1476 0.0000 0.0000 0.0000 0.0000 501.1476
2022 9 27 15 3.2000 326.6400 0.8000 3.2000 0.0000 55.5339 58.6059 1.5559 0.1351  508.2209 0.0000 0.0000 0.0000 0.0000 508.2209
2022 9 27 16 3.2000 333.7800 0.8000 3.2000 0.0000 55.5370 58.6090 1.5560 0.1351  519.3584 0.0000 0.0000 0.0000 0.0000 519.3584
2022 9 27 17 3.2000 341.4300 0.8000 3.2000 0.0000 55.5404 58.6124 1.5561 0.1351  531.2952 0.0000 0.0000 0.0000 0.0000 531.2952
2022 9 27 18 3.2000 344.4400 0.8000 3.2000 0.0000 55.5447 58.6167 1.5562 0.1351  536.0201 0.0000 0.0000 0.0000 0.0000 536.0201
2022 9 27 19 3.2000 346.9500 0.8000 3.2000 0.0000 55.5499 58.6219 1.5564 0.1351  539.9772 0.0000 0.0000 0.0000 0.0000 539.9772
2022 9 27 20 3.2000 337.8300 0.8000 3.2000 0.0000 55.5561 58.6281 1.5565 0.1351  525.8416 0.0000 0.0000 0.0000 0.0000 525.8416
2022 9 27 21 3.2000 327.3200 0.8000 3.2000 0.0000 55.5631 58.6351 1.5567 0.1351  509.5468 0.0000 0.0000 0.0000 0.0000 509.5468
2022 9 27 22 3.2000 321.3200 0.8000 3.2000 0.0000 55.5710 58.6430 1.5569 0.1352  500.2769 0.0000 0.0000 0.0000 0.0000 500.2769
2022 9 27 23 3.2000 307.0600 0.8000 3.2000 0.0000 55.5795 58.6515 1.5572 0.1352  478.1483 0.0000 0.0000 0.0000 0.0000 478.1483
2022 9 28 0 3.2000 276.3500 0.8000 3.2000 0.0000 55.5884 58.6604 1.5574 0.1352  430.3960 0.0000 0.0000 0.0000 0.0000 430.3960
2022 9 28 1 3.2000 246.4400 0.8000 3.2000 0.0000 55.5973 58.6693 1.5577 0.1352  383.8750 0.0000 0.0000 0.0000 0.0000 383.8750
2022 9 28 2 3.2000 243.4900 0.8000 3.2000 0.0000 55.6062 58.6782 1.5579 0.1352  379.3403 0.0000 0.0000 0.0000 0.0000 379.3403
2022 9 28 3 3.2000 274.3400 0.8000 3.2000 0.0000 55.6149 58.6869 1.5582 0.1353  427.4695 0.0000 0.0000 0.0000 0.0000 427.4695
2022 9 28 4 3.2000 306.6800 0.8000 3.2000 0.0000 55.6235 58.6955 1.5584 0.1353  477.9344 0.0000 0.0000 0.0000 0.0000 477.9344
2022 9 28 5 3.2000 312.1100 0.8000 3.2000 0.0000 55.6318 58.7038 1.5586 0.1353  486.4696 0.0000 0.0000 0.0000 0.0000 486.4696
2022 9 28 6 3.2000 312.6200 0.8000 3.2000 0.0000 55.6400 58.7120 1.5589 0.1353  487.3361 0.0000 0.0000 0.0000 0.0000 487.3361
2022 9 28 7 3.2000 324.8100 0.8000 3.2000 0.0000 55.6480 58.7200 1.5591 0.1353  506.4121 0.0000 0.0000 0.0000 0.0000 506.4121
2022 9 28 8 3.2000 333.1500 0.8000 3.2000 0.0000 55.6560 58.7280 1.5593 0.1354  519.4894 0.0000 0.0000 0.0000 0.0000 519.4894
2022 9 28 9 3.2000 328.0300 0.8000 3.2000 0.0000 55.6638 58.7358 1.5595 0.1354  511.5777 0.0000 0.0000 0.0000 0.0000 511.5777
2022 9 28 10 3.2000 323.9500 0.8000 3.2000 0.0000 55.6716 58.7436 1.5598 0.1354  505.2848 0.0000 0.0000 0.0000 0.0000 505.2848
2022 9 28 11 3.2000 325.5900 0.8000 3.2000 0.0000 55.6791 58.7511 1.5600 0.1354  507.9114 0.0000 0.0000 0.0000 0.0000 507.9114
2022 9 28 12 3.2000 328.8300 0.8000 3.2000 0.0000 55.6864 58.7584 1.5602 0.1354  513.0328 0.0000 0.0000 0.0000 0.0000 513.0328
2022 9 28 13 3.2000 330.2400 0.8000 3.2000 0.0000 55.6934 58.7654 1.5604 0.1354  515.2973 0.0000 0.0000 0.0000 0.0000 515.2973
2022 9 28 14 3.2000 329.7100 0.8000 3.2000 0.0000 55.7000 58.7720 1.5606 0.1355  514.5319 0.0000 0.0000 0.0000 0.0000 514.5319
2022 9 28 15 3.2000 320.1000 0.8000 3.2000 0.0000 55.7063 58.7783 1.5607 0.1355  499.5917 0.0000 0.0000 0.0000 0.0000 499.5917
2022 9 28 16 3.2000 315.4400 0.8000 3.2000 0.0000 55.7124 58.7844 1.5609 0.1355  492.3720 0.0000 0.0000 0.0000 0.0000 492.3720
2022 9 28 17 3.2000 320.0600 0.8000 3.2000 0.0000 55.7181 58.7901 1.5611 0.1355  499.6347 0.0000 0.0000 0.0000 0.0000 499.6347
2022 9 28 18 3.2000 320.7100 0.8000 3.2000 0.0000 55.7235 58.7955 1.5612 0.1355  500.6980 0.0000 0.0000 0.0000 0.0000 500.6980
2022 9 28 19 3.2000 316.6600 0.8000 3.2000 0.0000 55.7286 58.8006 1.5614 0.1355  494.4206 0.0000 0.0000 0.0000 0.0000 494.4206
2022 9 28 20 3.2000 312.1300 0.8000 3.2000 0.0000 55.7335 58.8055 1.5615 0.1355  487.3901 0.0000 0.0000 0.0000 0.0000 487.3901
2022 9 28 21 3.2000 293.6400 0.8000 3.2000 0.0000 55.7381 58.8101 1.5616 0.1356  458.5560 0.0000 0.0000 0.0000 0.0000 458.5560
2022 9 28 22 3.2000 292.4600 0.8000 3.2000 0.0000 55.7425 58.8145 1.5617 0.1356  456.7490 0.0000 0.0000 0.0000 0.0000 456.7490
2022 9 28 23 3.2000 316.9900 0.8000 3.2000 0.0000 55.7466 58.8186 1.5619 0.1356  495.0952 0.0000 0.0000 0.0000 0.0000 495.0952
2022 9 29 0 3.2000 314.0000 0.8000 3.2000 0.0000 55.7505 58.8225 1.5620 0.1356  490.4593 0.0000 0.0000 0.0000 0.0000 490.4593
2022 9 29 1 3.2000 313.9700 0.8000 3.2000 0.0000 55.7541 58.8261 1.5621 0.1356  490.4445 0.0000 0.0000 0.0000 0.0000 490.4445
2022 9 29 2 3.2000 313.9600 0.8000 3.2000 0.0000 55.7575 58.8295 1.5622 0.1356  490.4590 0.0000 0.0000 0.0000 0.0000 490.4590
2022 9 29 3 3.2000 314.5600 0.8000 3.2000 0.0000 55.7608 58.8328 1.5623 0.1356  491.4249 0.0000 0.0000 0.0000 0.0000 491.4249
2022 9 29 4 3.2000 320.6300 0.8000 3.2000 0.0000 55.7638 58.8358 1.5623 0.1356  500.9354 0.0000 0.0000 0.0000 0.0000 500.9354
2022 9 29 5 3.2000 326.5500 0.8000 3.2000 0.0000 55.7667 58.8387 1.5624 0.1356  510.2108 0.0000 0.0000 0.0000 0.0000 510.2108
2022 9 29 6 3.2000 329.3000 0.8000 3.2000 0.0000 55.7694 58.8414 1.5625 0.1356  514.5323 0.0000 0.0000 0.0000 0.0000 514.5323
2022 9 29 7 3.2000 348.4400 0.8000 3.2000 0.0000 55.7719 58.8439 1.5626 0.1356  544.4631 0.0000 0.0000 0.0000 0.0000 544.4631
2022 9 29 8 3.2000 371.5900 0.8000 3.2000 0.0000 55.7743 58.8463 1.5626 0.1356  580.6610 0.0000 0.0000 0.0000 0.0000 580.6610
2022 9 29 9 3.2000 377.8600 0.8000 3.2000 0.0000 55.7764 58.8484 1.5627 0.1357  590.4819 0.0000 0.0000 0.0000 0.0000 590.4819
2022 9 29 10 3.2000 354.6500 0.8000 3.2000 0.0000 55.7785 58.8505 1.5628 0.1357  554.2316 0.0000 0.0000 0.0000 0.0000 554.2316
2022 9 29 11 3.2000 339.8800 0.8000 3.2000 0.0000 55.7803 58.8523 1.5628 0.1357  531.1672 0.0000 0.0000 0.0000 0.0000 531.1672
2022 9 29 12 3.2000 349.1900 0.8000 3.2000 0.0000 55.7820 58.8540 1.5629 0.1357  545.7334 0.0000 0.0000 0.0000 0.0000 545.7334
2022 9 29 13 3.2000 340.8000 0.8000 3.2000 0.0000 55.7835 58.8555 1.5629 0.1357  532.6356 0.0000 0.0000 0.0000 0.0000 532.6356
2022 9 29 14 3.2000 355.7500 0.8000 3.2000 0.0000 55.7849 58.8569 1.5629 0.1357  556.0145 0.0000 0.0000 0.0000 0.0000 556.0145
2022 9 29 15 3.2000 371.6800 0.8000 3.2000 0.0000 55.7861 58.8581 1.5630 0.1357  580.9248 0.0000 0.0000 0.0000 0.0000 580.9248
2022 9 29 16 3.2000 378.1500 0.8000 3.2000 0.0000 55.7872 58.8592 1.5630 0.1357  591.0488 0.0000 0.0000 0.0000 0.0000 591.0488
2022 9 29 17 3.2000 382.6500 0.8000 3.2000 0.0000 55.7881 58.8601 1.5630 0.1357  598.0926 0.0000 0.0000 0.0000 0.0000 598.0926
2022 9 29 18 3.2000 376.7800 0.8000 3.2000 0.0000 55.7890 58.8610 1.5631 0.1357  588.9265 0.0000 0.0000 0.0000 0.0000 588.9265
2022 9 29 19 3.2000 373.9000 0.8000 3.2000 0.0000 55.7897 58.8617 1.5631 0.1357  584.4325 0.0000 0.0000 0.0000 0.0000 584.4325
2022 9 29 20 3.2000 359.2700 0.8000 3.2000 0.0000 55.7903 58.8623 1.5631 0.1357  561.5707 0.0000 0.0000 0.0000 0.0000 561.5707
2022 9 29 21 3.2000 339.6900 0.8000 3.2000 0.0000 55.7908 58.8628 1.5631 0.1357  530.9699 0.0000 0.0000 0.0000 0.0000 530.9699
2022 9 29 22 3.2000 335.5400 0.8000 3.2000 0.0000 55.7911 58.8631 1.5631 0.1357  524.4866 0.0000 0.0000 0.0000 0.0000 524.4866
2022 9 29 23 3.2000 341.5400 0.8000 3.2000 0.0000 55.7914 58.8634 1.5631 0.1357  533.8680 0.0000 0.0000 0.0000 0.0000 533.8680
2022 9 30 0 3.2000 324.5500 0.8000 3.2000 0.0000 55.7916 58.8636 1.5631 0.1357  507.3120 0.0000 0.0000 0.0000 0.0000 507.3120
2022 9 30 1 3.2000 322.1200 0.8000 3.2000 0.0000 55.7916 58.8636 1.5631 0.1357  503.5142 0.0000 0.0000 0.0000 0.0000 503.5142
2022 9 30 2 3.2000 320.8600 0.8000 3.2000 0.0000 55.7916 58.8636 1.5631 0.1357  501.5445 0.0000 0.0000 0.0000 0.0000 501.5445
2022 9 30 3 3.2000 320.8000 0.8000 3.2000 0.0000 55.7915 58.8635 1.5631 0.1357  501.4498 0.0000 0.0000 0.0000 0.0000 501.4498
2022 9 30 4 3.2000 321.3000 0.8000 3.2000 0.0000 55.7913 58.8633 1.5631 0.1357  502.2294 0.0000 0.0000 0.0000 0.0000 502.2294
2022 9 30 5 3.2000 327.7000 0.8000 3.2000 0.0000 55.7910 58.8630 1.5631 0.1357  512.2308 0.0000 0.0000 0.0000 0.0000 512.2308
2022 9 30 6 3.2000 355.5300 0.8000 3.2000 0.0000 55.7907 58.8627 1.5631 0.1357  555.7284 0.0000 0.0000 0.0000 0.0000 555.7284
2022 9 30 7 3.2000 370.8800 0.8000 3.2000 0.0000 55.7902 58.8622 1.5631 0.1357  579.7172 0.0000 0.0000 0.0000 0.0000 579.7172
2022 9 30 8 3.2000 365.2600 0.8000 3.2000 0.0000 55.7897 58.8617 1.5631 0.1357  570.9271 0.0000 0.0000 0.0000 0.0000 570.9271
2022 9 30 9 3.2000 354.3600 0.8000 3.2000 0.0000 55.7890 58.8610 1.5631 0.1357  553.8835 0.0000 0.0000 0.0000 0.0000 553.8835
2022 9 30 10 3.2000 331.2900 0.8000 3.2000 0.0000 55.7883 58.8603 1.5630 0.1357  517.8174 0.0000 0.0000 0.0000 0.0000 517.8174
2022 9 30 11 3.2000 292.1500 0.8000 3.2000 0.0000 55.7876 58.8596 1.5630 0.1357  456.6339 0.0000 0.0000 0.0000 0.0000 456.6339
2022 9 30 12 3.2000 264.0800 0.8000 3.2000 0.0000 55.7867 58.8587 1.5630 0.1357  412.7539 0.0000 0.0000 0.0000 0.0000 412.7539
2022 9 30 13 3.2000 209.4500 0.8000 3.2000 0.0000 55.7858 58.8578 1.5630 0.1357  327.3624 0.0000 0.0000 0.0000 0.0000 327.3624
2022 9 30 14 3.2000 204.5600 0.8000 3.2000 0.0000 55.7848 58.8568 1.5629 0.1357  319.7140 0.0000 0.0000 0.0000 0.0000 319.7140
2022 9 30 15 3.2000 225.8600 0.8000 3.2000 0.0000 55.7838 58.8558 1.5629 0.1357  352.9979 0.0000 0.0000 0.0000 0.0000 352.9979
2022 9 30 16 3.2000 307.7600 0.8000 3.2000 0.0000 55.7827 58.8547 1.5629 0.1357  480.9905 0.0000 0.0000 0.0000 0.0000 480.9905
2022 9 30 17 3.2000 293.1200 0.8000 3.2000 0.0000 55.7816 58.8536 1.5628 0.1357  458.1009 0.0000 0.0000 0.0000 0.0000 458.1009
2022 9 30 18 3.2000 316.2800 0.8000 3.2000 0.0000 55.7804 58.8524 1.5628 0.1357  494.2861 0.0000 0.0000 0.0000 0.0000 494.2861
2022 9 30 19 3.2000 306.5000 0.8000 3.2000 0.0000 55.7792 58.8512 1.5628 0.1357  478.9916 0.0000 0.0000 0.0000 0.0000 478.9916
2022 9 30 20 3.2000 201.5000 0.8000 3.2000 0.0000 55.7780 58.8500 1.5627 0.1357  314.8931 0.0000 0.0000 0.0000 0.0000 314.8931
2022 9 30 21 3.2000 176.8500 0.8000 3.2000 0.0000 55.7768 58.8488 1.5627 0.1357  276.3655 0.0000 0.0000 0.0000 0.0000 276.3655
2022 9 30 22 3.2000 99.1600 0.8000 3.2000 0.0000 55.7756 58.8476 1.5627 0.1356  154.9551 0.0000 0.0000 0.0000 0.0000 154.9551
2022 9 30 23 3.2000 83.4300 0.8000 3.2000 0.0000 55.7744 58.8464 1.5626 0.1356  130.3713 0.0000 0.0000 0.0000 0.0000 130.3713
2022 10 1 0 3.2000 69.2000 0.8000 3.2000 0.0000 55.7732 58.8452 1.5626 0.1356  108.1325 0.0000 0.0000 0.0000 0.0000 108.1325
2022 10 1 1 3.2000 54.4200 0.8000 3.2000 0.0000 55.7719 58.8439 1.5626 0.1356  85.0353 0.0000 0.0000 0.0000 0.0000 85.0353
2022 10 1 2 3.2000 23.3800 0.8000 3.2000 0.0000 55.7707 58.8427 1.5625 0.1356  36.5322 0.0000 0.0000 0.0000 0.0000 36.5322
2022 10 1 3 3.2000 18.4000 0.8000 3.2000 0.0000 55.7696 58.8416 1.5625 0.1356  28.7501 0.0000 0.0000 0.0000 0.0000 28.7501
2022 10 1 4 3.2000 17.4200 0.8000 3.2000 0.0000 55.7686 58.8406 1.5625 0.1356  27.2184 0.0000 0.0000 0.0000 0.0000 27.2184
2022 10 1 5 3.2000 17.0300 0.8000 3.2000 0.0000 55.7680 58.8400 1.5625 0.1356  26.6087 0.0000 0.0000 0.0000 0.0000 26.6087
2022 10 1 6 3.2000 25.9500 0.8000 3.2000 0.0000 55.7682 58.8402 1.5625 0.1356  40.5460 0.0000 0.0000 0.0000 0.0000 40.5460
2022 10 1 7 3.2000 48.9000 0.8000 3.2000 0.0000 55.7698 58.8418 1.5625 0.1356  76.4069 0.0000 0.0000 0.0000 0.0000 76.4069
2022 10 1 8 3.2000 79.6000 0.8000 3.2000 0.0000 55.7735 58.8455 1.5626 0.1356  124.3844 0.0000 0.0000 0.0000 0.0000 124.3844
2022 10 1 9 3.2000 119.5500 0.8000 3.2000 0.0000 55.7795 58.8515 1.5628 0.1357  186.8310 0.0000 0.0000 0.0000 0.0000 186.8310
2022 10 1 10 3.2000 116.2000 0.8000 3.2000 0.0000 55.7873 58.8593 1.5630 0.1357  181.6212 0.0000 0.0000 0.0000 0.0000 181.6212
2022 10 1 11 3.2000 97.9500 0.8000 3.2000 0.0000 55.7964 58.8684 1.5633 0.1357  153.1212 0.0000 0.0000 0.0000 0.0000 153.1212
2022 10 1 12 3.2000 80.5800 0.8000 3.2000 0.0000 55.8061 58.8781 1.5635 0.1357  125.9893 0.0000 0.0000 0.0000 0.0000 125.9893
2022 10 1 13 3.2000 72.0100 0.8000 3.2000 0.0000 55.8161 58.8881 1.5638 0.1357  112.6101 0.0000 0.0000 0.0000 0.0000 112.6101
2022 10 1 14 3.2000 72.8100 0.8000 3.2000 0.0000 55.8265 58.8985 1.5641 0.1358  113.8823 0.0000 0.0000 0.0000 0.0000 113.8823
2022 10 1 15 3.2000 75.9900 0.8000 3.2000 0.0000 55.8371 58.9091 1.5644 0.1358  118.8786 0.0000 0.0000 0.0000 0.0000 118.8786
2022 10 1 16 3.2000 149.9700 0.8000 3.2000 0.0000 55.8477 58.9197 1.5647 0.1358  234.6575 0.0000 0.0000 0.0000 0.0000 234.6575
2022 10 1 17 3.2000 184.2700 0.8000 3.2000 0.0000 55.8582 58.9302 1.5650 0.1358  288.3810 0.0000 0.0000 0.0000 0.0000 288.3810
2022 10 1 18 3.2000 213.0600 0.8000 3.2000 0.0000 55.8685 58.9405 1.5653 0.1359  333.4985 0.0000 0.0000 0.0000 0.0000 333.4985
2022 10 1 19 3.2000 196.2000 0.8000 3.2000 0.0000 55.8785 58.9505 1.5656 0.1359  307.1626 0.0000 0.0000 0.0000 0.0000 307.1626
2022 10 1 20 3.2000 157.6900 0.8000 3.2000 0.0000 55.8881 58.9601 1.5658 0.1359  246.9155 0.0000 0.0000 0.0000 0.0000 246.9155
2022 10 1 21 3.2000 120.0200 0.8000 3.2000 0.0000 55.8975 58.9695 1.5661 0.1359  187.9623 0.0000 0.0000 0.0000 0.0000 187.9623
2022 10 1 22 3.2000 84.2900 0.8000 3.2000 0.0000 55.9067 58.9787 1.5663 0.1360  132.0275 0.0000 0.0000 0.0000 0.0000 132.0275
2022 10 1 23 3.2000 70.8700 0.8000 3.2000 0.0000 55.9157 58.9877 1.5666 0.1360  111.0250 0.0000 0.0000 0.0000 0.0000 111.0250
2022 10 2 0 3.2000 70.3200 0.8000 3.2000 0.0000 55.9246 58.9966 1.5668 0.1360  110.1809 0.0000 0.0000 0.0000 0.0000 110.1809
2022 10 2 1 3.2000 63.9500 0.8000 3.2000 0.0000 55.9333 59.0053 1.5671 0.1360  100.2158 0.0000 0.0000 0.0000 0.0000 100.2158
2022 10 2 2 3.2000 68.0300 0.8000 3.2000 0.0000 55.9421 59.0141 1.5673 0.1361  106.6262 0.0000 0.0000 0.0000 0.0000 106.6262
2022 10 2 3 3.2000 64.9900 0.8000 3.2000 0.0000 55.9586 59.0306 1.5678 0.1361  101.8916 0.0000 0.0000 0.0000 0.0000 101.8916
2022 10 2 4 3.2000 65.3600 0.8000 3.2000 0.0000 55.9778 59.0498 1.5683 0.1361  102.5067 0.0000 0.0000 0.0000 0.0000 102.5067
2022 10 2 5 3.2000 65.2000 0.8000 3.2000 0.0000 55.9917 59.0637 1.5687 0.1362  102.2813 0.0000 0.0000 0.0000 0.0000 102.2813
2022 10 2 6 3.2000 127.7400 0.8000 3.2000 0.0000 56.0058 59.0778 1.5691 0.1362  200.4403 0.0000 0.0000 0.0000 0.0000 200.4403
2022 10 2 7 3.2000 93.3700 0.8000 3.2000 0.0000 56.0200 59.0920 1.5695 0.1362  146.5465 0.0000 0.0000 0.0000 0.0000 146.5465
2022 10 2 8 3.2000 212.7600 0.8000 3.2000 0.0000 56.0343 59.1063 1.5699 0.1363  334.0170 0.0000 0.0000 0.0000 0.0000 334.0170
2022 10 2 9 3.2000 232.8900 0.8000 3.2000 0.0000 56.0487 59.1207 1.5703 0.1363  365.7136 0.0000 0.0000 0.0000 0.0000 365.7136
2022 10 2 10 3.2000 233.2600 0.8000 3.2000 0.0000 56.0632 59.1352 1.5707 0.1363  366.3894 0.0000 0.0000 0.0000 0.0000 366.3894
2022 10 2 11 3.2000 253.5800 0.8000 3.2000 0.0000 56.0777 59.1497 1.5711 0.1364  398.4100 0.0000 0.0000 0.0000 0.0000 398.4100
2022 10 2 12 3.2000 287.3600 0.8000 3.2000 0.0000 56.0924 59.1644 1.5716 0.1364  451.6011 0.0000 0.0000 0.0000 0.0000 451.6011
2022 10 2 13 3.2000 254.1600 0.8000 3.2000 0.0000 56.1071 59.1791 1.5720 0.1365  399.5306 0.0000 0.0000 0.0000 0.0000 399.5306
2022 10 2 14 3.2000 224.5500 0.8000 3.2000 0.0000 56.1218 59.1938 1.5724 0.1365  353.0770 0.0000 0.0000 0.0000 0.0000 353.0770
2022 10 2 15 3.2000 107.4000 0.8000 3.2000 0.0000 56.1363 59.2083 1.5728 0.1365  168.9170 0.0000 0.0000 0.0000 0.0000 168.9170
2022 10 2 16 3.2000 220.4100 0.8000 3.2000 0.0000 56.1508 59.2228 1.5732 0.1366  346.7468 0.0000 0.0000 0.0000 0.0000 346.7468
2022 10 2 17 3.2000 297.9300 0.8000 3.2000 0.0000 56.1653 59.2373 1.5736 0.1366  468.8210 0.0000 0.0000 0.0000 0.0000 468.8210
2022 10 2 18 3.2000 331.6800 0.8000 3.2000 0.0000 56.1796 59.2516 1.5740 0.1366  522.0627 0.0000 0.0000 0.0000 0.0000 522.0627
2022 10 2 19 3.2000 318.4200 0.8000 3.2000 0.0000 56.1937 59.2657 1.5744 0.1367  501.3172 0.0000 0.0000 0.0000 0.0000 501.3172
2022 10 2 20 3.2000 253.0800 0.8000 3.2000 0.0000 56.2075 59.2795 1.5748 0.1367  398.5446 0.0000 0.0000 0.0000 0.0000 398.5446
2022 10 2 21 3.2000 178.6600 0.8000 3.2000 0.0000 56.2210 59.2930 1.5752 0.1367  281.4175 0.0000 0.0000 0.0000 0.0000 281.4175
2022 10 2 22 3.2000 165.3800 0.8000 3.2000 0.0000 56.2343 59.3063 1.5755 0.1368  260.5608 0.0000 0.0000 0.0000 0.0000 260.5608
2022 10 2 23 3.2000 194.7300 0.8000 3.2000 0.0000 56.2472 59.3192 1.5759 0.1368  306.8728 0.0000 0.0000 0.0000 0.0000 306.8728
2022 10 3 0 3.2000 179.9000 0.8000 3.2000 0.0000 56.2598 59.3318 1.5762 0.1368  283.5659 0.0000 0.0000 0.0000 0.0000 283.5659
2022 10 3 1 3.2000 171.6000 0.8000 3.2000 0.0000 56.2721 59.3441 1.5766 0.1369  270.5422 0.0000 0.0000 0.0000 0.0000 270.5422
2022 10 3 2 3.2000 100.4500 0.8000 3.2000 0.0000 56.2840 59.3560 1.5769 0.1369  158.4016 0.0000 0.0000 0.0000 0.0000 158.4016
2022 10 3 3 3.2000 104.5500 0.8000 3.2000 0.0000 56.2956 59.3676 1.5772 0.1369  164.9009 0.0000 0.0000 0.0000 0.0000 164.9009
2022 10 3 4 3.2000 140.4600 0.8000 3.2000 0.0000 56.3071 59.3791 1.5776 0.1369  221.5852 0.0000 0.0000 0.0000 0.0000 221.5852
2022 10 3 5 3.2000 212.7100 0.8000 3.2000 0.0000 56.3186 59.3906 1.5779 0.1370  335.6330 0.0000 0.0000 0.0000 0.0000 335.6330
2022 10 3 6 3.2000 305.1800 0.8000 3.2000 0.0000 56.3299 59.4019 1.5782 0.1370  481.6373 0.0000 0.0000 0.0000 0.0000 481.6373
2022 10 3 7 3.2000 323.5700 0.8000 3.2000 0.0000 56.3411 59.4131 1.5785 0.1370  510.7621 0.0000 0.0000 0.0000 0.0000 510.7621
2022 10 3 8 3.2000 275.9600 0.8000 3.2000 0.0000 56.3522 59.4242 1.5788 0.1371  435.6941 0.0000 0.0000 0.0000 0.0000 435.6941
2022 10 3 9 3.2000 212.7300 0.8000 3.2000 0.0000 56.3631 59.4351 1.5791 0.1371  335.9297 0.0000 0.0000 0.0000 0.0000 335.9297
2022 10 3 10 3.2000 156.7600 0.8000 3.2000 0.0000 56.3739 59.4459 1.5794 0.1371  247.5931 0.0000 0.0000 0.0000 0.0000 247.5931
2022 10 3 11 3.2000 126.7100 0.8000 3.2000 0.0000 56.3847 59.4567 1.5797 0.1371  200.1690 0.0000 0.0000 0.0000 0.0000 200.1690
2022 10 3 12 3.2000 137.5900 0.8000 3.2000 0.0000 56.3953 59.4673 1.5800 0.1372  217.3974 0.0000 0.0000 0.0000 0.0000 217.3974
2022 10 3 13 3.2000 154.3700 0.8000 3.2000 0.0000 56.4057 59.4777 1.5803 0.1372  243.9557 0.0000 0.0000 0.0000 0.0000 243.9557
2022 10 3 14 3.2000 196.1100 0.8000 3.2000 0.0000 56.4160 59.4880 1.5806 0.1372  309.9754 0.0000 0.0000 0.0000 0.0000 309.9754
2022 10 3 15 3.2000 238.2900 0.8000 3.2000 0.0000 56.4262 59.4982 1.5809 0.1372  376.7140 0.0000 0.0000 0.0000 0.0000 376.7140
2022 10 3 16 3.2000 332.4800 0.8000 3.2000 0.0000 56.4364 59.5084 1.5812 0.1373  525.7142 0.0000 0.0000 0.0000 0.0000 525.7142
2022 10 3 17 3.2000 367.0800 0.8000 3.2000 0.0000 56.4465 59.5185 1.5815 0.1373  580.5276 0.0000 0.0000 0.0000 0.0000 580.5276
2022 10 3 18 3.2000 373.7600 0.8000 3.2000 0.0000 56.4567 59.5287 1.5818 0.1373  591.1979 0.0000 0.0000 0.0000 0.0000 591.1979
2022 10 3 19 3.2000 364.8600 0.8000 3.2000 0.0000 56.4668 59.5388 1.5820 0.1373  577.2234 0.0000 0.0000 0.0000 0.0000 577.2234
2022 10 3 20 3.2000 326.4700 0.8000 3.2000 0.0000 56.4768 59.5488 1.5823 0.1374  516.5806 0.0000 0.0000 0.0000 0.0000 516.5806
2022 10 3 21 3.2000 319.0700 0.8000 3.2000 0.0000 56.4868 59.5588 1.5826 0.1374  504.9610 0.0000 0.0000 0.0000 0.0000 504.9610
2022 10 3 22 3.2000 297.8500 0.8000 3.2000 0.0000 56.4968 59.5688 1.5829 0.1374  471.4614 0.0000 0.0000 0.0000 0.0000 471.4614
2022 10 3 23 3.2000 211.7700 0.8000 3.2000 0.0000 56.5067 59.5787 1.5832 0.1374  335.2658 0.0000 0.0000 0.0000 0.0000 335.2658
2022 10 4 0 3.2000 193.6000 0.8000 3.2000 0.0000 56.5166 59.5886 1.5834 0.1375  306.5535 0.0000 0.0000 0.0000 0.0000 306.5535
2022 10 4 1 3.2000 193.0400 0.8000 3.2000 0.0000 56.5265 59.5985 1.5837 0.1375  305.7202 0.0000 0.0000 0.0000 0.0000 305.7202
2022 10 4 2 3.2000 173.9500 0.8000 3.2000 0.0000 56.5365 59.6085 1.5840 0.1375  275.5359 0.0000 0.0000 0.0000 0.0000 275.5359
2022 10 4 3 3.2000 192.6700 0.8000 3.2000 0.0000 56.5467 59.6187 1.5843 0.1375  305.2432 0.0000 0.0000 0.0000 0.0000 305.2432
2022 10 4 4 3.2000 202.5600 0.8000 3.2000 0.0000 56.5569 59.6289 1.5846 0.1375  320.9699 0.0000 0.0000 0.0000 0.0000 320.9699
2022 10 4 5 3.2000 252.2900 0.8000 3.2000 0.0000 56.5671 59.6391 1.5849 0.1376  399.8426 0.0000 0.0000 0.0000 0.0000 399.8426
2022 10 4 6 3.2000 299.2900 0.8000 3.2000 0.0000 56.5774 59.6494 1.5851 0.1376  474.4165 0.0000 0.0000 0.0000 0.0000 474.4165
2022 10 4 7 3.2000 308.4300 0.8000 3.2000 0.0000 56.5875 59.6595 1.5854 0.1376  488.9924 0.0000 0.0000 0.0000 0.0000 488.9924
2022 10 4 8 3.2000 303.3300 0.8000 3.2000 0.0000 56.5976 59.6696 1.5857 0.1376  480.9922 0.0000 0.0000 0.0000 0.0000 480.9922
2022 10 4 9 3.2000 266.3100 0.8000 3.2000 0.0000 56.6076 59.6796 1.5860 0.1377  422.3641 0.0000 0.0000 0.0000 0.0000 422.3641
2022 10 4 10 3.2000 223.4600 0.8000 3.2000 0.0000 56.6176 59.6896 1.5863 0.1377  354.4673 0.0000 0.0000 0.0000 0.0000 354.4673
2022 10 4 11 3.2000 171.5200 0.8000 3.2000 0.0000 56.6276 59.6996 1.5865 0.1377  272.1247 0.0000 0.0000 0.0000 0.0000 272.1247
2022 10 4 12 3.2000 159.6400 0.8000 3.2000 0.0000 56.6376 59.7096 1.5868 0.1377  253.3212 0.0000 0.0000 0.0000 0.0000 253.3212
2022 10 4 13 3.2000 148.3800 0.8000 3.2000 0.0000 56.6476 59.7196 1.5871 0.1378  235.4950 0.0000 0.0000 0.0000 0.0000 235.4950
2022 10 4 14 3.2000 152.6300 0.8000 3.2000 0.0000 56.6577 59.7297 1.5874 0.1378  242.2832 0.0000 0.0000 0.0000 0.0000 242.2832
2022 10 4 15 3.2000 187.8200 0.8000 3.2000 0.0000 56.6678 59.7398 1.5877 0.1378  298.1968 0.0000 0.0000 0.0000 0.0000 298.1968
2022 10 4 16 3.2000 211.9200 0.8000 3.2000 0.0000 56.6780 59.7500 1.5880 0.1378  336.5202 0.0000 0.0000 0.0000 0.0000 336.5202
2022 10 4 17 3.2000 236.0900 0.8000 3.2000 0.0000 56.6882 59.7602 1.5882 0.1379  374.9686 0.0000 0.0000 0.0000 0.0000 374.9686
2022 10 4 18 3.2000 212.0100 0.8000 3.2000 0.0000 56.6985 59.7705 1.5885 0.1379  336.7848 0.0000 0.0000 0.0000 0.0000 336.7848
2022 10 4 19 3.2000 178.5700 0.8000 3.2000 0.0000 56.7089 59.7809 1.5888 0.1379  283.7163 0.0000 0.0000 0.0000 0.0000 283.7163
2022 10 4 20 3.2000 159.3100 0.8000 3.2000 0.0000 56.7194 59.7914 1.5891 0.1379  253.1625 0.0000 0.0000 0.0000 0.0000 253.1625
2022 10 4 21 3.2000 161.8500 0.8000 3.2000 0.0000 56.7300 59.8020 1.5894 0.1380  257.2470 0.0000 0.0000 0.0000 0.0000 257.2470
2022 10 4 22 3.2000 141.6400 0.8000 3.2000 0.0000 56.7407 59.8127 1.5897 0.1380  225.1676 0.0000 0.0000 0.0000 0.0000 225.1676
2022 10 4 23 3.2000 45.8400 0.8000 3.2000 0.0000 56.7517 59.8237 1.5900 0.1380  72.8868 0.0000 0.0000 0.0000 0.0000 72.8868
2022 10 5 0 3.2000 87.4300 0.8000 3.2000 0.0000 56.7630 59.8350 1.5903 0.1381  139.0434 0.0000 0.0000 0.0000 0.0000 139.0434
2022 10 5 1 3.2000 56.7800 0.8000 3.2000 0.0000 56.7745 59.8465 1.5907 0.1381  90.3179 0.0000 0.0000 0.0000 0.0000 90.3179
2022 10 5 2 3.2000 48.3100 0.8000 3.2000 0.0000 56.7866 59.8586 1.5910 0.1381  76.8612 0.0000 0.0000 0.0000 0.0000 76.8612
2022 10 5 3 3.2000 44.0500 0.8000 3.2000 0.0000 56.7991 59.8711 1.5914 0.1381  70.0991 0.0000 0.0000 0.0000 0.0000 70.0991
2022 10 5 4 3.2000 42.4300 0.8000 3.2000 0.0000 56.8122 59.8842 1.5917 0.1382  67.5367 0.0000 0.0000 0.0000 0.0000 67.5367
2022 10 5 5 3.2000 97.9500 0.8000 3.2000 0.0000 56.8257 59.8977 1.5921 0.1382  155.9459 0.0000 0.0000 0.0000 0.0000 155.9459
2022 10 5 6 3.2000 156.5100 0.8000 3.2000 0.0000 56.8395 59.9115 1.5925 0.1382  249.2399 0.0000 0.0000 0.0000 0.0000 249.2399
2022 10 5 7 3.2000 163.2100 0.8000 3.2000 0.0000 56.8537 59.9257 1.5929 0.1383  259.9743 0.0000 0.0000 0.0000 0.0000 259.9743
2022 10 5 8 3.2000 110.0400 0.8000 3.2000 0.0000 56.8682 59.9402 1.5933 0.1383  175.3255 0.0000 0.0000 0.0000 0.0000 175.3255
2022 10 5 9 3.2000 100.8000 0.8000 3.2000 0.0000 56.8831 59.9551 1.5937 0.1383  160.6455 0.0000 0.0000 0.0000 0.0000 160.6455
2022 10 5 10 3.2000 57.5400 0.8000 3.2000 0.0000 56.8983 59.9703 1.5941 0.1384  91.7263 0.0000 0.0000 0.0000 0.0000 91.7263
2022 10 5 11 3.2000 40.8600 0.8000 3.2000 0.0000 56.9138 59.9858 1.5946 0.1384  65.1540 0.0000 0.0000 0.0000 0.0000 65.1540
2022 10 5 12 3.2000 24.7000 0.8000 3.2000 0.0000 56.9298 60.0018 1.5950 0.1385  39.3968 0.0000 0.0000 0.0000 0.0000 39.3968
2022 10 5 13 3.2000 18.0200 0.8000 3.2000 0.0000 56.9465 60.0185 1.5955 0.1385  28.7506 0.0000 0.0000 0.0000 0.0000 28.7506
2022 10 5 14 3.2000 20.4400 0.8000 3.2000 0.0000 56.9643 60.0363 1.5960 0.1385  32.6219 0.0000 0.0000 0.0000 0.0000 32.6219
2022 10 5 15 3.2000 37.6900 0.8000 3.2000 0.0000 56.9841 60.0561 1.5965 0.1386  60.1735 0.0000 0.0000 0.0000 0.0000 60.1735
2022 10 5 16 3.2000 26.9600 0.8000 3.2000 0.0000 57.0030 60.0750 1.5971 0.1386  43.0569 0.0000 0.0000 0.0000 0.0000 43.0569
2022 10 5 17 3.2000 21.1800 0.8000 3.2000 0.0000 57.0267 60.0987 1.5977 0.1387  33.8399 0.0000 0.0000 0.0000 0.0000 33.8399
2022 10 5 18 3.2000 16.7800 0.8000 3.2000 0.0000 57.0639 60.1359 1.5988 0.1388  26.8274 0.0000 0.0000 0.0000 0.0000 26.8274
2022 10 5 19 3.2000 11.5800 0.8000 3.2000 0.0000 57.1163 60.1883 1.6002 0.1389  18.5308 0.0000 0.0000 0.0000 0.0000 18.5308
2022 10 5 20 3.2000 18.3700 0.8000 3.2000 0.0000 57.1868 60.2588 1.6022 0.1391  29.4327 0.0000 0.0000 0.0000 0.0000 29.4327
2022 10 5 21 3.2000 21.8600 0.8000 3.2000 0.0000 57.2724 60.3444 1.6046 0.1393  35.0768 0.0000 0.0000 0.0000 0.0000 35.0768
2022 10 5 22 3.2000 2.0500 0.8000 3.2000 0.0000 57.3679 60.4399 1.6073 0.1395  3.2949 0.0000 0.0000 0.0000 0.0000 3.2949
2022 10 5 23 3.2000 1.0000 0.8000 3.2000 0.0000 57.4680 60.5400 1.6101 0.1398  1.6101 0.0000 0.0000 0.0000 0.0000 1.6101
2022 10 6 0 3.2000 0.4200 0.8000 3.2000 0.0000 57.5688 60.6408 1.6129 0.1400  0.6774 0.0000 0.0000 0.0000 0.0000 0.6774
2022 10 6 1 3.2000 0.0900 0.8000 3.2000 0.0000 57.6676 60.7396 1.6157 0.1403  0.1454 0.0000 0.0000 0.0000 0.0000 0.1454
2022 10 6 2 3.2000 0.0800 0.8000 3.2000 0.0000 57.7627 60.8347 1.6183 0.1405  0.1295 0.0000 0.0000 0.0000 0.0000 0.1295
2022 10 6 3 3.2000 0.0700 0.8000 3.2000 0.0000 57.8534 60.9254 1.6209 0.1407  0.1135 0.0000 0.0000 0.0000 0.0000 0.1135
2022 10 6 4 3.2000 0.6100 0.8000 3.2000 0.0000 57.9394 61.0114 1.6233 0.1409  0.9902 0.0000 0.0000 0.0000 0.0000 0.9902
2022 10 6 5 3.2000 21.7200 0.8000 3.2000 0.0000 58.0198 61.0918 1.6256 0.1411  35.3070 0.0000 0.0000 0.0000 0.0000 35.3070
2022 10 6 6 3.2000 53.6700 0.8000 3.2000 0.0000 58.0940 61.1660 1.6276 0.1413  87.3550 0.0000 0.0000 0.0000 0.0000 87.3550
2022 10 6 7 3.2000 62.8000 0.8000 3.2000 0.0000 58.1624 61.2344 1.6295 0.1415  102.3356 0.0000 0.0000 0.0000 0.0000 102.3356
2022 10 6 8 3.2000 45.2800 0.8000 3.2000 0.0000 58.2251 61.2971 1.6313 0.1416  73.8655 0.0000 0.0000 0.0000 0.0000 73.8655
2022 10 6 9 3.2000 40.1800 0.8000 3.2000 0.0000 58.2825 61.3545 1.6329 0.1417  65.6105 0.0000 0.0000 0.0000 0.0000 65.6105
2022 10 6 10 3.2000 9.3600 0.8000 3.2000 0.0000 58.3350 61.4070 1.6344 0.1419  15.2978 0.0000 0.0000 0.0000 0.0000 15.2978
2022 10 6 11 3.2000 5.9500 0.8000 3.2000 0.0000 58.3828 61.4548 1.6357 0.1420  9.7325 0.0000 0.0000 0.0000 0.0000 9.7325
2022 10 6 12 3.2000 4.6000 0.8000 3.2000 0.0000 58.4265 61.4985 1.6369 0.1421  7.5300 0.0000 0.0000 0.0000 0.0000 7.5300
2022 10 6 13 3.2000 4.2200 0.8000 3.2000 0.0000 58.4664 61.5384 1.6381 0.1422  6.9126 0.0000 0.0000 0.0000 0.0000 6.9126
2022 10 6 14 3.2000 15.6000 0.8000 3.2000 0.0000 58.5032 61.5752 1.6391 0.1423  25.5699 0.0000 0.0000 0.0000 0.0000 25.5699
2022 10 6 15 3.2000 19.1800 0.8000 3.2000 0.0000 58.5370 61.6090 1.6400 0.1424  31.4560 0.0000 0.0000 0.0000 0.0000 31.4560
2022 10 6 16 3.2000 25.5800 0.8000 3.2000 0.0000 58.5683 61.6403 1.6409 0.1424  41.9747 0.0000 0.0000 0.0000 0.0000 41.9747
2022 10 6 17 3.2000 42.8600 0.8000 3.2000 0.0000 58.5972 61.6692 1.6417 0.1425  70.3646 0.0000 0.0000 0.0000 0.0000 70.3646
2022 10 6 18 3.2000 47.0300 0.8000 3.2000 0.0000 58.6242 61.6962 1.6425 0.1426  77.2461 0.0000 0.0000 0.0000 0.0000 77.2461
2022 10 6 19 3.2000 46.6000 0.8000 3.2000 0.0000 58.6494 61.7214 1.6432 0.1426  76.5728 0.0000 0.0000 0.0000 0.0000 76.5728
2022 10 6 20 3.2000 42.9500 0.8000 3.2000 0.0000 58.6730 61.7450 1.6439 0.1427  70.6036 0.0000 0.0000 0.0000 0.0000 70.6036
2022 10 6 21 3.2000 37.9000 0.8000 3.2000 0.0000 58.6952 61.7672 1.6445 0.1427  62.3256 0.0000 0.0000 0.0000 0.0000 62.3256
2022 10 6 22 3.2000 27.9100 0.8000 3.2000 0.0000 58.7161 61.7881 1.6451 0.1428  45.9136 0.0000 0.0000 0.0000 0.0000 45.9136
2022 10 6 23 3.2000 18.2500 0.8000 3.2000 0.0000 58.7357 61.8077 1.6456 0.1428  30.0324 0.0000 0.0000 0.0000 0.0000 30.0324
2022 10 7 0 3.2000 5.0700 0.8000 3.2000 0.0000 58.7543 61.8263 1.6461 0.1429  8.3459 0.0000 0.0000 0.0000 0.0000 8.3459
2022 10 7 1 3.2000 1.4100 0.8000 3.2000 0.0000 58.7720 61.8440 1.6466 0.1429  2.3217 0.0000 0.0000 0.0000 0.0000 2.3217
2022 10 7 2 3.2000 0.4700 0.8000 3.2000 0.0000 58.7887 61.8607 1.6471 0.1430  0.7741 0.0000 0.0000 0.0000 0.0000 0.7741
2022 10 7 3 3.2000 0.1000 0.8000 3.2000 0.0000 58.8047 61.8767 1.6475 0.1430  0.1648 0.0000 0.0000 0.0000 0.0000 0.1648
2022 10 7 4 3.2000 0.8400 0.8000 3.2000 0.0000 58.8199 61.8919 1.6480 0.1431  1.3843 0.0000 0.0000 0.0000 0.0000 1.3843
2022 10 7 5 3.2000 6.2000 0.8000 3.2000 0.0000 58.8344 61.9064 1.6484 0.1431  10.2199 0.0000 0.0000 0.0000 0.0000 10.2199
2022 10 7 6 3.2000 52.1500 0.8000 3.2000 0.0000 58.8483 61.9203 1.6488 0.1431  85.9830 0.0000 0.0000 0.0000 0.0000 85.9830
2022 10 7 7 3.2000 53.4600 0.8000 3.2000 0.0000 58.8616 61.9336 1.6491 0.1432  88.1629 0.0000 0.0000 0.0000 0.0000 88.1629
2022 10 7 8 3.2000 50.7000 0.8000 3.2000 0.0000 58.8744 61.9464 1.6495 0.1432  83.6295 0.0000 0.0000 0.0000 0.0000 83.6295
2022 10 7 9 3.2000 41.6200 0.8000 3.2000 0.0000 58.8869 61.9589 1.6498 0.1432  68.6666 0.0000 0.0000 0.0000 0.0000 68.6666
2022 10 7 10 3.2000 22.0600 0.8000 3.2000 0.0000 58.8991 61.9711 1.6502 0.1432  36.4031 0.0000 0.0000 0.0000 0.0000 36.4031
2022 10 7 11 3.2000 14.6600 0.8000 3.2000 0.0000 58.9109 61.9829 1.6505 0.1433  24.1966 0.0000 0.0000 0.0000 0.0000 24.1966
2022 10 7 12 3.2000 14.7600 0.8000 3.2000 0.0000 58.9226 61.9946 1.6508 0.1433  24.3665 0.0000 0.0000 0.0000 0.0000 24.3665
2022 10 7 13 3.2000 20.9900 0.8000 3.2000 0.0000 58.9343 62.0063 1.6512 0.1433  34.6582 0.0000 0.0000 0.0000 0.0000 34.6582
2022 10 7 14 3.2000 19.3400 0.8000 3.2000 0.0000 58.9463 62.0183 1.6515 0.1434  31.9402 0.0000 0.0000 0.0000 0.0000 31.9402
2022 10 7 15 3.2000 24.8400 0.8000 3.2000 0.0000 58.9586 62.0306 1.6519 0.1434  41.0321 0.0000 0.0000 0.0000 0.0000 41.0321
2022 10 7 16 3.2000 36.4200 0.8000 3.2000 0.0000 58.9713 62.0433 1.6522 0.1434  60.1735 0.0000 0.0000 0.0000 0.0000 60.1735
2022 10 7 17 3.2000 55.8200 0.8000 3.2000 0.0000 58.9842 62.0562 1.6526 0.1435  92.2466 0.0000 0.0000 0.0000 0.0000 92.2466
2022 10 7 18 3.2000 53.6500 0.8000 3.2000 0.0000 58.9972 62.0692 1.6529 0.1435  88.6801 0.0000 0.0000 0.0000 0.0000 88.6801
2022 10 7 19 3.2000 41.8400 0.8000 3.2000 0.0000 59.0103 62.0823 1.6533 0.1435  69.1743 0.0000 0.0000 0.0000 0.0000 69.1743
2022 10 7 20 3.2000 53.6400 0.8000 3.2000 0.0000 59.0235 62.0955 1.6537 0.1435  88.7030 0.0000 0.0000 0.0000 0.0000 88.7030
2022 10 7 21 3.2000 54.9800 0.8000 3.2000 0.0000 59.0366 62.1086 1.6540 0.1436  90.9392 0.0000 0.0000 0.0000 0.0000 90.9392
2022 10 7 22 3.2000 53.6100 0.8000 3.2000 0.0000 59.0497 62.1217 1.6544 0.1436  88.6928 0.0000 0.0000 0.0000 0.0000 88.6928
2022 10 7 23 3.2000 48.2200 0.8000 3.2000 0.0000 59.0627 62.1347 1.6548 0.1436  79.7931 0.0000 0.0000 0.0000 0.0000 79.7931
2022 10 8 0 3.2000 48.6400 0.8000 3.2000 0.0000 59.0755 62.1475 1.6551 0.1437  80.5056 0.0000 0.0000 0.0000 0.0000 80.5056
2022 10 8 1 3.2000 48.9600 0.8000 3.2000 0.0000 59.0881 62.1601 1.6555 0.1437  81.0525 0.0000 0.0000 0.0000 0.0000 81.0525
2022 10 8 2 3.2000 49.1500 0.8000 3.2000 0.0000 59.1005 62.1725 1.6558 0.1437  81.3840 0.0000 0.0000 0.0000 0.0000 81.3840
2022 10 8 3 3.2000 49.1200 0.8000 3.2000 0.0000 59.1125 62.1845 1.6562 0.1438  81.3510 0.0000 0.0000 0.0000 0.0000 81.3510
2022 10 8 4 3.2000 49.4900 0.8000 3.2000 0.0000 59.1243 62.1963 1.6565 0.1438  81.9801 0.0000 0.0000 0.0000 0.0000 81.9801
2022 10 8 5 3.2000 50.1000 0.8000 3.2000 0.0000 59.1358 62.2078 1.6568 0.1438  83.0066 0.0000 0.0000 0.0000 0.0000 83.0066
2022 10 8 6 3.2000 64.2600 0.8000 3.2000 0.0000 59.1469 62.2189 1.6571 0.1438  106.4872 0.0000 0.0000 0.0000 0.0000 106.4872
2022 10 8 7 3.2000 71.4500 0.8000 3.2000 0.0000 59.1577 62.2297 1.6574 0.1439  118.4236 0.0000 0.0000 0.0000 0.0000 118.4236
2022 10 8 8 3.2000 71.4800 0.8000 3.2000 0.0000 59.1682 62.2402 1.6577 0.1439  118.4943 0.0000 0.0000 0.0000 0.0000 118.4943
2022 10 8 9 3.2000 55.0100 0.8000 3.2000 0.0000 59.1784 62.2504 1.6580 0.1439  91.2073 0.0000 0.0000 0.0000 0.0000 91.2073
2022 10 8 10 3.2000 49.0400 0.8000 3.2000 0.0000 59.1883 62.2603 1.6583 0.1439  81.3226 0.0000 0.0000 0.0000 0.0000 81.3226
2022 10 8 11 3.2000 39.7700 0.8000 3.2000 0.0000 59.1979 62.2699 1.6586 0.1440  65.9610 0.0000 0.0000 0.0000 0.0000 65.9610
2022 10 8 12 3.2000 37.7800 0.8000 3.2000 0.0000 59.2073 62.2793 1.6588 0.1440  62.6703 0.0000 0.0000 0.0000 0.0000 62.6703
2022 10 8 13 3.2000 32.3100 0.8000 3.2000 0.0000 59.2164 62.2884 1.6591 0.1440  53.6048 0.0000 0.0000 0.0000 0.0000 53.6048
2022 10 8 14 3.2000 32.2800 0.8000 3.2000 0.0000 59.2252 62.2972 1.6593 0.1440  53.5630 0.0000 0.0000 0.0000 0.0000 53.5630
2022 10 8 15 3.2000 45.2300 0.8000 3.2000 0.0000 59.2339 62.3059 1.6596 0.1441  75.0622 0.0000 0.0000 0.0000 0.0000 75.0622
2022 10 8 16 3.2000 49.0200 0.8000 3.2000 0.0000 59.2423 62.3143 1.6598 0.1441  81.3635 0.0000 0.0000 0.0000 0.0000 81.3635
2022 10 8 17 3.2000 54.9800 0.8000 3.2000 0.0000 59.2505 62.3225 1.6600 0.1441  91.2686 0.0000 0.0000 0.0000 0.0000 91.2686
2022 10 8 18 3.2000 51.4900 0.8000 3.2000 0.0000 59.2585 62.3305 1.6603 0.1441  85.4867 0.0000 0.0000 0.0000 0.0000 85.4867
2022 10 8 19 3.2000 49.7900 0.8000 3.2000 0.0000 59.2664 62.3384 1.6605 0.1441  82.6753 0.0000 0.0000 0.0000 0.0000 82.6753
2022 10 8 20 3.2000 50.2500 0.8000 3.2000 0.0000 59.2742 62.3462 1.6607 0.1442  83.4501 0.0000 0.0000 0.0000 0.0000 83.4501
2022 10 8 21 3.2000 61.8100 0.8000 3.2000 0.0000 59.2819 62.3539 1.6609 0.1442  102.6610 0.0000 0.0000 0.0000 0.0000 102.6610
2022 10 8 22 3.2000 67.7700 0.8000 3.2000 0.0000 59.2894 62.3614 1.6611 0.1442  112.5742 0.0000 0.0000 0.0000 0.0000 112.5742
2022 10 8 23 3.2000 101.8400 0.8000 3.2000 0.0000 59.2967 62.3687 1.6613 0.1442  169.1896 0.0000 0.0000 0.0000 0.0000 169.1896
2022 10 9 0 3.2000 101.4500 0.8000 3.2000 0.0000 59.3039 62.3759 1.6615 0.1442  168.5622 0.0000 0.0000 0.0000 0.0000 168.5622
2022 10 9 1 3.2000 102.2400 0.8000 3.2000 0.0000 59.3109 62.3829 1.6617 0.1442  169.8948 0.0000 0.0000 0.0000 0.0000 169.8948
2022 10 9 2 3.2000 102.7000 0.8000 3.2000 0.0000 59.3177 62.3897 1.6619 0.1443  170.6789 0.0000 0.0000 0.0000 0.0000 170.6789
2022 10 9 3 3.2000 102.7700 0.8000 3.2000 0.0000 59.3244 62.3964 1.6621 0.1443  170.8144 0.0000 0.0000 0.0000 0.0000 170.8144
2022 10 9 4 3.2000 102.2400 0.8000 3.2000 0.0000 59.3309 62.4029 1.6623 0.1443  169.9520 0.0000 0.0000 0.0000 0.0000 169.9520
2022 10 9 5 3.2000 102.7200 0.8000 3.2000 0.0000 59.3372 62.4092 1.6625 0.1443  170.7681 0.0000 0.0000 0.0000 0.0000 170.7681
2022 10 9 6 3.2000 99.4200 0.8000 3.2000 0.0000 59.3433 62.4153 1.6626 0.1443  165.2991 0.0000 0.0000 0.0000 0.0000 165.2991
2022 10 9 7 3.2000 103.4500 0.8000 3.2000 0.0000 59.3492 62.4212 1.6628 0.1443  172.0167 0.0000 0.0000 0.0000 0.0000 172.0167
2022 10 9 8 3.2000 104.4300 0.8000 3.2000 0.0000 59.3550 62.4270 1.6630 0.1444  173.6629 0.0000 0.0000 0.0000 0.0000 173.6629
2022 10 9 9 3.2000 101.2600 0.8000 3.2000 0.0000 59.3605 62.4325 1.6631 0.1444  168.4071 0.0000 0.0000 0.0000 0.0000 168.4071
2022 10 9 10 3.2000 91.5900 0.8000 3.2000 0.0000 59.3658 62.4378 1.6633 0.1444  152.3385 0.0000 0.0000 0.0000 0.0000 152.3385
2022 10 9 11 3.2000 60.8200 0.8000 3.2000 0.0000 59.3710 62.4430 1.6634 0.1444  101.1686 0.0000 0.0000 0.0000 0.0000 101.1686
2022 10 9 12 3.2000 52.2200 0.8000 3.2000 0.0000 59.3760 62.4480 1.6635 0.1444  86.8706 0.0000 0.0000 0.0000 0.0000 86.8706
2022 10 9 13 3.2000 57.1900 0.8000 3.2000 0.0000 59.3808 62.4528 1.6637 0.1444  95.1461 0.0000 0.0000 0.0000 0.0000 95.1461
2022 10 9 14 3.2000 84.2000 0.8000 3.2000 0.0000 59.3854 62.4574 1.6638 0.1444  140.0931 0.0000 0.0000 0.0000 0.0000 140.0931
2022 10 9 15 3.2000 100.5700 0.8000 3.2000 0.0000 59.3899 62.4619 1.6639 0.1444  167.3423 0.0000 0.0000 0.0000 0.0000 167.3423
2022 10 9 16 3.2000 103.3400 0.8000 3.2000 0.0000 59.3942 62.4662 1.6641 0.1444  171.9639 0.0000 0.0000 0.0000 0.0000 171.9639
2022 10 9 17 3.2000 103.9300 0.8000 3.2000 0.0000 59.3983 62.4703 1.6642 0.1445  172.9577 0.0000 0.0000 0.0000 0.0000 172.9577
2022 10 9 18 3.2000 104.3000 0.8000 3.2000 0.0000 59.4023 62.4743 1.6643 0.1445  173.5851 0.0000 0.0000 0.0000 0.0000 173.5851
2022 10 9 19 3.2000 100.5600 0.8000 3.2000 0.0000 59.4061 62.4781 1.6644 0.1445  167.3714 0.0000 0.0000 0.0000 0.0000 167.3714
2022 10 9 20 3.2000 96.1400 0.8000 3.2000 0.0000 59.4098 62.4818 1.6645 0.1445  160.0247 0.0000 0.0000 0.0000 0.0000 160.0247
2022 10 9 21 3.2000 94.0000 0.8000 3.2000 0.0000 59.4134 62.4854 1.6646 0.1445  156.4721 0.0000 0.0000 0.0000 0.0000 156.4721
2022 10 9 22 3.2000 62.7200 0.8000 3.2000 0.0000 59.4168 62.4888 1.6647 0.1445  104.4095 0.0000 0.0000 0.0000 0.0000 104.4095
2022 10 9 23 3.2000 72.3700 0.8000 3.2000 0.0000 59.4202 62.4922 1.6648 0.1445  120.4806 0.0000 0.0000 0.0000 0.0000 120.4806
2022 10 10 0 3.2000 71.7400 0.8000 3.2000 0.0000 59.4234 62.4954 1.6649 0.1445  119.4384 0.0000 0.0000 0.0000 0.0000 119.4384
2022 10 10 1 3.2000 69.5500 0.8000 3.2000 0.0000 59.4266 62.4986 1.6650 0.1445  115.7985 0.0000 0.0000 0.0000 0.0000 115.7985
2022 10 10 2 3.2000 71.7600 0.8000 3.2000 0.0000 59.4298 62.5018 1.6651 0.1445  119.4845 0.0000 0.0000 0.0000 0.0000 119.4845
2022 10 10 3 3.2000 81.6400 0.8000 3.2000 0.0000 59.4329 62.5049 1.6651 0.1445  135.9425 0.0000 0.0000 0.0000 0.0000 135.9425
2022 10 10 4 3.2000 102.5800 0.8000 3.2000 0.0000 59.4361 62.5081 1.6652 0.1446  170.8196 0.0000 0.0000 0.0000 0.0000 170.8196
2022 10 10 5 3.2000 133.4400 0.8000 3.2000 0.0000 59.4390 62.5110 1.6653 0.1446  222.2197 0.0000 0.0000 0.0000 0.0000 222.2197
2022 10 10 6 3.2000 162.5600 0.8000 3.2000 0.0000 59.4419 62.5139 1.6654 0.1446  270.7267 0.0000 0.0000 0.0000 0.0000 270.7267
2022 10 10 7 3.2000 173.7700 0.8000 3.2000 0.0000 59.4445 62.5165 1.6655 0.1446  289.4087 0.0000 0.0000 0.0000 0.0000 289.4087
2022 10 10 8 3.2000 178.8300 0.8000 3.2000 0.0000 59.4470 62.5190 1.6655 0.1446  297.8482 0.0000 0.0000 0.0000 0.0000 297.8482
2022 10 10 9 3.2000 167.0200 0.8000 3.2000 0.0000 59.4493 62.5213 1.6656 0.1446  278.1892 0.0000 0.0000 0.0000 0.0000 278.1892
2022 10 10 10 3.2000 161.4700 0.8000 3.2000 0.0000 59.4517 62.5237 1.6657 0.1446  268.9557 0.0000 0.0000 0.0000 0.0000 268.9557
2022 10 10 11 3.2000 136.1400 0.8000 3.2000 0.0000 59.4539 62.5259 1.6657 0.1446  226.7729 0.0000 0.0000 0.0000 0.0000 226.7729
2022 10 10 12 3.2000 132.9400 0.8000 3.2000 0.0000 59.4562 62.5282 1.6658 0.1446  221.4511 0.0000 0.0000 0.0000 0.0000 221.4511
2022 10 10 13 3.2000 133.0400 0.8000 3.2000 0.0000 59.4586 62.5306 1.6659 0.1446  221.6264 0.0000 0.0000 0.0000 0.0000 221.6264
2022 10 10 14 3.2000 141.3400 0.8000 3.2000 0.0000 59.4610 62.5330 1.6659 0.1446  235.4627 0.0000 0.0000 0.0000 0.0000 235.4627
2022 10 10 15 3.2000 160.4900 0.8000 3.2000 0.0000 59.4635 62.5355 1.6660 0.1446  267.3766 0.0000 0.0000 0.0000 0.0000 267.3766
2022 10 10 16 3.2000 165.5600 0.8000 3.2000 0.0000 59.4661 62.5381 1.6661 0.1446  275.8354 0.0000 0.0000 0.0000 0.0000 275.8354
2022 10 10 17 3.2000 168.6200 0.8000 3.2000 0.0000 59.4689 62.5409 1.6662 0.1446  280.9466 0.0000 0.0000 0.0000 0.0000 280.9466
2022 10 10 18 3.2000 162.6800 0.8000 3.2000 0.0000 59.4717 62.5437 1.6662 0.1446  271.0624 0.0000 0.0000 0.0000 0.0000 271.0624
2022 10 10 19 3.2000 160.5200 0.8000 3.2000 0.0000 59.4746 62.5466 1.6663 0.1446  267.4762 0.0000 0.0000 0.0000 0.0000 267.4762
2022 10 10 20 3.2000 160.1700 0.8000 3.2000 0.0000 59.4774 62.5494 1.6664 0.1447  266.9060 0.0000 0.0000 0.0000 0.0000 266.9060
2022 10 10 21 3.2000 157.6000 0.8000 3.2000 0.0000 59.4803 62.5523 1.6665 0.1447  262.6362 0.0000 0.0000 0.0000 0.0000 262.6362
2022 10 10 22 3.2000 126.3100 0.8000 3.2000 0.0000 59.4832 62.5552 1.6666 0.1447  210.5025 0.0000 0.0000 0.0000 0.0000 210.5025
2022 10 10 23 3.2000 125.2100 0.8000 3.2000 0.0000 59.4861 62.5581 1.6666 0.1447  208.6793 0.0000 0.0000 0.0000 0.0000 208.6793
2022 10 11 0 3.2000 119.9400 0.8000 3.2000 0.0000 59.4890 62.5610 1.6667 0.1447  199.9057 0.0000 0.0000 0.0000 0.0000 199.9057
2022 10 11 1 3.2000 111.4600 0.8000 3.2000 0.0000 59.4918 62.5638 1.6668 0.1447  185.7808 0.0000 0.0000 0.0000 0.0000 185.7808
2022 10 11 2 3.2000 113.5700 0.8000 3.2000 0.0000 59.4945 62.5665 1.6669 0.1447  189.3065 0.0000 0.0000 0.0000 0.0000 189.3065
2022 10 11 3 3.2000 124.1800 0.8000 3.2000 0.0000 59.4972 62.5692 1.6669 0.1447  207.0013 0.0000 0.0000 0.0000 0.0000 207.0013
2022 10 11 4 3.2000 135.4700 0.8000 3.2000 0.0000 59.4998 62.5718 1.6670 0.1447  225.8311 0.0000 0.0000 0.0000 0.0000 225.8311
2022 10 11 5 3.2000 162.6600 0.8000 3.2000 0.0000 59.5024 62.5744 1.6671 0.1447  271.1691 0.0000 0.0000 0.0000 0.0000 271.1691
2022 10 11 6 3.2000 183.1300 0.8000 3.2000 0.0000 59.5049 62.5769 1.6672 0.1447  305.3073 0.0000 0.0000 0.0000 0.0000 305.3073
2022 10 11 7 3.2000 189.7600 0.8000 3.2000 0.0000 59.5074 62.5794 1.6672 0.1447  316.3735 0.0000 0.0000 0.0000 0.0000 316.3735
2022 10 11 8 3.2000 210.0800 0.8000 3.2000 0.0000 59.5097 62.5817 1.6673 0.1447  350.2656 0.0000 0.0000 0.0000 0.0000 350.2656
2022 10 11 9 3.2000 217.8500 0.8000 3.2000 0.0000 59.5120 62.5840 1.6674 0.1447  363.2345 0.0000 0.0000 0.0000 0.0000 363.2345
2022 10 11 10 3.2000 214.9500 0.8000 3.2000 0.0000 59.5142 62.5862 1.6674 0.1447  358.4125 0.0000 0.0000 0.0000 0.0000 358.4125
2022 10 11 11 3.2000 187.4400 0.8000 3.2000 0.0000 59.5164 62.5884 1.6675 0.1447  312.5529 0.0000 0.0000 0.0000 0.0000 312.5529
2022 10 11 12 3.2000 184.0200 0.8000 3.2000 0.0000 59.5184 62.5904 1.6675 0.1448  306.8606 0.0000 0.0000 0.0000 0.0000 306.8606
2022 10 11 13 3.2000 182.3900 0.8000 3.2000 0.0000 59.5204 62.5924 1.6676 0.1448  304.1526 0.0000 0.0000 0.0000 0.0000 304.1526
2022 10 11 14 3.2000 181.7100 0.8000 3.2000 0.0000 59.5222 62.5942 1.6676 0.1448  303.0282 0.0000 0.0000 0.0000 0.0000 303.0282
2022 10 11 15 3.2000 185.6900 0.8000 3.2000 0.0000 59.5240 62.5960 1.6677 0.1448  309.6745 0.0000 0.0000 0.0000 0.0000 309.6745
2022 10 11 16 3.2000 189.7600 0.8000 3.2000 0.0000 59.5257 62.5977 1.6677 0.1448  316.4710 0.0000 0.0000 0.0000 0.0000 316.4710
2022 10 11 17 3.2000 194.2900 0.8000 3.2000 0.0000 59.5273 62.5993 1.6678 0.1448  324.0347 0.0000 0.0000 0.0000 0.0000 324.0347
2022 10 11 18 3.2000 189.3400 0.8000 3.2000 0.0000 59.5289 62.6009 1.6678 0.1448  315.7875 0.0000 0.0000 0.0000 0.0000 315.7875
2022 10 11 19 3.2000 185.5600 0.8000 3.2000 0.0000 59.5304 62.6024 1.6679 0.1448  309.4911 0.0000 0.0000 0.0000 0.0000 309.4911
2022 10 11 20 3.2000 183.9100 0.8000 3.2000 0.0000 59.5318 62.6038 1.6679 0.1448  306.7465 0.0000 0.0000 0.0000 0.0000 306.7465
2022 10 11 21 3.2000 169.1700 0.8000 3.2000 0.0000 59.5332 62.6052 1.6680 0.1448  282.1677 0.0000 0.0000 0.0000 0.0000 282.1677
2022 10 11 22 3.2000 158.2600 0.8000 3.2000 0.0000 59.5345 62.6065 1.6680 0.1448  263.9760 0.0000 0.0000 0.0000 0.0000 263.9760
2022 10 11 23 3.2000 209.0800 0.8000 3.2000 0.0000 59.5357 62.6077 1.6680 0.1448  348.7502 0.0000 0.0000 0.0000 0.0000 348.7502
2022 10 12 0 3.2000 194.2600 0.8000 3.2000 0.0000 59.5368 62.6088 1.6681 0.1448  324.0363 0.0000 0.0000 0.0000 0.0000 324.0363
2022 10 12 1 3.2000 209.5300 0.8000 3.2000 0.0000 59.5378 62.6098 1.6681 0.1448  349.5136 0.0000 0.0000 0.0000 0.0000 349.5136
2022 10 12 2 3.2000 201.3000 0.8000 3.2000 0.0000 59.5388 62.6108 1.6681 0.1448  335.7905 0.0000 0.0000 0.0000 0.0000 335.7905
2022 10 12 3 3.2000 208.1100 0.8000 3.2000 0.0000 59.5396 62.6116 1.6681 0.1448  347.1553 0.0000 0.0000 0.0000 0.0000 347.1553
2022 10 12 4 3.2000 186.0500 0.8000 3.2000 0.0000 59.5404 62.6124 1.6682 0.1448  310.3603 0.0000 0.0000 0.0000 0.0000 310.3603
2022 10 12 5 3.2000 188.4800 0.8000 3.2000 0.0000 59.5411 62.6131 1.6682 0.1448  314.4174 0.0000 0.0000 0.0000 0.0000 314.4174
2022 10 12 6 3.2000 209.5200 0.8000 3.2000 0.0000 59.5416 62.6136 1.6682 0.1448  349.5192 0.0000 0.0000 0.0000 0.0000 349.5192
2022 10 12 7 3.2000 213.0300 0.8000 3.2000 0.0000 59.5421 62.6141 1.6682 0.1448  355.3775 0.0000 0.0000 0.0000 0.0000 355.3775
2022 10 12 8 3.2000 218.9800 0.8000 3.2000 0.0000 59.5425 62.6145 1.6682 0.1448  365.3058 0.0000 0.0000 0.0000 0.0000 365.3058
2022 10 12 9 3.2000 233.6000 0.8000 3.2000 0.0000 59.5429 62.6149 1.6682 0.1448  389.6973 0.0000 0.0000 0.0000 0.0000 389.6973
2022 10 12 10 3.2000 211.0600 0.8000 3.2000 0.0000 59.5431 62.6151 1.6682 0.1448  352.0967 0.0000 0.0000 0.0000 0.0000 352.0967
2022 10 12 11 3.2000 201.2700 0.8000 3.2000 0.0000 59.5431 62.6151 1.6682 0.1448  335.7652 0.0000 0.0000 0.0000 0.0000 335.7652
2022 10 12 12 3.2000 195.1400 0.8000 3.2000 0.0000 59.5431 62.6151 1.6682 0.1448  325.5389 0.0000 0.0000 0.0000 0.0000 325.5389
2022 10 12 13 3.2000 192.6400 0.8000 3.2000 0.0000 59.5431 62.6151 1.6682 0.1448  321.3679 0.0000 0.0000 0.0000 0.0000 321.3679
2022 10 12 14 3.2000 194.1400 0.8000 3.2000 0.0000 59.5429 62.6149 1.6682 0.1448  323.8694 0.0000 0.0000 0.0000 0.0000 323.8694
2022 10 12 15 3.2000 193.5200 0.8000 3.2000 0.0000 59.5426 62.6146 1.6682 0.1448  322.8335 0.0000 0.0000 0.0000 0.0000 322.8335
2022 10 12 16 3.2000 212.2600 0.8000 3.2000 0.0000 59.5422 62.6142 1.6682 0.1448  354.0937 0.0000 0.0000 0.0000 0.0000 354.0937
2022 10 12 17 3.2000 213.9600 0.8000 3.2000 0.0000 59.5418 62.6138 1.6682 0.1448  356.9270 0.0000 0.0000 0.0000 0.0000 356.9270
2022 10 12 18 3.2000 210.9600 0.8000 3.2000 0.0000 59.5413 62.6133 1.6682 0.1448  351.9193 0.0000 0.0000 0.0000 0.0000 351.9193
2022 10 12 19 3.2000 192.8800 0.8000 3.2000 0.0000 59.5407 62.6127 1.6682 0.1448  321.7555 0.0000 0.0000 0.0000 0.0000 321.7555
2022 10 12 20 3.2000 191.7300 0.8000 3.2000 0.0000 59.5400 62.6120 1.6681 0.1448  319.8336 0.0000 0.0000 0.0000 0.0000 319.8336
2022 10 12 21 3.2000 188.9600 0.8000 3.2000 0.0000 59.5393 62.6113 1.6681 0.1448  315.2089 0.0000 0.0000 0.0000 0.0000 315.2089
2022 10 12 22 3.2000 159.1400 0.8000 3.2000 0.0000 59.5385 62.6105 1.6681 0.1448  265.4617 0.0000 0.0000 0.0000 0.0000 265.4617
2022 10 12 23 3.2000 179.3000 0.8000 3.2000 0.0000 59.5375 62.6095 1.6681 0.1448  299.0859 0.0000 0.0000 0.0000 0.0000 299.0859
2022 10 13 0 3.2000 168.1100 0.8000 3.2000 0.0000 59.5365 62.6085 1.6680 0.1448  280.4154 0.0000 0.0000 0.0000 0.0000 280.4154
2022 10 13 1 3.2000 169.5400 0.8000 3.2000 0.0000 59.5354 62.6074 1.6680 0.1448  282.7956 0.0000 0.0000 0.0000 0.0000 282.7956
2022 10 13 2 3.2000 179.7400 0.8000 3.2000 0.0000 59.5343 62.6063 1.6680 0.1448  299.8036 0.0000 0.0000 0.0000 0.0000 299.8036
2022 10 13 3 3.2000 181.1800 0.8000 3.2000 0.0000 59.5331 62.6051 1.6680 0.1448  302.1993 0.0000 0.0000 0.0000 0.0000 302.1993
2022 10 13 4 3.2000 194.6600 0.8000 3.2000 0.0000 59.5318 62.6038 1.6679 0.1448  324.6766 0.0000 0.0000 0.0000 0.0000 324.6766
2022 10 13 5 3.2000 216.5500 0.8000 3.2000 0.0000 59.5306 62.6026 1.6679 0.1448  361.1798 0.0000 0.0000 0.0000 0.0000 361.1798
2022 10 13 6 3.2000 251.2000 0.8000 3.2000 0.0000 59.5294 62.6014 1.6678 0.1448  418.9633 0.0000 0.0000 0.0000 0.0000 418.9633
2022 10 13 7 3.2000 269.5900 0.8000 3.2000 0.0000 59.5282 62.6002 1.6678 0.1448  449.6262 0.0000 0.0000 0.0000 0.0000 449.6262
2022 10 13 8 3.2000 268.6000 0.8000 3.2000 0.0000 59.5271 62.5991 1.6678 0.1448  447.9665 0.0000 0.0000 0.0000 0.0000 447.9665
2022 10 13 9 3.2000 266.3600 0.8000 3.2000 0.0000 59.5260 62.5980 1.6678 0.1448  444.2223 0.0000 0.0000 0.0000 0.0000 444.2223
2022 10 13 10 3.2000 264.9000 0.8000 3.2000 0.0000 59.5249 62.5969 1.6677 0.1448  441.7791 0.0000 0.0000 0.0000 0.0000 441.7791
2022 10 13 11 3.2000 260.9200 0.8000 3.2000 0.0000 59.5237 62.5957 1.6677 0.1448  435.1334 0.0000 0.0000 0.0000 0.0000 435.1334
2022 10 13 12 3.2000 257.7600 0.8000 3.2000 0.0000 59.5226 62.5946 1.6677 0.1448  429.8553 0.0000 0.0000 0.0000 0.0000 429.8553
2022 10 13 13 3.2000 245.6900 0.8000 3.2000 0.0000 59.5214 62.5934 1.6676 0.1448  409.7185 0.0000 0.0000 0.0000 0.0000 409.7185
2022 10 13 14 3.2000 236.4000 0.8000 3.2000 0.0000 59.5201 62.5921 1.6676 0.1448  394.2178 0.0000 0.0000 0.0000 0.0000 394.2178
2022 10 13 15 3.2000 234.6800 0.8000 3.2000 0.0000 59.5188 62.5908 1.6676 0.1448  391.3409 0.0000 0.0000 0.0000 0.0000 391.3409
2022 10 13 16 3.2000 261.7300 0.8000 3.2000 0.0000 59.5175 62.5895 1.6675 0.1447  436.4382 0.0000 0.0000 0.0000 0.0000 436.4382
2022 10 13 17 3.2000 270.7500 0.8000 3.2000 0.0000 59.5160 62.5880 1.6675 0.1447  451.4684 0.0000 0.0000 0.0000 0.0000 451.4684
2022 10 13 18 3.2000 268.1500 0.8000 3.2000 0.0000 59.5146 62.5866 1.6674 0.1447  447.1219 0.0000 0.0000 0.0000 0.0000 447.1219
2022 10 13 19 3.2000 263.5000 0.8000 3.2000 0.0000 59.5131 62.5851 1.6674 0.1447  439.3572 0.0000 0.0000 0.0000 0.0000 439.3572
2022 10 13 20 3.2000 246.4800 0.8000 3.2000 0.0000 59.5115 62.5835 1.6673 0.1447  410.9673 0.0000 0.0000 0.0000 0.0000 410.9673
2022 10 13 21 3.2000 220.6200 0.8000 3.2000 0.0000 59.5098 62.5818 1.6673 0.1447  367.8395 0.0000 0.0000 0.0000 0.0000 367.8395
2022 10 13 22 3.2000 200.5300 0.8000 3.2000 0.0000 59.5081 62.5801 1.6673 0.1447  334.3338 0.0000 0.0000 0.0000 0.0000 334.3338
2022 10 13 23 3.2000 208.8300 0.8000 3.2000 0.0000 59.5063 62.5783 1.6672 0.1447  348.1615 0.0000 0.0000 0.0000 0.0000 348.1615
2022 10 14 0 3.2000 197.2900 0.8000 3.2000 0.0000 59.5044 62.5764 1.6671 0.1447  328.9117 0.0000 0.0000 0.0000 0.0000 328.9117
2022 10 14 1 3.2000 197.2800 0.8000 3.2000 0.0000 59.5025 62.5745 1.6671 0.1447  328.8842 0.0000 0.0000 0.0000 0.0000 328.8842
2022 10 14 2 3.2000 200.3200 0.8000 3.2000 0.0000 59.5004 62.5724 1.6670 0.1447  333.9407 0.0000 0.0000 0.0000 0.0000 333.9407
2022 10 14 3 3.2000 197.5500 0.8000 3.2000 0.0000 59.4983 62.5703 1.6670 0.1447  329.3112 0.0000 0.0000 0.0000 0.0000 329.3112
2022 10 14 4 3.2000 199.2300 0.8000 3.2000 0.0000 59.4961 62.5681 1.6669 0.1447  332.0995 0.0000 0.0000 0.0000 0.0000 332.0995
2022 10 14 5 3.2000 200.2800 0.8000 3.2000 0.0000 59.4938 62.5658 1.6669 0.1447  333.8369 0.0000 0.0000 0.0000 0.0000 333.8369
2022 10 14 6 3.2000 228.2900 0.8000 3.2000 0.0000 59.4914 62.5634 1.6668 0.1447  380.5101 0.0000 0.0000 0.0000 0.0000 380.5101
2022 10 14 7 3.2000 231.4800 0.8000 3.2000 0.0000 59.4890 62.5610 1.6667 0.1447  385.8112 0.0000 0.0000 0.0000 0.0000 385.8112
2022 10 14 8 3.2000 267.1400 0.8000 3.2000 0.0000 59.4864 62.5584 1.6666 0.1447  445.2273 0.0000 0.0000 0.0000 0.0000 445.2273
2022 10 14 9 3.2000 268.3000 0.8000 3.2000 0.0000 59.4838 62.5558 1.6666 0.1447  447.1410 0.0000 0.0000 0.0000 0.0000 447.1410
2022 10 14 10 3.2000 258.6000 0.8000 3.2000 0.0000 59.4812 62.5532 1.6665 0.1447  430.9558 0.0000 0.0000 0.0000 0.0000 430.9558
2022 10 14 11 3.2000 227.2000 0.8000 3.2000 0.0000 59.4784 62.5504 1.6664 0.1447  378.6103 0.0000 0.0000 0.0000 0.0000 378.6103
2022 10 14 12 3.2000 221.0200 0.8000 3.2000 0.0000 59.4755 62.5475 1.6663 0.1446  368.2941 0.0000 0.0000 0.0000 0.0000 368.2941
2022 10 14 13 3.2000 207.6800 0.8000 3.2000 0.0000 59.4726 62.5446 1.6663 0.1446  346.0481 0.0000 0.0000 0.0000 0.0000 346.0481
2022 10 14 14 3.2000 188.1700 0.8000 3.2000 0.0000 59.4696 62.5416 1.6662 0.1446  313.5238 0.0000 0.0000 0.0000 0.0000 313.5238
2022 10 14 15 3.2000 201.9800 0.8000 3.2000 0.0000 59.4666 62.5386 1.6661 0.1446  336.5164 0.0000 0.0000 0.0000 0.0000 336.5164
2022 10 14 16 3.2000 213.1800 0.8000 3.2000 0.0000 59.4635 62.5355 1.6660 0.1446  355.1582 0.0000 0.0000 0.0000 0.0000 355.1582
2022 10 14 17 3.2000 245.8800 0.8000 3.2000 0.0000 59.4604 62.5324 1.6659 0.1446  409.6152 0.0000 0.0000 0.0000 0.0000 409.6152
2022 10 14 18 3.2000 248.4600 0.8000 3.2000 0.0000 59.4573 62.5293 1.6658 0.1446  413.8916 0.0000 0.0000 0.0000 0.0000 413.8916
2022 10 14 19 3.2000 224.9100 0.8000 3.2000 0.0000 59.4541 62.5261 1.6657 0.1446  374.6414 0.0000 0.0000 0.0000 0.0000 374.6414
2022 10 14 20 3.2000 205.4800 0.8000 3.2000 0.0000 59.4509 62.5229 1.6656 0.1446  342.2576 0.0000 0.0000 0.0000 0.0000 342.2576
2022 10 14 21 3.2000 203.1300 0.8000 3.2000 0.0000 59.4477 62.5197 1.6656 0.1446  338.3251 0.0000 0.0000 0.0000 0.0000 338.3251
2022 10 14 22 3.2000 188.8400 0.8000 3.2000 0.0000 59.4446 62.5166 1.6655 0.1446  314.5075 0.0000 0.0000 0.0000 0.0000 314.5075
2022 10 14 23 3.2000 192.0200 0.8000 3.2000 0.0000 59.4415 62.5135 1.6654 0.1446  319.7873 0.0000 0.0000 0.0000 0.0000 319.7873
2022 10 15 0 3.2000 173.8800 0.8000 3.2000 0.0000 59.4388 62.5108 1.6653 0.1446  289.5642 0.0000 0.0000 0.0000 0.0000 289.5642
2022 10 15 1 3.2000 164.3800 0.8000 3.2000 0.0000 59.4371 62.5091 1.6653 0.1446  273.7355 0.0000 0.0000 0.0000 0.0000 273.7355
2022 10 15 2 3.2000 149.2600 0.8000 3.2000 0.0000 59.4368 62.5088 1.6653 0.1446  248.5556 0.0000 0.0000 0.0000 0.0000 248.5556
2022 10 15 3 3.2000 144.2700 0.8000 3.2000 0.0000 59.4382 62.5102 1.6653 0.1446  240.2516 0.0000 0.0000 0.0000 0.0000 240.2516
2022 10 15 4 3.2000 137.5300 0.8000 3.2000 0.0000 59.4406 62.5126 1.6654 0.1446  229.0371 0.0000 0.0000 0.0000 0.0000 229.0371
2022 10 15 5 3.2000 148.4000 0.8000 3.2000 0.0000 59.4436 62.5156 1.6654 0.1446  247.1519 0.0000 0.0000 0.0000 0.0000 247.1519
2022 10 15 6 3.2000 159.3200 0.8000 3.2000 0.0000 59.4467 62.5187 1.6655 0.1446  265.3525 0.0000 0.0000 0.0000 0.0000 265.3525
2022 10 15 7 3.2000 186.4900 0.8000 3.2000 0.0000 59.4499 62.5219 1.6656 0.1446  310.6218 0.0000 0.0000 0.0000 0.0000 310.6218
2022 10 15 8 3.2000 199.1900 0.8000 3.2000 0.0000 59.4532 62.5252 1.6657 0.1446  331.7933 0.0000 0.0000 0.0000 0.0000 331.7933
2022 10 15 9 3.2000 185.0200 0.8000 3.2000 0.0000 59.4564 62.5284 1.6658 0.1446  308.2068 0.0000 0.0000 0.0000 0.0000 308.2068
2022 10 15 10 3.2000 160.5400 0.8000 3.2000 0.0000 59.4595 62.5315 1.6659 0.1446  267.4420 0.0000 0.0000 0.0000 0.0000 267.4420
2022 10 15 11 3.2000 153.9000 0.8000 3.2000 0.0000 59.4624 62.5344 1.6660 0.1446  256.3928 0.0000 0.0000 0.0000 0.0000 256.3928
2022 10 15 12 3.2000 144.7800 0.8000 3.2000 0.0000 59.4650 62.5370 1.6660 0.1446  241.2097 0.0000 0.0000 0.0000 0.0000 241.2097
2022 10 15 13 3.2000 126.4100 0.8000 3.2000 0.0000 59.4673 62.5393 1.6661 0.1446  210.6126 0.0000 0.0000 0.0000 0.0000 210.6126
2022 10 15 14 3.2000 127.4400 0.8000 3.2000 0.0000 59.4693 62.5413 1.6662 0.1446  212.3358 0.0000 0.0000 0.0000 0.0000 212.3358
2022 10 15 15 3.2000 141.7700 0.8000 3.2000 0.0000 59.4710 62.5430 1.6662 0.1446  236.2188 0.0000 0.0000 0.0000 0.0000 236.2188
2022 10 15 16 3.2000 169.3200 0.8000 3.2000 0.0000 59.4724 62.5444 1.6663 0.1446  282.1297 0.0000 0.0000 0.0000 0.0000 282.1297
2022 10 15 17 3.2000 185.0800 0.8000 3.2000 0.0000 59.4738 62.5458 1.6663 0.1446  308.3967 0.0000 0.0000 0.0000 0.0000 308.3967
2022 10 15 18 3.2000 190.4600 0.8000 3.2000 0.0000 59.4754 62.5474 1.6663 0.1446  317.3699 0.0000 0.0000 0.0000 0.0000 317.3699
2022 10 15 19 3.2000 157.9300 0.8000 3.2000 0.0000 59.4777 62.5497 1.6664 0.1447  263.1742 0.0000 0.0000 0.0000 0.0000 263.1742
2022 10 15 20 3.2000 143.2900 0.8000 3.2000 0.0000 59.4808 62.5528 1.6665 0.1447  238.7907 0.0000 0.0000 0.0000 0.0000 238.7907
2022 10 15 21 3.2000 144.4600 0.8000 3.2000 0.0000 59.4844 62.5564 1.6666 0.1447  240.7553 0.0000 0.0000 0.0000 0.0000 240.7553
2022 10 15 22 3.2000 136.9800 0.8000 3.2000 0.0000 59.4884 62.5604 1.6667 0.1447  228.3043 0.0000 0.0000 0.0000 0.0000 228.3043
2022 10 15 23 3.2000 81.8400 0.8000 3.2000 0.0000 59.4924 62.5644 1.6668 0.1447  136.4119 0.0000 0.0000 0.0000 0.0000 136.4119
2022 10 16 0 3.2000 72.4500 0.8000 3.2000 0.0000 59.4965 62.5685 1.6669 0.1447  120.7689 0.0000 0.0000 0.0000 0.0000 120.7689
2022 10 16 1 3.2000 70.4100 0.8000 3.2000 0.0000 59.5007 62.5727 1.6670 0.1447  117.3765 0.0000 0.0000 0.0000 0.0000 117.3765
2022 10 16 2 3.2000 74.0900 0.8000 3.2000 0.0000 59.5049 62.5769 1.6672 0.1447  123.5199 0.0000 0.0000 0.0000 0.0000 123.5199
2022 10 16 3 3.2000 84.4200 0.8000 3.2000 0.0000 59.5089 62.5809 1.6673 0.1447  140.7513 0.0000 0.0000 0.0000 0.0000 140.7513
2022 10 16 4 3.2000 80.6100 0.8000 3.2000 0.0000 59.5129 62.5849 1.6674 0.1447  134.4079 0.0000 0.0000 0.0000 0.0000 134.4079
2022 10 16 5 3.2000 76.1900 0.8000 3.2000 0.0000 59.5167 62.5887 1.6675 0.1447  127.0461 0.0000 0.0000 0.0000 0.0000 127.0461
2022 10 16 6 3.2000 81.0400 0.8000 3.2000 0.0000 59.5203 62.5923 1.6676 0.1448  135.1416 0.0000 0.0000 0.0000 0.0000 135.1416
2022 10 16 7 3.2000 93.2500 0.8000 3.2000 0.0000 59.5237 62.5957 1.6677 0.1448  155.5119 0.0000 0.0000 0.0000 0.0000 155.5119
2022 10 16 8 3.2000 90.7000 0.8000 3.2000 0.0000 59.5271 62.5991 1.6678 0.1448  151.2679 0.0000 0.0000 0.0000 0.0000 151.2679
2022 10 16 9 3.2000 80.3600 0.8000 3.2000 0.0000 59.5304 62.6024 1.6679 0.1448  134.0304 0.0000 0.0000 0.0000 0.0000 134.0304
2022 10 16 10 3.2000 89.8900 0.8000 3.2000 0.0000 59.5336 62.6056 1.6680 0.1448  149.9335 0.0000 0.0000 0.0000 0.0000 149.9335
2022 10 16 11 3.2000 114.0600 0.8000 3.2000 0.0000 59.5371 62.6091 1.6681 0.1448  190.2593 0.0000 0.0000 0.0000 0.0000 190.2593
2022 10 16 12 3.2000 117.9700 0.8000 3.2000 0.0000 59.5410 62.6130 1.6682 0.1448  196.7942 0.0000 0.0000 0.0000 0.0000 196.7942
2022 10 16 13 3.2000 113.5800 0.8000 3.2000 0.0000 59.5453 62.6173 1.6683 0.1448  189.4848 0.0000 0.0000 0.0000 0.0000 189.4848
2022 10 16 14 3.2000 100.1400 0.8000 3.2000 0.0000 59.5502 62.6222 1.6684 0.1448  167.0766 0.0000 0.0000 0.0000 0.0000 167.0766
2022 10 16 15 3.2000 120.3600 0.8000 3.2000 0.0000 59.5554 62.6274 1.6686 0.1448  200.8300 0.0000 0.0000 0.0000 0.0000 200.8300
2022 10 16 16 3.2000 131.0700 0.8000 3.2000 0.0000 59.5610 62.6330 1.6687 0.1449  218.7208 0.0000 0.0000 0.0000 0.0000 218.7208
2022 10 16 17 3.2000 181.6100 0.8000 3.2000 0.0000 59.5667 62.6387 1.6689 0.1449  303.0878 0.0000 0.0000 0.0000 0.0000 303.0878
2022 10 16 18 3.2000 195.9800 0.8000 3.2000 0.0000 59.5726 62.6446 1.6691 0.1449  327.1022 0.0000 0.0000 0.0000 0.0000 327.1022
2022 10 16 19 3.2000 181.2600 0.8000 3.2000 0.0000 59.5786 62.6506 1.6692 0.1449  302.5641 0.0000 0.0000 0.0000 0.0000 302.5641
2022 10 16 20 3.2000 150.1800 0.8000 3.2000 0.0000 59.5846 62.6566 1.6694 0.1449  250.7096 0.0000 0.0000 0.0000 0.0000 250.7096
2022 10 16 21 3.2000 140.8800 0.8000 3.2000 0.0000 59.5905 62.6625 1.6696 0.1449  235.2075 0.0000 0.0000 0.0000 0.0000 235.2075
2022 10 16 22 3.2000 139.4000 0.8000 3.2000 0.0000 59.5963 62.6683 1.6697 0.1449  232.7591 0.0000 0.0000 0.0000 0.0000 232.7591
2022 10 16 23 3.2000 137.1900 0.8000 3.2000 0.0000 59.6019 62.6739 1.6699 0.1450  229.0907 0.0000 0.0000 0.0000 0.0000 229.0907
2022 10 17 0 3.2000 122.0800 0.8000 3.2000 0.0000 59.6073 62.6793 1.6700 0.1450  203.8774 0.0000 0.0000 0.0000 0.0000 203.8774
2022 10 17 1 3.2000 109.4600 0.8000 3.2000 0.0000 59.6126 62.6846 1.6702 0.1450  182.8177 0.0000 0.0000 0.0000 0.0000 182.8177
2022 10 17 2 3.2000 92.8700 0.8000 3.2000 0.0000 59.6176 62.6896 1.6703 0.1450  155.1226 0.0000 0.0000 0.0000 0.0000 155.1226
2022 10 17 3 3.2000 89.2400 0.8000 3.2000 0.0000 59.6225 62.6945 1.6705 0.1450  149.0716 0.0000 0.0000 0.0000 0.0000 149.0716
2022 10 17 4 3.2000 112.3500 0.8000 3.2000 0.0000 59.6273 62.6993 1.6706 0.1450  187.6907 0.0000 0.0000 0.0000 0.0000 187.6907
2022 10 17 5 3.2000 133.9400 0.8000 3.2000 0.0000 59.6318 62.7038 1.6707 0.1450  223.7757 0.0000 0.0000 0.0000 0.0000 223.7757
2022 10 17 6 3.2000 159.2600 0.8000 3.2000 0.0000 59.6361 62.7081 1.6708 0.1450  266.0974 0.0000 0.0000 0.0000 0.0000 266.0974
2022 10 17 7 3.2000 183.1300 0.8000 3.2000 0.0000 59.6402 62.7122 1.6710 0.1450  306.0014 0.0000 0.0000 0.0000 0.0000 306.0014
2022 10 17 8 3.2000 161.8900 0.8000 3.2000 0.0000 59.6441 62.7161 1.6711 0.1451  270.5282 0.0000 0.0000 0.0000 0.0000 270.5282
2022 10 17 9 3.2000 137.1900 0.8000 3.2000 0.0000 59.6479 62.7199 1.6712 0.1451  229.2673 0.0000 0.0000 0.0000 0.0000 229.2673
2022 10 17 10 3.2000 137.8400 0.8000 3.2000 0.0000 59.6513 62.7233 1.6713 0.1451  230.3669 0.0000 0.0000 0.0000 0.0000 230.3669
2022 10 17 11 3.2000 125.3500 0.8000 3.2000 0.0000 59.6545 62.7265 1.6714 0.1451  209.5040 0.0000 0.0000 0.0000 0.0000 209.5040
2022 10 17 12 3.2000 125.7700 0.8000 3.2000 0.0000 59.6575 62.7295 1.6714 0.1451  210.2167 0.0000 0.0000 0.0000 0.0000 210.2167
2022 10 17 13 3.2000 131.8000 0.8000 3.2000 0.0000 59.6604 62.7324 1.6715 0.1451  220.3062 0.0000 0.0000 0.0000 0.0000 220.3062
2022 10 17 14 3.2000 146.5900 0.8000 3.2000 0.0000 59.6632 62.7352 1.6716 0.1451  245.0394 0.0000 0.0000 0.0000 0.0000 245.0394
2022 10 17 15 3.2000 173.6400 0.8000 3.2000 0.0000 59.6660 62.7380 1.6717 0.1451  290.2696 0.0000 0.0000 0.0000 0.0000 290.2696
2022 10 17 16 3.2000 185.5200 0.8000 3.2000 0.0000 59.6688 62.7408 1.6718 0.1451  310.1434 0.0000 0.0000 0.0000 0.0000 310.1434
2022 10 17 17 3.2000 186.2000 0.8000 3.2000 0.0000 59.6715 62.7435 1.6718 0.1451  311.2947 0.0000 0.0000 0.0000 0.0000 311.2947
2022 10 17 18 3.2000 187.5200 0.8000 3.2000 0.0000 59.6743 62.7463 1.6719 0.1451  313.5162 0.0000 0.0000 0.0000 0.0000 313.5162
2022 10 17 19 3.2000 190.5500 0.8000 3.2000 0.0000 59.6771 62.7491 1.6720 0.1451  318.5971 0.0000 0.0000 0.0000 0.0000 318.5971
2022 10 17 20 3.2000 165.8300 0.8000 3.2000 0.0000 59.6800 62.7520 1.6721 0.1451  277.2788 0.0000 0.0000 0.0000 0.0000 277.2788
2022 10 17 21 3.2000 163.6300 0.8000 3.2000 0.0000 59.6829 62.7549 1.6721 0.1452  273.6135 0.0000 0.0000 0.0000 0.0000 273.6135
2022 10 17 22 3.2000 145.8900 0.8000 3.2000 0.0000 59.6858 62.7578 1.6722 0.1452  243.9615 0.0000 0.0000 0.0000 0.0000 243.9615
2022 10 17 23 3.2000 141.6500 0.8000 3.2000 0.0000 59.6887 62.7607 1.6723 0.1452  236.8827 0.0000 0.0000 0.0000 0.0000 236.8827
2022 10 18 0 3.2000 135.8300 0.8000 3.2000 0.0000 59.6915 62.7635 1.6724 0.1452  227.1608 0.0000 0.0000 0.0000 0.0000 227.1608
2022 10 18 1 3.2000 140.4700 0.8000 3.2000 0.0000 59.6944 62.7664 1.6725 0.1452  234.9319 0.0000 0.0000 0.0000 0.0000 234.9319
2022 10 18 2 3.2000 140.0500 0.8000 3.2000 0.0000 59.6972 62.7692 1.6725 0.1452  234.2405 0.0000 0.0000 0.0000 0.0000 234.2405
2022 10 18 3 3.2000 140.0900 0.8000 3.2000 0.0000 59.7000 62.7720 1.6726 0.1452  234.3182 0.0000 0.0000 0.0000 0.0000 234.3182
2022 10 18 4 3.2000 144.1500 0.8000 3.2000 0.0000 59.7027 62.7747 1.6727 0.1452  241.1201 0.0000 0.0000 0.0000 0.0000 241.1201
2022 10 18 5 3.2000 150.2300 0.8000 3.2000 0.0000 59.7054 62.7774 1.6728 0.1452  251.3015 0.0000 0.0000 0.0000 0.0000 251.3015
2022 10 18 6 3.2000 181.4600 0.8000 3.2000 0.0000 59.7081 62.7801 1.6729 0.1452  303.5561 0.0000 0.0000 0.0000 0.0000 303.5561
2022 10 18 7 3.2000 224.2200 0.8000 3.2000 0.0000 59.7108 62.7828 1.6729 0.1452  375.1043 0.0000 0.0000 0.0000 0.0000 375.1043
2022 10 18 8 3.2000 204.1500 0.8000 3.2000 0.0000 59.7135 62.7855 1.6730 0.1452  341.5441 0.0000 0.0000 0.0000 0.0000 341.5441
2022 10 18 9 3.2000 193.5100 0.8000 3.2000 0.0000 59.7162 62.7882 1.6731 0.1452  323.7582 0.0000 0.0000 0.0000 0.0000 323.7582
2022 10 18 10 3.2000 180.3500 0.8000 3.2000 0.0000 59.7190 62.7910 1.6732 0.1452  301.7544 0.0000 0.0000 0.0000 0.0000 301.7544
2022 10 18 11 3.2000 134.4600 0.8000 3.2000 0.0000 59.7218 62.7938 1.6732 0.1452  224.9835 0.0000 0.0000 0.0000 0.0000 224.9835
2022 10 18 12 3.2000 143.2500 0.8000 3.2000 0.0000 59.7245 62.7965 1.6733 0.1453  239.7023 0.0000 0.0000 0.0000 0.0000 239.7023
2022 10 18 13 3.2000 126.1500 0.8000 3.2000 0.0000 59.7273 62.7993 1.6734 0.1453  211.0985 0.0000 0.0000 0.0000 0.0000 211.0985
2022 10 18 14 3.2000 139.8200 0.8000 3.2000 0.0000 59.7301 62.8021 1.6735 0.1453  233.9848 0.0000 0.0000 0.0000 0.0000 233.9848
2022 10 18 15 3.2000 159.1400 0.8000 3.2000 0.0000 59.7329 62.8049 1.6735 0.1453  266.3287 0.0000 0.0000 0.0000 0.0000 266.3287
2022 10 18 16 3.2000 189.0700 0.8000 3.2000 0.0000 59.7357 62.8077 1.6736 0.1453  316.4327 0.0000 0.0000 0.0000 0.0000 316.4327
2022 10 18 17 3.2000 203.0900 0.8000 3.2000 0.0000 59.7384 62.8104 1.6737 0.1453  339.9121 0.0000 0.0000 0.0000 0.0000 339.9121
2022 10 18 18 3.2000 195.7600 0.8000 3.2000 0.0000 59.7409 62.8129 1.6738 0.1453  327.6579 0.0000 0.0000 0.0000 0.0000 327.6579
2022 10 18 19 3.2000 189.7800 0.8000 3.2000 0.0000 59.7433 62.8153 1.6738 0.1453  317.6617 0.0000 0.0000 0.0000 0.0000 317.6617
2022 10 18 20 3.2000 166.3300 0.8000 3.2000 0.0000 59.7457 62.8177 1.6739 0.1453  278.4210 0.0000 0.0000 0.0000 0.0000 278.4210
2022 10 18 21 3.2000 163.6000 0.8000 3.2000 0.0000 59.7479 62.8199 1.6740 0.1453  273.8616 0.0000 0.0000 0.0000 0.0000 273.8616
2022 10 18 22 3.2000 154.2100 0.8000 3.2000 0.0000 59.7501 62.8221 1.6740 0.1453  258.1523 0.0000 0.0000 0.0000 0.0000 258.1523
2022 10 18 23 3.2000 132.4800 0.8000 3.2000 0.0000 59.7521 62.8241 1.6741 0.1453  221.7831 0.0000 0.0000 0.0000 0.0000 221.7831
2022 10 19 0 3.2000 125.9900 0.8000 3.2000 0.0000 59.7540 62.8260 1.6741 0.1453  210.9251 0.0000 0.0000 0.0000 0.0000 210.9251
2022 10 19 1 3.2000 122.2000 0.8000 3.2000 0.0000 59.7559 62.8279 1.6742 0.1453  204.5863 0.0000 0.0000 0.0000 0.0000 204.5863
2022 10 19 2 3.2000 125.9300 0.8000 3.2000 0.0000 59.7575 62.8295 1.6742 0.1453  210.8369 0.0000 0.0000 0.0000 0.0000 210.8369
2022 10 19 3 3.2000 134.0400 0.8000 3.2000 0.0000 59.7591 62.8311 1.6743 0.1453  224.4208 0.0000 0.0000 0.0000 0.0000 224.4208
2022 10 19 4 3.2000 149.5700 0.8000 3.2000 0.0000 59.7605 62.8325 1.6743 0.1453  250.4285 0.0000 0.0000 0.0000 0.0000 250.4285
2022 10 19 5 3.2000 162.9300 0.8000 3.2000 0.0000 59.7618 62.8338 1.6744 0.1453  272.8034 0.0000 0.0000 0.0000 0.0000 272.8034
2022 10 19 6 3.2000 192.5700 0.8000 3.2000 0.0000 59.7630 62.8350 1.6744 0.1453  322.4380 0.0000 0.0000 0.0000 0.0000 322.4380
2022 10 19 7 3.2000 207.3200 0.8000 3.2000 0.0000 59.7641 62.8361 1.6744 0.1453  347.1417 0.0000 0.0000 0.0000 0.0000 347.1417
2022 10 19 8 3.2000 202.6000 0.8000 3.2000 0.0000 59.7651 62.8371 1.6745 0.1454  339.2440 0.0000 0.0000 0.0000 0.0000 339.2440
2022 10 19 9 3.2000 188.9100 0.8000 3.2000 0.0000 59.7660 62.8380 1.6745 0.1454  316.3254 0.0000 0.0000 0.0000 0.0000 316.3254
2022 10 19 10 3.2000 175.4400 0.8000 3.2000 0.0000 59.7668 62.8388 1.6745 0.1454  293.7740 0.0000 0.0000 0.0000 0.0000 293.7740
2022 10 19 11 3.2000 154.7400 0.8000 3.2000 0.0000 59.7675 62.8395 1.6745 0.1454  259.1149 0.0000 0.0000 0.0000 0.0000 259.1149
2022 10 19 12 3.2000 150.2400 0.8000 3.2000 0.0000 59.7681 62.8401 1.6745 0.1454  251.5820 0.0000 0.0000 0.0000 0.0000 251.5820
2022 10 19 13 3.2000 144.4400 0.8000 3.2000 0.0000 59.7685 62.8405 1.6745 0.1454  241.8717 0.0000 0.0000 0.0000 0.0000 241.8717
2022 10 19 14 3.2000 153.3400 0.8000 3.2000 0.0000 59.7690 62.8410 1.6746 0.1454  256.7769 0.0000 0.0000 0.0000 0.0000 256.7769
2022 10 19 15 3.2000 171.2500 0.8000 3.2000 0.0000 59.7693 62.8413 1.6746 0.1454  286.7698 0.0000 0.0000 0.0000 0.0000 286.7698
2022 10 19 16 3.2000 186.9500 0.8000 3.2000 0.0000 59.7695 62.8415 1.6746 0.1454  313.0616 0.0000 0.0000 0.0000 0.0000 313.0616
2022 10 19 17 3.2000 183.5600 0.8000 3.2000 0.0000 59.7696 62.8416 1.6746 0.1454  307.3853 0.0000 0.0000 0.0000 0.0000 307.3853
2022 10 19 18 3.2000 175.2900 0.8000 3.2000 0.0000 59.7696 62.8416 1.6746 0.1454  293.5367 0.0000 0.0000 0.0000 0.0000 293.5367
2022 10 19 19 3.2000 163.3600 0.8000 3.2000 0.0000 59.7695 62.8415 1.6746 0.1454  273.5586 0.0000 0.0000 0.0000 0.0000 273.5586
2022 10 19 20 3.2000 151.6000 0.8000 3.2000 0.0000 59.7693 62.8413 1.6746 0.1454  253.8648 0.0000 0.0000 0.0000 0.0000 253.8648
2022 10 19 21 3.2000 149.1100 0.8000 3.2000 0.0000 59.7690 62.8410 1.6746 0.1454  249.6939 0.0000 0.0000 0.0000 0.0000 249.6939
2022 10 19 22 3.2000 133.0000 0.8000 3.2000 0.0000 59.7687 62.8407 1.6746 0.1454  222.7153 0.0000 0.0000 0.0000 0.0000 222.7153
2022 10 19 23 3.2000 128.4400 0.8000 3.2000 0.0000 59.7682 62.8402 1.6745 0.1454  215.0777 0.0000 0.0000 0.0000 0.0000 215.0777
2022 10 20 0 3.2000 116.2000 0.8000 3.2000 0.0000 59.7677 62.8397 1.6745 0.1454  194.5795 0.0000 0.0000 0.0000 0.0000 194.5795
2022 10 20 1 3.2000 80.4300 0.8000 3.2000 0.0000 59.7670 62.8390 1.6745 0.1454  134.6804 0.0000 0.0000 0.0000 0.0000 134.6804
2022 10 20 2 3.2000 79.0100 0.8000 3.2000 0.0000 59.7662 62.8382 1.6745 0.1454  132.3009 0.0000 0.0000 0.0000 0.0000 132.3009
2022 10 20 3 3.2000 74.8000 0.8000 3.2000 0.0000 59.7654 62.8374 1.6745 0.1454  125.2495 0.0000 0.0000 0.0000 0.0000 125.2495
2022 10 20 4 3.2000 113.3700 0.8000 3.2000 0.0000 59.7644 62.8364 1.6744 0.1454  189.8304 0.0000 0.0000 0.0000 0.0000 189.8304
2022 10 20 5 3.2000 151.6700 0.8000 3.2000 0.0000 59.7634 62.8354 1.6744 0.1453  253.9566 0.0000 0.0000 0.0000 0.0000 253.9566
2022 10 20 6 3.2000 173.5200 0.8000 3.2000 0.0000 59.7622 62.8342 1.6744 0.1453  290.5367 0.0000 0.0000 0.0000 0.0000 290.5367
2022 10 20 7 3.2000 187.5100 0.8000 3.2000 0.0000 59.7610 62.8330 1.6743 0.1453  313.9546 0.0000 0.0000 0.0000 0.0000 313.9546
2022 10 20 8 3.2000 174.2400 0.8000 3.2000 0.0000 59.7596 62.8316 1.6743 0.1453  291.7295 0.0000 0.0000 0.0000 0.0000 291.7295
2022 10 20 9 3.2000 173.9900 0.8000 3.2000 0.0000 59.7581 62.8301 1.6743 0.1453  291.3039 0.0000 0.0000 0.0000 0.0000 291.3039
2022 10 20 10 3.2000 161.0300 0.8000 3.2000 0.0000 59.7566 62.8286 1.6742 0.1453  269.5985 0.0000 0.0000 0.0000 0.0000 269.5985
2022 10 20 11 3.2000 137.9900 0.8000 3.2000 0.0000 59.7550 62.8270 1.6742 0.1453  231.0183 0.0000 0.0000 0.0000 0.0000 231.0183
2022 10 20 12 3.2000 134.9900 0.8000 3.2000 0.0000 59.7532 62.8252 1.6741 0.1453  225.9893 0.0000 0.0000 0.0000 0.0000 225.9893
2022 10 20 13 3.2000 135.1900 0.8000 3.2000 0.0000 59.7514 62.8234 1.6741 0.1453  226.3173 0.0000 0.0000 0.0000 0.0000 226.3173
2022 10 20 14 3.2000 139.6000 0.8000 3.2000 0.0000 59.7496 62.8216 1.6740 0.1453  233.6926 0.0000 0.0000 0.0000 0.0000 233.6926
2022 10 20 15 3.2000 150.1900 0.8000 3.2000 0.0000 59.7476 62.8196 1.6740 0.1453  251.4122 0.0000 0.0000 0.0000 0.0000 251.4122
2022 10 20 16 3.2000 170.5400 0.8000 3.2000 0.0000 59.7455 62.8175 1.6739 0.1453  285.4675 0.0000 0.0000 0.0000 0.0000 285.4675
2022 10 20 17 3.2000 178.9400 0.8000 3.2000 0.0000 59.7434 62.8154 1.6738 0.1453  299.5177 0.0000 0.0000 0.0000 0.0000 299.5177
2022 10 20 18 3.2000 183.6400 0.8000 3.2000 0.0000 59.7413 62.8133 1.6738 0.1453  307.3737 0.0000 0.0000 0.0000 0.0000 307.3737
2022 10 20 19 3.2000 159.7600 0.8000 3.2000 0.0000 59.7391 62.8111 1.6737 0.1453  267.3939 0.0000 0.0000 0.0000 0.0000 267.3939
2022 10 20 20 3.2000 142.4900 0.8000 3.2000 0.0000 59.7368 62.8088 1.6737 0.1453  238.4797 0.0000 0.0000 0.0000 0.0000 238.4797
2022 10 20 21 3.2000 133.6800 0.8000 3.2000 0.0000 59.7345 62.8065 1.6736 0.1453  223.7260 0.0000 0.0000 0.0000 0.0000 223.7260
2022 10 20 22 3.2000 124.9900 0.8000 3.2000 0.0000 59.7321 62.8041 1.6735 0.1453  209.1742 0.0000 0.0000 0.0000 0.0000 209.1742
2022 10 20 23 3.2000 132.9100 0.8000 3.2000 0.0000 59.7297 62.8017 1.6735 0.1453  222.4196 0.0000 0.0000 0.0000 0.0000 222.4196
2022 10 21 0 3.2000 121.1300 0.8000 3.2000 0.0000 59.7273 62.7993 1.6734 0.1453  202.6979 0.0000 0.0000 0.0000 0.0000 202.6979
2022 10 21 1 3.2000 117.7000 0.8000 3.2000 0.0000 59.7247 62.7967 1.6733 0.1453  196.9498 0.0000 0.0000 0.0000 0.0000 196.9498
2022 10 21 2 3.2000 114.0500 0.8000 3.2000 0.0000 59.7222 62.7942 1.6732 0.1452  190.8341 0.0000 0.0000 0.0000 0.0000 190.8341
2022 10 21 3 3.2000 120.1500 0.8000 3.2000 0.0000 59.7196 62.7916 1.6732 0.1452  201.0321 0.0000 0.0000 0.0000 0.0000 201.0321
2022 10 21 4 3.2000 134.8700 0.8000 3.2000 0.0000 59.7169 62.7889 1.6731 0.1452  225.6512 0.0000 0.0000 0.0000 0.0000 225.6512
2022 10 21 5 3.2000 155.8800 0.8000 3.2000 0.0000 59.7142 62.7862 1.6730 0.1452  260.7912 0.0000 0.0000 0.0000 0.0000 260.7912
2022 10 21 6 3.2000 179.8100 0.8000 3.2000 0.0000 59.7115 62.7835 1.6729 0.1452  300.8128 0.0000 0.0000 0.0000 0.0000 300.8128
2022 10 21 7 3.2000 193.8900 0.8000 3.2000 0.0000 59.7086 62.7806 1.6729 0.1452  324.3526 0.0000 0.0000 0.0000 0.0000 324.3526
2022 10 21 8 3.2000 195.9600 0.8000 3.2000 0.0000 59.7058 62.7778 1.6728 0.1452  327.7997 0.0000 0.0000 0.0000 0.0000 327.7997
2022 10 21 9 3.2000 182.9800 0.8000 3.2000 0.0000 59.7028 62.7748 1.6727 0.1452  306.0719 0.0000 0.0000 0.0000 0.0000 306.0719
2022 10 21 10 3.2000 179.1800 0.8000 3.2000 0.0000 59.6999 62.7719 1.6726 0.1452  299.7007 0.0000 0.0000 0.0000 0.0000 299.7007
2022 10 21 11 3.2000 168.8000 0.8000 3.2000 0.0000 59.6969 62.7689 1.6725 0.1452  282.3247 0.0000 0.0000 0.0000 0.0000 282.3247
2022 10 21 12 3.2000 165.8800 0.8000 3.2000 0.0000 59.6938 62.7658 1.6725 0.1452  277.4268 0.0000 0.0000 0.0000 0.0000 277.4268
2022 10 21 13 3.2000 162.9600 0.8000 3.2000 0.0000 59.6908 62.7628 1.6724 0.1452  272.5292 0.0000 0.0000 0.0000 0.0000 272.5292
2022 10 21 14 3.2000 159.7900 0.8000 3.2000 0.0000 59.6877 62.7597 1.6723 0.1452  267.2138 0.0000 0.0000 0.0000 0.0000 267.2138
2022 10 21 15 3.2000 164.4300 0.8000 3.2000 0.0000 59.6845 62.7565 1.6722 0.1452  274.9587 0.0000 0.0000 0.0000 0.0000 274.9587
2022 10 21 16 3.2000 173.7300 0.8000 3.2000 0.0000 59.6813 62.7533 1.6721 0.1451  290.4946 0.0000 0.0000 0.0000 0.0000 290.4946
2022 10 21 17 3.2000 176.2900 0.8000 3.2000 0.0000 59.6781 62.7501 1.6720 0.1451  294.7592 0.0000 0.0000 0.0000 0.0000 294.7592
2022 10 21 18 3.2000 161.5800 0.8000 3.2000 0.0000 59.6748 62.7468 1.6719 0.1451  270.1492 0.0000 0.0000 0.0000 0.0000 270.1492
2022 10 21 19 3.2000 150.1600 0.8000 3.2000 0.0000 59.6715 62.7435 1.6718 0.1451  251.0419 0.0000 0.0000 0.0000 0.0000 251.0419
2022 10 21 20 3.2000 152.4500 0.8000 3.2000 0.0000 59.6682 62.7402 1.6717 0.1451  254.8562 0.0000 0.0000 0.0000 0.0000 254.8562
2022 10 21 21 3.2000 154.1400 0.8000 3.2000 0.0000 59.6648 62.7368 1.6716 0.1451  257.6669 0.0000 0.0000 0.0000 0.0000 257.6669
2022 10 21 22 3.2000 144.4900 0.8000 3.2000 0.0000 59.6615 62.7335 1.6715 0.1451  241.5219 0.0000 0.0000 0.0000 0.0000 241.5219
2022 10 21 23 3.2000 149.1900 0.8000 3.2000 0.0000 59.6581 62.7301 1.6715 0.1451  249.3639 0.0000 0.0000 0.0000 0.0000 249.3639
2022 10 22 0 3.2000 134.2800 0.8000 3.2000 0.0000 59.6546 62.7266 1.6714 0.1451  224.4296 0.0000 0.0000 0.0000 0.0000 224.4296
2022 10 22 1 3.2000 130.5100 0.8000 3.2000 0.0000 59.6511 62.7231 1.6713 0.1451  218.1158 0.0000 0.0000 0.0000 0.0000 218.1158
2022 10 22 2 3.2000 134.0100 0.8000 3.2000 0.0000 59.6476 62.7196 1.6712 0.1451  223.9520 0.0000 0.0000 0.0000 0.0000 223.9520
2022 10 22 3 3.2000 134.2600 0.8000 3.2000 0.0000 59.6440 62.7160 1.6711 0.1451  224.3564 0.0000 0.0000 0.0000 0.0000 224.3564
2022 10 22 4 3.2000 136.4500 0.8000 3.2000 0.0000 59.6404 62.7124 1.6710 0.1450  228.0023 0.0000 0.0000 0.0000 0.0000 228.0023
2022 10 22 5 3.2000 135.3400 0.8000 3.2000 0.0000 59.6368 62.7088 1.6709 0.1450  226.1337 0.0000 0.0000 0.0000 0.0000 226.1337
2022 10 22 6 3.2000 142.5200 0.8000 3.2000 0.0000 59.6331 62.7051 1.6708 0.1450  238.1158 0.0000 0.0000 0.0000 0.0000 238.1158
2022 10 22 7 3.2000 146.7000 0.8000 3.2000 0.0000 59.6294 62.7014 1.6706 0.1450  245.0843 0.0000 0.0000 0.0000 0.0000 245.0843
2022 10 22 8 3.2000 148.0300 0.8000 3.2000 0.0000 59.6257 62.6977 1.6705 0.1450  247.2908 0.0000 0.0000 0.0000 0.0000 247.2908
2022 10 22 9 3.2000 145.8500 0.8000 3.2000 0.0000 59.6219 62.6939 1.6704 0.1450  243.6335 0.0000 0.0000 0.0000 0.0000 243.6335
2022 10 22 10 3.2000 137.8700 0.8000 3.2000 0.0000 59.6181 62.6901 1.6703 0.1450  230.2887 0.0000 0.0000 0.0000 0.0000 230.2887
2022 10 22 11 3.2000 134.5200 0.8000 3.2000 0.0000 59.6142 62.6862 1.6702 0.1450  224.6785 0.0000 0.0000 0.0000 0.0000 224.6785
2022 10 22 12 3.2000 126.2200 0.8000 3.2000 0.0000 59.6103 62.6823 1.6701 0.1450  210.8019 0.0000 0.0000 0.0000 0.0000 210.8019
2022 10 22 13 3.2000 119.6400 0.8000 3.2000 0.0000 59.6064 62.6784 1.6700 0.1450  199.7994 0.0000 0.0000 0.0000 0.0000 199.7994
2022 10 22 14 3.2000 121.6700 0.8000 3.2000 0.0000 59.6025 62.6745 1.6699 0.1450  203.1762 0.0000 0.0000 0.0000 0.0000 203.1762
2022 10 22 15 3.2000 141.4300 0.8000 3.2000 0.0000 59.5986 62.6706 1.6698 0.1449  236.1578 0.0000 0.0000 0.0000 0.0000 236.1578
2022 10 22 16 3.2000 161.3200 0.8000 3.2000 0.0000 59.5948 62.6668 1.6697 0.1449  269.3526 0.0000 0.0000 0.0000 0.0000 269.3526
2022 10 22 17 3.2000 180.8100 0.8000 3.2000 0.0000 59.5910 62.6630 1.6696 0.1449  301.8755 0.0000 0.0000 0.0000 0.0000 301.8755
2022 10 22 18 3.2000 184.9500 0.8000 3.2000 0.0000 59.5873 62.6593 1.6695 0.1449  308.7685 0.0000 0.0000 0.0000 0.0000 308.7685
2022 10 22 19 3.2000 165.1100 0.8000 3.2000 0.0000 59.5838 62.6558 1.6694 0.1449  275.6300 0.0000 0.0000 0.0000 0.0000 275.6300
2022 10 22 20 3.2000 146.1200 0.8000 3.2000 0.0000 59.5806 62.6526 1.6693 0.1449  243.9154 0.0000 0.0000 0.0000 0.0000 243.9154
2022 10 22 21 3.2000 145.5600 0.8000 3.2000 0.0000 59.5777 62.6497 1.6692 0.1449  242.9689 0.0000 0.0000 0.0000 0.0000 242.9689
2022 10 22 22 3.2000 137.9400 0.8000 3.2000 0.0000 59.5754 62.6474 1.6691 0.1449  230.2407 0.0000 0.0000 0.0000 0.0000 230.2407
2022 10 22 23 3.2000 118.5100 0.8000 3.2000 0.0000 59.5737 62.6457 1.6691 0.1449  197.8039 0.0000 0.0000 0.0000 0.0000 197.8039
2022 10 23 0 3.2000 106.1800 0.8000 3.2000 0.0000 59.5729 62.6449 1.6691 0.1449  177.2213 0.0000 0.0000 0.0000 0.0000 177.2213
2022 10 23 1 3.2000 99.9600 0.8000 3.2000 0.0000 59.5728 62.6448 1.6691 0.1449  166.8395 0.0000 0.0000 0.0000 0.0000 166.8395
2022 10 23 2 3.2000 96.1900 0.8000 3.2000 0.0000 59.5736 62.6456 1.6691 0.1449  160.5493 0.0000 0.0000 0.0000 0.0000 160.5493
2022 10 23 3 3.2000 98.5400 0.8000 3.2000 0.0000 59.5752 62.6472 1.6691 0.1449  164.4762 0.0000 0.0000 0.0000 0.0000 164.4762
2022 10 23 4 3.2000 94.6300 0.8000 3.2000 0.0000 59.5776 62.6496 1.6692 0.1449  157.9563 0.0000 0.0000 0.0000 0.0000 157.9563
2022 10 23 5 3.2000 112.0000 0.8000 3.2000 0.0000 59.5808 62.6528 1.6693 0.1449  186.9603 0.0000 0.0000 0.0000 0.0000 186.9603
2022 10 23 6 3.2000 117.5600 0.8000 3.2000 0.0000 59.5847 62.6567 1.6694 0.1449  196.2544 0.0000 0.0000 0.0000 0.0000 196.2544
2022 10 23 7 3.2000 126.0400 0.8000 3.2000 0.0000 59.5893 62.6613 1.6695 0.1449  210.4271 0.0000 0.0000 0.0000 0.0000 210.4271
2022 10 23 8 3.2000 122.9000 0.8000 3.2000 0.0000 59.5945 62.6665 1.6697 0.1449  205.2026 0.0000 0.0000 0.0000 0.0000 205.2026
2022 10 23 9 3.2000 102.9100 0.8000 3.2000 0.0000 59.6002 62.6722 1.6698 0.1450  171.8422 0.0000 0.0000 0.0000 0.0000 171.8422
2022 10 23 10 3.2000 99.9000 0.8000 3.2000 0.0000 59.6063 62.6783 1.6700 0.1450  166.8331 0.0000 0.0000 0.0000 0.0000 166.8331
2022 10 23 11 3.2000 89.3900 0.8000 3.2000 0.0000 59.6128 62.6848 1.6702 0.1450  149.2977 0.0000 0.0000 0.0000 0.0000 149.2977
2022 10 23 12 3.2000 81.6600 0.8000 3.2000 0.0000 59.6195 62.6915 1.6704 0.1450  136.4025 0.0000 0.0000 0.0000 0.0000 136.4025
2022 10 23 13 3.2000 83.9400 0.8000 3.2000 0.0000 59.6264 62.6984 1.6706 0.1450  140.2272 0.0000 0.0000 0.0000 0.0000 140.2272
2022 10 23 14 3.2000 85.6100 0.8000 3.2000 0.0000 59.6335 62.7055 1.6708 0.1450  143.0341 0.0000 0.0000 0.0000 0.0000 143.0341
2022 10 23 15 3.2000 95.2700 0.8000 3.2000 0.0000 59.6408 62.7128 1.6710 0.1450  159.1933 0.0000 0.0000 0.0000 0.0000 159.1933
2022 10 23 16 3.2000 111.0200 0.8000 3.2000 0.0000 59.6485 62.7205 1.6712 0.1451  185.5347 0.0000 0.0000 0.0000 0.0000 185.5347
2022 10 23 17 3.2000 119.9200 0.8000 3.2000 0.0000 59.6565 62.7285 1.6714 0.1451  200.4351 0.0000 0.0000 0.0000 0.0000 200.4351
2022 10 23 18 3.2000 123.6900 0.8000 3.2000 0.0000 59.6649 62.7369 1.6716 0.1451  206.7657 0.0000 0.0000 0.0000 0.0000 206.7657
2022 10 23 19 3.2000 110.0600 0.8000 3.2000 0.0000 59.6740 62.7460 1.6719 0.1451  184.0093 0.0000 0.0000 0.0000 0.0000 184.0093
2022 10 23 20 3.2000 93.3300 0.8000 3.2000 0.0000 59.6840 62.7560 1.6722 0.1452  156.0646 0.0000 0.0000 0.0000 0.0000 156.0646
2022 10 23 21 3.2000 86.2600 0.8000 3.2000 0.0000 59.6950 62.7670 1.6725 0.1452  144.2687 0.0000 0.0000 0.0000 0.0000 144.2687
2022 10 23 22 3.2000 78.5900 0.8000 3.2000 0.0000 59.7071 62.7791 1.6728 0.1452  131.4673 0.0000 0.0000 0.0000 0.0000 131.4673
2022 10 23 23 3.2000 56.4400 0.8000 3.2000 0.0000 59.7204 62.7924 1.6732 0.1452  94.4353 0.0000 0.0000 0.0000 0.0000 94.4353
2022 10 24 0 3.2000 53.2400 0.8000 3.2000 0.0000 59.7349 62.8069 1.6736 0.1453  89.1028 0.0000 0.0000 0.0000 0.0000 89.1028
2022 10 24 1 3.2000 40.7000 0.8000 3.2000 0.0000 59.7503 62.8223 1.6740 0.1453  68.1333 0.0000 0.0000 0.0000 0.0000 68.1333
2022 10 24 2 3.2000 26.8000 0.8000 3.2000 0.0000 59.7662 62.8382 1.6745 0.1454  44.8761 0.0000 0.0000 0.0000 0.0000 44.8761
2022 10 24 3 3.2000 40.6900 0.8000 3.2000 0.0000 59.7824 62.8544 1.6749 0.1454  68.1532 0.0000 0.0000 0.0000 0.0000 68.1532
2022 10 24 4 3.2000 55.9300 0.8000 3.2000 0.0000 59.7987 62.8707 1.6754 0.1454  93.7047 0.0000 0.0000 0.0000 0.0000 93.7047
2022 10 24 5 3.2000 73.1300 0.8000 3.2000 0.0000 59.8149 62.8869 1.6758 0.1455  122.5546 0.0000 0.0000 0.0000 0.0000 122.5546
2022 10 24 6 3.2000 110.6600 0.8000 3.2000 0.0000 59.8308 62.9028 1.6763 0.1455  185.4985 0.0000 0.0000 0.0000 0.0000 185.4985
2022 10 24 7 3.2000 126.7000 0.8000 3.2000 0.0000 59.8463 62.9183 1.6767 0.1455  212.4413 0.0000 0.0000 0.0000 0.0000 212.4413
2022 10 24 8 3.2000 120.1800 0.8000 3.2000 0.0000 59.8614 62.9334 1.6771 0.1456  201.5597 0.0000 0.0000 0.0000 0.0000 201.5597
2022 10 24 9 3.2000 112.1800 0.8000 3.2000 0.0000 59.8758 62.9478 1.6776 0.1456  188.1879 0.0000 0.0000 0.0000 0.0000 188.1879
2022 10 24 10 3.2000 87.2600 0.8000 3.2000 0.0000 59.8897 62.9617 1.6779 0.1457  146.4172 0.0000 0.0000 0.0000 0.0000 146.4172
2022 10 24 11 3.2000 72.9300 0.8000 3.2000 0.0000 59.9030 62.9750 1.6783 0.1457  122.3996 0.0000 0.0000 0.0000 0.0000 122.3996
2022 10 24 12 3.2000 72.6300 0.8000 3.2000 0.0000 59.9160 62.9880 1.6787 0.1457  121.9224 0.0000 0.0000 0.0000 0.0000 121.9224
2022 10 24 13 3.2000 73.0400 0.8000 3.2000 0.0000 59.9284 63.0004 1.6790 0.1457  122.6361 0.0000 0.0000 0.0000 0.0000 122.6361
2022 10 24 14 3.2000 81.5500 0.8000 3.2000 0.0000 59.9404 63.0124 1.6794 0.1458  136.9521 0.0000 0.0000 0.0000 0.0000 136.9521
2022 10 24 15 3.2000 88.3500 0.8000 3.2000 0.0000 59.9520 63.0240 1.6797 0.1458  148.4004 0.0000 0.0000 0.0000 0.0000 148.4004
2022 10 24 16 3.2000 114.1300 0.8000 3.2000 0.0000 59.9631 63.0351 1.6800 0.1458  191.7383 0.0000 0.0000 0.0000 0.0000 191.7383
2022 10 24 17 3.2000 123.8400 0.8000 3.2000 0.0000 59.9737 63.0457 1.6803 0.1459  208.0878 0.0000 0.0000 0.0000 0.0000 208.0878
2022 10 24 18 3.2000 130.7400 0.8000 3.2000 0.0000 59.9837 63.0557 1.6806 0.1459  219.7186 0.0000 0.0000 0.0000 0.0000 219.7186
2022 10 24 19 3.2000 111.0900 0.8000 3.2000 0.0000 59.9933 63.0653 1.6808 0.1459  186.7251 0.0000 0.0000 0.0000 0.0000 186.7251
2022 10 24 20 3.2000 92.6900 0.8000 3.2000 0.0000 60.0024 63.0744 1.6811 0.1459  155.8212 0.0000 0.0000 0.0000 0.0000 155.8212
2022 10 24 21 3.2000 91.7400 0.8000 3.2000 0.0000 60.0110 63.0830 1.6813 0.1459  154.2462 0.0000 0.0000 0.0000 0.0000 154.2462
2022 10 24 22 3.2000 83.6000 0.8000 3.2000 0.0000 60.0192 63.0912 1.6816 0.1460  140.5793 0.0000 0.0000 0.0000 0.0000 140.5793
2022 10 24 23 3.2000 61.0300 0.8000 3.2000 0.0000 60.0271 63.0991 1.6818 0.1460  102.6398 0.0000 0.0000 0.0000 0.0000 102.6398
2022 10 25 0 3.2000 54.2400 0.8000 3.2000 0.0000 60.0347 63.1067 1.6820 0.1460  91.2320 0.0000 0.0000 0.0000 0.0000 91.2320
2022 10 25 1 3.2000 60.5500 0.8000 3.2000 0.0000 60.0422 63.1142 1.6822 0.1460  101.8581 0.0000 0.0000 0.0000 0.0000 101.8581
2022 10 25 2 3.2000 60.2400 0.8000 3.2000 0.0000 60.0494 63.1214 1.6824 0.1460  101.3488 0.0000 0.0000 0.0000 0.0000 101.3488
2022 10 25 3 3.2000 72.2600 0.8000 3.2000 0.0000 60.0564 63.1284 1.6826 0.1461  121.5857 0.0000 0.0000 0.0000 0.0000 121.5857
2022 10 25 4 3.2000 75.7600 0.8000 3.2000 0.0000 60.0633 63.1353 1.6828 0.1461  127.4893 0.0000 0.0000 0.0000 0.0000 127.4893
2022 10 25 5 3.2000 92.5200 0.8000 3.2000 0.0000 60.0699 63.1419 1.6830 0.1461  155.7103 0.0000 0.0000 0.0000 0.0000 155.7103
2022 10 25 6 3.2000 121.1600 0.8000 3.2000 0.0000 60.0764 63.1484 1.6832 0.1461  203.9332 0.0000 0.0000 0.0000 0.0000 203.9332
2022 10 25 7 3.2000 131.5800 0.8000 3.2000 0.0000 60.0828 63.1548 1.6834 0.1461  221.4954 0.0000 0.0000 0.0000 0.0000 221.4954
2022 10 25 8 3.2000 131.0700 0.8000 3.2000 0.0000 60.0890 63.1610 1.6835 0.1461  220.6599 0.0000 0.0000 0.0000 0.0000 220.6599
2022 10 25 9 3.2000 113.2600 0.8000 3.2000 0.0000 60.0953 63.1673 1.6837 0.1462  190.6960 0.0000 0.0000 0.0000 0.0000 190.6960
2022 10 25 10 3.2000 107.0900 0.8000 3.2000 0.0000 60.1014 63.1734 1.6839 0.1462  180.3260 0.0000 0.0000 0.0000 0.0000 180.3260
2022 10 25 11 3.2000 100.1800 0.8000 3.2000 0.0000 60.1074 63.1794 1.6840 0.1462  168.7074 0.0000 0.0000 0.0000 0.0000 168.7074
2022 10 25 12 3.2000 84.3800 0.8000 3.2000 0.0000 60.1134 63.1854 1.6842 0.1462  142.1135 0.0000 0.0000 0.0000 0.0000 142.1135
2022 10 25 13 3.2000 85.7400 0.8000 3.2000 0.0000 60.1192 63.1912 1.6844 0.1462  144.4180 0.0000 0.0000 0.0000 0.0000 144.4180
2022 10 25 14 3.2000 103.6100 0.8000 3.2000 0.0000 60.1248 63.1968 1.6845 0.1462  174.5340 0.0000 0.0000 0.0000 0.0000 174.5340
2022 10 25 15 3.2000 120.0900 0.8000 3.2000 0.0000 60.1303 63.2023 1.6847 0.1462  202.3134 0.0000 0.0000 0.0000 0.0000 202.3134
2022 10 25 16 3.2000 154.7800 0.8000 3.2000 0.0000 60.1356 63.2076 1.6848 0.1463  260.7782 0.0000 0.0000 0.0000 0.0000 260.7782
2022 10 25 17 3.2000 177.6700 0.8000 3.2000 0.0000 60.1408 63.2128 1.6850 0.1463  299.3699 0.0000 0.0000 0.0000 0.0000 299.3699
2022 10 25 18 3.2000 184.2700 0.8000 3.2000 0.0000 60.1459 63.2179 1.6851 0.1463  310.5170 0.0000 0.0000 0.0000 0.0000 310.5170
2022 10 25 19 3.2000 154.0300 0.8000 3.2000 0.0000 60.1508 63.2228 1.6853 0.1463  259.5802 0.0000 0.0000 0.0000 0.0000 259.5802
2022 10 25 20 3.2000 131.2900 0.8000 3.2000 0.0000 60.1555 63.2275 1.6854 0.1463  221.2749 0.0000 0.0000 0.0000 0.0000 221.2749
2022 10 25 21 3.2000 121.4600 0.8000 3.2000 0.0000 60.1601 63.2321 1.6855 0.1463  204.7231 0.0000 0.0000 0.0000 0.0000 204.7231
2022 10 25 22 3.2000 116.2600 0.8000 3.2000 0.0000 60.1646 63.2366 1.6856 0.1463  195.9730 0.0000 0.0000 0.0000 0.0000 195.9730
2022 10 25 23 3.2000 98.6900 0.8000 3.2000 0.0000 60.1690 63.2410 1.6858 0.1463  166.3685 0.0000 0.0000 0.0000 0.0000 166.3685
2022 10 26 0 3.2000 94.2900 0.8000 3.2000 0.0000 60.1735 63.2455 1.6859 0.1463  158.9629 0.0000 0.0000 0.0000 0.0000 158.9629
2022 10 26 1 3.2000 91.3300 0.8000 3.2000 0.0000 60.1781 63.2501 1.6860 0.1464  153.9844 0.0000 0.0000 0.0000 0.0000 153.9844
2022 10 26 2 3.2000 89.6800 0.8000 3.2000 0.0000 60.1830 63.2550 1.6862 0.1464  151.2149 0.0000 0.0000 0.0000 0.0000 151.2149
2022 10 26 3 3.2000 97.6000 0.8000 3.2000 0.0000 60.1889 63.2609 1.6863 0.1464  164.5854 0.0000 0.0000 0.0000 0.0000 164.5854
2022 10 26 4 3.2000 108.9800 0.8000 3.2000 0.0000 60.1977 63.2697 1.6866 0.1464  183.8026 0.0000 0.0000 0.0000 0.0000 183.8026
2022 10 26 5 3.2000 129.2000 0.8000 3.2000 0.0000 60.2111 63.2831 1.6869 0.1464  217.9534 0.0000 0.0000 0.0000 0.0000 217.9534
2022 10 26 6 3.2000 156.7000 0.8000 3.2000 0.0000 60.2297 63.3017 1.6875 0.1465  264.4263 0.0000 0.0000 0.0000 0.0000 264.4263
2022 10 26 7 3.2000 163.5600 0.8000 3.2000 0.0000 60.2551 63.3271 1.6882 0.1465  276.1186 0.0000 0.0000 0.0000 0.0000 276.1186
2022 10 26 8 3.2000 151.4200 0.8000 3.2000 0.0000 60.2886 63.3606 1.6891 0.1466  255.7662 0.0000 0.0000 0.0000 0.0000 255.7662
2022 10 26 9 3.2000 134.7900 0.8000 3.2000 0.0000 60.3301 63.4021 1.6903 0.1467  227.8331 0.0000 0.0000 0.0000 0.0000 227.8331
2022 10 26 10 3.2000 119.9000 0.8000 3.2000 0.0000 60.3779 63.4499 1.6916 0.1468  202.8251 0.0000 0.0000 0.0000 0.0000 202.8251
2022 10 26 11 3.2000 117.1400 0.8000 3.2000 0.0000 60.4291 63.5011 1.6931 0.1470  198.3243 0.0000 0.0000 0.0000 0.0000 198.3243
2022 10 26 12 3.2000 117.2200 0.8000 3.2000 0.0000 60.4815 63.5535 1.6945 0.1471  198.6320 0.0000 0.0000 0.0000 0.0000 198.6320
2022 10 26 13 3.2000 120.4200 0.8000 3.2000 0.0000 60.5337 63.6057 1.6960 0.1472  204.2305 0.0000 0.0000 0.0000 0.0000 204.2305
2022 10 26 14 3.2000 130.0700 0.8000 3.2000 0.0000 60.5845 63.6565 1.6974 0.1473  220.7819 0.0000 0.0000 0.0000 0.0000 220.7819
2022 10 26 15 3.2000 144.2800 0.8000 3.2000 0.0000 60.6331 63.7051 1.6988 0.1475  245.0987 0.0000 0.0000 0.0000 0.0000 245.0987
2022 10 26 16 3.2000 144.4000 0.8000 3.2000 0.0000 60.6791 63.7511 1.7001 0.1476  245.4886 0.0000 0.0000 0.0000 0.0000 245.4886
2022 10 26 17 3.2000 140.8600 0.8000 3.2000 0.0000 60.7222 63.7942 1.7013 0.1477  239.6404 0.0000 0.0000 0.0000 0.0000 239.6404
2022 10 26 18 3.2000 140.5200 0.8000 3.2000 0.0000 60.7623 63.8343 1.7024 0.1478  239.2200 0.0000 0.0000 0.0000 0.0000 239.2200
2022 10 26 19 3.2000 128.8000 0.8000 3.2000 0.0000 60.7996 63.8716 1.7034 0.1479  219.4026 0.0000 0.0000 0.0000 0.0000 219.4026
2022 10 26 20 3.2000 111.7400 0.8000 3.2000 0.0000 60.8342 63.9062 1.7044 0.1480  190.4502 0.0000 0.0000 0.0000 0.0000 190.4502
2022 10 26 21 3.2000 99.5600 0.8000 3.2000 0.0000 60.8663 63.9383 1.7053 0.1480  169.7800 0.0000 0.0000 0.0000 0.0000 169.7800
2022 10 26 22 3.2000 91.1100 0.8000 3.2000 0.0000 60.8959 63.9679 1.7061 0.1481  155.4459 0.0000 0.0000 0.0000 0.0000 155.4459
2022 10 26 23 3.2000 92.2500 0.8000 3.2000 0.0000 60.9233 63.9953 1.7069 0.1482  157.4617 0.0000 0.0000 0.0000 0.0000 157.4617
2022 10 27 0 3.2000 96.4600 0.8000 3.2000 0.0000 60.9487 64.0207 1.7076 0.1482  164.7163 0.0000 0.0000 0.0000 0.0000 164.7163
2022 10 27 1 3.2000 98.5000 0.8000 3.2000 0.0000 60.9723 64.0443 1.7083 0.1483  168.2650 0.0000 0.0000 0.0000 0.0000 168.2650
2022 10 27 2 3.2000 96.3600 0.8000 3.2000 0.0000 60.9943 64.0663 1.7089 0.1483  164.6686 0.0000 0.0000 0.0000 0.0000 164.6686
2022 10 27 3 3.2000 98.7000 0.8000 3.2000 0.0000 61.0147 64.0867 1.7095 0.1484  168.7239 0.0000 0.0000 0.0000 0.0000 168.7239
2022 10 27 4 3.2000 109.7800 0.8000 3.2000 0.0000 61.0339 64.1059 1.7100 0.1484  187.7236 0.0000 0.0000 0.0000 0.0000 187.7236
2022 10 27 5 3.2000 124.4500 0.8000 3.2000 0.0000 61.0518 64.1238 1.7105 0.1485  212.8720 0.0000 0.0000 0.0000 0.0000 212.8720
2022 10 27 6 3.2000 161.5500 0.8000 3.2000 0.0000 61.0687 64.1407 1.7110 0.1485  276.4080 0.0000 0.0000 0.0000 0.0000 276.4080
2022 10 27 7 3.2000 142.8300 0.8000 3.2000 0.0000 61.0845 64.1565 1.7114 0.1486  244.4416 0.0000 0.0000 0.0000 0.0000 244.4416
2022 10 27 8 3.2000 135.2100 0.8000 3.2000 0.0000 61.0992 64.1712 1.7118 0.1486  231.4565 0.0000 0.0000 0.0000 0.0000 231.4565
2022 10 27 9 3.2000 130.7300 0.8000 3.2000 0.0000 61.1131 64.1851 1.7122 0.1486  223.8384 0.0000 0.0000 0.0000 0.0000 223.8384
2022 10 27 10 3.2000 119.3600 0.8000 3.2000 0.0000 61.1262 64.1982 1.7126 0.1487  204.4143 0.0000 0.0000 0.0000 0.0000 204.4143
2022 10 27 11 3.2000 108.3600 0.8000 3.2000 0.0000 61.1386 64.2106 1.7129 0.1487  185.6134 0.0000 0.0000 0.0000 0.0000 185.6134
2022 10 27 12 3.2000 101.4400 0.8000 3.2000 0.0000 61.1503 64.2223 1.7133 0.1487  173.7931 0.0000 0.0000 0.0000 0.0000 173.7931
2022 10 27 13 3.2000 106.3200 0.8000 3.2000 0.0000 61.1613 64.2333 1.7136 0.1487  182.1867 0.0000 0.0000 0.0000 0.0000 182.1867
2022 10 27 14 3.2000 120.2800 0.8000 3.2000 0.0000 61.1718 64.2438 1.7139 0.1488  206.1433 0.0000 0.0000 0.0000 0.0000 206.1433
2022 10 27 15 3.2000 128.8300 0.8000 3.2000 0.0000 61.1816 64.2536 1.7141 0.1488  220.8324 0.0000 0.0000 0.0000 0.0000 220.8324
2022 10 27 16 3.2000 124.8800 0.8000 3.2000 0.0000 61.1909 64.2629 1.7144 0.1488  214.0939 0.0000 0.0000 0.0000 0.0000 214.0939
2022 10 27 17 3.2000 126.5800 0.8000 3.2000 0.0000 61.1996 64.2716 1.7146 0.1488  217.0395 0.0000 0.0000 0.0000 0.0000 217.0395
2022 10 27 18 3.2000 127.9400 0.8000 3.2000 0.0000 61.2080 64.2800 1.7149 0.1489  219.4013 0.0000 0.0000 0.0000 0.0000 219.4013
2022 10 27 19 3.2000 125.3200 0.8000 3.2000 0.0000 61.2160 64.2880 1.7151 0.1489  214.9364 0.0000 0.0000 0.0000 0.0000 214.9364
2022 10 27 20 3.2000 128.3400 0.8000 3.2000 0.0000 61.2235 64.2955 1.7153 0.1489  220.1431 0.0000 0.0000 0.0000 0.0000 220.1431
2022 10 27 21 3.2000 118.7100 0.8000 3.2000 0.0000 61.2306 64.3026 1.7155 0.1489  203.6484 0.0000 0.0000 0.0000 0.0000 203.6484
2022 10 27 22 3.2000 101.7200 0.8000 3.2000 0.0000 61.2375 64.3095 1.7157 0.1489  174.5215 0.0000 0.0000 0.0000 0.0000 174.5215
2022 10 27 23 3.2000 91.1400 0.8000 3.2000 0.0000 61.2442 64.3162 1.7159 0.1489  156.3863 0.0000 0.0000 0.0000 0.0000 156.3863
2022 10 28 0 3.2000 91.4600 0.8000 3.2000 0.0000 61.2506 64.3226 1.7161 0.1490  156.9520 0.0000 0.0000 0.0000 0.0000 156.9520
2022 10 28 1 3.2000 91.1400 0.8000 3.2000 0.0000 61.2569 64.3289 1.7162 0.1490  156.4188 0.0000 0.0000 0.0000 0.0000 156.4188
2022 10 28 2 3.2000 91.0000 0.8000 3.2000 0.0000 61.2630 64.3350 1.7164 0.1490  156.1941 0.0000 0.0000 0.0000 0.0000 156.1941
2022 10 28 3 3.2000 92.2100 0.8000 3.2000 0.0000 61.2690 64.3410 1.7166 0.1490  158.2863 0.0000 0.0000 0.0000 0.0000 158.2863
2022 10 28 4 3.2000 100.1900 0.8000 3.2000 0.0000 61.2747 64.3467 1.7167 0.1490  172.0008 0.0000 0.0000 0.0000 0.0000 172.0008
2022 10 28 5 3.2000 106.6800 0.8000 3.2000 0.0000 61.2803 64.3523 1.7169 0.1490  183.1593 0.0000 0.0000 0.0000 0.0000 183.1593
2022 10 28 6 3.2000 118.6700 0.8000 3.2000 0.0000 61.2859 64.3579 1.7171 0.1491  203.7633 0.0000 0.0000 0.0000 0.0000 203.7633
2022 10 28 7 3.2000 122.1100 0.8000 3.2000 0.0000 61.2913 64.3633 1.7172 0.1491  209.6888 0.0000 0.0000 0.0000 0.0000 209.6888
2022 10 28 8 3.2000 123.5800 0.8000 3.2000 0.0000 61.2969 64.3689 1.7174 0.1491  212.2322 0.0000 0.0000 0.0000 0.0000 212.2322
2022 10 28 9 3.2000 111.6000 0.8000 3.2000 0.0000 61.3025 64.3745 1.7175 0.1491  191.6759 0.0000 0.0000 0.0000 0.0000 191.6759
2022 10 28 10 3.2000 105.3800 0.8000 3.2000 0.0000 61.3084 64.3804 1.7177 0.1491  181.0102 0.0000 0.0000 0.0000 0.0000 181.0102
2022 10 28 11 3.2000 100.3100 0.8000 3.2000 0.0000 61.3145 64.3865 1.7179 0.1491  172.3186 0.0000 0.0000 0.0000 0.0000 172.3186
2022 10 28 12 3.2000 89.2200 0.8000 3.2000 0.0000 61.3208 64.3928 1.7180 0.1491  153.2834 0.0000 0.0000 0.0000 0.0000 153.2834
2022 10 28 13 3.2000 92.5200 0.8000 3.2000 0.0000 61.3274 64.3994 1.7182 0.1492  158.9699 0.0000 0.0000 0.0000 0.0000 158.9699
2022 10 28 14 3.2000 96.5200 0.8000 3.2000 0.0000 61.3341 64.4061 1.7184 0.1492  165.8609 0.0000 0.0000 0.0000 0.0000 165.8609
2022 10 28 15 3.2000 105.8900 0.8000 3.2000 0.0000 61.3410 64.4130 1.7186 0.1492  181.9829 0.0000 0.0000 0.0000 0.0000 181.9829
2022 10 28 16 3.2000 108.7200 0.8000 3.2000 0.0000 61.3481 64.4201 1.7188 0.1492  186.8682 0.0000 0.0000 0.0000 0.0000 186.8682
2022 10 28 17 3.2000 117.8800 0.8000 3.2000 0.0000 61.3554 64.4274 1.7190 0.1492  202.6365 0.0000 0.0000 0.0000 0.0000 202.6365
2022 10 28 18 3.2000 124.8000 0.8000 3.2000 0.0000 61.3628 64.4348 1.7192 0.1492  214.5579 0.0000 0.0000 0.0000 0.0000 214.5579
2022 10 28 19 3.2000 111.7800 0.8000 3.2000 0.0000 61.3703 64.4423 1.7194 0.1493  192.1972 0.0000 0.0000 0.0000 0.0000 192.1972
2022 10 28 20 3.2000 102.3700 0.8000 3.2000 0.0000 61.3779 64.4499 1.7196 0.1493  176.0393 0.0000 0.0000 0.0000 0.0000 176.0393
2022 10 28 21 3.2000 94.5000 0.8000 3.2000 0.0000 61.3856 64.4576 1.7199 0.1493  162.5261 0.0000 0.0000 0.0000 0.0000 162.5261
2022 10 28 22 3.2000 85.8800 0.8000 3.2000 0.0000 61.3934 64.4654 1.7201 0.1493  147.7197 0.0000 0.0000 0.0000 0.0000 147.7197
2022 10 28 23 3.2000 92.7900 0.8000 3.2000 0.0000 61.4012 64.4732 1.7203 0.1493  159.6257 0.0000 0.0000 0.0000 0.0000 159.6257
2022 10 29 0 3.2000 92.2500 0.8000 3.2000 0.0000 61.4090 64.4810 1.7205 0.1493  158.7170 0.0000 0.0000 0.0000 0.0000 158.7170
2022 10 29 1 3.2000 89.9100 0.8000 3.2000 0.0000 61.4168 64.4888 1.7207 0.1494  154.7106 0.0000 0.0000 0.0000 0.0000 154.7106
2022 10 29 2 3.2000 89.7900 0.8000 3.2000 0.0000 61.4244 64.4964 1.7209 0.1494  154.5233 0.0000 0.0000 0.0000 0.0000 154.5233
2022 10 29 3 3.2000 87.8600 0.8000 3.2000 0.0000 61.4319 64.5039 1.7211 0.1494  151.2202 0.0000 0.0000 0.0000 0.0000 151.2202
2022 10 29 4 3.2000 86.1900 0.8000 3.2000 0.0000 61.4392 64.5112 1.7214 0.1494  148.3636 0.0000 0.0000 0.0000 0.0000 148.3636
2022 10 29 5 3.2000 90.8800 0.8000 3.2000 0.0000 61.4465 64.5185 1.7216 0.1494  156.4554 0.0000 0.0000 0.0000 0.0000 156.4554
2022 10 29 6 3.2000 100.7500 0.8000 3.2000 0.0000 61.4539 64.5259 1.7218 0.1495  173.4679 0.0000 0.0000 0.0000 0.0000 173.4679
2022 10 29 7 3.2000 114.2300 0.8000 3.2000 0.0000 61.4613 64.5333 1.7220 0.1495  196.7012 0.0000 0.0000 0.0000 0.0000 196.7012
2022 10 29 8 3.2000 108.5600 0.8000 3.2000 0.0000 61.4690 64.5410 1.7222 0.1495  186.9609 0.0000 0.0000 0.0000 0.0000 186.9609
2022 10 29 9 3.2000 98.4600 0.8000 3.2000 0.0000 61.4769 64.5489 1.7224 0.1495  169.5886 0.0000 0.0000 0.0000 0.0000 169.5886
2022 10 29 10 3.2000 89.2800 0.8000 3.2000 0.0000 61.4852 64.5572 1.7226 0.1495  153.7976 0.0000 0.0000 0.0000 0.0000 153.7976
2022 10 29 11 3.2000 87.0800 0.8000 3.2000 0.0000 61.4939 64.5659 1.7229 0.1496  150.0290 0.0000 0.0000 0.0000 0.0000 150.0290
2022 10 29 12 3.2000 83.6000 0.8000 3.2000 0.0000 61.5031 64.5751 1.7231 0.1496  144.0550 0.0000 0.0000 0.0000 0.0000 144.0550
2022 10 29 13 3.2000 86.7300 0.8000 3.2000 0.0000 61.5130 64.5850 1.7234 0.1496  149.4724 0.0000 0.0000 0.0000 0.0000 149.4724
2022 10 29 14 3.2000 92.3200 0.8000 3.2000 0.0000 61.5235 64.5955 1.7237 0.1496  159.1335 0.0000 0.0000 0.0000 0.0000 159.1335
2022 10 29 15 3.2000 109.4300 0.8000 3.2000 0.0000 61.5348 64.6068 1.7240 0.1497  188.6610 0.0000 0.0000 0.0000 0.0000 188.6610
2022 10 29 16 3.2000 120.6600 0.8000 3.2000 0.0000 61.5469 64.6189 1.7244 0.1497  208.0628 0.0000 0.0000 0.0000 0.0000 208.0628
2022 10 29 17 3.2000 139.1200 0.8000 3.2000 0.0000 61.5597 64.6317 1.7247 0.1497  239.9444 0.0000 0.0000 0.0000 0.0000 239.9444
2022 10 29 18 3.2000 137.4600 0.8000 3.2000 0.0000 61.5730 64.6450 1.7251 0.1497  237.1327 0.0000 0.0000 0.0000 0.0000 237.1327
2022 10 29 19 3.2000 120.6200 0.8000 3.2000 0.0000 61.5867 64.6587 1.7255 0.1498  208.1283 0.0000 0.0000 0.0000 0.0000 208.1283
2022 10 29 20 3.2000 109.8000 0.8000 3.2000 0.0000 61.6007 64.6727 1.7259 0.1498  189.5016 0.0000 0.0000 0.0000 0.0000 189.5016
2022 10 29 21 3.2000 103.6700 0.8000 3.2000 0.0000 61.6149 64.6869 1.7263 0.1499  178.9632 0.0000 0.0000 0.0000 0.0000 178.9632
2022 10 29 22 3.2000 97.1400 0.8000 3.2000 0.0000 61.6291 64.7011 1.7267 0.1499  167.7292 0.0000 0.0000 0.0000 0.0000 167.7292
2022 10 29 23 3.2000 103.0900 0.8000 3.2000 0.0000 61.6431 64.7151 1.7271 0.1499  178.0435 0.0000 0.0000 0.0000 0.0000 178.0435
2022 10 30 0 3.2000 100.9400 0.8000 3.2000 0.0000 61.6570 64.7290 1.7275 0.1500  174.3696 0.0000 0.0000 0.0000 0.0000 174.3696
2022 10 30 1 3.2000 100.6700 0.8000 3.2000 0.0000 61.6706 64.7426 1.7278 0.1500  173.9415 0.0000 0.0000 0.0000 0.0000 173.9415
2022 10 30 2 3.2000 100.3400 0.8000 3.2000 0.0000 61.6838 64.7558 1.7282 0.1500  173.4085 0.0000 0.0000 0.0000 0.0000 173.4085
2022 10 30 3 3.2000 98.4200 0.8000 3.2000 0.0000 61.6966 64.7686 1.7286 0.1500  170.1256 0.0000 0.0000 0.0000 0.0000 170.1256
2022 10 30 4 3.2000 98.5700 0.8000 3.2000 0.0000 61.7090 64.7810 1.7289 0.1501  170.4190 0.0000 0.0000 0.0000 0.0000 170.4190
2022 10 30 5 3.2000 99.0900 0.8000 3.2000 0.0000 61.7209 64.7929 1.7292 0.1501  171.3510 0.0000 0.0000 0.0000 0.0000 171.3510
2022 10 30 6 3.2000 100.8900 0.8000 3.2000 0.0000 61.7322 64.8042 1.7296 0.1501  174.4958 0.0000 0.0000 0.0000 0.0000 174.4958
2022 10 30 7 3.2000 109.9400 0.8000 3.2000 0.0000 61.7431 64.8151 1.7299 0.1502  190.1819 0.0000 0.0000 0.0000 0.0000 190.1819
2022 10 30 8 3.2000 113.2300 0.8000 3.2000 0.0000 61.7535 64.8255 1.7302 0.1502  195.9062 0.0000 0.0000 0.0000 0.0000 195.9062
2022 10 30 9 3.2000 105.2600 0.8000 3.2000 0.0000 61.7634 64.8354 1.7304 0.1502  182.1458 0.0000 0.0000 0.0000 0.0000 182.1458
2022 10 30 10 3.2000 103.0000 0.8000 3.2000 0.0000 61.7725 64.8445 1.7307 0.1502  178.2615 0.0000 0.0000 0.0000 0.0000 178.2615
2022 10 30 11 3.2000 103.1400 0.8000 3.2000 0.0000 61.7811 64.8531 1.7309 0.1503  178.5286 0.0000 0.0000 0.0000 0.0000 178.5286
2022 10 30 12 3.2000 103.1000 0.8000 3.2000 0.0000 61.7891 64.8611 1.7312 0.1503  178.4825 0.0000 0.0000 0.0000 0.0000 178.4825
2022 10 30 13 3.2000 105.8200 0.8000 3.2000 0.0000 61.7966 64.8686 1.7314 0.1503  183.2134 0.0000 0.0000 0.0000 0.0000 183.2134
2022 10 30 14 3.2000 110.1200 0.8000 3.2000 0.0000 61.8035 64.8755 1.7316 0.1503  190.6797 0.0000 0.0000 0.0000 0.0000 190.6797
2022 10 30 15 3.2000 125.4000 0.8000 3.2000 0.0000 61.8100 64.8820 1.7317 0.1503  217.1606 0.0000 0.0000 0.0000 0.0000 217.1606
2022 10 30 16 3.2000 139.7600 0.8000 3.2000 0.0000 61.8160 64.8880 1.7319 0.1503  242.0520 0.0000 0.0000 0.0000 0.0000 242.0520
2022 10 30 17 3.2000 155.8500 0.8000 3.2000 0.0000 61.8216 64.8936 1.7321 0.1504  269.9430 0.0000 0.0000 0.0000 0.0000 269.9430
2022 10 30 18 3.2000 170.0500 0.8000 3.2000 0.0000 61.8268 64.8988 1.7322 0.1504  294.5631 0.0000 0.0000 0.0000 0.0000 294.5631
2022 10 30 19 3.2000 164.6800 0.8000 3.2000 0.0000 61.8316 64.9036 1.7323 0.1504  285.2833 0.0000 0.0000 0.0000 0.0000 285.2833
2022 10 30 20 3.2000 147.2300 0.8000 3.2000 0.0000 61.8361 64.9081 1.7325 0.1504  255.0721 0.0000 0.0000 0.0000 0.0000 255.0721
2022 10 30 21 3.2000 138.8300 0.8000 3.2000 0.0000 61.8401 64.9121 1.7326 0.1504  240.5351 0.0000 0.0000 0.0000 0.0000 240.5351
2022 10 30 22 3.2000 126.8800 0.8000 3.2000 0.0000 61.8438 64.9158 1.7327 0.1504  219.8439 0.0000 0.0000 0.0000 0.0000 219.8439
2022 10 30 23 3.2000 109.1600 0.8000 3.2000 0.0000 61.8472 64.9192 1.7328 0.1504  189.1510 0.0000 0.0000 0.0000 0.0000 189.1510
2022 10 31 0 3.2000 129.2600 0.8000 3.2000 0.0000 61.8503 64.9223 1.7329 0.1504  223.9911 0.0000 0.0000 0.0000 0.0000 223.9911
2022 10 31 1 3.2000 118.9800 0.8000 3.2000 0.0000 61.8530 64.9250 1.7329 0.1504  206.1863 0.0000 0.0000 0.0000 0.0000 206.1863
2022 10 31 2 3.2000 116.2100 0.8000 3.2000 0.0000 61.8555 64.9275 1.7330 0.1504  201.3940 0.0000 0.0000 0.0000 0.0000 201.3940
2022 10 31 3 3.2000 114.5000 0.8000 3.2000 0.0000 61.8577 64.9297 1.7331 0.1504  198.4376 0.0000 0.0000 0.0000 0.0000 198.4376
2022 10 31 4 3.2000 114.9600 0.8000 3.2000 0.0000 61.8596 64.9316 1.7331 0.1504  199.2410 0.0000 0.0000 0.0000 0.0000 199.2410
2022 10 31 5 3.2000 123.5900 0.8000 3.2000 0.0000 61.8612 64.9332 1.7332 0.1504  214.2036 0.0000 0.0000 0.0000 0.0000 214.2036
2022 10 31 6 3.2000 144.6800 0.8000 3.2000 0.0000 61.8626 64.9346 1.7332 0.1505  250.7619 0.0000 0.0000 0.0000 0.0000 250.7619
2022 10 31 7 3.2000 166.2400 0.8000 3.2000 0.0000 61.8638 64.9358 1.7332 0.1505  288.1355 0.0000 0.0000 0.0000 0.0000 288.1355
2022 10 31 8 3.2000 167.5400 0.8000 3.2000 0.0000 61.8647 64.9367 1.7333 0.1505  290.3931 0.0000 0.0000 0.0000 0.0000 290.3931
2022 10 31 9 3.2000 153.4700 0.8000 3.2000 0.0000 61.8655 64.9375 1.7333 0.1505  266.0092 0.0000 0.0000 0.0000 0.0000 266.0092
2022 10 31 10 3.2000 143.5100 0.8000 3.2000 0.0000 61.8660 64.9380 1.7333 0.1505  248.7478 0.0000 0.0000 0.0000 0.0000 248.7478
2022 10 31 11 3.2000 142.1100 0.8000 3.2000 0.0000 61.8664 64.9384 1.7333 0.1505  246.3227 0.0000 0.0000 0.0000 0.0000 246.3227
2022 10 31 12 3.2000 142.1200 0.8000 3.2000 0.0000 61.8666 64.9386 1.7333 0.1505  246.3408 0.0000 0.0000 0.0000 0.0000 246.3408
2022 10 31 13 3.2000 146.1300 0.8000 3.2000 0.0000 61.8667 64.9387 1.7333 0.1505  253.2916 0.0000 0.0000 0.0000 0.0000 253.2916
2022 10 31 14 3.2000 155.1800 0.8000 3.2000 0.0000 61.8666 64.9386 1.7333 0.1505  268.9779 0.0000 0.0000 0.0000 0.0000 268.9779
2022 10 31 15 3.2000 168.6800 0.8000 3.2000 0.0000 61.8664 64.9384 1.7333 0.1505  292.3771 0.0000 0.0000 0.0000 0.0000 292.3771
2022 10 31 16 3.2000 172.2000 0.8000 3.2000 0.0000 61.8661 64.9381 1.7333 0.1505  298.4771 0.0000 0.0000 0.0000 0.0000 298.4771
2022 10 31 17 3.2000 181.3900 0.8000 3.2000 0.0000 61.8658 64.9378 1.7333 0.1505  314.4047 0.0000 0.0000 0.0000 0.0000 314.4047
2022 10 31 18 3.2000 182.1300 0.8000 3.2000 0.0000 61.8655 64.9375 1.7333 0.1505  315.6856 0.0000 0.0000 0.0000 0.0000 315.6856
2022 10 31 19 3.2000 168.0100 0.8000 3.2000 0.0000 61.8651 64.9371 1.7333 0.1505  291.2098 0.0000 0.0000 0.0000 0.0000 291.2098
2022 10 31 20 3.2000 147.1500 0.8000 3.2000 0.0000 61.8648 64.9368 1.7333 0.1505  255.0519 0.0000 0.0000 0.0000 0.0000 255.0519
2022 10 31 21 3.2000 136.9300 0.8000 3.2000 0.0000 61.8644 64.9364 1.7333 0.1505  237.3364 0.0000 0.0000 0.0000 0.0000 237.3364
2022 10 31 22 3.2000 120.4000 0.8000 3.2000 0.0000 61.8641 64.9361 1.7333 0.1505  208.6844 0.0000 0.0000 0.0000 0.0000 208.6844
2022 10 31 23 3.2000 103.8600 0.8000 3.2000 0.0000 61.8638 64.9358 1.7333 0.1505  180.0154 0.0000 0.0000 0.0000 0.0000 180.0154
2022 11 1 0 3.2000 72.4900 0.8000 3.2000 0.0000 61.8712 64.9432 41.6030 0.1505  3015.7993 0.0000 0.0000 0.0000 0.0000 3015.7993
2022 11 2 0 3.2000 71.1700 0.8000 3.2000 0.0000 61.9786 65.0506 41.6752 0.1507  2966.0266 0.0000 0.0000 0.0000 0.0000 2966.0266
2022 11 3 0 3.2000 86.5000 0.8000 3.2000 0.0000 62.4186 65.4906 41.9710 0.1518  3630.4954 0.0000 0.0000 0.0000 0.0000 3630.4954
2022 11 4 0 3.2000 72.6700 0.8000 3.2000 0.0000 63.0594 66.1314 42.4020 0.1534  3081.3514 0.0000 0.0000 0.0000 0.0000 3081.3514
2022 11 5 0 3.2000 47.6500 0.8000 3.2000 0.0000 63.5820 66.6540 42.7534 0.1546  2037.1980 0.0000 0.0000 0.0000 0.0000 2037.1980
2022 11 6 0 3.2000 35.7500 0.8000 3.2000 0.0000 63.8658 66.9378 42.9442 0.1553  1535.2558 0.0000 0.0000 0.0000 0.0000 1535.2558
2022 11 7 0 3.2000 43.8300 0.8000 3.2000 0.0000 63.9280 67.0000 42.9860 0.1555  1884.0772 0.0000 0.0000 0.0000 0.0000 1884.0772
2022 11 8 0 3.2000 51.0900 0.8000 3.2000 0.0000 63.9280 67.0000 42.9860 0.1555  2196.1556 0.0000 0.0000 0.0000 0.0000 2196.1556
2022 11 9 0 3.2000 42.5700 0.8000 3.2000 0.0000 63.9280 67.0000 42.9860 0.1555  1829.9147 0.0000 0.0000 0.0000 0.0000 1829.9147
2022 11 10 0 3.2000 27.4000 0.8000 3.2000 0.0000 63.9280 67.0000 42.9860 0.1555  1177.8168 0.0000 0.0000 0.0000 0.0000 1177.8168
2022 11 11 0 3.2000 2.0000 0.8000 3.2000 0.0000 63.9280 67.0000 42.9860 0.1555  85.9720 0.0000 0.0000 0.0000 0.0000 85.9720
2022 11 12 0 3.2000 2.3700 0.8000 3.2000 0.0000 63.9280 67.0000 42.9860 0.1555  101.8769 0.0000 0.0000 0.0000 0.0000 101.8769
2022 11 13 0 3.2000 29.9300 0.8000 3.2000 0.0000 63.9280 67.0000 42.9860 0.1555  1286.5715 0.0000 0.0000 0.0000 0.0000 1286.5715
2022 11 14 0 3.2000 53.6800 0.8000 3.2000 0.0000 63.9280 67.0000 42.9860 0.1555  2307.4894 0.0000 0.0000 0.0000 0.0000 2307.4894
2022 11 15 0 3.2000 53.7500 0.8000 3.2000 0.0000 63.9280 67.0000 42.9860 0.1555  2310.4984 0.0000 0.0000 0.0000 0.0000 2310.4984
2022 11 16 0 3.2000 27.6900 0.8000 3.2000 0.0000 63.9280 67.0000 42.9860 0.1555  1190.2828 0.0000 0.0000 0.0000 0.0000 1190.2828
2022 11 17 0 3.2000 48.9100 0.8000 3.2000 0.0000 63.9280 67.0000 42.9860 0.1555  2102.4461 0.0000 0.0000 0.0000 0.0000 2102.4461
2022 11 18 0 3.2000 113.7000 0.8000 3.2000 0.0000 63.9280 67.0000 42.9860 0.1555  4887.5099 0.0000 0.0000 0.0000 0.0000 4887.5099
2022 11 19 0 3.2000 167.1000 0.8000 3.2000 0.0000 63.9280 67.0000 42.9860 0.1555  7182.9636 0.0000 0.0000 0.0000 0.0000 7182.9636
2022 11 20 0 3.2000 162.8400 0.8000 3.2000 0.0000 63.9280 67.0000 42.9860 0.1555  6999.8428 0.0000 0.0000 0.0000 0.0000 6999.8428
2022 11 21 0 3.2000 209.5500 0.8000 3.2000 0.0000 63.9280 67.0000 42.9860 0.1555  9007.7199 0.0000 0.0000 0.0000 0.0000 9007.7199
2022 11 22 0 3.2000 174.4300 0.8000 3.2000 0.0000 63.9280 67.0000 42.9860 0.1555  7498.0505 0.0000 0.0000 0.0000 0.0000 7498.0505
2022 11 23 0 3.2000 149.8400 0.8000 3.2000 0.0000 63.9280 67.0000 42.9860 0.1555  6441.0245 0.0000 0.0000 0.0000 0.0000 6441.0245
2022 11 24 0 3.2000 172.1800 0.8000 3.2000 0.0000 63.9280 67.0000 42.9860 0.1555  7401.3320 0.0000 0.0000 0.0000 0.0000 7401.3320
2022 11 25 0 3.2000 200.3300 0.8000 3.2000 0.0000 63.9280 67.0000 42.9860 0.1555  8611.3888 0.0000 0.0000 0.0000 0.0000 8611.3888
2022 11 26 0 3.2000 196.0200 0.8000 3.2000 0.0000 63.9280 67.0000 42.9860 0.1555  8426.1191 0.0000 0.0000 0.0000 0.0000 8426.1191
2022 11 27 0 3.2000 146.0400 0.8000 3.2000 0.0000 63.9280 67.0000 42.9860 0.1555  6277.6776 0.0000 0.0000 0.0000 0.0000 6277.6776
2022 11 28 0 3.2000 195.3000 0.8000 3.2000 0.0000 63.9280 67.0000 42.9860 0.1555  8395.1691 0.0000 0.0000 0.0000 0.0000 8395.1691
2022 11 29 0 3.2000 362.5600 0.8000 3.2000 0.0000 63.9280 67.0000 42.9860 0.1555  15585.0100 0.0000 0.0000 0.0000 0.0000 15585.0100
2022 11 30 0 3.2000 364.6000 0.8000 3.2000 0.0000 63.9280 67.0000 42.9860 0.1555  15672.7019 0.0000 0.0000 0.0000 0.0000 15672.7019
2022 12 1 0 3.2000 349.6500 0.8000 3.2000 0.0000 63.9280 67.0000 42.9860 0.1555  15030.0604 0.0000 0.0000 0.0000 0.0000 15030.0604
2022 12 2 0 3.2000 324.9900 0.8000 3.2000 0.0000 63.9280 67.0000 42.9860 0.1555  13970.0251 0.0000 0.0000 0.0000 0.0000 13970.0251
2022 12 3 0 3.2000 268.8200 0.8000 3.2000 0.0000 63.9280 67.0000 42.9860 0.1555  11555.5013 0.0000 0.0000 0.0000 0.0000 11555.5013
2022 12 4 0 3.2000 271.5000 0.8000 3.2000 0.0000 63.9280 67.0000 42.9860 0.1555  11670.7035 0.0000 0.0000 0.0000 0.0000 11670.7035
2022 12 5 0 3.2000 290.7800 0.8000 3.2000 0.0000 63.9235 66.9955 42.9830 0.1555  12498.6024 0.0000 0.0000 0.0000 0.0000 12498.6024
2022 12 6 0 3.2000 346.8000 0.8000 3.2000 0.0000 63.8516 66.9236 42.9346 0.1553  14889.7322 0.0000 0.0000 0.0000 0.0000 14889.7322
2022 12 7 0 3.2000 334.1100 0.8000 3.2000 0.0000 63.7148 66.7868 42.8427 0.1550  14314.1680 0.0000 0.0000 0.0000 0.0000 14314.1680
2022 12 8 0 3.2000 399.0300 0.8000 3.2000 0.0000 63.5800 66.6520 42.7520 0.1546  17059.3480 0.0000 0.0000 0.0000 0.0000 17059.3480
2022 12 9 0 3.2000 418.6900 0.8000 3.2000 0.0000 63.4551 66.5271 42.6680 0.1543  17864.6682 0.0000 0.0000 0.0000 0.0000 17864.6682
2022 12 10 0 3.2000 362.9800 0.8000 3.2000 0.0000 63.3362 66.4082 42.5881 0.1540  15458.6131 0.0000 0.0000 0.0000 0.0000 15458.6131
2022 12 11 0 3.2000 338.6100 0.8000 3.2000 0.0000 63.2220 66.2940 42.5113 0.1538  14394.7596 0.0000 0.0000 0.0000 0.0000 14394.7596
2022 12 12 0 3.2000 446.1100 0.8000 3.2000 0.0000 63.1132 66.1852 42.4381 0.1535  18932.0739 0.0000 0.0000 0.0000 0.0000 18932.0739
2022 12 13 0 3.2000 458.6300 0.8000 3.2000 0.0000 63.0006 66.0726 42.3624 0.1532  19428.6868 0.0000 0.0000 0.0000 0.0000 19428.6868
2022 12 14 0 3.2000 451.4100 0.8000 3.2000 0.0000 62.8790 65.9510 42.2807 0.1529  19085.9257 0.0000 0.0000 0.0000 0.0000 19085.9257
2022 12 15 0 3.2000 396.6100 0.8000 3.2000 0.0000 62.7469 65.8189 42.1918 0.1526  16733.7060 0.0000 0.0000 0.0000 0.0000 16733.7060
2022 12 16 0 3.2000 413.8400 0.8000 3.2000 0.0000 62.6050 65.6770 42.0964 0.1523  17421.1853 0.0000 0.0000 0.0000 0.0000 17421.1853
2022 12 17 0 3.2000 254.6500 0.8000 3.2000 0.0000 62.4564 65.5284 41.9965 0.1519  10694.3985 0.0000 0.0000 0.0000 0.0000 10694.3985
2022 12 18 0 3.2000 206.4000 0.8000 3.2000 0.0000 62.3069 65.3789 41.8960 0.1515  8647.3276 0.0000 0.0000 0.0000 0.0000 8647.3276
2022 12 19 0 3.2000 211.4800 0.8000 3.2000 0.0000 62.1657 65.2377 41.8011 0.1512  8840.0863 0.0000 0.0000 0.0000 0.0000 8840.0863
2022 12 20 0 3.2000 205.2500 0.8000 3.2000 0.0000 62.0507 65.1227 41.7237 0.1509  8563.7887 0.0000 0.0000 0.0000 0.0000 8563.7887
2022 12 21 0 3.2000 223.3000 0.8000 3.2000 0.0000 62.0275 65.0995 41.7081 0.1509  9313.4203 0.0000 0.0000 0.0000 0.0000 9313.4203
2022 12 22 0 3.2000 201.9700 0.8000 3.2000 0.0000 62.0819 65.1539 41.7447 0.1510  8431.1700 0.0000 0.0000 0.0000 0.0000 8431.1700
2022 12 23 0 3.2000 193.2900 0.8000 3.2000 0.0000 62.0970 65.1690 41.7548 0.1510  8070.7906 0.0000 0.0000 0.0000 0.0000 8070.7906
2022 12 24 0 3.2000 142.3700 0.8000 3.2000 0.0000 62.0306 65.1026 41.7102 0.1509  5938.2827 0.0000 0.0000 0.0000 0.0000 5938.2827
2022 12 25 0 3.2000 129.4400 0.8000 3.2000 0.0000 61.9111 64.9831 41.6298 0.1506  5388.5630 0.0000 0.0000 0.0000 0.0000 5388.5630
2022 12 26 0 3.2000 111.7200 0.8000 3.2000 0.0000 61.8402 64.9122 41.5821 0.1504  4645.5563 0.0000 0.0000 0.0000 0.0000 4645.5563
2022 12 27 0 3.2000 141.3500 0.8000 3.2000 0.0000 61.8066 64.8786 41.5596 0.1503  5874.4430 0.0000 0.0000 0.0000 0.0000 5874.4430
2022 12 28 0 3.2000 122.1300 0.8000 3.2000 0.0000 61.7135 64.7855 41.4970 0.1501  5068.0254 0.0000 0.0000 0.0000 0.0000 5068.0254
2022 12 29 0 3.2000 96.2800 0.8000 3.2000 0.0000 61.5884 64.6604 41.4129 0.1498  3987.2293 0.0000 0.0000 0.0000 0.0000 3987.2293
2022 12 30 0 3.2000 100.4100 0.8000 3.2000 0.0000 61.4561 64.5281 41.3239 0.1495  4149.3333 0.0000 0.0000 0.0000 0.0000 4149.3333
2022 12 31 0 3.2000 116.2200 0.8000 3.2000 0.0000 61.3368 64.4088 41.2436 0.1492  4793.3361 0.0000 0.0000 0.0000 0.0000 4793.3361
2023 1 1 0 2.7428 129.1100 0.6857 2.7428 0.0000 61.7107 63.9676 248.2364 0.1496  32049.8010 0.0000 0.0000 0.0000 0.0000 32049.8010
2023 1 8 0 0.0000 100.5200 0.0000 0.0000 0.0000 64.4134 64.4134 0.0000 0.0000  0.0000 1.0000 1.0000 0.0000 0.0000 -1.0000
2023 1 15 0 0.0000 134.9100 0.0000 0.0000 0.0000 65.6743 65.6743 0.0000 0.0000  0.0000 0.0000 0.0000 0.0000 0.0000 0.0000
2023 1 22 0 0.0000 153.5500 0.0000 0.0000 0.0000 66.4814 66.4814 0.0000 0.0000  0.0000 0.0000 0.0000 0.0000 0.0000 0.0000
2023 1 29 0 0.0000 114.0700 0.0000 0.0000 0.0000 66.9324 66.9324 0.0000 0.0000  0.0000 0.0000 0.0000 0.0000 0.0000 0.0000
2023 2 5 0 0.0000 118.2100 0.0000 0.0000 0.0000 67.0000 67.0000 0.0000 0.0000  0.0000 0.0000 0.0000 0.0000 0.0000 0.0000
2023 2 12 0 0.0000 114.5300 0.0000 0.0000 0.0000 67.0000 67.0000 0.0000 0.0000  0.0000 0.0000 0.0000 0.0000 0.0000 0.0000
2023 2 19 0 0.0000 103.9800 0.0000 0.0000 0.0000 67.0000 67.0000 0.0000 0.0000  0.0000 0.0000 0.0000 0.0000 0.0000 0.0000
2023 2 26 0 0.3096 119.9500 0.0774 0.3096 0.0000 66.9712 67.0000 5.0765 0.0271  608.9220 1.0000 1.0000 0.0000 0.0000 607.9220
2023 3 5 0 4.0000 132.3400 1.0000 4.0000 0.0000 61.2235 66.0235 340.8487 0.1409  45107.9196 0.0000 0.0000 0.0000 0.0000 45107.9196
2023 3 12 0 4.0000 107.4200 1.0000 4.0000 0.0000 59.1968 63.9968 329.5656 0.1362  35401.9380 0.0000 0.0000 0.0000 0.0000 35401.9380
2023 3 19 0 4.0000 96.2600 1.0000 4.0000 0.0000 57.1719 61.9719 318.2928 0.1316  30638.8647 0.0000 0.0000 0.0000 0.0000 30638.8647
2023 3 26 0 3.2620 108.2600 0.8155 3.2620 0.0000 57.5620 60.7542 276.1874 0.1400  29900.0537 0.0000 0.0000 0.0000 0.0000 29900.0537
2023 4 2 0 0.0000 122.8700 0.0000 0.0000 0.0000 61.4806 61.4806 0.0000 0.0000  0.0000 1.0000 1.0000 0.0000 0.0000 -1.0000
2023 4 9 0 1.8668 99.8300 0.4667 1.8668 0.0000 61.6822 62.7277 150.5575 0.1333  15030.1522 1.0000 1.0000 0.0000 0.0000 15029.1522
2023 4 16 0 3.2000 111.6700 0.8000 3.2000 0.0000 60.3565 63.4285 284.0913 0.1468  31724.4731 0.0000 0.0000 0.0000 0.0000 31724.4731
2023 4 23 0 3.2000 113.0000 0.8000 3.2000 0.0000 61.6459 64.7179 290.1606 0.1499  32788.1530 0.0000 0.0000 0.0000 0.0000 32788.1530
2023 4 30 0 3.2000 107.2500 0.8000 3.2000 0.0000 62.7526 65.8246 295.3698 0.1526  31678.4154 0.0000 0.0000 0.0000 0.0000 31678.4154
2023 5 7 0 1.9620 92.5400 0.4905 1.9620 0.0000 65.3777 66.5325 171.2270 0.1443  15845.3446 0.0000 0.0000 0.0000 0.0000 15845.3446
2023 5 14 0 0.0000 74.1000 0.0000 0.0000 0.0000 67.0000 67.0000 0.0000 0.0000  0.0000 1.0000 1.0000 0.0000 0.0000 -1.0000
2023 5 21 0 0.0000 64.0600 0.0000 0.0000 0.0000 67.0000 67.0000 0.0000 0.0000  0.0000 0.0000 0.0000 0.0000 0.0000 0.0000
2023 5 28 0 0.0000 63.7800 0.0000 0.0000 0.0000 67.0000 67.0000 0.0000 0.0000  0.0000 0.0000 0.0000 0.0000 0.0000 0.0000
2023 6 4 0 0.0000 82.2700 0.0000 0.0000 0.0000 67.0000 67.0000 0.0000 0.0000  0.0000 0.0000 0.0000 0.0000 0.0000 0.0000
2023 6 11 0 0.0000 98.3300 0.0000 0.0000 0.0000 67.0000 67.0000 0.0000 0.0000  0.0000 0.0000 0.0000 0.0000 0.0000 0.0000
2023 6 18 0 0.0000 116.6200 0.0000 0.0000 0.0000 67.0000 67.0000 0.0000 0.0000  0.0000 0.0000 0.0000 0.0000 0.0000 0.0000
2023 6 25 0 0.0000 95.2200 0.0000 0.0000 0.0000 67.0000 67.0000 0.0000 0.0000  0.0000 0.0000 0.0000 0.0000 0.0000 0.0000
2023 7 2 0 0.0000 73.6100 0.0000 0.0000 0.0000 67.0000 67.0000 0.0000 0.0000  0.0000 0.0000 0.0000 0.0000 0.0000 0.0000
2023 7 9 0 0.0000 80.1600 0.0000 0.0000 0.0000 67.0000 67.0000 0.0000 0.0000  0.0000 0.0000 0.0000 0.0000 0.0000 0.0000
2023 7 16 0 1.8284 59.1900 0.4571 1.8284 0.0000 65.9971 67.0000 156.4433 0.1415  9259.8777 1.0000 1.0000 0.0000 0.0000 9258.8777
2023 7 23 0 3.2000 68.8000 0.8000 3.2000 0.0000 63.2161 66.2881 297.5515 0.1537  20471.5444 0.0000 0.0000 0.0000 0.0000 20471.5444
2023 7 30 0 3.2000 61.4400 0.8000 3.2000 0.0000 61.8219 64.8939 290.9888 0.1504  17878.3532 0.0000 0.0000 0.0000 0.0000 17878.3532
2023 8 6 0 3.2000 40.3600 0.8000 3.2000 0.0000 60.5045 63.5765 284.7878 0.1471  11494.0377 0.0000 0.0000 0.0000 0.0000 11494.0377
2023 8 13 0 3.2000 78.8100 0.8000 3.2000 0.0000 59.3260 62.3980 279.2410 0.1443  22006.9810 0.0000 0.0000 0.0000 0.0000 22006.9810
2023 8 20 0 3.2000 90.9300 0.8000 3.2000 0.0000 58.2531 61.3251 274.1910 0.1417  24932.1846 0.0000 0.0000 0.0000 0.0000 24932.1846
2023 8 27 0 3.2000 94.6300 0.8000 3.2000 0.0000 57.1420 60.2140 268.9613 0.1390  25451.8095 0.0000 0.0000 0.0000 0.0000 25451.8095
