RESERVOIR node 3 GRESSE
reservoir_init_fr= 0.80000  init_masl=747.272
Filling at HRW [Mm3] = 168.04000
Filling at LRW [Mm3] = 106.60000
Active reservoir capacity [Mm3] = 61.44000
yyyy mm dd hh [m3/s] [Euro/MWh] [fr] [m3/s] [Mm3] [masl] [fr] [Euro]         [m3/s]     [m3/s]    [m3/s]   [m3/s]    [m3/s]   [m3/s]    [m3/s]     [m3/s] 
yyyy mm dd hh Inflow Price Action Up_Inflow Res_Mm3 Res_masl Res_fr lrw_cost tunnelflow hatchflow overflow auto_qmin pump_in pump_out tot_inflow tot_outflow
2022 9 1 0 0.2300 495.0100 0.0000 0.0000 155.7528 747.2721 0.8000 0.0000 0.0000 0.0000 0.0000 0.0000 0.0000 0.0000 0.2300 0.0000 
2022 9 1 1 0.2300 494.9900 0.0000 0.0000 155.7537 747.2723 0.8000 0.0000 0.0000 0.0000 0.0000 0.0000 0.0000 0.0000 0.2300 0.0000 
2022 9 1 2 0.2300 490.5800 0.0000 0.0000 155.7545 747.2724 0.8000 0.0000 0.0000 0.0000 0.0000 0.0000 0.0000 0.0000 0.2300 0.0000 
2022 9 1 3 0.2300 501.0100 0.0000 0.0000 155.7553 747.2725 0.8001 0.0000 0.0000 0.0000 0.0000 0.0000 0.0000 0.0000 0.2300 0.0000 
2022 9 1 4 0.2200 568.4400 0.0000 0.0000 155.7561 747.2726 0.8001 0.0000 0.0000 0.0000 0.0000 0.0000 0.0000 0.0000 0.2200 0.0000 
2022 9 1 5 0.2200 590.4500 0.0000 0.0000 155.7569 747.2727 0.8001 0.0000 0.0000 0.0000 0.0000 0.0000 0.0000 0.0000 0.2200 0.0000 
2022 9 1 6 0.2200 643.5100 0.0000 0.0000 155.7577 747.2728 0.8001 0.0000 0.0000 0.0000 0.0000 0.0000 0.0000 0.0000 0.2200 0.0000 
2022 9 1 7 0.2200 639.9000 0.0000 0.0000 155.7585 747.2729 0.8001 0.0000 0.0000 0.0000 0.0000 0.0000 0.0000 0.0000 0.2200 0.0000 
2022 9 1 8 0.2200 595.2600 0.0000 0.0000 155.7593 747.2731 0.8001 0.0000 0.0000 0.0000 0.0000 0.0000 0.0000 0.0000 0.2200 0.0000 
2022 9 1 9 0.2200 577.0100 0.0000 0.0000 155.7601 747.2732 0.8001 0.0000 0.0000 0.0000 0.0000 0.0000 0.0000 0.0000 0.2200 0.0000 
2022 9 1 10 0.2200 534.6000 0.0000 0.0000 155.7609 747.2733 0.8001 0.0000 0.0000 0.0000 0.0000 0.0000 0.0000 0.0000 0.2200 0.0000 
2022 9 1 11 0.2200 507.1900 0.0000 0.0000 155.7616 747.2734 0.8002 0.0000 0.0000 0.0000 0.0000 0.0000 0.0000 0.0000 0.2200 0.0000 
2022 9 1 12 0.2200 503.4000 0.0000 0.0000 155.7624 747.2735 0.8002 0.0000 0.0000 0.0000 0.0000 0.0000 0.0000 0.0000 0.2200 0.0000 
2022 9 1 13 0.2200 523.5600 0.0000 0.0000 155.7632 747.2736 0.8002 0.0000 0.0000 0.0000 0.0000 0.0000 0.0000 0.0000 0.2200 0.0000 
2022 9 1 14 0.2100 552.6500 0.0000 0.0000 155.7640 747.2737 0.8002 0.0000 0.0000 0.0000 0.0000 0.0000 0.0000 0.0000 0.2100 0.0000 
2022 9 1 15 0.2100 575.6100 0.0000 0.0000 155.7647 747.2738 0.8002 0.0000 0.0000 0.0000 0.0000 0.0000 0.0000 0.0000 0.2100 0.0000 
2022 9 1 16 0.2100 615.1800 0.0000 0.0000 155.7655 747.2739 0.8002 0.0000 0.0000 0.0000 0.0000 0.0000 0.0000 0.0000 0.2100 0.0000 
2022 9 1 17 0.2100 649.8000 0.0000 0.0000 155.7663 747.2741 0.8002 0.0000 0.0000 0.0000 0.0000 0.0000 0.0000 0.0000 0.2100 0.0000 
2022 9 1 18 0.2100 673.7200 0.0000 0.0000 155.7670 747.2742 0.8002 0.0000 0.0000 0.0000 0.0000 0.0000 0.0000 0.0000 0.2100 0.0000 
2022 9 1 19 0.2100 658.0800 0.0000 0.0000 155.7678 747.2743 0.8003 0.0000 0.0000 0.0000 0.0000 0.0000 0.0000 0.0000 0.2100 0.0000 
2022 9 1 20 0.2100 627.5700 0.0000 0.0000 155.7685 747.2744 0.8003 0.0000 0.0000 0.0000 0.0000 0.0000 0.0000 0.0000 0.2100 0.0000 
2022 9 1 21 0.2100 560.7000 0.0000 0.0000 155.7693 747.2745 0.8003 0.0000 0.0000 0.0000 0.0000 0.0000 0.0000 0.0000 0.2100 0.0000 
2022 9 1 22 0.2100 507.1200 0.0000 0.0000 155.7700 747.2746 0.8003 0.0000 0.0000 0.0000 0.0000 0.0000 0.0000 0.0000 0.2100 0.0000 
2022 9 1 23 0.2100 471.8500 0.0000 0.0000 155.7708 747.2747 0.8003 0.0000 0.0000 0.0000 0.0000 0.0000 0.0000 0.0000 0.2100 0.0000 
2022 9 2 0 0.2100 433.2400 0.0000 0.0000 155.7715 747.2748 0.8003 0.0000 0.0000 0.0000 0.0000 0.0000 0.0000 0.0000 0.2100 0.0000 
2022 9 2 1 0.2100 409.0500 0.0000 0.0000 155.7723 747.2749 0.8003 0.0000 0.0000 0.0000 0.0000 0.0000 0.0000 0.0000 0.2100 0.0000 
2022 9 2 2 0.2100 375.2400 0.0000 0.0000 155.7731 747.2750 0.8003 0.0000 0.0000 0.0000 0.0000 0.0000 0.0000 0.0000 0.2100 0.0000 
2022 9 2 3 0.2000 406.1400 0.0000 0.0000 155.7738 747.2751 0.8004 0.0000 0.0000 0.0000 0.0000 0.0000 0.0000 0.0000 0.2000 0.0000 
2022 9 2 4 0.2000 448.6600 0.0000 0.0000 155.7745 747.2752 0.8004 0.0000 0.0000 0.0000 0.0000 0.0000 0.0000 0.0000 0.2000 0.0000 
2022 9 2 5 0.2000 533.3700 0.0000 0.0000 155.7752 747.2753 0.8004 0.0000 0.0000 0.0000 0.0000 0.0000 0.0000 0.0000 0.2000 0.0000 
2022 9 2 6 0.2000 567.7100 0.0000 0.0000 155.7759 747.2754 0.8004 0.0000 0.0000 0.0000 0.0000 0.0000 0.0000 0.0000 0.2000 0.0000 
2022 9 2 7 0.2000 584.6700 0.0000 0.0000 155.7767 747.2755 0.8004 0.0000 0.0000 0.0000 0.0000 0.0000 0.0000 0.0000 0.2000 0.0000 
2022 9 2 8 0.2000 549.3000 0.0000 0.0000 155.7774 747.2756 0.8004 0.0000 0.0000 0.0000 0.0000 0.0000 0.0000 0.0000 0.2000 0.0000 
2022 9 2 9 0.2000 514.7700 0.0000 0.0000 155.7781 747.2757 0.8004 0.0000 0.0000 0.0000 0.0000 0.0000 0.0000 0.0000 0.2000 0.0000 
2022 9 2 10 0.2000 428.5100 0.0000 0.0000 155.7788 747.2758 0.8004 0.0000 0.0000 0.0000 0.0000 0.0000 0.0000 0.0000 0.2000 0.0000 
2022 9 2 11 0.1900 292.7800 0.0000 0.0000 155.7795 747.2759 0.8004 0.0000 0.0000 0.0000 0.0000 0.0000 0.0000 0.0000 0.1900 0.0000 
2022 9 2 12 0.1900 271.2500 0.0000 0.0000 155.7802 747.2760 0.8005 0.0000 0.0000 0.0000 0.0000 0.0000 0.0000 0.0000 0.1900 0.0000 
2022 9 2 13 0.1900 273.1100 0.0000 0.0000 155.7809 747.2761 0.8005 0.0000 0.0000 0.0000 0.0000 0.0000 0.0000 0.0000 0.1900 0.0000 
2022 9 2 14 0.1900 321.3800 0.0000 0.0000 155.7816 747.2762 0.8005 0.0000 0.0000 0.0000 0.0000 0.0000 0.0000 0.0000 0.1900 0.0000 
2022 9 2 15 0.1900 396.6400 0.0000 0.0000 155.7822 747.2763 0.8005 0.0000 0.0000 0.0000 0.0000 0.0000 0.0000 0.0000 0.1900 0.0000 
2022 9 2 16 0.1900 491.8000 0.0000 0.0000 155.7829 747.2764 0.8005 0.0000 0.0000 0.0000 0.0000 0.0000 0.0000 0.0000 0.1900 0.0000 
2022 9 2 17 0.1900 552.5100 0.0000 0.0000 155.7836 747.2765 0.8005 0.0000 0.0000 0.0000 0.0000 0.0000 0.0000 0.0000 0.1900 0.0000 
2022 9 2 18 0.1900 572.7500 0.0000 0.0000 155.7843 747.2766 0.8005 0.0000 0.0000 0.0000 0.0000 0.0000 0.0000 0.0000 0.1900 0.0000 
2022 9 2 19 0.1900 545.0200 0.0000 0.0000 155.7850 747.2767 0.8005 0.0000 0.0000 0.0000 0.0000 0.0000 0.0000 0.0000 0.1900 0.0000 
2022 9 2 20 0.1900 440.6200 0.0000 0.0000 155.7857 747.2768 0.8005 0.0000 0.0000 0.0000 0.0000 0.0000 0.0000 0.0000 0.1900 0.0000 
2022 9 2 21 0.1900 355.8800 0.0000 0.0000 155.7863 747.2769 0.8006 0.0000 0.0000 0.0000 0.0000 0.0000 0.0000 0.0000 0.1900 0.0000 
2022 9 2 22 0.1900 217.7900 0.0000 0.0000 155.7870 747.2770 0.8006 0.0000 0.0000 0.0000 0.0000 0.0000 0.0000 0.0000 0.1900 0.0000 
2022 9 2 23 0.1900 238.2100 0.0000 0.0000 155.7877 747.2771 0.8006 0.0000 0.0000 0.0000 0.0000 0.0000 0.0000 0.0000 0.1900 0.0000 
2022 9 3 0 0.1900 253.5000 0.0000 0.0000 155.7884 747.2772 0.8006 0.0000 0.0000 0.0000 0.0000 0.0000 0.0000 0.0000 0.1900 0.0000 
2022 9 3 1 0.1900 271.6000 0.0000 0.0000 155.7891 747.2773 0.8006 0.0000 0.0000 0.0000 0.0000 0.0000 0.0000 0.0000 0.1900 0.0000 
2022 9 3 2 0.1900 258.7100 0.0000 0.0000 155.7898 747.2774 0.8006 0.0000 0.0000 0.0000 0.0000 0.0000 0.0000 0.0000 0.1900 0.0000 
2022 9 3 3 0.1900 243.5100 0.0000 0.0000 155.7904 747.2775 0.8006 0.0000 0.0000 0.0000 0.0000 0.0000 0.0000 0.0000 0.1900 0.0000 
2022 9 3 4 0.1900 301.8400 0.0000 0.0000 155.7911 747.2776 0.8006 0.0000 0.0000 0.0000 0.0000 0.0000 0.0000 0.0000 0.1900 0.0000 
2022 9 3 5 0.1900 284.0000 0.0000 0.0000 155.7918 747.2777 0.8006 0.0000 0.0000 0.0000 0.0000 0.0000 0.0000 0.0000 0.1900 0.0000 
2022 9 3 6 0.1900 382.1900 0.0000 0.0000 155.7925 747.2778 0.8007 0.0000 0.0000 0.0000 0.0000 0.0000 0.0000 0.0000 0.1900 0.0000 
2022 9 3 7 0.1800 413.5400 0.0000 0.0000 155.7931 747.2779 0.8007 0.0000 0.0000 0.0000 0.0000 0.0000 0.0000 0.0000 0.1800 0.0000 
2022 9 3 8 0.1800 393.5100 0.0000 0.0000 155.7938 747.2780 0.8007 0.0000 0.0000 0.0000 0.0000 0.0000 0.0000 0.0000 0.1800 0.0000 
2022 9 3 9 0.1800 442.1400 0.0000 0.0000 155.7944 747.2781 0.8007 0.0000 0.0000 0.0000 0.0000 0.0000 0.0000 0.0000 0.1800 0.0000 
2022 9 3 10 0.1800 453.6600 0.0000 0.0000 155.7951 747.2782 0.8007 0.0000 0.0000 0.0000 0.0000 0.0000 0.0000 0.0000 0.1800 0.0000 
2022 9 3 11 0.1800 468.9000 0.0000 0.0000 155.7957 747.2783 0.8007 0.0000 0.0000 0.0000 0.0000 0.0000 0.0000 0.0000 0.1800 0.0000 
2022 9 3 12 0.1800 456.4300 0.0000 0.0000 155.7964 747.2783 0.8007 0.0000 0.0000 0.0000 0.0000 0.0000 0.0000 0.0000 0.1800 0.0000 
2022 9 3 13 0.1800 459.8200 0.0000 0.0000 155.7970 747.2784 0.8007 0.0000 0.0000 0.0000 0.0000 0.0000 0.0000 0.0000 0.1800 0.0000 
2022 9 3 14 0.1700 431.0300 0.0000 0.0000 155.7976 747.2785 0.8007 0.0000 0.0000 0.0000 0.0000 0.0000 0.0000 0.0000 0.1700 0.0000 
2022 9 3 15 0.1700 387.1700 0.0000 0.0000 155.7983 747.2786 0.8008 0.0000 0.0000 0.0000 0.0000 0.0000 0.0000 0.0000 0.1700 0.0000 
2022 9 3 16 0.1700 414.6800 0.0000 0.0000 155.7989 747.2787 0.8008 0.0000 0.0000 0.0000 0.0000 0.0000 0.0000 0.0000 0.1700 0.0000 
2022 9 3 17 0.1700 468.4800 0.0000 0.0000 155.7995 747.2788 0.8008 0.0000 0.0000 0.0000 0.0000 0.0000 0.0000 0.0000 0.1700 0.0000 
2022 9 3 18 0.1700 531.4800 0.0000 0.0000 155.8001 747.2789 0.8008 0.0000 0.0000 0.0000 0.0000 0.0000 0.0000 0.0000 0.1700 0.0000 
2022 9 3 19 0.1700 513.1200 0.0000 0.0000 155.8007 747.2790 0.8008 0.0000 0.0000 0.0000 0.0000 0.0000 0.0000 0.0000 0.1700 0.0000 
2022 9 3 20 0.1800 443.1200 0.0000 0.0000 155.8014 747.2791 0.8008 0.0000 0.0000 0.0000 0.0000 0.0000 0.0000 0.0000 0.1800 0.0000 
2022 9 3 21 0.1800 395.0200 0.0000 0.0000 155.8020 747.2791 0.8008 0.0000 0.0000 0.0000 0.0000 0.0000 0.0000 0.0000 0.1800 0.0000 
2022 9 3 22 0.1800 330.8700 0.0000 0.0000 155.8027 747.2792 0.8008 0.0000 0.0000 0.0000 0.0000 0.0000 0.0000 0.0000 0.1800 0.0000 
2022 9 3 23 0.1800 215.7900 0.0000 0.0000 155.8033 747.2793 0.8008 0.0000 0.0000 0.0000 0.0000 0.0000 0.0000 0.0000 0.1800 0.0000 
2022 9 4 0 0.2000 210.1400 0.0000 0.0000 155.8040 747.2794 0.8008 0.0000 0.0000 0.0000 0.0000 0.0000 0.0000 0.0000 0.2000 0.0000 
2022 9 4 1 0.2100 205.3000 0.0000 0.0000 155.8048 747.2795 0.8009 0.0000 0.0000 0.0000 0.0000 0.0000 0.0000 0.0000 0.2100 0.0000 
2022 9 4 2 0.2000 209.5200 0.0000 0.0000 155.8055 747.2796 0.8009 0.0000 0.0000 0.0000 0.0000 0.0000 0.0000 0.0000 0.2000 0.0000 
2022 9 4 3 0.2000 225.8600 0.0000 0.0000 155.8062 747.2797 0.8009 0.0000 0.0000 0.0000 0.0000 0.0000 0.0000 0.0000 0.2000 0.0000 
2022 9 4 4 0.2100 228.5700 0.0000 0.0000 155.8070 747.2799 0.8009 0.0000 0.0000 0.0000 0.0000 0.0000 0.0000 0.0000 0.2100 0.0000 
2022 9 4 5 0.2100 216.1600 0.0000 0.0000 155.7904 747.2775 0.8006 0.0000 4.8000 0.0000 0.0000 0.0000 0.0000 0.0000 0.2100 4.8000 
2022 9 4 6 0.2100 231.8500 0.0000 0.0000 155.7739 747.2751 0.8004 0.0000 4.8000 0.0000 0.0000 0.0000 0.0000 0.0000 0.2100 4.8000 
2022 9 4 7 0.2100 215.0200 0.0000 0.0000 155.7574 747.2728 0.8001 0.0000 4.8000 0.0000 0.0000 0.0000 0.0000 0.0000 0.2100 4.8000 
2022 9 4 8 0.2100 188.9800 0.0000 0.0000 155.7409 747.2704 0.7998 0.0000 4.8000 0.0000 0.0000 0.0000 0.0000 0.0000 0.2100 4.8000 
2022 9 4 9 0.2100 298.2800 0.0000 0.0000 155.7244 747.2681 0.7995 0.0000 4.8000 0.0000 0.0000 0.0000 0.0000 0.0000 0.2100 4.8000 
2022 9 4 10 0.2100 200.4200 0.0000 0.0000 155.7078 747.2657 0.7993 0.0000 4.8000 0.0000 0.0000 0.0000 0.0000 0.0000 0.2100 4.8000 
2022 9 4 11 0.2100 248.6000 0.0000 0.0000 155.6913 747.2634 0.7990 0.0000 4.8000 0.0000 0.0000 0.0000 0.0000 0.0000 0.2100 4.8000 
2022 9 4 12 0.2100 404.7600 0.0000 0.0000 155.6748 747.2610 0.7987 0.0000 4.8000 0.0000 0.0000 0.0000 0.0000 0.0000 0.2100 4.8000 
2022 9 4 13 0.2100 404.3900 0.0000 0.0000 155.6583 747.2587 0.7985 0.0000 4.8000 0.0000 0.0000 0.0000 0.0000 0.0000 0.2100 4.8000 
2022 9 4 14 0.2100 364.4300 0.0000 0.0000 155.6417 747.2563 0.7982 0.0000 4.8000 0.0000 0.0000 0.0000 0.0000 0.0000 0.2100 4.8000 
2022 9 4 15 0.2100 248.5300 0.0000 0.0000 155.6252 747.2539 0.7979 0.0000 4.8000 0.0000 0.0000 0.0000 0.0000 0.0000 0.2100 4.8000 
2022 9 4 16 0.2100 410.2000 0.0000 0.0000 155.6087 747.2516 0.7977 0.0000 4.8000 0.0000 0.0000 0.0000 0.0000 0.0000 0.2100 4.8000 
2022 9 4 17 0.2100 442.0700 0.0000 0.0000 155.5922 747.2492 0.7974 0.0000 4.8000 0.0000 0.0000 0.0000 0.0000 0.0000 0.2100 4.8000 
2022 9 4 18 0.2100 501.0600 0.0000 0.0000 155.5756 747.2469 0.7971 0.0000 4.8000 0.0000 0.0000 0.0000 0.0000 0.0000 0.2100 4.8000 
2022 9 4 19 0.2100 500.6000 0.0000 0.0000 155.5591 747.2445 0.7969 0.0000 4.8000 0.0000 0.0000 0.0000 0.0000 0.0000 0.2100 4.8000 
2022 9 4 20 0.2200 449.0300 0.0000 0.0000 155.5426 747.2422 0.7966 0.0000 4.8000 0.0000 0.0000 0.0000 0.0000 0.0000 0.2200 4.8000 
2022 9 4 21 0.2200 418.8500 0.0000 0.0000 155.5261 747.2398 0.7963 0.0000 4.8000 0.0000 0.0000 0.0000 0.0000 0.0000 0.2200 4.8000 
2022 9 4 22 0.2200 344.0800 0.0000 0.0000 155.5096 747.2375 0.7961 0.0000 4.8000 0.0000 0.0000 0.0000 0.0000 0.0000 0.2200 4.8000 
2022 9 4 23 0.2200 275.7500 0.0000 0.0000 155.4932 747.2351 0.7958 0.0000 4.8000 0.0000 0.0000 0.0000 0.0000 0.0000 0.2200 4.8000 
2022 9 5 0 0.2200 225.3100 0.0000 0.0000 155.4767 747.2328 0.7955 0.0000 4.8000 0.0000 0.0000 0.0000 0.0000 0.0000 0.2200 4.8000 
2022 9 5 1 0.2200 217.5800 0.0000 0.0000 155.4602 747.2304 0.7953 0.0000 4.8000 0.0000 0.0000 0.0000 0.0000 0.0000 0.2200 4.8000 
2022 9 5 2 0.2200 228.2200 0.0000 0.0000 155.4437 747.2281 0.7950 0.0000 4.8000 0.0000 0.0000 0.0000 0.0000 0.0000 0.2200 4.8000 
2022 9 5 3 0.2200 245.1000 0.0000 0.0000 155.4272 747.2257 0.7947 0.0000 4.8000 0.0000 0.0000 0.0000 0.0000 0.0000 0.2200 4.8000 
2022 9 5 4 0.2200 376.3900 0.0000 0.0000 155.4107 747.2234 0.7944 0.0000 4.8000 0.0000 0.0000 0.0000 0.0000 0.0000 0.2200 4.8000 
2022 9 5 5 0.2200 457.3400 0.0000 0.0000 155.3942 747.2210 0.7942 0.0000 4.8000 0.0000 0.0000 0.0000 0.0000 0.0000 0.2200 4.8000 
2022 9 5 6 0.2200 503.6800 0.0000 0.0000 155.3777 747.2187 0.7939 0.0000 4.8000 0.0000 0.0000 0.0000 0.0000 0.0000 0.2200 4.8000 
2022 9 5 7 0.2300 517.0400 0.0000 0.0000 155.3613 747.2163 0.7936 0.0000 4.8000 0.0000 0.0000 0.0000 0.0000 0.0000 0.2300 4.8000 
2022 9 5 8 0.2300 476.2600 0.0000 0.0000 155.3448 747.2140 0.7934 0.0000 4.8000 0.0000 0.0000 0.0000 0.0000 0.0000 0.2300 4.8000 
2022 9 5 9 0.2300 429.2600 0.0000 0.0000 155.3284 747.2116 0.7931 0.0000 4.8000 0.0000 0.0000 0.0000 0.0000 0.0000 0.2300 4.8000 
2022 9 5 10 0.2400 385.8200 0.0000 0.0000 155.3120 747.2093 0.7928 0.0000 4.8000 0.0000 0.0000 0.0000 0.0000 0.0000 0.2400 4.8000 
2022 9 5 11 0.2300 402.6600 0.0000 0.0000 155.2955 747.2070 0.7926 0.0000 4.8000 0.0000 0.0000 0.0000 0.0000 0.0000 0.2300 4.8000 
2022 9 5 12 0.2400 398.7600 0.0000 0.0000 155.2791 747.2046 0.7923 0.0000 4.8000 0.0000 0.0000 0.0000 0.0000 0.0000 0.2400 4.8000 
2022 9 5 13 0.2400 291.4200 0.0000 0.0000 155.2627 747.2023 0.7920 0.0000 4.8000 0.0000 0.0000 0.0000 0.0000 0.0000 0.2400 4.8000 
2022 9 5 14 0.2400 402.6800 0.0000 0.0000 155.2463 747.1999 0.7918 0.0000 4.8000 0.0000 0.0000 0.0000 0.0000 0.0000 0.2400 4.8000 
2022 9 5 15 0.2400 401.9700 0.0000 0.0000 155.2299 747.1976 0.7915 0.0000 4.8000 0.0000 0.0000 0.0000 0.0000 0.0000 0.2400 4.8000 
2022 9 5 16 0.2400 484.3400 0.0000 0.0000 155.2134 747.1953 0.7912 0.0000 4.8000 0.0000 0.0000 0.0000 0.0000 0.0000 0.2400 4.8000 
2022 9 5 17 0.2400 546.8400 0.0000 0.0000 155.1970 747.1929 0.7910 0.0000 4.8000 0.0000 0.0000 0.0000 0.0000 0.0000 0.2400 4.8000 
2022 9 5 18 0.2400 579.7300 0.0000 0.0000 155.1806 747.1906 0.7907 0.0000 4.8000 0.0000 0.0000 0.0000 0.0000 0.0000 0.2400 4.8000 
2022 9 5 19 0.2400 504.0000 0.0000 0.0000 155.1642 747.1882 0.7904 0.0000 4.8000 0.0000 0.0000 0.0000 0.0000 0.0000 0.2400 4.8000 
2022 9 5 20 0.2400 417.8100 0.0000 0.0000 155.1478 747.1859 0.7902 0.0000 4.8000 0.0000 0.0000 0.0000 0.0000 0.0000 0.2400 4.8000 
2022 9 5 21 0.2400 329.4400 0.0000 0.0000 155.1314 747.1836 0.7899 0.0000 4.8000 0.0000 0.0000 0.0000 0.0000 0.0000 0.2400 4.8000 
2022 9 5 22 0.2400 230.8900 0.0000 0.0000 155.1149 747.1812 0.7896 0.0000 4.8000 0.0000 0.0000 0.0000 0.0000 0.0000 0.2400 4.8000 
2022 9 5 23 0.2500 279.5100 0.0000 0.0000 155.0986 747.1789 0.7894 0.0000 4.8000 0.0000 0.0000 0.0000 0.0000 0.0000 0.2500 4.8000 
2022 9 6 0 0.2500 305.4700 0.0000 0.0000 155.0822 747.1766 0.7891 0.0000 4.8000 0.0000 0.0000 0.0000 0.0000 0.0000 0.2500 4.8000 
2022 9 6 1 0.2500 282.3100 0.0000 0.0000 155.0658 747.1742 0.7888 0.0000 4.8000 0.0000 0.0000 0.0000 0.0000 0.0000 0.2500 4.8000 
2022 9 6 2 0.2500 289.6700 0.0000 0.0000 155.0494 747.1719 0.7886 0.0000 4.8000 0.0000 0.0000 0.0000 0.0000 0.0000 0.2500 4.8000 
2022 9 6 3 0.2500 293.6400 0.0000 0.0000 155.0330 747.1696 0.7883 0.0000 4.8000 0.0000 0.0000 0.0000 0.0000 0.0000 0.2500 4.8000 
2022 9 6 4 0.2500 393.0700 0.0000 0.0000 155.0167 747.1672 0.7880 0.0000 4.8000 0.0000 0.0000 0.0000 0.0000 0.0000 0.2500 4.8000 
2022 9 6 5 0.2500 462.0400 0.0000 0.0000 155.0003 747.1649 0.7878 0.0000 4.8000 0.0000 0.0000 0.0000 0.0000 0.0000 0.2500 4.8000 
2022 9 6 6 0.2600 521.0100 0.0000 0.0000 154.9839 747.1626 0.7875 0.0000 4.8000 0.0000 0.0000 0.0000 0.0000 0.0000 0.2600 4.8000 
2022 9 6 7 0.2600 540.1400 0.0000 0.0000 154.9676 747.1602 0.7872 0.0000 4.8000 0.0000 0.0000 0.0000 0.0000 0.0000 0.2600 4.8000 
2022 9 6 8 0.2600 474.4700 0.0000 0.0000 154.9513 747.1579 0.7870 0.0000 4.8000 0.0000 0.0000 0.0000 0.0000 0.0000 0.2600 4.8000 
2022 9 6 9 0.2600 441.4400 0.0000 0.0000 154.9349 747.1556 0.7867 0.0000 4.8000 0.0000 0.0000 0.0000 0.0000 0.0000 0.2600 4.8000 
2022 9 6 10 0.2700 311.8200 0.0000 0.0000 154.9186 747.1532 0.7864 0.0000 4.8000 0.0000 0.0000 0.0000 0.0000 0.0000 0.2700 4.8000 
2022 9 6 11 0.2700 261.3000 0.0000 0.0000 154.9023 747.1509 0.7862 0.0000 4.8000 0.0000 0.0000 0.0000 0.0000 0.0000 0.2700 4.8000 
2022 9 6 12 0.2700 273.5200 0.0000 0.0000 154.8860 747.1486 0.7859 0.0000 4.8000 0.0000 0.0000 0.0000 0.0000 0.0000 0.2700 4.8000 
2022 9 6 13 0.2700 286.6500 0.0000 0.0000 154.8697 747.1463 0.7856 0.0000 4.8000 0.0000 0.0000 0.0000 0.0000 0.0000 0.2700 4.8000 
2022 9 6 14 0.2700 386.9200 0.0000 0.0000 154.8534 747.1439 0.7854 0.0000 4.8000 0.0000 0.0000 0.0000 0.0000 0.0000 0.2700 4.8000 
2022 9 6 15 0.2800 472.2400 0.0000 0.0000 154.8371 747.1416 0.7851 0.0000 4.8000 0.0000 0.0000 0.0000 0.0000 0.0000 0.2800 4.8000 
2022 9 6 16 0.2800 481.7900 0.0000 0.0000 154.8208 747.1393 0.7848 0.0000 4.8000 0.0000 0.0000 0.0000 0.0000 0.0000 0.2800 4.8000 
2022 9 6 17 0.2800 525.8500 0.0000 0.0000 154.8046 747.1370 0.7846 0.0000 4.8000 0.0000 0.0000 0.0000 0.0000 0.0000 0.2800 4.8000 
2022 9 6 18 0.2800 549.4500 0.0000 0.0000 154.7883 747.1347 0.7843 0.0000 4.8000 0.0000 0.0000 0.0000 0.0000 0.0000 0.2800 4.8000 
2022 9 6 19 0.2800 541.0200 0.0000 0.0000 154.7720 747.1324 0.7840 0.0000 4.8000 0.0000 0.0000 0.0000 0.0000 0.0000 0.2800 4.8000 
2022 9 6 20 0.2700 509.6200 0.0000 0.0000 154.7557 747.1300 0.7838 0.0000 4.8000 0.0000 0.0000 0.0000 0.0000 0.0000 0.2700 4.8000 
2022 9 6 21 0.2700 466.2000 0.0000 0.0000 154.7394 747.1277 0.7835 0.0000 4.8000 0.0000 0.0000 0.0000 0.0000 0.0000 0.2700 4.8000 
2022 9 6 22 0.2700 453.1000 0.0000 0.0000 154.7231 747.1254 0.7833 0.0000 4.8000 0.0000 0.0000 0.0000 0.0000 0.0000 0.2700 4.8000 
2022 9 6 23 0.2700 421.7600 0.0000 0.0000 154.7068 747.1231 0.7830 0.0000 4.8000 0.0000 0.0000 0.0000 0.0000 0.0000 0.2700 4.8000 
2022 9 7 0 0.2700 391.3100 0.0000 0.0000 154.6905 747.1207 0.7827 0.0000 4.8000 0.0000 0.0000 0.0000 0.0000 0.0000 0.2700 4.8000 
2022 9 7 1 0.2700 374.3800 0.0000 0.0000 154.6742 747.1184 0.7825 0.0000 4.8000 0.0000 0.0000 0.0000 0.0000 0.0000 0.2700 4.8000 
2022 9 7 2 0.2700 373.0200 0.0000 0.0000 154.6579 747.1161 0.7822 0.0000 4.8000 0.0000 0.0000 0.0000 0.0000 0.0000 0.2700 4.8000 
2022 9 7 3 0.2700 394.9700 0.0000 0.0000 154.6415 747.1138 0.7819 0.0000 4.8000 0.0000 0.0000 0.0000 0.0000 0.0000 0.2700 4.8000 
2022 9 7 4 0.2700 402.2600 0.0000 0.0000 154.6252 747.1114 0.7817 0.0000 4.8000 0.0000 0.0000 0.0000 0.0000 0.0000 0.2700 4.8000 
2022 9 7 5 0.2700 467.0300 0.0000 0.0000 154.6089 747.1091 0.7814 0.0000 4.8000 0.0000 0.0000 0.0000 0.0000 0.0000 0.2700 4.8000 
2022 9 7 6 0.2700 498.4000 0.0000 0.0000 154.5926 747.1068 0.7811 0.0000 4.8000 0.0000 0.0000 0.0000 0.0000 0.0000 0.2700 4.8000 
2022 9 7 7 0.2700 502.5900 0.0000 0.0000 154.5763 747.1045 0.7809 0.0000 4.8000 0.0000 0.0000 0.0000 0.0000 0.0000 0.2700 4.8000 
2022 9 7 8 0.2700 494.7000 0.0000 0.0000 154.5600 747.1021 0.7806 0.0000 4.8000 0.0000 0.0000 0.0000 0.0000 0.0000 0.2700 4.8000 
2022 9 7 9 0.2700 464.9200 0.0000 0.0000 154.5437 747.0998 0.7803 0.0000 4.8000 0.0000 0.0000 0.0000 0.0000 0.0000 0.2700 4.8000 
2022 9 7 10 0.2700 445.5600 0.0000 0.0000 154.5274 747.0975 0.7801 0.0000 4.8000 0.0000 0.0000 0.0000 0.0000 0.0000 0.2700 4.8000 
2022 9 7 11 0.2700 401.2200 0.0000 0.0000 154.5111 747.0952 0.7798 0.0000 4.8000 0.0000 0.0000 0.0000 0.0000 0.0000 0.2700 4.8000 
2022 9 7 12 0.2700 397.7500 0.0000 0.0000 154.4948 747.0928 0.7795 0.0000 4.8000 0.0000 0.0000 0.0000 0.0000 0.0000 0.2700 4.8000 
2022 9 7 13 0.2700 404.9600 0.0000 0.0000 154.4785 747.0905 0.7793 0.0000 4.8000 0.0000 0.0000 0.0000 0.0000 0.0000 0.2700 4.8000 
2022 9 7 14 0.2700 408.3600 0.0000 0.0000 154.4622 747.0882 0.7790 0.0000 4.8000 0.0000 0.0000 0.0000 0.0000 0.0000 0.2700 4.8000 
2022 9 7 15 0.2700 466.8800 0.0000 0.0000 154.4458 747.0859 0.7787 0.0000 4.8000 0.0000 0.0000 0.0000 0.0000 0.0000 0.2700 4.8000 
2022 9 7 16 0.2700 499.4900 0.0000 0.0000 154.4295 747.0835 0.7785 0.0000 4.8000 0.0000 0.0000 0.0000 0.0000 0.0000 0.2700 4.8000 
2022 9 7 17 0.2700 520.7000 0.0000 0.0000 154.4132 747.0812 0.7782 0.0000 4.8000 0.0000 0.0000 0.0000 0.0000 0.0000 0.2700 4.8000 
2022 9 7 18 0.2600 544.1300 0.0000 0.0000 154.3969 747.0789 0.7779 0.0000 4.8000 0.0000 0.0000 0.0000 0.0000 0.0000 0.2600 4.8000 
2022 9 7 19 0.2600 524.2600 0.0000 0.0000 154.3805 747.0766 0.7777 0.0000 4.8000 0.0000 0.0000 0.0000 0.0000 0.0000 0.2600 4.8000 
2022 9 7 20 0.2600 502.1600 0.0000 0.0000 154.3642 747.0742 0.7774 0.0000 4.8000 0.0000 0.0000 0.0000 0.0000 0.0000 0.2600 4.8000 
2022 9 7 21 0.2500 484.5200 0.0000 0.0000 154.3478 747.0719 0.7771 0.0000 4.8000 0.0000 0.0000 0.0000 0.0000 0.0000 0.2500 4.8000 
2022 9 7 22 0.2500 434.1200 0.0000 0.0000 154.3314 747.0696 0.7769 0.0000 4.8000 0.0000 0.0000 0.0000 0.0000 0.0000 0.2500 4.8000 
2022 9 7 23 0.2500 439.0400 0.0000 0.0000 154.3151 747.0672 0.7766 0.0000 4.8000 0.0000 0.0000 0.0000 0.0000 0.0000 0.2500 4.8000 
2022 9 8 0 0.2500 405.0600 0.0000 0.0000 154.2987 747.0649 0.7763 0.0000 4.8000 0.0000 0.0000 0.0000 0.0000 0.0000 0.2500 4.8000 
2022 9 8 1 0.2500 397.6600 0.0000 0.0000 154.2823 747.0626 0.7761 0.0000 4.8000 0.0000 0.0000 0.0000 0.0000 0.0000 0.2500 4.8000 
2022 9 8 2 0.2500 379.4100 0.0000 0.0000 154.2659 747.0602 0.7758 0.0000 4.8000 0.0000 0.0000 0.0000 0.0000 0.0000 0.2500 4.8000 
2022 9 8 3 0.2500 376.7300 0.0000 0.0000 154.2495 747.0579 0.7755 0.0000 4.8000 0.0000 0.0000 0.0000 0.0000 0.0000 0.2500 4.8000 
2022 9 8 4 0.2500 439.1000 0.0000 0.0000 154.2332 747.0556 0.7753 0.0000 4.8000 0.0000 0.0000 0.0000 0.0000 0.0000 0.2500 4.8000 
2022 9 8 5 0.2500 459.8200 0.0000 0.0000 154.2168 747.0532 0.7750 0.0000 4.8000 0.0000 0.0000 0.0000 0.0000 0.0000 0.2500 4.8000 
2022 9 8 6 0.2500 486.0300 0.0000 0.0000 154.2004 747.0509 0.7747 0.0000 4.8000 0.0000 0.0000 0.0000 0.0000 0.0000 0.2500 4.8000 
2022 9 8 7 0.2400 504.4700 0.0000 0.0000 154.1840 747.0485 0.7745 0.0000 4.8000 0.0000 0.0000 0.0000 0.0000 0.0000 0.2400 4.8000 
2022 9 8 8 0.2400 473.3100 0.0000 0.0000 154.1676 747.0462 0.7742 0.0000 4.8000 0.0000 0.0000 0.0000 0.0000 0.0000 0.2400 4.8000 
2022 9 8 9 0.2400 465.6200 0.0000 0.0000 154.1512 747.0439 0.7739 0.0000 4.8000 0.0000 0.0000 0.0000 0.0000 0.0000 0.2400 4.8000 
2022 9 8 10 0.2400 438.5300 0.0000 0.0000 154.1347 747.0415 0.7737 0.0000 4.8000 0.0000 0.0000 0.0000 0.0000 0.0000 0.2400 4.8000 
2022 9 8 11 0.2400 426.1800 0.0000 0.0000 154.1183 747.0392 0.7734 0.0000 4.8000 0.0000 0.0000 0.0000 0.0000 0.0000 0.2400 4.8000 
2022 9 8 12 0.2400 407.0500 0.0000 0.0000 154.1019 747.0369 0.7731 0.0000 4.8000 0.0000 0.0000 0.0000 0.0000 0.0000 0.2400 4.8000 
2022 9 8 13 0.2400 397.2700 0.0000 0.0000 154.0855 747.0345 0.7729 0.0000 4.8000 0.0000 0.0000 0.0000 0.0000 0.0000 0.2400 4.8000 
2022 9 8 14 0.2400 402.0900 0.0000 0.0000 154.0691 747.0322 0.7726 0.0000 4.8000 0.0000 0.0000 0.0000 0.0000 0.0000 0.2400 4.8000 
2022 9 8 15 0.2400 413.1900 0.0000 0.0000 154.0527 747.0298 0.7723 0.0000 4.8000 0.0000 0.0000 0.0000 0.0000 0.0000 0.2400 4.8000 
2022 9 8 16 0.2400 452.1600 0.0000 0.0000 154.0362 747.0275 0.7721 0.0000 4.8000 0.0000 0.0000 0.0000 0.0000 0.0000 0.2400 4.8000 
2022 9 8 17 0.2300 467.2000 0.0000 0.0000 154.0198 747.0251 0.7718 0.0000 4.8000 0.0000 0.0000 0.0000 0.0000 0.0000 0.2300 4.8000 
2022 9 8 18 0.2300 478.3100 0.0000 0.0000 154.0033 747.0228 0.7715 0.0000 4.8000 0.0000 0.0000 0.0000 0.0000 0.0000 0.2300 4.8000 
2022 9 8 19 0.2300 484.0800 0.0000 0.0000 153.9869 747.0205 0.7713 0.0000 4.8000 0.0000 0.0000 0.0000 0.0000 0.0000 0.2300 4.8000 
2022 9 8 20 0.2300 450.0900 0.0000 0.0000 153.9704 747.0181 0.7710 0.0000 4.8000 0.0000 0.0000 0.0000 0.0000 0.0000 0.2300 4.8000 
2022 9 8 21 0.2200 391.6800 0.0000 0.0000 153.9539 747.0158 0.7707 0.0000 4.8000 0.0000 0.0000 0.0000 0.0000 0.0000 0.2200 4.8000 
2022 9 8 22 0.2200 332.2700 0.0000 0.0000 153.9375 747.0134 0.7705 0.0000 4.8000 0.0000 0.0000 0.0000 0.0000 0.0000 0.2200 4.8000 
2022 9 8 23 0.2200 310.0400 0.0000 0.0000 153.9210 747.0111 0.7702 0.0000 4.8000 0.0000 0.0000 0.0000 0.0000 0.0000 0.2200 4.8000 
2022 9 9 0 0.2200 246.1600 0.0000 0.0000 153.9045 747.0087 0.7699 0.0000 4.8000 0.0000 0.0000 0.0000 0.0000 0.0000 0.2200 4.8000 
2022 9 9 1 0.2200 211.8700 0.0000 0.0000 153.8880 747.0064 0.7697 0.0000 4.8000 0.0000 0.0000 0.0000 0.0000 0.0000 0.2200 4.8000 
2022 9 9 2 0.2200 199.4500 0.0000 0.0000 153.8715 747.0040 0.7694 0.0000 4.8000 0.0000 0.0000 0.0000 0.0000 0.0000 0.2200 4.8000 
2022 9 9 3 0.2300 234.9400 0.0000 0.0000 153.8551 747.0017 0.7691 0.0000 4.8000 0.0000 0.0000 0.0000 0.0000 0.0000 0.2300 4.8000 
2022 9 9 4 0.2300 288.6200 0.0000 0.0000 153.8386 746.9993 0.7689 0.0000 4.8000 0.0000 0.0000 0.0000 0.0000 0.0000 0.2300 4.8000 
2022 9 9 5 0.2400 371.2400 0.0000 0.0000 153.8222 746.9970 0.7686 0.0000 4.8000 0.0000 0.0000 0.0000 0.0000 0.0000 0.2400 4.8000 
2022 9 9 6 0.2400 419.0900 0.0000 0.0000 153.8058 746.9946 0.7683 0.0000 4.8000 0.0000 0.0000 0.0000 0.0000 0.0000 0.2400 4.8000 
2022 9 9 7 0.2300 419.5300 0.0000 0.0000 153.7893 746.9923 0.7681 0.0000 4.8000 0.0000 0.0000 0.0000 0.0000 0.0000 0.2300 4.8000 
2022 9 9 8 0.2300 404.5500 0.0000 0.0000 153.7729 746.9900 0.7678 0.0000 4.8000 0.0000 0.0000 0.0000 0.0000 0.0000 0.2300 4.8000 
2022 9 9 9 0.2300 376.5400 0.0000 0.0000 153.7564 746.9876 0.7675 0.0000 4.8000 0.0000 0.0000 0.0000 0.0000 0.0000 0.2300 4.8000 
2022 9 9 10 0.2200 341.6000 0.0000 0.0000 153.7399 746.9853 0.7673 0.0000 4.8000 0.0000 0.0000 0.0000 0.0000 0.0000 0.2200 4.8000 
2022 9 9 11 0.2200 351.8400 0.0000 0.0000 153.7234 746.9829 0.7670 0.0000 4.8000 0.0000 0.0000 0.0000 0.0000 0.0000 0.2200 4.8000 
2022 9 9 12 0.2200 302.8800 0.0000 0.0000 153.7069 746.9806 0.7667 0.0000 4.8000 0.0000 0.0000 0.0000 0.0000 0.0000 0.2200 4.8000 
2022 9 9 13 0.2200 304.3300 0.0000 0.0000 153.6905 746.9782 0.7664 0.0000 4.8000 0.0000 0.0000 0.0000 0.0000 0.0000 0.2200 4.8000 
2022 9 9 14 0.2200 301.3700 0.0000 0.0000 153.6740 746.9759 0.7662 0.0000 4.8000 0.0000 0.0000 0.0000 0.0000 0.0000 0.2200 4.8000 
2022 9 9 15 0.2200 377.1900 0.0000 0.0000 153.6575 746.9735 0.7659 0.0000 4.8000 0.0000 0.0000 0.0000 0.0000 0.0000 0.2200 4.8000 
2022 9 9 16 0.2200 403.7700 0.0000 0.0000 153.6410 746.9712 0.7656 0.0000 4.8000 0.0000 0.0000 0.0000 0.0000 0.0000 0.2200 4.8000 
2022 9 9 17 0.2100 423.2800 0.0000 0.0000 153.6245 746.9688 0.7654 0.0000 4.8000 0.0000 0.0000 0.0000 0.0000 0.0000 0.2100 4.8000 
2022 9 9 18 0.2100 454.4300 0.0000 0.0000 153.6079 746.9665 0.7651 0.0000 4.8000 0.0000 0.0000 0.0000 0.0000 0.0000 0.2100 4.8000 
2022 9 9 19 0.2100 452.1400 0.0000 0.0000 153.5914 746.9641 0.7648 0.0000 4.8000 0.0000 0.0000 0.0000 0.0000 0.0000 0.2100 4.8000 
2022 9 9 20 0.2000 408.3400 0.0000 0.0000 153.5749 746.9617 0.7646 0.0000 4.8000 0.0000 0.0000 0.0000 0.0000 0.0000 0.2000 4.8000 
2022 9 9 21 0.2000 388.4600 0.0000 0.0000 153.5583 746.9594 0.7643 0.0000 4.8000 0.0000 0.0000 0.0000 0.0000 0.0000 0.2000 4.8000 
2022 9 9 22 0.2000 388.7900 0.0000 0.0000 153.5417 746.9570 0.7640 0.0000 4.8000 0.0000 0.0000 0.0000 0.0000 0.0000 0.2000 4.8000 
2022 9 9 23 0.2000 399.9600 0.0000 0.0000 153.5252 746.9547 0.7638 0.0000 4.8000 0.0000 0.0000 0.0000 0.0000 0.0000 0.2000 4.8000 
2022 9 10 0 0.2000 369.7600 0.0000 0.0000 153.5086 746.9523 0.7635 0.0000 4.8000 0.0000 0.0000 0.0000 0.0000 0.0000 0.2000 4.8000 
2022 9 10 1 0.2000 361.7900 0.0000 0.0000 153.4921 746.9499 0.7632 0.0000 4.8000 0.0000 0.0000 0.0000 0.0000 0.0000 0.2000 4.8000 
2022 9 10 2 0.2000 357.6700 0.0000 0.0000 153.4755 746.9476 0.7629 0.0000 4.8000 0.0000 0.0000 0.0000 0.0000 0.0000 0.2000 4.8000 
2022 9 10 3 0.2000 357.6900 0.0000 0.0000 153.4589 746.9452 0.7627 0.0000 4.8000 0.0000 0.0000 0.0000 0.0000 0.0000 0.2000 4.8000 
2022 9 10 4 0.2000 366.6100 0.0000 0.0000 153.4424 746.9429 0.7624 0.0000 4.8000 0.0000 0.0000 0.0000 0.0000 0.0000 0.2000 4.8000 
2022 9 10 5 0.2000 392.6200 0.0000 0.0000 153.4258 746.9405 0.7621 0.0000 4.8000 0.0000 0.0000 0.0000 0.0000 0.0000 0.2000 4.8000 
2022 9 10 6 0.2100 405.5500 0.0000 0.0000 153.4093 746.9381 0.7619 0.0000 4.8000 0.0000 0.0000 0.0000 0.0000 0.0000 0.2100 4.8000 
2022 9 10 7 0.2100 422.6400 0.0000 0.0000 153.3928 746.9358 0.7616 0.0000 4.8000 0.0000 0.0000 0.0000 0.0000 0.0000 0.2100 4.8000 
2022 9 10 8 0.2100 420.7900 0.0000 0.0000 153.3763 746.9334 0.7613 0.0000 4.8000 0.0000 0.0000 0.0000 0.0000 0.0000 0.2100 4.8000 
2022 9 10 9 0.2100 441.6700 0.0000 0.0000 153.3597 746.9311 0.7611 0.0000 4.8000 0.0000 0.0000 0.0000 0.0000 0.0000 0.2100 4.8000 
2022 9 10 10 0.2100 430.7900 0.0000 0.0000 153.3432 746.9287 0.7608 0.0000 4.8000 0.0000 0.0000 0.0000 0.0000 0.0000 0.2100 4.8000 
2022 9 10 11 0.2300 411.8500 0.0000 0.0000 153.3268 746.9264 0.7605 0.0000 4.8000 0.0000 0.0000 0.0000 0.0000 0.0000 0.2300 4.8000 
2022 9 10 12 0.2300 365.5500 0.0000 0.0000 153.3103 746.9240 0.7603 0.0000 4.8000 0.0000 0.0000 0.0000 0.0000 0.0000 0.2300 4.8000 
2022 9 10 13 0.2300 359.3500 0.0000 0.0000 153.2938 746.9217 0.7600 0.0000 4.8000 0.0000 0.0000 0.0000 0.0000 0.0000 0.2300 4.8000 
2022 9 10 14 0.2400 363.8900 0.0000 0.0000 153.2774 746.9193 0.7597 0.0000 4.8000 0.0000 0.0000 0.0000 0.0000 0.0000 0.2400 4.8000 
2022 9 10 15 0.2400 394.0800 0.0000 0.0000 153.2610 746.9170 0.7595 0.0000 4.8000 0.0000 0.0000 0.0000 0.0000 0.0000 0.2400 4.8000 
2022 9 10 16 0.2400 457.2000 0.0000 0.0000 153.2446 746.9147 0.7592 0.0000 4.8000 0.0000 0.0000 0.0000 0.0000 0.0000 0.2400 4.8000 
2022 9 10 17 0.2400 441.1300 0.0000 0.0000 153.2282 746.9123 0.7589 0.0000 4.8000 0.0000 0.0000 0.0000 0.0000 0.0000 0.2400 4.8000 
2022 9 10 18 0.2600 478.8600 0.0000 0.0000 153.2118 746.9100 0.7587 0.0000 4.8000 0.0000 0.0000 0.0000 0.0000 0.0000 0.2600 4.8000 
2022 9 10 19 0.2500 478.7500 0.0000 0.0000 153.1955 746.9077 0.7584 0.0000 4.8000 0.0000 0.0000 0.0000 0.0000 0.0000 0.2500 4.8000 
2022 9 10 20 0.2500 453.0000 0.0000 0.0000 153.1791 746.9053 0.7581 0.0000 4.8000 0.0000 0.0000 0.0000 0.0000 0.0000 0.2500 4.8000 
2022 9 10 21 0.2500 448.9200 0.0000 0.0000 153.1627 746.9030 0.7579 0.0000 4.8000 0.0000 0.0000 0.0000 0.0000 0.0000 0.2500 4.8000 
2022 9 10 22 0.2500 447.8000 0.0000 0.0000 153.1463 746.9007 0.7576 0.0000 4.8000 0.0000 0.0000 0.0000 0.0000 0.0000 0.2500 4.8000 
2022 9 10 23 0.2600 434.5600 0.0000 0.0000 153.1300 746.8983 0.7573 0.0000 4.8000 0.0000 0.0000 0.0000 0.0000 0.0000 0.2600 4.8000 
2022 9 11 0 0.2500 397.0500 0.0000 0.0000 153.1136 746.8960 0.7571 0.0000 4.8000 0.0000 0.0000 0.0000 0.0000 0.0000 0.2500 4.8000 
2022 9 11 1 0.2600 397.0400 0.0000 0.0000 153.0973 746.8937 0.7568 0.0000 4.8000 0.0000 0.0000 0.0000 0.0000 0.0000 0.2600 4.8000 
2022 9 11 2 0.2500 380.7100 0.0000 0.0000 153.0809 746.8913 0.7565 0.0000 4.8000 0.0000 0.0000 0.0000 0.0000 0.0000 0.2500 4.8000 
2022 9 11 3 0.2600 369.7000 0.0000 0.0000 153.0645 746.8890 0.7563 0.0000 4.8000 0.0000 0.0000 0.0000 0.0000 0.0000 0.2600 4.8000 
2022 9 11 4 0.2600 380.5100 0.0000 0.0000 153.0482 746.8867 0.7560 0.0000 4.8000 0.0000 0.0000 0.0000 0.0000 0.0000 0.2600 4.8000 
2022 9 11 5 0.2600 390.0100 0.0000 0.0000 153.0318 746.8843 0.7557 0.0000 4.8000 0.0000 0.0000 0.0000 0.0000 0.0000 0.2600 4.8000 
2022 9 11 6 0.2600 396.1600 0.0000 0.0000 153.0155 746.8820 0.7555 0.0000 4.8000 0.0000 0.0000 0.0000 0.0000 0.0000 0.2600 4.8000 
2022 9 11 7 0.2600 413.7900 0.0000 0.0000 152.9992 746.8797 0.7552 0.0000 4.8000 0.0000 0.0000 0.0000 0.0000 0.0000 0.2600 4.8000 
2022 9 11 8 0.2600 414.6400 0.0000 0.0000 152.9828 746.8774 0.7549 0.0000 4.8000 0.0000 0.0000 0.0000 0.0000 0.0000 0.2600 4.8000 
2022 9 11 9 0.2700 400.5900 0.0000 0.0000 152.9665 746.8750 0.7547 0.0000 4.8000 0.0000 0.0000 0.0000 0.0000 0.0000 0.2700 4.8000 
2022 9 11 10 0.2700 391.8700 0.0000 0.0000 152.9502 746.8727 0.7544 0.0000 4.8000 0.0000 0.0000 0.0000 0.0000 0.0000 0.2700 4.8000 
2022 9 11 11 0.2700 371.2000 0.0000 0.0000 152.9339 746.8704 0.7541 0.0000 4.8000 0.0000 0.0000 0.0000 0.0000 0.0000 0.2700 4.8000 
2022 9 11 12 0.2600 344.8200 0.0000 0.0000 152.9175 746.8681 0.7539 0.0000 4.8000 0.0000 0.0000 0.0000 0.0000 0.0000 0.2600 4.8000 
2022 9 11 13 0.2600 284.3200 0.0000 0.0000 152.9012 746.8657 0.7536 0.0000 4.8000 0.0000 0.0000 0.0000 0.0000 0.0000 0.2600 4.8000 
2022 9 11 14 0.2600 306.2400 0.0000 0.0000 152.8849 746.8634 0.7533 0.0000 4.8000 0.0000 0.0000 0.0000 0.0000 0.0000 0.2600 4.8000 
2022 9 11 15 0.2600 376.2900 0.0000 0.0000 152.8685 746.8611 0.7531 0.0000 4.8000 0.0000 0.0000 0.0000 0.0000 0.0000 0.2600 4.8000 
2022 9 11 16 0.2600 426.0100 0.0000 0.0000 152.8522 746.8587 0.7528 0.0000 4.8000 0.0000 0.0000 0.0000 0.0000 0.0000 0.2600 4.8000 
2022 9 11 17 0.2600 465.2000 0.0000 0.0000 152.8358 746.8564 0.7525 0.0000 4.8000 0.0000 0.0000 0.0000 0.0000 0.0000 0.2600 4.8000 
2022 9 11 18 0.2600 493.3800 0.0000 0.0000 152.8195 746.8541 0.7523 0.0000 4.8000 0.0000 0.0000 0.0000 0.0000 0.0000 0.2600 4.8000 
2022 9 11 19 0.2600 504.5400 0.0000 0.0000 152.8031 746.8518 0.7520 0.0000 4.8000 0.0000 0.0000 0.0000 0.0000 0.0000 0.2600 4.8000 
2022 9 11 20 0.2600 484.5300 0.0000 0.0000 152.7868 746.8494 0.7517 0.0000 4.8000 0.0000 0.0000 0.0000 0.0000 0.0000 0.2600 4.8000 
2022 9 11 21 0.2600 450.8800 0.0000 0.0000 152.7704 746.8471 0.7515 0.0000 4.8000 0.0000 0.0000 0.0000 0.0000 0.0000 0.2600 4.8000 
2022 9 11 22 0.2500 403.6900 0.0000 0.0000 152.7541 746.8448 0.7512 0.0000 4.8000 0.0000 0.0000 0.0000 0.0000 0.0000 0.2500 4.8000 
2022 9 11 23 0.2500 357.1600 0.0000 0.0000 152.7377 746.8424 0.7509 0.0000 4.8000 0.0000 0.0000 0.0000 0.0000 0.0000 0.2500 4.8000 
2022 9 12 0 0.2500 365.7900 0.0000 0.0000 152.7213 746.8401 0.7507 0.0000 4.8000 0.0000 0.0000 0.0000 0.0000 0.0000 0.2500 4.8000 
2022 9 12 1 0.2500 365.2900 0.0000 0.0000 152.7049 746.8378 0.7504 0.0000 4.8000 0.0000 0.0000 0.0000 0.0000 0.0000 0.2500 4.8000 
2022 9 12 2 0.2500 360.0400 0.0000 0.0000 152.6885 746.8354 0.7501 0.0000 4.8000 0.0000 0.0000 0.0000 0.0000 0.0000 0.2500 4.8000 
2022 9 12 3 0.2500 363.6300 0.0000 0.0000 152.6722 746.8331 0.7499 0.0000 4.8000 0.0000 0.0000 0.0000 0.0000 0.0000 0.2500 4.8000 
2022 9 12 4 0.2500 401.1500 0.0000 0.0000 152.6558 746.8308 0.7496 0.0000 4.8000 0.0000 0.0000 0.0000 0.0000 0.0000 0.2500 4.8000 
2022 9 12 5 0.2500 454.5300 0.0000 0.0000 152.6394 746.8284 0.7493 0.0000 4.8000 0.0000 0.0000 0.0000 0.0000 0.0000 0.2500 4.8000 
2022 9 12 6 0.2400 486.6800 0.0000 0.0000 152.6230 746.8261 0.7491 0.0000 4.8000 0.0000 0.0000 0.0000 0.0000 0.0000 0.2400 4.8000 
2022 9 12 7 0.2400 489.8100 0.0000 0.0000 152.6066 746.8237 0.7488 0.0000 4.8000 0.0000 0.0000 0.0000 0.0000 0.0000 0.2400 4.8000 
2022 9 12 8 0.2400 458.5800 0.0000 0.0000 152.5902 746.8214 0.7485 0.0000 4.8000 0.0000 0.0000 0.0000 0.0000 0.0000 0.2400 4.8000 
2022 9 12 9 0.2400 417.6200 0.0000 0.0000 152.5737 746.8191 0.7483 0.0000 4.8000 0.0000 0.0000 0.0000 0.0000 0.0000 0.2400 4.8000 
2022 9 12 10 0.2400 370.5200 0.0000 0.0000 152.5573 746.8167 0.7480 0.0000 4.8000 0.0000 0.0000 0.0000 0.0000 0.0000 0.2400 4.8000 
2022 9 12 11 0.2400 362.2600 0.0000 0.0000 152.5409 746.8144 0.7477 0.0000 4.8000 0.0000 0.0000 0.0000 0.0000 0.0000 0.2400 4.8000 
2022 9 12 12 0.2400 339.4700 0.0000 0.0000 152.5245 746.8120 0.7475 0.0000 4.8000 0.0000 0.0000 0.0000 0.0000 0.0000 0.2400 4.8000 
2022 9 12 13 0.2400 347.4200 0.0000 0.0000 152.5081 746.8097 0.7472 0.0000 4.8000 0.0000 0.0000 0.0000 0.0000 0.0000 0.2400 4.8000 
2022 9 12 14 0.2500 354.9400 0.0000 0.0000 152.4917 746.8074 0.7469 0.0000 4.8000 0.0000 0.0000 0.0000 0.0000 0.0000 0.2500 4.8000 
2022 9 12 15 0.2500 407.2800 0.0000 0.0000 152.4753 746.8050 0.7467 0.0000 4.8000 0.0000 0.0000 0.0000 0.0000 0.0000 0.2500 4.8000 
2022 9 12 16 0.2600 457.5900 0.0000 0.0000 152.4590 746.8027 0.7464 0.0000 4.8000 0.0000 0.0000 0.0000 0.0000 0.0000 0.2600 4.8000 
2022 9 12 17 0.2700 490.3000 0.0000 0.0000 152.4427 746.8004 0.7461 0.0000 4.8000 0.0000 0.0000 0.0000 0.0000 0.0000 0.2700 4.8000 
2022 9 12 18 0.2900 495.5800 0.0000 0.0000 152.4264 746.7981 0.7459 0.0000 4.8000 0.0000 0.0000 0.0000 0.0000 0.0000 0.2900 4.8000 
2022 9 12 19 0.3800 486.8400 0.0000 0.0000 152.4105 746.7958 0.7456 0.0000 4.8000 0.0000 0.0000 0.0000 0.0000 0.0000 0.3800 4.8000 
2022 9 12 20 0.7800 449.5400 0.0000 0.0000 152.3960 746.7937 0.7454 0.0000 4.8000 0.0000 0.0000 0.0000 0.0000 0.0000 0.7800 4.8000 
2022 9 12 21 1.2700 375.1400 0.0000 0.0000 152.3833 746.7919 0.7452 0.0000 4.8000 0.0000 0.0000 0.0000 0.0000 0.0000 1.2700 4.8000 
2022 9 12 22 1.4900 341.6700 0.0000 0.0000 152.3714 746.7902 0.7450 0.0000 4.8000 0.0000 0.0000 0.0000 0.0000 0.0000 1.4900 4.8000 
2022 9 12 23 1.5800 349.1800 0.0000 0.0000 152.3598 746.7886 0.7448 0.0000 4.8000 0.0000 0.0000 0.0000 0.0000 0.0000 1.5800 4.8000 
2022 9 13 0 1.6000 302.8800 0.0000 0.0000 152.3483 746.7869 0.7446 0.0000 4.8000 0.0000 0.0000 0.0000 0.0000 0.0000 1.6000 4.8000 
2022 9 13 1 1.5600 289.9200 0.0000 0.0000 152.3366 746.7853 0.7444 0.0000 4.8000 0.0000 0.0000 0.0000 0.0000 0.0000 1.5600 4.8000 
2022 9 13 2 1.4900 303.0000 0.0000 0.0000 152.3247 746.7836 0.7442 0.0000 4.8000 0.0000 0.0000 0.0000 0.0000 0.0000 1.4900 4.8000 
2022 9 13 3 1.4400 311.0300 0.0000 0.0000 152.3126 746.7818 0.7440 0.0000 4.8000 0.0000 0.0000 0.0000 0.0000 0.0000 1.4400 4.8000 
2022 9 13 4 1.4000 308.9200 0.0000 0.0000 152.3004 746.7801 0.7438 0.0000 4.8000 0.0000 0.0000 0.0000 0.0000 0.0000 1.4000 4.8000 
2022 9 13 5 1.3700 394.8500 0.0000 0.0000 152.2880 746.7783 0.7436 0.0000 4.8000 0.0000 0.0000 0.0000 0.0000 0.0000 1.3700 4.8000 
2022 9 13 6 1.3600 444.2200 0.0000 0.0000 152.2757 746.7766 0.7434 0.0000 4.8000 0.0000 0.0000 0.0000 0.0000 0.0000 1.3600 4.8000 
2022 9 13 7 1.3500 454.6600 0.0000 0.0000 152.2632 746.7748 0.7432 0.0000 4.8000 0.0000 0.0000 0.0000 0.0000 0.0000 1.3500 4.8000 
2022 9 13 8 1.3600 445.1700 0.0000 0.0000 152.2509 746.7730 0.7430 0.0000 4.8000 0.0000 0.0000 0.0000 0.0000 0.0000 1.3600 4.8000 
2022 9 13 9 1.3600 434.5700 0.0000 0.0000 152.2385 746.7713 0.7428 0.0000 4.8000 0.0000 0.0000 0.0000 0.0000 0.0000 1.3600 4.8000 
2022 9 13 10 1.3600 442.0500 0.0000 0.0000 152.2261 746.7695 0.7426 0.0000 4.8000 0.0000 0.0000 0.0000 0.0000 0.0000 1.3600 4.8000 
2022 9 13 11 1.3500 345.7200 0.0000 0.0000 152.2137 746.7677 0.7424 0.0000 4.8000 0.0000 0.0000 0.0000 0.0000 0.0000 1.3500 4.8000 
2022 9 13 12 1.3300 334.8100 0.0000 0.0000 152.2012 746.7660 0.7422 0.0000 4.8000 0.0000 0.0000 0.0000 0.0000 0.0000 1.3300 4.8000 
2022 9 13 13 1.3200 340.6700 0.0000 0.0000 152.1886 746.7642 0.7420 0.0000 4.8000 0.0000 0.0000 0.0000 0.0000 0.0000 1.3200 4.8000 
2022 9 13 14 1.3000 354.9900 0.0000 0.0000 152.1760 746.7624 0.7418 0.0000 4.8000 0.0000 0.0000 0.0000 0.0000 0.0000 1.3000 4.8000 
2022 9 13 15 1.2700 372.5300 0.0000 0.0000 152.1633 746.7606 0.7416 0.0000 4.8000 0.0000 0.0000 0.0000 0.0000 0.0000 1.2700 4.8000 
2022 9 13 16 1.2300 414.6100 0.0000 0.0000 152.1505 746.7587 0.7414 0.0000 4.8000 0.0000 0.0000 0.0000 0.0000 0.0000 1.2300 4.8000 
2022 9 13 17 1.2000 449.3400 0.0000 0.0000 152.1375 746.7569 0.7412 0.0000 4.8000 0.0000 0.0000 0.0000 0.0000 0.0000 1.2000 4.8000 
2022 9 13 18 1.1700 468.8000 0.0000 0.0000 152.1245 746.7550 0.7410 0.0000 4.8000 0.0000 0.0000 0.0000 0.0000 0.0000 1.1700 4.8000 
2022 9 13 19 1.1500 465.7900 0.0000 0.0000 152.1113 746.7532 0.7407 0.0000 4.8000 0.0000 0.0000 0.0000 0.0000 0.0000 1.1500 4.8000 
2022 9 13 20 1.1200 425.4300 0.0000 0.0000 152.0981 746.7513 0.7405 0.0000 4.8000 0.0000 0.0000 0.0000 0.0000 0.0000 1.1200 4.8000 
2022 9 13 21 1.1000 388.8200 0.0000 0.0000 152.0848 746.7494 0.7403 0.0000 4.8000 0.0000 0.0000 0.0000 0.0000 0.0000 1.1000 4.8000 
2022 9 13 22 1.0700 333.2800 0.0000 0.0000 152.0713 746.7475 0.7401 0.0000 4.8000 0.0000 0.0000 0.0000 0.0000 0.0000 1.0700 4.8000 
2022 9 13 23 1.0500 355.7400 0.0000 0.0000 152.0578 746.7455 0.7399 0.0000 4.8000 0.0000 0.0000 0.0000 0.0000 0.0000 1.0500 4.8000 
2022 9 14 0 1.0300 319.5800 0.0000 0.0000 152.0443 746.7436 0.7397 0.0000 4.8000 0.0000 0.0000 0.0000 0.0000 0.0000 1.0300 4.8000 
2022 9 14 1 1.0200 329.7100 0.0000 0.0000 152.0306 746.7417 0.7394 0.0000 4.8000 0.0000 0.0000 0.0000 0.0000 0.0000 1.0200 4.8000 
2022 9 14 2 1.0000 325.5600 0.0000 0.0000 152.0170 746.7397 0.7392 0.0000 4.8000 0.0000 0.0000 0.0000 0.0000 0.0000 1.0000 4.8000 
2022 9 14 3 0.9900 337.0300 0.0000 0.0000 152.0032 746.7378 0.7390 0.0000 4.8000 0.0000 0.0000 0.0000 0.0000 0.0000 0.9900 4.8000 
2022 9 14 4 0.9600 363.8700 0.0000 0.0000 151.9894 746.7358 0.7388 0.0000 4.8000 0.0000 0.0000 0.0000 0.0000 0.0000 0.9600 4.8000 
2022 9 14 5 0.9400 413.8000 0.0000 0.0000 151.9755 746.7338 0.7385 0.0000 4.8000 0.0000 0.0000 0.0000 0.0000 0.0000 0.9400 4.8000 
2022 9 14 6 0.9300 460.5400 0.0000 0.0000 151.9616 746.7318 0.7383 0.0000 4.8000 0.0000 0.0000 0.0000 0.0000 0.0000 0.9300 4.8000 
2022 9 14 7 0.9200 478.9300 0.0000 0.0000 151.9476 746.7298 0.7381 0.0000 4.8000 0.0000 0.0000 0.0000 0.0000 0.0000 0.9200 4.8000 
2022 9 14 8 0.9100 486.6400 0.0000 0.0000 151.9336 746.7278 0.7379 0.0000 4.8000 0.0000 0.0000 0.0000 0.0000 0.0000 0.9100 4.8000 
2022 9 14 9 0.9000 478.5400 0.0000 0.0000 151.9196 746.7258 0.7376 0.0000 4.8000 0.0000 0.0000 0.0000 0.0000 0.0000 0.9000 4.8000 
2022 9 14 10 0.8900 476.0000 0.0000 0.0000 151.9055 746.7238 0.7374 0.0000 4.8000 0.0000 0.0000 0.0000 0.0000 0.0000 0.8900 4.8000 
2022 9 14 11 0.8800 460.8700 0.0000 0.0000 151.8914 746.7218 0.7372 0.0000 4.8000 0.0000 0.0000 0.0000 0.0000 0.0000 0.8800 4.8000 
2022 9 14 12 0.8700 450.3700 0.0000 0.0000 151.8772 746.7198 0.7369 0.0000 4.8000 0.0000 0.0000 0.0000 0.0000 0.0000 0.8700 4.8000 
2022 9 14 13 0.8600 422.0900 0.0000 0.0000 151.8631 746.7178 0.7367 0.0000 4.8000 0.0000 0.0000 0.0000 0.0000 0.0000 0.8600 4.8000 
2022 9 14 14 0.8500 440.4100 0.0000 0.0000 151.8488 746.7157 0.7365 0.0000 4.8000 0.0000 0.0000 0.0000 0.0000 0.0000 0.8500 4.8000 
2022 9 14 15 0.8400 447.2400 0.0000 0.0000 151.8346 746.7137 0.7362 0.0000 4.8000 0.0000 0.0000 0.0000 0.0000 0.0000 0.8400 4.8000 
2022 9 14 16 0.8300 461.9100 0.0000 0.0000 151.8203 746.7117 0.7360 0.0000 4.8000 0.0000 0.0000 0.0000 0.0000 0.0000 0.8300 4.8000 
2022 9 14 17 0.8300 466.8800 0.0000 0.0000 151.8060 746.7096 0.7358 0.0000 4.8000 0.0000 0.0000 0.0000 0.0000 0.0000 0.8300 4.8000 
2022 9 14 18 0.8200 474.3900 0.0000 0.0000 151.7917 746.7076 0.7355 0.0000 4.8000 0.0000 0.0000 0.0000 0.0000 0.0000 0.8200 4.8000 
2022 9 14 19 0.8100 474.1500 0.0000 0.0000 151.7773 746.7056 0.7353 0.0000 4.8000 0.0000 0.0000 0.0000 0.0000 0.0000 0.8100 4.8000 
2022 9 14 20 0.8100 460.8100 0.0000 0.0000 151.7629 746.7035 0.7351 0.0000 4.8000 0.0000 0.0000 0.0000 0.0000 0.0000 0.8100 4.8000 
2022 9 14 21 0.8000 419.9700 0.0000 0.0000 151.7485 746.7015 0.7348 0.0000 4.8000 0.0000 0.0000 0.0000 0.0000 0.0000 0.8000 4.8000 
2022 9 14 22 0.7900 355.9400 0.0000 0.0000 151.7341 746.6994 0.7346 0.0000 4.8000 0.0000 0.0000 0.0000 0.0000 0.0000 0.7900 4.8000 
2022 9 14 23 0.7900 406.7400 0.0000 0.0000 151.7197 746.6973 0.7344 0.0000 4.8000 0.0000 0.0000 0.0000 0.0000 0.0000 0.7900 4.8000 
2022 9 15 0 0.7800 353.2000 0.0000 0.0000 151.7052 746.6953 0.7341 0.0000 4.8000 0.0000 0.0000 0.0000 0.0000 0.0000 0.7800 4.8000 
2022 9 15 1 0.7800 330.0700 0.0000 0.0000 151.6907 746.6932 0.7339 0.0000 4.8000 0.0000 0.0000 0.0000 0.0000 0.0000 0.7800 4.8000 
2022 9 15 2 0.7700 314.7200 0.0000 0.0000 151.6762 746.6911 0.7337 0.0000 4.8000 0.0000 0.0000 0.0000 0.0000 0.0000 0.7700 4.8000 
2022 9 15 3 0.7700 283.5700 0.0000 0.0000 151.6617 746.6891 0.7334 0.0000 4.8000 0.0000 0.0000 0.0000 0.0000 0.0000 0.7700 4.8000 
2022 9 15 4 0.7600 381.1500 0.0000 0.0000 151.6472 746.6870 0.7332 0.0000 4.8000 0.0000 0.0000 0.0000 0.0000 0.0000 0.7600 4.8000 
2022 9 15 5 0.7600 396.4000 0.0000 0.0000 151.6326 746.6849 0.7330 0.0000 4.8000 0.0000 0.0000 0.0000 0.0000 0.0000 0.7600 4.8000 
2022 9 15 6 0.7500 430.1700 0.0000 0.0000 151.6180 746.6829 0.7327 0.0000 4.8000 0.0000 0.0000 0.0000 0.0000 0.0000 0.7500 4.8000 
2022 9 15 7 0.7500 431.7700 0.0000 0.0000 151.6035 746.6808 0.7325 0.0000 4.8000 0.0000 0.0000 0.0000 0.0000 0.0000 0.7500 4.8000 
2022 9 15 8 0.7400 433.2200 0.0000 0.0000 151.5889 746.6787 0.7322 0.0000 4.8000 0.0000 0.0000 0.0000 0.0000 0.0000 0.7400 4.8000 
2022 9 15 9 0.7400 411.8400 0.0000 0.0000 151.5742 746.6766 0.7320 0.0000 4.8000 0.0000 0.0000 0.0000 0.0000 0.0000 0.7400 4.8000 
2022 9 15 10 0.7300 388.5700 0.0000 0.0000 151.5596 746.6745 0.7318 0.0000 4.8000 0.0000 0.0000 0.0000 0.0000 0.0000 0.7300 4.8000 
2022 9 15 11 0.7300 344.9700 0.0000 0.0000 151.5449 746.6724 0.7315 0.0000 4.8000 0.0000 0.0000 0.0000 0.0000 0.0000 0.7300 4.8000 
2022 9 15 12 0.7300 315.3800 0.0000 0.0000 151.5303 746.6703 0.7313 0.0000 4.8000 0.0000 0.0000 0.0000 0.0000 0.0000 0.7300 4.8000 
2022 9 15 13 0.7200 309.6800 0.0000 0.0000 151.5156 746.6683 0.7310 0.0000 4.8000 0.0000 0.0000 0.0000 0.0000 0.0000 0.7200 4.8000 
2022 9 15 14 0.7200 271.9200 0.0000 0.0000 151.5009 746.6662 0.7308 0.0000 4.8000 0.0000 0.0000 0.0000 0.0000 0.0000 0.7200 4.8000 
2022 9 15 15 0.7100 302.7300 0.0000 0.0000 151.4862 746.6641 0.7306 0.0000 4.8000 0.0000 0.0000 0.0000 0.0000 0.0000 0.7100 4.8000 
2022 9 15 16 0.7100 364.8600 0.0000 0.0000 151.4715 746.6620 0.7303 0.0000 4.8000 0.0000 0.0000 0.0000 0.0000 0.0000 0.7100 4.8000 
2022 9 15 17 0.7000 414.9600 0.0000 0.0000 151.4567 746.6599 0.7301 0.0000 4.8000 0.0000 0.0000 0.0000 0.0000 0.0000 0.7000 4.8000 
2022 9 15 18 0.7000 422.8400 0.0000 0.0000 151.4419 746.6578 0.7298 0.0000 4.8000 0.0000 0.0000 0.0000 0.0000 0.0000 0.7000 4.8000 
2022 9 15 19 0.6900 428.2900 0.0000 0.0000 151.4271 746.6556 0.7296 0.0000 4.8000 0.0000 0.0000 0.0000 0.0000 0.0000 0.6900 4.8000 
2022 9 15 20 0.6800 397.2500 0.0000 0.0000 151.4123 746.6535 0.7294 0.0000 4.8000 0.0000 0.0000 0.0000 0.0000 0.0000 0.6800 4.8000 
2022 9 15 21 0.6700 356.7900 0.0000 0.0000 151.3974 746.6514 0.7291 0.0000 4.8000 0.0000 0.0000 0.0000 0.0000 0.0000 0.6700 4.8000 
2022 9 15 22 0.6700 264.9100 0.0000 0.0000 151.3826 746.6493 0.7289 0.0000 4.8000 0.0000 0.0000 0.0000 0.0000 0.0000 0.6700 4.8000 
2022 9 15 23 0.6600 190.4700 0.0000 0.0000 151.3677 746.6472 0.7286 0.0000 4.8000 0.0000 0.0000 0.0000 0.0000 0.0000 0.6600 4.8000 
2022 9 16 0 0.6500 170.7800 0.0000 0.0000 151.3527 746.6450 0.7284 0.0000 4.8000 0.0000 0.0000 0.0000 0.0000 0.0000 0.6500 4.8000 
2022 9 16 1 0.6500 228.1700 0.0000 0.0000 151.3378 746.6429 0.7282 0.0000 4.8000 0.0000 0.0000 0.0000 0.0000 0.0000 0.6500 4.8000 
2022 9 16 2 0.6400 181.9800 0.0000 0.0000 151.3228 746.6408 0.7279 0.0000 4.8000 0.0000 0.0000 0.0000 0.0000 0.0000 0.6400 4.8000 
2022 9 16 3 0.6400 148.7300 0.0000 0.0000 151.3078 746.6386 0.7277 0.0000 4.8000 0.0000 0.0000 0.0000 0.0000 0.0000 0.6400 4.8000 
2022 9 16 4 0.6300 220.6300 0.0000 0.0000 151.2928 746.6365 0.7274 0.0000 4.8000 0.0000 0.0000 0.0000 0.0000 0.0000 0.6300 4.8000 
2022 9 16 5 0.6300 369.3600 0.0000 0.0000 151.2778 746.6344 0.7272 0.0000 4.8000 0.0000 0.0000 0.0000 0.0000 0.0000 0.6300 4.8000 
2022 9 16 6 0.6200 424.4300 0.0000 0.0000 151.2628 746.6322 0.7269 0.0000 4.8000 0.0000 0.0000 0.0000 0.0000 0.0000 0.6200 4.8000 
2022 9 16 7 0.6200 418.4700 0.0000 0.0000 151.2477 746.6301 0.7267 0.0000 4.8000 0.0000 0.0000 0.0000 0.0000 0.0000 0.6200 4.8000 
2022 9 16 8 0.6100 405.9100 0.0000 0.0000 151.2326 746.6279 0.7264 0.0000 4.8000 0.0000 0.0000 0.0000 0.0000 0.0000 0.6100 4.8000 
2022 9 16 9 0.6100 408.1000 0.0000 0.0000 151.2175 746.6258 0.7262 0.0000 4.8000 0.0000 0.0000 0.0000 0.0000 0.0000 0.6100 4.8000 
2022 9 16 10 0.6000 406.6700 0.0000 0.0000 151.2024 746.6236 0.7260 0.0000 4.8000 0.0000 0.0000 0.0000 0.0000 0.0000 0.6000 4.8000 
2022 9 16 11 0.6000 411.1900 0.0000 0.0000 151.1873 746.6215 0.7257 0.0000 4.8000 0.0000 0.0000 0.0000 0.0000 0.0000 0.6000 4.8000 
2022 9 16 12 0.5900 409.4500 0.0000 0.0000 151.1722 746.6193 0.7255 0.0000 4.8000 0.0000 0.0000 0.0000 0.0000 0.0000 0.5900 4.8000 
2022 9 16 13 0.5800 409.3200 0.0000 0.0000 151.1570 746.6171 0.7252 0.0000 4.8000 0.0000 0.0000 0.0000 0.0000 0.0000 0.5800 4.8000 
2022 9 16 14 0.5800 408.1100 0.0000 0.0000 151.1418 746.6150 0.7250 0.0000 4.8000 0.0000 0.0000 0.0000 0.0000 0.0000 0.5800 4.8000 
2022 9 16 15 0.5700 404.2600 0.0000 0.0000 151.1265 746.6128 0.7247 0.0000 4.8000 0.0000 0.0000 0.0000 0.0000 0.0000 0.5700 4.8000 
2022 9 16 16 0.5700 266.5500 0.0000 0.0000 151.1113 746.6106 0.7245 0.0000 4.8000 0.0000 0.0000 0.0000 0.0000 0.0000 0.5700 4.8000 
2022 9 16 17 0.5700 327.2600 0.0000 0.0000 151.0961 746.6085 0.7242 0.0000 4.8000 0.0000 0.0000 0.0000 0.0000 0.0000 0.5700 4.8000 
2022 9 16 18 0.5600 379.6100 0.0000 0.0000 151.0808 746.6063 0.7240 0.0000 4.8000 0.0000 0.0000 0.0000 0.0000 0.0000 0.5600 4.8000 
2022 9 16 19 0.5600 365.0900 0.0000 0.0000 151.0656 746.6041 0.7237 0.0000 4.8000 0.0000 0.0000 0.0000 0.0000 0.0000 0.5600 4.8000 
2022 9 16 20 0.5600 235.6200 0.0000 0.0000 151.0503 746.6019 0.7235 0.0000 4.8000 0.0000 0.0000 0.0000 0.0000 0.0000 0.5600 4.8000 
2022 9 16 21 0.5500 276.7700 0.0000 0.0000 151.0350 746.5998 0.7232 0.0000 4.8000 0.0000 0.0000 0.0000 0.0000 0.0000 0.5500 4.8000 
2022 9 16 22 0.5400 237.2900 0.0000 0.0000 151.0197 746.5976 0.7230 0.0000 4.8000 0.0000 0.0000 0.0000 0.0000 0.0000 0.5400 4.8000 
2022 9 16 23 0.5400 391.6600 0.0000 0.0000 151.0043 746.5954 0.7227 0.0000 4.8000 0.0000 0.0000 0.0000 0.0000 0.0000 0.5400 4.8000 
2022 9 17 0 0.5300 365.8200 0.0000 0.0000 150.9889 746.5932 0.7225 0.0000 4.8000 0.0000 0.0000 0.0000 0.0000 0.0000 0.5300 4.8000 
2022 9 17 1 0.5300 247.5600 0.0000 0.0000 150.9736 746.5910 0.7222 0.0000 4.8000 0.0000 0.0000 0.0000 0.0000 0.0000 0.5300 4.8000 
2022 9 17 2 0.5300 245.9400 0.0000 0.0000 150.9582 746.5888 0.7220 0.0000 4.8000 0.0000 0.0000 0.0000 0.0000 0.0000 0.5300 4.8000 
2022 9 17 3 0.5300 245.1300 0.0000 0.0000 150.9428 746.5866 0.7217 0.0000 4.8000 0.0000 0.0000 0.0000 0.0000 0.0000 0.5300 4.8000 
2022 9 17 4 0.5200 199.1900 0.0000 0.0000 150.9274 746.5844 0.7215 0.0000 4.8000 0.0000 0.0000 0.0000 0.0000 0.0000 0.5200 4.8000 
2022 9 17 5 0.5200 86.6800 0.0000 0.0000 150.9120 746.5822 0.7212 0.0000 4.8000 0.0000 0.0000 0.0000 0.0000 0.0000 0.5200 4.8000 
2022 9 17 6 0.5100 250.7100 0.0000 0.0000 150.8966 746.5800 0.7210 0.0000 4.8000 0.0000 0.0000 0.0000 0.0000 0.0000 0.5100 4.8000 
2022 9 17 7 0.5000 235.5200 0.0000 0.0000 150.8811 746.5778 0.7207 0.0000 4.8000 0.0000 0.0000 0.0000 0.0000 0.0000 0.5000 4.8000 
2022 9 17 8 0.5000 390.9700 0.0000 0.0000 150.8656 746.5756 0.7205 0.0000 4.8000 0.0000 0.0000 0.0000 0.0000 0.0000 0.5000 4.8000 
2022 9 17 9 0.4900 396.4800 0.0000 0.0000 150.8501 746.5734 0.7202 0.0000 4.8000 0.0000 0.0000 0.0000 0.0000 0.0000 0.4900 4.8000 
2022 9 17 10 0.4900 389.6400 0.0000 0.0000 150.8346 746.5712 0.7200 0.0000 4.8000 0.0000 0.0000 0.0000 0.0000 0.0000 0.4900 4.8000 
2022 9 17 11 0.4900 390.5200 0.0000 0.0000 150.8191 746.5690 0.7197 0.0000 4.8000 0.0000 0.0000 0.0000 0.0000 0.0000 0.4900 4.8000 
2022 9 17 12 0.4800 234.7300 0.0000 0.0000 150.8035 746.5668 0.7195 0.0000 4.8000 0.0000 0.0000 0.0000 0.0000 0.0000 0.4800 4.8000 
2022 9 17 13 0.4800 187.4400 0.0000 0.0000 150.7880 746.5646 0.7192 0.0000 4.8000 0.0000 0.0000 0.0000 0.0000 0.0000 0.4800 4.8000 
2022 9 17 14 0.4700 192.7500 0.0000 0.0000 150.7724 746.5623 0.7190 0.0000 4.8000 0.0000 0.0000 0.0000 0.0000 0.0000 0.4700 4.8000 
2022 9 17 15 0.4700 37.0800 0.0000 0.0000 150.7568 746.5601 0.7187 0.0000 4.8000 0.0000 0.0000 0.0000 0.0000 0.0000 0.4700 4.8000 
2022 9 17 16 0.4600 70.3200 0.0000 0.0000 150.7412 746.5579 0.7184 0.0000 4.8000 0.0000 0.0000 0.0000 0.0000 0.0000 0.4600 4.8000 
2022 9 17 17 0.4600 240.0200 0.0000 0.0000 150.7255 746.5557 0.7182 0.0000 4.8000 0.0000 0.0000 0.0000 0.0000 0.0000 0.4600 4.8000 
2022 9 17 18 0.4500 229.7500 0.0000 0.0000 150.7099 746.5534 0.7179 0.0000 4.8000 0.0000 0.0000 0.0000 0.0000 0.0000 0.4500 4.8000 
2022 9 17 19 0.4500 343.6700 0.0000 0.0000 150.6942 746.5512 0.7177 0.0000 4.8000 0.0000 0.0000 0.0000 0.0000 0.0000 0.4500 4.8000 
2022 9 17 20 0.4400 398.4700 0.0000 0.0000 150.6785 746.5490 0.7174 0.0000 4.8000 0.0000 0.0000 0.0000 0.0000 0.0000 0.4400 4.8000 
2022 9 17 21 0.4400 250.8600 0.0000 0.0000 150.6628 746.5467 0.7172 0.0000 4.8000 0.0000 0.0000 0.0000 0.0000 0.0000 0.4400 4.8000 
2022 9 17 22 0.4400 269.7300 0.0000 0.0000 150.6471 746.5445 0.7169 0.0000 4.8000 0.0000 0.0000 0.0000 0.0000 0.0000 0.4400 4.8000 
2022 9 17 23 0.4300 28.1300 0.0000 0.0000 150.6314 746.5422 0.7167 0.0000 4.8000 0.0000 0.0000 0.0000 0.0000 0.0000 0.4300 4.8000 
2022 9 18 0 0.4300 28.5400 0.0000 0.0000 150.6157 746.5400 0.7164 0.0000 4.8000 0.0000 0.0000 0.0000 0.0000 0.0000 0.4300 4.8000 
2022 9 18 1 0.4200 23.4000 0.0000 0.0000 150.5999 746.5378 0.7161 0.0000 4.8000 0.0000 0.0000 0.0000 0.0000 0.0000 0.4200 4.8000 
2022 9 18 2 0.4200 28.6500 0.0000 0.0000 150.5841 746.5355 0.7159 0.0000 4.8000 0.0000 0.0000 0.0000 0.0000 0.0000 0.4200 4.8000 
2022 9 18 3 0.4200 35.8800 0.0000 0.0000 150.5684 746.5333 0.7156 0.0000 4.8000 0.0000 0.0000 0.0000 0.0000 0.0000 0.4200 4.8000 
2022 9 18 4 0.4200 32.3500 0.0000 0.0000 150.5526 746.5310 0.7154 0.0000 4.8000 0.0000 0.0000 0.0000 0.0000 0.0000 0.4200 4.8000 
2022 9 18 5 0.4200 25.2300 0.0000 0.0000 150.5368 746.5288 0.7151 0.0000 4.8000 0.0000 0.0000 0.0000 0.0000 0.0000 0.4200 4.8000 
2022 9 18 6 0.4100 63.4600 0.0000 0.0000 150.5210 746.5265 0.7149 0.0000 4.8000 0.0000 0.0000 0.0000 0.0000 0.0000 0.4100 4.8000 
2022 9 18 7 0.4100 78.8100 0.0000 0.0000 150.5052 746.5243 0.7146 0.0000 4.8000 0.0000 0.0000 0.0000 0.0000 0.0000 0.4100 4.8000 
2022 9 18 8 0.4000 71.8100 0.0000 0.0000 150.4894 746.5220 0.7143 0.0000 4.8000 0.0000 0.0000 0.0000 0.0000 0.0000 0.4000 4.8000 
2022 9 18 9 0.4000 229.0200 0.0000 0.0000 150.4735 746.5197 0.7141 0.0000 4.8000 0.0000 0.0000 0.0000 0.0000 0.0000 0.4000 4.8000 
2022 9 18 10 0.4000 363.4200 0.0000 0.0000 150.4577 746.5175 0.7138 0.0000 4.8000 0.0000 0.0000 0.0000 0.0000 0.0000 0.4000 4.8000 
2022 9 18 11 0.3900 85.3300 0.0000 0.0000 150.4418 746.5152 0.7136 0.0000 4.8000 0.0000 0.0000 0.0000 0.0000 0.0000 0.3900 4.8000 
2022 9 18 12 0.3900 244.1100 0.0000 0.0000 150.4259 746.5130 0.7133 0.0000 4.8000 0.0000 0.0000 0.0000 0.0000 0.0000 0.3900 4.8000 
2022 9 18 13 0.3900 34.0000 0.0000 0.0000 150.4101 746.5107 0.7131 0.0000 4.8000 0.0000 0.0000 0.0000 0.0000 0.0000 0.3900 4.8000 
2022 9 18 14 0.3900 35.8900 0.0000 0.0000 150.3942 746.5084 0.7128 0.0000 4.8000 0.0000 0.0000 0.0000 0.0000 0.0000 0.3900 4.8000 
2022 9 18 15 0.3800 163.3000 0.0000 0.0000 150.3783 746.5062 0.7125 0.0000 4.8000 0.0000 0.0000 0.0000 0.0000 0.0000 0.3800 4.8000 
2022 9 18 16 0.3800 86.3800 0.0000 0.0000 150.3624 746.5039 0.7123 0.0000 4.8000 0.0000 0.0000 0.0000 0.0000 0.0000 0.3800 4.8000 
2022 9 18 17 0.3800 192.8800 0.0000 0.0000 150.3465 746.5016 0.7120 0.0000 4.8000 0.0000 0.0000 0.0000 0.0000 0.0000 0.3800 4.8000 
2022 9 18 18 0.3700 213.4000 0.0000 0.0000 150.3305 746.4994 0.7118 0.0000 4.8000 0.0000 0.0000 0.0000 0.0000 0.0000 0.3700 4.8000 
2022 9 18 19 0.3700 226.8900 0.0000 0.0000 150.3146 746.4971 0.7115 0.0000 4.8000 0.0000 0.0000 0.0000 0.0000 0.0000 0.3700 4.8000 
2022 9 18 20 0.3600 193.1400 0.0000 0.0000 150.2986 746.4948 0.7112 0.0000 4.8000 0.0000 0.0000 0.0000 0.0000 0.0000 0.3600 4.8000 
2022 9 18 21 0.3600 158.0000 0.0000 0.0000 150.2826 746.4925 0.7110 0.0000 4.8000 0.0000 0.0000 0.0000 0.0000 0.0000 0.3600 4.8000 
2022 9 18 22 0.3600 119.7200 0.0000 0.0000 150.2666 746.4903 0.7107 0.0000 4.8000 0.0000 0.0000 0.0000 0.0000 0.0000 0.3600 4.8000 
2022 9 18 23 0.3500 88.5900 0.0000 0.0000 150.2506 746.4880 0.7105 0.0000 4.8000 0.0000 0.0000 0.0000 0.0000 0.0000 0.3500 4.8000 
2022 9 19 0 0.3500 102.5400 0.0000 0.0000 150.2346 746.4857 0.7102 0.0000 4.8000 0.0000 0.0000 0.0000 0.0000 0.0000 0.3500 4.8000 
2022 9 19 1 0.3500 97.3700 0.0000 0.0000 150.2185 746.4834 0.7099 0.0000 4.8000 0.0000 0.0000 0.0000 0.0000 0.0000 0.3500 4.8000 
2022 9 19 2 0.3400 91.7800 0.0000 0.0000 150.2025 746.4811 0.7097 0.0000 4.8000 0.0000 0.0000 0.0000 0.0000 0.0000 0.3400 4.8000 
2022 9 19 3 0.3400 103.9200 0.0000 0.0000 150.1864 746.4788 0.7094 0.0000 4.8000 0.0000 0.0000 0.0000 0.0000 0.0000 0.3400 4.8000 
2022 9 19 4 0.3400 184.3000 0.0000 0.0000 150.1704 746.4765 0.7092 0.0000 4.8000 0.0000 0.0000 0.0000 0.0000 0.0000 0.3400 4.8000 
2022 9 19 5 0.3400 359.2200 0.0000 0.0000 150.1543 746.4743 0.7089 0.0000 4.8000 0.0000 0.0000 0.0000 0.0000 0.0000 0.3400 4.8000 
2022 9 19 6 0.3300 408.3800 0.0000 0.0000 150.1382 746.4720 0.7086 0.0000 4.8000 0.0000 0.0000 0.0000 0.0000 0.0000 0.3300 4.8000 
2022 9 19 7 0.3300 415.1800 0.0000 0.0000 150.1221 746.4697 0.7084 0.0000 4.8000 0.0000 0.0000 0.0000 0.0000 0.0000 0.3300 4.8000 
2022 9 19 8 0.3300 375.1800 0.0000 0.0000 150.1060 746.4674 0.7081 0.0000 4.8000 0.0000 0.0000 0.0000 0.0000 0.0000 0.3300 4.8000 
2022 9 19 9 0.3300 347.8600 0.0000 0.0000 150.0900 746.4651 0.7078 0.0000 4.8000 0.0000 0.0000 0.0000 0.0000 0.0000 0.3300 4.8000 
2022 9 19 10 0.3300 248.9800 0.0000 0.0000 150.0739 746.4628 0.7076 0.0000 4.8000 0.0000 0.0000 0.0000 0.0000 0.0000 0.3300 4.8000 
2022 9 19 11 0.3300 230.2800 0.0000 0.0000 150.0578 746.4605 0.7073 0.0000 4.8000 0.0000 0.0000 0.0000 0.0000 0.0000 0.3300 4.8000 
2022 9 19 12 0.3300 242.5600 0.0000 0.0000 150.0417 746.4582 0.7071 0.0000 4.8000 0.0000 0.0000 0.0000 0.0000 0.0000 0.3300 4.8000 
2022 9 19 13 0.3300 243.1200 0.0000 0.0000 150.0256 746.4559 0.7068 0.0000 4.8000 0.0000 0.0000 0.0000 0.0000 0.0000 0.3300 4.8000 
2022 9 19 14 0.3300 227.6600 0.0000 0.0000 150.0095 746.4536 0.7065 0.0000 4.8000 0.0000 0.0000 0.0000 0.0000 0.0000 0.3300 4.8000 
2022 9 19 15 0.3300 263.4200 0.0000 0.0000 149.9934 746.4513 0.7063 0.0000 4.8000 0.0000 0.0000 0.0000 0.0000 0.0000 0.3300 4.8000 
2022 9 19 16 0.3300 369.9000 0.0000 0.0000 149.9773 746.4490 0.7060 0.0000 4.8000 0.0000 0.0000 0.0000 0.0000 0.0000 0.3300 4.8000 
2022 9 19 17 0.3200 407.0800 0.0000 0.0000 149.9612 746.4467 0.7057 0.0000 4.8000 0.0000 0.0000 0.0000 0.0000 0.0000 0.3200 4.8000 
2022 9 19 18 0.3200 438.6700 0.0000 0.0000 149.9451 746.4444 0.7055 0.0000 4.8000 0.0000 0.0000 0.0000 0.0000 0.0000 0.3200 4.8000 
2022 9 19 19 0.3100 419.6500 0.0000 0.0000 149.9289 746.4421 0.7052 0.0000 4.8000 0.0000 0.0000 0.0000 0.0000 0.0000 0.3100 4.8000 
2022 9 19 20 0.3100 390.6100 0.0000 0.0000 149.9127 746.4398 0.7050 0.0000 4.8000 0.0000 0.0000 0.0000 0.0000 0.0000 0.3100 4.8000 
2022 9 19 21 0.3100 362.1600 0.0000 0.0000 149.8966 746.4375 0.7047 0.0000 4.8000 0.0000 0.0000 0.0000 0.0000 0.0000 0.3100 4.8000 
2022 9 19 22 0.3100 312.9200 0.0000 0.0000 149.8804 746.4352 0.7044 0.0000 4.8000 0.0000 0.0000 0.0000 0.0000 0.0000 0.3100 4.8000 
2022 9 19 23 0.3100 277.2800 0.0000 0.0000 149.8642 746.4329 0.7042 0.0000 4.8000 0.0000 0.0000 0.0000 0.0000 0.0000 0.3100 4.8000 
2022 9 20 0 0.3100 274.9500 0.0000 0.0000 149.8481 746.4306 0.7039 0.0000 4.8000 0.0000 0.0000 0.0000 0.0000 0.0000 0.3100 4.8000 
2022 9 20 1 0.3100 291.1200 0.0000 0.0000 149.8319 746.4283 0.7036 0.0000 4.8000 0.0000 0.0000 0.0000 0.0000 0.0000 0.3100 4.8000 
2022 9 20 2 0.3100 278.0300 0.0000 0.0000 149.8157 746.4260 0.7034 0.0000 4.8000 0.0000 0.0000 0.0000 0.0000 0.0000 0.3100 4.8000 
2022 9 20 3 0.3000 275.5200 0.0000 0.0000 149.7995 746.4237 0.7031 0.0000 4.8000 0.0000 0.0000 0.0000 0.0000 0.0000 0.3000 4.8000 
2022 9 20 4 0.3000 310.0400 0.0000 0.0000 149.7833 746.4214 0.7029 0.0000 4.8000 0.0000 0.0000 0.0000 0.0000 0.0000 0.3000 4.8000 
2022 9 20 5 0.3000 368.4200 0.0000 0.0000 149.7671 746.4191 0.7026 0.0000 4.8000 0.0000 0.0000 0.0000 0.0000 0.0000 0.3000 4.8000 
2022 9 20 6 0.3000 421.1600 0.0000 0.0000 149.7509 746.4168 0.7023 0.0000 4.8000 0.0000 0.0000 0.0000 0.0000 0.0000 0.3000 4.8000 
2022 9 20 7 0.3000 438.4000 0.0000 0.0000 149.7347 746.4145 0.7021 0.0000 4.8000 0.0000 0.0000 0.0000 0.0000 0.0000 0.3000 4.8000 
2022 9 20 8 0.3000 422.8200 0.0000 0.0000 149.7185 746.4121 0.7018 0.0000 4.8000 0.0000 0.0000 0.0000 0.0000 0.0000 0.3000 4.8000 
2022 9 20 9 0.3000 389.4100 0.0000 0.0000 149.7023 746.4098 0.7015 0.0000 4.8000 0.0000 0.0000 0.0000 0.0000 0.0000 0.3000 4.8000 
2022 9 20 10 0.3000 374.1200 0.0000 0.0000 149.6861 746.4075 0.7013 0.0000 4.8000 0.0000 0.0000 0.0000 0.0000 0.0000 0.3000 4.8000 
2022 9 20 11 0.2900 375.1700 0.0000 0.0000 149.6699 746.4052 0.7010 0.0000 4.8000 0.0000 0.0000 0.0000 0.0000 0.0000 0.2900 4.8000 
2022 9 20 12 0.2900 375.1400 0.0000 0.0000 149.6537 746.4029 0.7007 0.0000 4.8000 0.0000 0.0000 0.0000 0.0000 0.0000 0.2900 4.8000 
2022 9 20 13 0.2900 373.0600 0.0000 0.0000 149.6374 746.4006 0.7005 0.0000 4.8000 0.0000 0.0000 0.0000 0.0000 0.0000 0.2900 4.8000 
2022 9 20 14 0.2900 374.0800 0.0000 0.0000 149.6212 746.3983 0.7002 0.0000 4.8000 0.0000 0.0000 0.0000 0.0000 0.0000 0.2900 4.8000 
2022 9 20 15 0.2900 379.6800 0.0000 0.0000 149.6050 746.3960 0.7000 0.0000 4.8000 0.0000 0.0000 0.0000 0.0000 0.0000 0.2900 4.8000 
2022 9 20 16 0.2800 422.5800 0.0000 0.0000 149.5887 746.3936 0.6997 0.0000 4.8000 0.0000 0.0000 0.0000 0.0000 0.0000 0.2800 4.8000 
2022 9 20 17 0.2800 466.5300 0.0000 0.0000 149.5724 746.3913 0.6994 0.0000 4.8000 0.0000 0.0000 0.0000 0.0000 0.0000 0.2800 4.8000 
2022 9 20 18 0.2800 498.0000 0.0000 0.0000 149.5561 746.3890 0.6992 0.0000 4.8000 0.0000 0.0000 0.0000 0.0000 0.0000 0.2800 4.8000 
2022 9 20 19 0.2800 492.6500 0.0000 0.0000 149.5399 746.3867 0.6989 0.0000 4.8000 0.0000 0.0000 0.0000 0.0000 0.0000 0.2800 4.8000 
2022 9 20 20 0.2800 430.6900 0.0000 0.0000 149.5236 746.3844 0.6986 0.0000 4.8000 0.0000 0.0000 0.0000 0.0000 0.0000 0.2800 4.8000 
2022 9 20 21 0.2800 398.4700 0.0000 0.0000 149.5073 746.3820 0.6984 0.0000 4.8000 0.0000 0.0000 0.0000 0.0000 0.0000 0.2800 4.8000 
2022 9 20 22 0.2800 363.1400 0.0000 0.0000 149.4911 746.3797 0.6981 0.0000 4.8000 0.0000 0.0000 0.0000 0.0000 0.0000 0.2800 4.8000 
2022 9 20 23 0.2800 346.4900 0.0000 0.0000 149.4748 746.3774 0.6978 0.0000 4.8000 0.0000 0.0000 0.0000 0.0000 0.0000 0.2800 4.8000 
2022 9 21 0 0.2800 317.5400 0.0000 0.0000 149.4585 746.3751 0.6976 0.0000 4.8000 0.0000 0.0000 0.0000 0.0000 0.0000 0.2800 4.8000 
2022 9 21 1 0.2800 316.8500 0.0000 0.0000 149.4422 746.3728 0.6973 0.0000 4.8000 0.0000 0.0000 0.0000 0.0000 0.0000 0.2800 4.8000 
2022 9 21 2 0.2800 316.8800 0.0000 0.0000 149.4260 746.3704 0.6970 0.0000 4.8000 0.0000 0.0000 0.0000 0.0000 0.0000 0.2800 4.8000 
2022 9 21 3 0.2800 315.1000 0.0000 0.0000 149.4097 746.3681 0.6968 0.0000 4.8000 0.0000 0.0000 0.0000 0.0000 0.0000 0.2800 4.8000 
2022 9 21 4 0.2800 368.5600 0.0000 0.0000 149.3934 746.3658 0.6965 0.0000 4.8000 0.0000 0.0000 0.0000 0.0000 0.0000 0.2800 4.8000 
2022 9 21 5 0.2700 428.0500 0.0000 0.0000 149.3771 746.3635 0.6962 0.0000 4.8000 0.0000 0.0000 0.0000 0.0000 0.0000 0.2700 4.8000 
2022 9 21 6 0.2700 501.9500 0.0000 0.0000 149.3608 746.3612 0.6960 0.0000 4.8000 0.0000 0.0000 0.0000 0.0000 0.0000 0.2700 4.8000 
2022 9 21 7 0.2700 513.4500 0.0000 0.0000 149.3445 746.3588 0.6957 0.0000 4.8000 0.0000 0.0000 0.0000 0.0000 0.0000 0.2700 4.8000 
2022 9 21 8 0.2700 438.6700 0.0000 0.0000 149.3282 746.3565 0.6954 0.0000 4.8000 0.0000 0.0000 0.0000 0.0000 0.0000 0.2700 4.8000 
2022 9 21 9 0.2700 379.6200 0.0000 0.0000 149.3119 746.3542 0.6952 0.0000 4.8000 0.0000 0.0000 0.0000 0.0000 0.0000 0.2700 4.8000 
2022 9 21 10 0.2700 340.9000 0.0000 0.0000 149.2956 746.3519 0.6949 0.0000 4.8000 0.0000 0.0000 0.0000 0.0000 0.0000 0.2700 4.8000 
2022 9 21 11 0.2700 316.2600 0.0000 0.0000 149.2793 746.3495 0.6946 0.0000 4.8000 0.0000 0.0000 0.0000 0.0000 0.0000 0.2700 4.8000 
2022 9 21 12 0.2700 320.3800 0.0000 0.0000 149.2630 746.3472 0.6944 0.0000 4.8000 0.0000 0.0000 0.0000 0.0000 0.0000 0.2700 4.8000 
2022 9 21 13 0.2700 330.0600 0.0000 0.0000 149.2467 746.3449 0.6941 0.0000 4.8000 0.0000 0.0000 0.0000 0.0000 0.0000 0.2700 4.8000 
2022 9 21 14 0.2700 359.5200 0.0000 0.0000 149.2303 746.3426 0.6939 0.0000 4.8000 0.0000 0.0000 0.0000 0.0000 0.0000 0.2700 4.8000 
2022 9 21 15 0.2600 393.8200 0.0000 0.0000 149.2140 746.3402 0.6936 0.0000 4.8000 0.0000 0.0000 0.0000 0.0000 0.0000 0.2600 4.8000 
2022 9 21 16 0.2600 417.7600 0.0000 0.0000 149.1977 746.3379 0.6933 0.0000 4.8000 0.0000 0.0000 0.0000 0.0000 0.0000 0.2600 4.8000 
2022 9 21 17 0.2600 467.7700 0.0000 0.0000 149.1813 746.3356 0.6931 0.0000 4.8000 0.0000 0.0000 0.0000 0.0000 0.0000 0.2600 4.8000 
2022 9 21 18 0.2600 484.9700 0.0000 0.0000 149.1650 746.3333 0.6928 0.0000 4.8000 0.0000 0.0000 0.0000 0.0000 0.0000 0.2600 4.8000 
2022 9 21 19 0.2600 457.3800 0.0000 0.0000 149.1486 746.3309 0.6925 0.0000 4.8000 0.0000 0.0000 0.0000 0.0000 0.0000 0.2600 4.8000 
2022 9 21 20 0.2600 413.8600 0.0000 0.0000 149.1323 746.3286 0.6923 0.0000 4.8000 0.0000 0.0000 0.0000 0.0000 0.0000 0.2600 4.8000 
2022 9 21 21 0.2600 378.9100 0.0000 0.0000 149.1159 746.3263 0.6920 0.0000 4.8000 0.0000 0.0000 0.0000 0.0000 0.0000 0.2600 4.8000 
2022 9 21 22 0.2600 369.5000 0.0000 0.0000 149.0996 746.3239 0.6917 0.0000 4.8000 0.0000 0.0000 0.0000 0.0000 0.0000 0.2600 4.8000 
2022 9 21 23 0.2600 384.0500 0.0000 0.0000 149.0833 746.3216 0.6915 0.0000 4.8000 0.0000 0.0000 0.0000 0.0000 0.0000 0.2600 4.8000 
2022 9 22 0 0.2600 358.8600 0.0000 0.0000 149.0669 746.3193 0.6912 0.0000 4.8000 0.0000 0.0000 0.0000 0.0000 0.0000 0.2600 4.8000 
2022 9 22 1 0.2600 348.9900 0.0000 0.0000 149.0506 746.3169 0.6909 0.0000 4.8000 0.0000 0.0000 0.0000 0.0000 0.0000 0.2600 4.8000 
2022 9 22 2 0.2600 328.7500 0.0000 0.0000 149.0342 746.3146 0.6907 0.0000 4.8000 0.0000 0.0000 0.0000 0.0000 0.0000 0.2600 4.8000 
2022 9 22 3 0.2600 338.6800 0.0000 0.0000 149.0179 746.3123 0.6904 0.0000 4.8000 0.0000 0.0000 0.0000 0.0000 0.0000 0.2600 4.8000 
2022 9 22 4 0.2500 383.1700 0.0000 0.0000 149.0015 746.3100 0.6901 0.0000 4.8000 0.0000 0.0000 0.0000 0.0000 0.0000 0.2500 4.8000 
2022 9 22 5 0.2500 420.6000 0.0000 0.0000 148.9851 746.3076 0.6899 0.0000 4.8000 0.0000 0.0000 0.0000 0.0000 0.0000 0.2500 4.8000 
2022 9 22 6 0.2500 482.1400 0.0000 0.0000 148.9687 746.3053 0.6896 0.0000 4.8000 0.0000 0.0000 0.0000 0.0000 0.0000 0.2500 4.8000 
2022 9 22 7 0.2500 487.7100 0.0000 0.0000 148.9524 746.3029 0.6893 0.0000 4.8000 0.0000 0.0000 0.0000 0.0000 0.0000 0.2500 4.8000 
2022 9 22 8 0.2500 398.2100 0.0000 0.0000 148.9360 746.3006 0.6891 0.0000 4.8000 0.0000 0.0000 0.0000 0.0000 0.0000 0.2500 4.8000 
2022 9 22 9 0.2500 360.7400 0.0000 0.0000 148.9196 746.2983 0.6888 0.0000 4.8000 0.0000 0.0000 0.0000 0.0000 0.0000 0.2500 4.8000 
2022 9 22 10 0.2500 318.8900 0.0000 0.0000 148.9032 746.2959 0.6885 0.0000 4.8000 0.0000 0.0000 0.0000 0.0000 0.0000 0.2500 4.8000 
2022 9 22 11 0.2500 311.8700 0.0000 0.0000 148.8868 746.2936 0.6883 0.0000 4.8000 0.0000 0.0000 0.0000 0.0000 0.0000 0.2500 4.8000 
2022 9 22 12 0.2500 299.0500 0.0000 0.0000 148.8705 746.2913 0.6880 0.0000 4.8000 0.0000 0.0000 0.0000 0.0000 0.0000 0.2500 4.8000 
2022 9 22 13 0.2500 327.5900 0.0000 0.0000 148.8541 746.2889 0.6877 0.0000 4.8000 0.0000 0.0000 0.0000 0.0000 0.0000 0.2500 4.8000 
2022 9 22 14 0.2500 364.4500 0.0000 0.0000 148.8377 746.2866 0.6875 0.0000 4.8000 0.0000 0.0000 0.0000 0.0000 0.0000 0.2500 4.8000 
2022 9 22 15 0.2500 380.5200 0.0000 0.0000 148.8213 746.2843 0.6872 0.0000 4.8000 0.0000 0.0000 0.0000 0.0000 0.0000 0.2500 4.8000 
2022 9 22 16 0.2500 419.7600 0.0000 0.0000 148.8049 746.2819 0.6869 0.0000 4.8000 0.0000 0.0000 0.0000 0.0000 0.0000 0.2500 4.8000 
2022 9 22 17 0.2500 419.9100 0.0000 0.0000 148.7886 746.2796 0.6867 0.0000 4.8000 0.0000 0.0000 0.0000 0.0000 0.0000 0.2500 4.8000 
2022 9 22 18 0.2500 416.8000 0.0000 0.0000 148.7722 746.2773 0.6864 0.0000 4.8000 0.0000 0.0000 0.0000 0.0000 0.0000 0.2500 4.8000 
2022 9 22 19 0.2500 415.2000 0.0000 0.0000 148.7558 746.2749 0.6861 0.0000 4.8000 0.0000 0.0000 0.0000 0.0000 0.0000 0.2500 4.8000 
2022 9 22 20 0.2400 394.3000 0.0000 0.0000 148.7394 746.2726 0.6859 0.0000 4.8000 0.0000 0.0000 0.0000 0.0000 0.0000 0.2400 4.8000 
2022 9 22 21 0.2400 390.0500 0.0000 0.0000 148.7230 746.2703 0.6856 0.0000 4.8000 0.0000 0.0000 0.0000 0.0000 0.0000 0.2400 4.8000 
2022 9 22 22 0.2400 377.5000 0.0000 0.0000 148.7065 746.2679 0.6853 0.0000 4.8000 0.0000 0.0000 0.0000 0.0000 0.0000 0.2400 4.8000 
2022 9 22 23 0.2500 349.7700 0.0000 0.0000 148.6902 746.2656 0.6851 0.0000 4.8000 0.0000 0.0000 0.0000 0.0000 0.0000 0.2500 4.8000 
2022 9 23 0 0.2500 317.7000 0.0000 0.0000 148.6738 746.2632 0.6848 0.0000 4.8000 0.0000 0.0000 0.0000 0.0000 0.0000 0.2500 4.8000 
2022 9 23 1 0.2500 310.1000 0.0000 0.0000 148.6574 746.2609 0.6845 0.0000 4.8000 0.0000 0.0000 0.0000 0.0000 0.0000 0.2500 4.8000 
2022 9 23 2 0.2500 298.1100 0.0000 0.0000 148.6410 746.2586 0.6843 0.0000 4.8000 0.0000 0.0000 0.0000 0.0000 0.0000 0.2500 4.8000 
2022 9 23 3 0.2500 308.5300 0.0000 0.0000 148.6246 746.2562 0.6840 0.0000 4.8000 0.0000 0.0000 0.0000 0.0000 0.0000 0.2500 4.8000 
2022 9 23 4 0.2500 353.4800 0.0000 0.0000 148.6083 746.2539 0.6837 0.0000 4.8000 0.0000 0.0000 0.0000 0.0000 0.0000 0.2500 4.8000 
2022 9 23 5 0.2400 368.1400 0.0000 0.0000 148.5919 746.2516 0.6835 0.0000 4.8000 0.0000 0.0000 0.0000 0.0000 0.0000 0.2400 4.8000 
2022 9 23 6 0.2500 394.3400 0.0000 0.0000 148.5755 746.2492 0.6832 0.0000 4.8000 0.0000 0.0000 0.0000 0.0000 0.0000 0.2500 4.8000 
2022 9 23 7 0.2500 409.1700 0.0000 0.0000 148.5591 746.2469 0.6829 0.0000 4.8000 0.0000 0.0000 0.0000 0.0000 0.0000 0.2500 4.8000 
2022 9 23 8 0.2500 382.7100 0.0000 0.0000 148.5427 746.2446 0.6827 0.0000 4.8000 0.0000 0.0000 0.0000 0.0000 0.0000 0.2500 4.8000 
2022 9 23 9 0.2500 370.0100 0.0000 0.0000 148.5263 746.2422 0.6824 0.0000 4.8000 0.0000 0.0000 0.0000 0.0000 0.0000 0.2500 4.8000 
2022 9 23 10 0.2600 357.8600 0.0000 0.0000 148.5100 746.2399 0.6821 0.0000 4.8000 0.0000 0.0000 0.0000 0.0000 0.0000 0.2600 4.8000 
2022 9 23 11 0.2600 349.4700 0.0000 0.0000 148.4936 746.2376 0.6819 0.0000 4.8000 0.0000 0.0000 0.0000 0.0000 0.0000 0.2600 4.8000 
2022 9 23 12 0.2600 337.2800 0.0000 0.0000 148.4773 746.2352 0.6816 0.0000 4.8000 0.0000 0.0000 0.0000 0.0000 0.0000 0.2600 4.8000 
2022 9 23 13 0.2600 342.6000 0.0000 0.0000 148.4610 746.2329 0.6813 0.0000 4.8000 0.0000 0.0000 0.0000 0.0000 0.0000 0.2600 4.8000 
2022 9 23 14 0.2700 348.7600 0.0000 0.0000 148.4446 746.2306 0.6811 0.0000 4.8000 0.0000 0.0000 0.0000 0.0000 0.0000 0.2700 4.8000 
2022 9 23 15 0.2700 368.4300 0.0000 0.0000 148.4283 746.2283 0.6808 0.0000 4.8000 0.0000 0.0000 0.0000 0.0000 0.0000 0.2700 4.8000 
2022 9 23 16 0.2700 372.4400 0.0000 0.0000 148.4120 746.2259 0.6805 0.0000 4.8000 0.0000 0.0000 0.0000 0.0000 0.0000 0.2700 4.8000 
2022 9 23 17 0.2700 385.1400 0.0000 0.0000 148.3957 746.2236 0.6803 0.0000 4.8000 0.0000 0.0000 0.0000 0.0000 0.0000 0.2700 4.8000 
2022 9 23 18 0.2700 394.3100 0.0000 0.0000 148.3794 746.2213 0.6800 0.0000 4.8000 0.0000 0.0000 0.0000 0.0000 0.0000 0.2700 4.8000 
2022 9 23 19 0.2700 394.3100 0.0000 0.0000 148.3631 746.2190 0.6797 0.0000 4.8000 0.0000 0.0000 0.0000 0.0000 0.0000 0.2700 4.8000 
2022 9 23 20 0.2700 378.4500 0.0000 0.0000 148.3468 746.2166 0.6795 0.0000 4.8000 0.0000 0.0000 0.0000 0.0000 0.0000 0.2700 4.8000 
2022 9 23 21 0.2700 375.1800 0.0000 0.0000 148.3305 746.2143 0.6792 0.0000 4.8000 0.0000 0.0000 0.0000 0.0000 0.0000 0.2700 4.8000 
2022 9 23 22 0.2700 358.7500 0.0000 0.0000 148.3142 746.2120 0.6789 0.0000 4.8000 0.0000 0.0000 0.0000 0.0000 0.0000 0.2700 4.8000 
2022 9 23 23 0.2700 364.1800 0.0000 0.0000 148.2979 746.2097 0.6787 0.0000 4.8000 0.0000 0.0000 0.0000 0.0000 0.0000 0.2700 4.8000 
2022 9 24 0 0.2700 354.9500 0.0000 0.0000 148.2816 746.2073 0.6784 0.0000 4.8000 0.0000 0.0000 0.0000 0.0000 0.0000 0.2700 4.8000 
2022 9 24 1 0.2700 312.8900 0.0000 0.0000 148.2653 746.2050 0.6781 0.0000 4.8000 0.0000 0.0000 0.0000 0.0000 0.0000 0.2700 4.8000 
2022 9 24 2 0.2700 306.6100 0.0000 0.0000 148.2490 746.2027 0.6779 0.0000 4.8000 0.0000 0.0000 0.0000 0.0000 0.0000 0.2700 4.8000 
2022 9 24 3 0.2700 305.6800 0.0000 0.0000 148.2326 746.2004 0.6776 0.0000 4.8000 0.0000 0.0000 0.0000 0.0000 0.0000 0.2700 4.8000 
2022 9 24 4 0.2700 313.8000 0.0000 0.0000 148.2163 746.1981 0.6773 0.0000 4.8000 0.0000 0.0000 0.0000 0.0000 0.0000 0.2700 4.8000 
2022 9 24 5 0.2700 351.7300 0.0000 0.0000 148.2000 746.1957 0.6771 0.0000 4.8000 0.0000 0.0000 0.0000 0.0000 0.0000 0.2700 4.8000 
2022 9 24 6 0.2700 362.3300 0.0000 0.0000 148.1837 746.1934 0.6768 0.0000 4.8000 0.0000 0.0000 0.0000 0.0000 0.0000 0.2700 4.8000 
2022 9 24 7 0.2700 369.1600 0.0000 0.0000 148.1674 746.1911 0.6766 0.0000 4.8000 0.0000 0.0000 0.0000 0.0000 0.0000 0.2700 4.8000 
2022 9 24 8 0.2700 373.6300 0.0000 0.0000 148.1511 746.1888 0.6763 0.0000 4.8000 0.0000 0.0000 0.0000 0.0000 0.0000 0.2700 4.8000 
2022 9 24 9 0.2700 368.4300 0.0000 0.0000 148.1348 746.1864 0.6760 0.0000 4.8000 0.0000 0.0000 0.0000 0.0000 0.0000 0.2700 4.8000 
2022 9 24 10 0.2700 362.0100 0.0000 0.0000 148.1185 746.1841 0.6758 0.0000 4.8000 0.0000 0.0000 0.0000 0.0000 0.0000 0.2700 4.8000 
2022 9 24 11 0.2700 350.0300 0.0000 0.0000 148.1022 746.1818 0.6755 0.0000 4.8000 0.0000 0.0000 0.0000 0.0000 0.0000 0.2700 4.8000 
2022 9 24 12 0.2700 316.4000 0.0000 0.0000 148.0859 746.1795 0.6752 0.0000 4.8000 0.0000 0.0000 0.0000 0.0000 0.0000 0.2700 4.8000 
2022 9 24 13 0.2700 317.1500 0.0000 0.0000 148.0696 746.1771 0.6750 0.0000 4.8000 0.0000 0.0000 0.0000 0.0000 0.0000 0.2700 4.8000 
2022 9 24 14 0.2700 338.9500 0.0000 0.0000 148.0533 746.1748 0.6747 0.0000 4.8000 0.0000 0.0000 0.0000 0.0000 0.0000 0.2700 4.8000 
2022 9 24 15 0.2700 356.3500 0.0000 0.0000 148.0369 746.1725 0.6744 0.0000 4.8000 0.0000 0.0000 0.0000 0.0000 0.0000 0.2700 4.8000 
2022 9 24 16 0.2700 369.6400 0.0000 0.0000 148.0206 746.1702 0.6742 0.0000 4.8000 0.0000 0.0000 0.0000 0.0000 0.0000 0.2700 4.8000 
2022 9 24 17 0.2700 389.7200 0.0000 0.0000 148.0043 746.1678 0.6739 0.0000 4.8000 0.0000 0.0000 0.0000 0.0000 0.0000 0.2700 4.8000 
2022 9 24 18 0.2700 403.6200 0.0000 0.0000 147.9880 746.1655 0.6736 0.0000 4.8000 0.0000 0.0000 0.0000 0.0000 0.0000 0.2700 4.8000 
2022 9 24 19 0.2800 393.8700 0.0000 0.0000 147.9718 746.1632 0.6734 0.0000 4.8000 0.0000 0.0000 0.0000 0.0000 0.0000 0.2800 4.8000 
2022 9 24 20 0.2800 370.0400 0.0000 0.0000 147.9555 746.1609 0.6731 0.0000 4.8000 0.0000 0.0000 0.0000 0.0000 0.0000 0.2800 4.8000 
2022 9 24 21 0.2800 356.1100 0.0000 0.0000 147.9392 746.1586 0.6728 0.0000 4.8000 0.0000 0.0000 0.0000 0.0000 0.0000 0.2800 4.8000 
2022 9 24 22 0.2800 333.9800 0.0000 0.0000 147.9229 746.1562 0.6726 0.0000 4.8000 0.0000 0.0000 0.0000 0.0000 0.0000 0.2800 4.8000 
2022 9 24 23 0.2800 339.9900 0.0000 0.0000 147.9067 746.1539 0.6723 0.0000 4.8000 0.0000 0.0000 0.0000 0.0000 0.0000 0.2800 4.8000 
2022 9 25 0 0.2900 322.7200 0.0000 0.0000 147.8904 746.1516 0.6720 0.0000 4.8000 0.0000 0.0000 0.0000 0.0000 0.0000 0.2900 4.8000 
2022 9 25 1 0.3000 295.1700 0.0000 0.0000 147.8742 746.1493 0.6718 0.0000 4.8000 0.0000 0.0000 0.0000 0.0000 0.0000 0.3000 4.8000 
2022 9 25 2 0.3000 277.6900 0.0000 0.0000 147.8580 746.1470 0.6715 0.0000 4.8000 0.0000 0.0000 0.0000 0.0000 0.0000 0.3000 4.8000 
2022 9 25 3 0.3000 207.4000 0.0000 0.0000 147.8418 746.1447 0.6713 0.0000 4.8000 0.0000 0.0000 0.0000 0.0000 0.0000 0.3000 4.8000 
2022 9 25 4 0.3100 210.8100 0.0000 0.0000 147.8257 746.1424 0.6710 0.0000 4.8000 0.0000 0.0000 0.0000 0.0000 0.0000 0.3100 4.8000 
2022 9 25 5 0.3300 246.3600 0.0000 0.0000 147.8096 746.1401 0.6707 0.0000 4.8000 0.0000 0.0000 0.0000 0.0000 0.0000 0.3300 4.8000 
2022 9 25 6 0.3600 255.9400 0.0000 0.0000 147.7936 746.1378 0.6705 0.0000 4.8000 0.0000 0.0000 0.0000 0.0000 0.0000 0.3600 4.8000 
2022 9 25 7 0.4100 297.3800 0.0000 0.0000 147.7778 746.1356 0.6702 0.0000 4.8000 0.0000 0.0000 0.0000 0.0000 0.0000 0.4100 4.8000 
2022 9 25 8 0.4600 311.0900 0.0000 0.0000 147.7622 746.1333 0.6700 0.0000 4.8000 0.0000 0.0000 0.0000 0.0000 0.0000 0.4600 4.8000 
2022 9 25 9 0.5400 309.9700 0.0000 0.0000 147.7468 746.1311 0.6697 0.0000 4.8000 0.0000 0.0000 0.0000 0.0000 0.0000 0.5400 4.8000 
2022 9 25 10 0.6700 331.6600 0.0000 0.0000 147.7320 746.1290 0.6695 0.0000 4.8000 0.0000 0.0000 0.0000 0.0000 0.0000 0.6700 4.8000 
2022 9 25 11 0.8200 284.3100 0.0000 0.0000 147.7176 746.1270 0.6692 0.0000 4.8000 0.0000 0.0000 0.0000 0.0000 0.0000 0.8200 4.8000 
2022 9 25 12 1.0000 254.2800 0.0000 0.0000 147.7039 746.1250 0.6690 0.0000 4.8000 0.0000 0.0000 0.0000 0.0000 0.0000 1.0000 4.8000 
2022 9 25 13 1.1700 240.8700 0.0000 0.0000 147.6909 746.1232 0.6688 0.0000 4.8000 0.0000 0.0000 0.0000 0.0000 0.0000 1.1700 4.8000 
2022 9 25 14 1.3300 271.8500 0.0000 0.0000 147.6784 746.1214 0.6686 0.0000 4.8000 0.0000 0.0000 0.0000 0.0000 0.0000 1.3300 4.8000 
2022 9 25 15 1.5000 324.3400 0.0000 0.0000 147.6665 746.1197 0.6684 0.0000 4.8000 0.0000 0.0000 0.0000 0.0000 0.0000 1.5000 4.8000 
2022 9 25 16 1.6300 355.2400 0.0000 0.0000 147.6551 746.1181 0.6682 0.0000 4.8000 0.0000 0.0000 0.0000 0.0000 0.0000 1.6300 4.8000 
2022 9 25 17 1.7400 363.0100 0.0000 0.0000 147.6441 746.1165 0.6680 0.0000 4.8000 0.0000 0.0000 0.0000 0.0000 0.0000 1.7400 4.8000 
2022 9 25 18 1.8300 369.6700 0.0000 0.0000 147.6334 746.1150 0.6679 0.0000 4.8000 0.0000 0.0000 0.0000 0.0000 0.0000 1.8300 4.8000 
2022 9 25 19 1.8700 374.4700 0.0000 0.0000 147.6228 746.1135 0.6677 0.0000 4.8000 0.0000 0.0000 0.0000 0.0000 0.0000 1.8700 4.8000 
2022 9 25 20 1.9200 366.3400 0.0000 0.0000 147.6125 746.1120 0.6675 0.0000 4.8000 0.0000 0.0000 0.0000 0.0000 0.0000 1.9200 4.8000 
2022 9 25 21 1.9400 353.0700 0.0000 0.0000 147.6022 746.1105 0.6674 0.0000 4.8000 0.0000 0.0000 0.0000 0.0000 0.0000 1.9400 4.8000 
2022 9 25 22 1.9500 297.0400 0.0000 0.0000 147.5919 746.1091 0.6672 0.0000 4.8000 0.0000 0.0000 0.0000 0.0000 0.0000 1.9500 4.8000 
2022 9 25 23 1.9300 257.1800 0.0000 0.0000 147.5816 746.1076 0.6670 0.0000 4.8000 0.0000 0.0000 0.0000 0.0000 0.0000 1.9300 4.8000 
2022 9 26 0 1.8900 187.6300 0.0000 0.0000 147.5711 746.1061 0.6668 0.0000 4.8000 0.0000 0.0000 0.0000 0.0000 0.0000 1.8900 4.8000 
2022 9 26 1 1.8800 162.1400 0.0000 0.0000 147.5606 746.1046 0.6667 0.0000 4.8000 0.0000 0.0000 0.0000 0.0000 0.0000 1.8800 4.8000 
2022 9 26 2 1.8400 129.0800 0.0000 0.0000 147.5499 746.1031 0.6665 0.0000 4.8000 0.0000 0.0000 0.0000 0.0000 0.0000 1.8400 4.8000 
2022 9 26 3 1.8100 104.5700 0.0000 0.0000 147.5392 746.1015 0.6663 0.0000 4.8000 0.0000 0.0000 0.0000 0.0000 0.0000 1.8100 4.8000 
2022 9 26 4 1.7900 166.3500 0.0000 0.0000 147.5283 746.1000 0.6662 0.0000 4.8000 0.0000 0.0000 0.0000 0.0000 0.0000 1.7900 4.8000 
2022 9 26 5 1.7600 268.6000 0.0000 0.0000 147.5174 746.0984 0.6660 0.0000 4.8000 0.0000 0.0000 0.0000 0.0000 0.0000 1.7600 4.8000 
2022 9 26 6 1.7400 336.9000 0.0000 0.0000 147.5064 746.0969 0.6658 0.0000 4.8000 0.0000 0.0000 0.0000 0.0000 0.0000 1.7400 4.8000 
2022 9 26 7 1.7200 341.1500 0.0000 0.0000 147.4953 746.0953 0.6656 0.0000 4.8000 0.0000 0.0000 0.0000 0.0000 0.0000 1.7200 4.8000 
2022 9 26 8 1.7200 312.9300 0.0000 0.0000 147.4842 746.0937 0.6654 0.0000 4.8000 0.0000 0.0000 0.0000 0.0000 0.0000 1.7200 4.8000 
2022 9 26 9 1.7500 276.5500 0.0000 0.0000 147.4732 746.0921 0.6653 0.0000 4.8000 0.0000 0.0000 0.0000 0.0000 0.0000 1.7500 4.8000 
2022 9 26 10 1.8300 231.5400 0.0000 0.0000 147.4625 746.0906 0.6651 0.0000 4.8000 0.0000 0.0000 0.0000 0.0000 0.0000 1.8300 4.8000 
2022 9 26 11 1.9400 215.6000 0.0000 0.0000 147.4522 746.0892 0.6649 0.0000 4.8000 0.0000 0.0000 0.0000 0.0000 0.0000 1.9400 4.8000 
2022 9 26 12 1.9900 206.7900 0.0000 0.0000 147.4421 746.0877 0.6647 0.0000 4.8000 0.0000 0.0000 0.0000 0.0000 0.0000 1.9900 4.8000 
2022 9 26 13 1.9700 164.2200 0.0000 0.0000 147.4319 746.0863 0.6646 0.0000 4.8000 0.0000 0.0000 0.0000 0.0000 0.0000 1.9700 4.8000 
2022 9 26 14 1.9300 239.4100 0.0000 0.0000 147.4216 746.0848 0.6644 0.0000 4.8000 0.0000 0.0000 0.0000 0.0000 0.0000 1.9300 4.8000 
2022 9 26 15 1.8800 302.2400 0.0000 0.0000 147.4111 746.0833 0.6642 0.0000 4.8000 0.0000 0.0000 0.0000 0.0000 0.0000 1.8800 4.8000 
2022 9 26 16 1.8300 318.1000 0.0000 0.0000 147.4004 746.0818 0.6641 0.0000 4.8000 0.0000 0.0000 0.0000 0.0000 0.0000 1.8300 4.8000 
2022 9 26 17 1.7600 336.0100 0.0000 0.0000 147.3895 746.0802 0.6639 0.0000 4.8000 0.0000 0.0000 0.0000 0.0000 0.0000 1.7600 4.8000 
2022 9 26 18 1.7300 343.0200 0.0000 0.0000 147.3784 746.0786 0.6637 0.0000 4.8000 0.0000 0.0000 0.0000 0.0000 0.0000 1.7300 4.8000 
2022 9 26 19 1.6900 348.7100 0.0000 0.0000 147.3672 746.0770 0.6635 0.0000 4.8000 0.0000 0.0000 0.0000 0.0000 0.0000 1.6900 4.8000 
2022 9 26 20 1.6800 335.5400 0.0000 0.0000 147.3560 746.0754 0.6633 0.0000 4.8000 0.0000 0.0000 0.0000 0.0000 0.0000 1.6800 4.8000 
2022 9 26 21 1.6900 301.4200 0.0000 0.0000 147.3448 746.0738 0.6632 0.0000 4.8000 0.0000 0.0000 0.0000 0.0000 0.0000 1.6900 4.8000 
2022 9 26 22 1.7100 290.0600 0.0000 0.0000 147.3337 746.0723 0.6630 0.0000 4.8000 0.0000 0.0000 0.0000 0.0000 0.0000 1.7100 4.8000 
2022 9 26 23 1.7500 306.9800 0.0000 0.0000 147.3227 746.0707 0.6628 0.0000 4.8000 0.0000 0.0000 0.0000 0.0000 0.0000 1.7500 4.8000 
2022 9 27 0 1.7800 245.1800 0.0000 0.0000 147.3118 746.0691 0.6626 0.0000 4.8000 0.0000 0.0000 0.0000 0.0000 0.0000 1.7800 4.8000 
2022 9 27 1 1.7900 181.0000 0.0000 0.0000 147.3010 746.0676 0.6625 0.0000 4.8000 0.0000 0.0000 0.0000 0.0000 0.0000 1.7900 4.8000 
2022 9 27 2 1.7900 161.2800 0.0000 0.0000 147.2901 746.0661 0.6623 0.0000 4.8000 0.0000 0.0000 0.0000 0.0000 0.0000 1.7900 4.8000 
2022 9 27 3 1.7900 214.3300 0.0000 0.0000 147.2793 746.0645 0.6621 0.0000 4.8000 0.0000 0.0000 0.0000 0.0000 0.0000 1.7900 4.8000 
2022 9 27 4 1.8000 301.7700 0.0000 0.0000 147.2685 746.0630 0.6619 0.0000 4.8000 0.0000 0.0000 0.0000 0.0000 0.0000 1.8000 4.8000 
2022 9 27 5 1.8400 314.5900 0.0000 0.0000 147.2578 746.0614 0.6617 0.0000 4.8000 0.0000 0.0000 0.0000 0.0000 0.0000 1.8400 4.8000 
2022 9 27 6 1.8800 331.8400 0.0000 0.0000 147.2473 746.0600 0.6616 0.0000 4.8000 0.0000 0.0000 0.0000 0.0000 0.0000 1.8800 4.8000 
2022 9 27 7 1.9400 340.3900 0.0000 0.0000 147.2370 746.0585 0.6614 0.0000 4.8000 0.0000 0.0000 0.0000 0.0000 0.0000 1.9400 4.8000 
2022 9 27 8 2.0000 338.7400 0.0000 0.0000 147.2269 746.0570 0.6612 0.0000 4.8000 0.0000 0.0000 0.0000 0.0000 0.0000 2.0000 4.8000 
2022 9 27 9 2.0800 338.6300 0.0000 0.0000 147.2172 746.0557 0.6611 0.0000 4.8000 0.0000 0.0000 0.0000 0.0000 0.0000 2.0800 4.8000 
2022 9 27 10 2.1400 335.6900 0.0000 0.0000 147.2076 746.0543 0.6609 0.0000 4.8000 0.0000 0.0000 0.0000 0.0000 0.0000 2.1400 4.8000 
2022 9 27 11 2.1700 330.8600 0.0000 0.0000 147.1981 746.0529 0.6608 0.0000 4.8000 0.0000 0.0000 0.0000 0.0000 0.0000 2.1700 4.8000 
2022 9 27 12 2.1900 314.3700 0.0000 0.0000 147.1887 746.0516 0.6606 0.0000 4.8000 0.0000 0.0000 0.0000 0.0000 0.0000 2.1900 4.8000 
2022 9 27 13 2.2200 307.7000 0.0000 0.0000 147.1794 746.0503 0.6605 0.0000 4.8000 0.0000 0.0000 0.0000 0.0000 0.0000 2.2200 4.8000 
2022 9 27 14 2.2600 322.1100 0.0000 0.0000 147.1703 746.0490 0.6603 0.0000 4.8000 0.0000 0.0000 0.0000 0.0000 0.0000 2.2600 4.8000 
2022 9 27 15 2.3000 326.6400 0.0000 0.0000 147.1613 746.0477 0.6602 0.0000 4.8000 0.0000 0.0000 0.0000 0.0000 0.0000 2.3000 4.8000 
2022 9 27 16 2.3900 333.7800 0.0000 0.0000 147.1526 746.0465 0.6600 0.0000 4.8000 0.0000 0.0000 0.0000 0.0000 0.0000 2.3900 4.8000 
2022 9 27 17 2.5600 341.4300 0.0000 0.0000 147.1445 746.0453 0.6599 0.0000 4.8000 0.0000 0.0000 0.0000 0.0000 0.0000 2.5600 4.8000 
2022 9 27 18 2.8400 344.4400 0.0000 0.0000 147.1375 746.0443 0.6598 0.0000 4.8000 0.0000 0.0000 0.0000 0.0000 0.0000 2.8400 4.8000 
2022 9 27 19 3.1400 346.9500 0.0000 0.0000 147.1315 746.0434 0.6597 0.0000 4.8000 0.0000 0.0000 0.0000 0.0000 0.0000 3.1400 4.8000 
2022 9 27 20 3.3900 337.8300 0.0000 0.0000 147.1264 746.0427 0.6596 0.0000 4.8000 0.0000 0.0000 0.0000 0.0000 0.0000 3.3900 4.8000 
2022 9 27 21 3.6400 327.3200 0.0000 0.0000 147.1223 746.0421 0.6595 0.0000 4.8000 0.0000 0.0000 0.0000 0.0000 0.0000 3.6400 4.8000 
2022 9 27 22 3.8900 321.3200 0.0000 0.0000 147.1190 746.0417 0.6595 0.0000 4.8000 0.0000 0.0000 0.0000 0.0000 0.0000 3.8900 4.8000 
2022 9 27 23 4.0600 307.0600 0.0000 0.0000 147.1163 746.0413 0.6594 0.0000 4.8000 0.0000 0.0000 0.0000 0.0000 0.0000 4.0600 4.8000 
2022 9 28 0 4.1300 276.3500 0.0000 0.0000 147.1139 746.0409 0.6594 0.0000 4.8000 0.0000 0.0000 0.0000 0.0000 0.0000 4.1300 4.8000 
2022 9 28 1 4.1400 246.4400 0.0000 0.0000 147.1115 746.0406 0.6594 0.0000 4.8000 0.0000 0.0000 0.0000 0.0000 0.0000 4.1400 4.8000 
2022 9 28 2 4.1300 243.4900 0.0000 0.0000 147.1091 746.0403 0.6593 0.0000 4.8000 0.0000 0.0000 0.0000 0.0000 0.0000 4.1300 4.8000 
2022 9 28 3 4.1000 274.3400 0.0000 0.0000 147.1066 746.0399 0.6593 0.0000 4.8000 0.0000 0.0000 0.0000 0.0000 0.0000 4.1000 4.8000 
2022 9 28 4 4.0700 306.6800 0.0000 0.0000 147.1040 746.0395 0.6592 0.0000 4.8000 0.0000 0.0000 0.0000 0.0000 0.0000 4.0700 4.8000 
2022 9 28 5 4.0300 312.1100 0.0000 0.0000 147.1012 746.0391 0.6592 0.0000 4.8000 0.0000 0.0000 0.0000 0.0000 0.0000 4.0300 4.8000 
2022 9 28 6 4.0000 312.6200 0.0000 0.0000 147.0983 746.0387 0.6592 0.0000 4.8000 0.0000 0.0000 0.0000 0.0000 0.0000 4.0000 4.8000 
2022 9 28 7 3.9900 324.8100 0.0000 0.0000 147.0954 746.0383 0.6591 0.0000 4.8000 0.0000 0.0000 0.0000 0.0000 0.0000 3.9900 4.8000 
2022 9 28 8 3.9800 333.1500 0.0000 0.0000 147.0925 746.0379 0.6591 0.0000 4.8000 0.0000 0.0000 0.0000 0.0000 0.0000 3.9800 4.8000 
2022 9 28 9 3.9600 328.0300 0.0000 0.0000 147.0894 746.0374 0.6590 0.0000 4.8000 0.0000 0.0000 0.0000 0.0000 0.0000 3.9600 4.8000 
2022 9 28 10 3.9300 323.9500 0.0000 0.0000 147.0863 746.0370 0.6590 0.0000 4.8000 0.0000 0.0000 0.0000 0.0000 0.0000 3.9300 4.8000 
2022 9 28 11 3.8900 325.5900 0.0000 0.0000 147.0830 746.0365 0.6589 0.0000 4.8000 0.0000 0.0000 0.0000 0.0000 0.0000 3.8900 4.8000 
2022 9 28 12 3.8300 328.8300 0.0000 0.0000 147.0795 746.0360 0.6588 0.0000 4.8000 0.0000 0.0000 0.0000 0.0000 0.0000 3.8300 4.8000 
2022 9 28 13 3.7500 330.2400 0.0000 0.0000 147.0757 746.0355 0.6588 0.0000 4.8000 0.0000 0.0000 0.0000 0.0000 0.0000 3.7500 4.8000 
2022 9 28 14 3.6700 329.7100 0.0000 0.0000 147.0717 746.0349 0.6587 0.0000 4.8000 0.0000 0.0000 0.0000 0.0000 0.0000 3.6700 4.8000 
2022 9 28 15 3.5900 320.1000 0.0000 0.0000 147.0673 746.0343 0.6586 0.0000 4.8000 0.0000 0.0000 0.0000 0.0000 0.0000 3.5900 4.8000 
2022 9 28 16 3.5200 315.4400 0.0000 0.0000 147.0627 746.0336 0.6586 0.0000 4.8000 0.0000 0.0000 0.0000 0.0000 0.0000 3.5200 4.8000 
2022 9 28 17 3.4500 320.0600 0.0000 0.0000 147.0579 746.0329 0.6585 0.0000 4.8000 0.0000 0.0000 0.0000 0.0000 0.0000 3.4500 4.8000 
2022 9 28 18 3.3700 320.7100 0.0000 0.0000 147.0527 746.0322 0.6584 0.0000 4.8000 0.0000 0.0000 0.0000 0.0000 0.0000 3.3700 4.8000 
2022 9 28 19 3.3100 316.6600 0.0000 0.0000 147.0473 746.0315 0.6583 0.0000 4.8000 0.0000 0.0000 0.0000 0.0000 0.0000 3.3100 4.8000 
2022 9 28 20 3.2400 312.1300 0.0000 0.0000 147.0417 746.0307 0.6582 0.0000 4.8000 0.0000 0.0000 0.0000 0.0000 0.0000 3.2400 4.8000 
2022 9 28 21 3.1800 293.6400 0.0000 0.0000 147.0359 746.0298 0.6581 0.0000 4.8000 0.0000 0.0000 0.0000 0.0000 0.0000 3.1800 4.8000 
2022 9 28 22 3.1200 292.4600 0.0000 0.0000 147.0298 746.0290 0.6580 0.0000 4.8000 0.0000 0.0000 0.0000 0.0000 0.0000 3.1200 4.8000 
2022 9 28 23 3.0600 316.9900 0.0000 0.0000 147.0236 746.0281 0.6579 0.0000 4.8000 0.0000 0.0000 0.0000 0.0000 0.0000 3.0600 4.8000 
2022 9 29 0 3.0100 314.0000 0.0000 0.0000 147.0171 746.0271 0.6578 0.0000 4.8000 0.0000 0.0000 0.0000 0.0000 0.0000 3.0100 4.8000 
2022 9 29 1 2.9500 313.9700 0.0000 0.0000 147.0105 746.0262 0.6577 0.0000 4.8000 0.0000 0.0000 0.0000 0.0000 0.0000 2.9500 4.8000 
2022 9 29 2 2.9000 313.9600 0.0000 0.0000 147.0036 746.0252 0.6576 0.0000 4.8000 0.0000 0.0000 0.0000 0.0000 0.0000 2.9000 4.8000 
2022 9 29 3 2.8600 314.5600 0.0000 0.0000 146.9967 746.0242 0.6575 0.0000 4.8000 0.0000 0.0000 0.0000 0.0000 0.0000 2.8600 4.8000 
2022 9 29 4 2.8100 320.6300 0.0000 0.0000 146.9895 746.0232 0.6574 0.0000 4.8000 0.0000 0.0000 0.0000 0.0000 0.0000 2.8100 4.8000 
2022 9 29 5 2.7700 326.5500 0.0000 0.0000 146.9822 746.0222 0.6573 0.0000 4.8000 0.0000 0.0000 0.0000 0.0000 0.0000 2.7700 4.8000 
2022 9 29 6 2.7200 329.3000 0.0000 0.0000 146.9747 746.0211 0.6571 0.0000 4.8000 0.0000 0.0000 0.0000 0.0000 0.0000 2.7200 4.8000 
2022 9 29 7 2.6800 348.4400 0.0000 0.0000 146.9671 746.0200 0.6570 0.0000 4.8000 0.0000 0.0000 0.0000 0.0000 0.0000 2.6800 4.8000 
2022 9 29 8 2.6400 371.5900 0.0000 0.0000 146.9593 746.0189 0.6569 0.0000 4.8000 0.0000 0.0000 0.0000 0.0000 0.0000 2.6400 4.8000 
2022 9 29 9 2.6000 377.8600 0.0000 0.0000 146.9514 746.0178 0.6568 0.0000 4.8000 0.0000 0.0000 0.0000 0.0000 0.0000 2.6000 4.8000 
2022 9 29 10 2.5600 354.6500 0.0000 0.0000 146.9433 746.0166 0.6566 0.0000 4.8000 0.0000 0.0000 0.0000 0.0000 0.0000 2.5600 4.8000 
2022 9 29 11 2.5200 339.8800 0.0000 0.0000 146.9351 746.0155 0.6565 0.0000 4.8000 0.0000 0.0000 0.0000 0.0000 0.0000 2.5200 4.8000 
2022 9 29 12 2.4800 349.1900 0.0000 0.0000 146.9267 746.0143 0.6564 0.0000 4.8000 0.0000 0.0000 0.0000 0.0000 0.0000 2.4800 4.8000 
2022 9 29 13 2.4500 340.8000 0.0000 0.0000 146.9183 746.0131 0.6562 0.0000 4.8000 0.0000 0.0000 0.0000 0.0000 0.0000 2.4500 4.8000 
2022 9 29 14 2.4100 355.7500 0.0000 0.0000 146.9097 746.0118 0.6561 0.0000 4.8000 0.0000 0.0000 0.0000 0.0000 0.0000 2.4100 4.8000 
2022 9 29 15 2.3700 371.6800 0.0000 0.0000 146.9009 746.0106 0.6559 0.0000 4.8000 0.0000 0.0000 0.0000 0.0000 0.0000 2.3700 4.8000 
2022 9 29 16 2.3400 378.1500 0.0000 0.0000 146.8921 746.0093 0.6558 0.0000 4.8000 0.0000 0.0000 0.0000 0.0000 0.0000 2.3400 4.8000 
2022 9 29 17 2.3100 382.6500 0.0000 0.0000 146.8831 746.0080 0.6556 0.0000 4.8000 0.0000 0.0000 0.0000 0.0000 0.0000 2.3100 4.8000 
2022 9 29 18 2.2800 376.7800 0.0000 0.0000 146.8740 746.0068 0.6555 0.0000 4.8000 0.0000 0.0000 0.0000 0.0000 0.0000 2.2800 4.8000 
2022 9 29 19 2.2500 373.9000 0.0000 0.0000 146.8649 746.0054 0.6554 0.0000 4.8000 0.0000 0.0000 0.0000 0.0000 0.0000 2.2500 4.8000 
2022 9 29 20 2.2200 359.2700 0.0000 0.0000 146.8556 746.0041 0.6552 0.0000 4.8000 0.0000 0.0000 0.0000 0.0000 0.0000 2.2200 4.8000 
2022 9 29 21 2.2000 339.6900 0.0000 0.0000 146.8462 746.0028 0.6550 0.0000 4.8000 0.0000 0.0000 0.0000 0.0000 0.0000 2.2000 4.8000 
2022 9 29 22 2.1700 335.5400 0.0000 0.0000 146.8367 746.0014 0.6549 0.0000 4.8000 0.0000 0.0000 0.0000 0.0000 0.0000 2.1700 4.8000 
2022 9 29 23 2.1400 341.5400 0.0000 0.0000 146.8272 746.0001 0.6547 0.0000 4.8000 0.0000 0.0000 0.0000 0.0000 0.0000 2.1400 4.8000 
2022 9 30 0 2.1200 324.5500 0.0000 0.0000 146.8175 745.9987 0.6546 0.0000 4.8000 0.0000 0.0000 0.0000 0.0000 0.0000 2.1200 4.8000 
2022 9 30 1 2.0900 322.1200 0.0000 0.0000 146.8078 745.9973 0.6544 0.0000 4.8000 0.0000 0.0000 0.0000 0.0000 0.0000 2.0900 4.8000 
2022 9 30 2 2.0700 320.8600 0.0000 0.0000 146.7979 745.9959 0.6543 0.0000 4.8000 0.0000 0.0000 0.0000 0.0000 0.0000 2.0700 4.8000 
2022 9 30 3 2.0500 320.8000 0.0000 0.0000 146.7880 745.9945 0.6541 0.0000 4.8000 0.0000 0.0000 0.0000 0.0000 0.0000 2.0500 4.8000 
2022 9 30 4 2.0200 321.3000 0.0000 0.0000 146.7780 745.9931 0.6539 0.0000 4.8000 0.0000 0.0000 0.0000 0.0000 0.0000 2.0200 4.8000 
2022 9 30 5 2.0100 327.7000 0.0000 0.0000 146.7680 745.9916 0.6538 0.0000 4.8000 0.0000 0.0000 0.0000 0.0000 0.0000 2.0100 4.8000 
2022 9 30 6 1.9800 355.5300 0.0000 0.0000 146.7578 745.9902 0.6536 0.0000 4.8000 0.0000 0.0000 0.0000 0.0000 0.0000 1.9800 4.8000 
2022 9 30 7 1.9600 370.8800 0.0000 0.0000 146.7476 745.9887 0.6534 0.0000 4.8000 0.0000 0.0000 0.0000 0.0000 0.0000 1.9600 4.8000 
2022 9 30 8 1.9500 365.2600 0.0000 0.0000 146.7373 745.9873 0.6533 0.0000 4.8000 0.0000 0.0000 0.0000 0.0000 0.0000 1.9500 4.8000 
2022 9 30 9 1.9200 354.3600 0.0000 0.0000 146.7270 745.9858 0.6531 0.0000 4.8000 0.0000 0.0000 0.0000 0.0000 0.0000 1.9200 4.8000 
2022 9 30 10 1.9100 331.2900 0.0000 0.0000 146.7166 745.9843 0.6529 0.0000 4.8000 0.0000 0.0000 0.0000 0.0000 0.0000 1.9100 4.8000 
2022 9 30 11 1.8800 292.1500 0.0000 0.0000 146.7061 745.9828 0.6528 0.0000 4.8000 0.0000 0.0000 0.0000 0.0000 0.0000 1.8800 4.8000 
2022 9 30 12 1.8700 264.0800 0.0000 0.0000 146.6955 745.9813 0.6526 0.0000 4.8000 0.0000 0.0000 0.0000 0.0000 0.0000 1.8700 4.8000 
2022 9 30 13 1.8500 209.4500 0.0000 0.0000 146.6849 745.9798 0.6524 0.0000 4.8000 0.0000 0.0000 0.0000 0.0000 0.0000 1.8500 4.8000 
2022 9 30 14 1.8400 204.5600 0.0000 0.0000 146.6742 745.9783 0.6522 0.0000 4.8000 0.0000 0.0000 0.0000 0.0000 0.0000 1.8400 4.8000 
2022 9 30 15 1.8200 225.8600 0.0000 0.0000 146.6635 745.9767 0.6521 0.0000 4.8000 0.0000 0.0000 0.0000 0.0000 0.0000 1.8200 4.8000 
2022 9 30 16 1.8100 307.7600 0.0000 0.0000 146.6527 745.9752 0.6519 0.0000 4.8000 0.0000 0.0000 0.0000 0.0000 0.0000 1.8100 4.8000 
2022 9 30 17 1.8000 293.1200 0.0000 0.0000 146.6419 745.9737 0.6517 0.0000 4.8000 0.0000 0.0000 0.0000 0.0000 0.0000 1.8000 4.8000 
2022 9 30 18 1.7900 316.2800 0.0000 0.0000 146.6311 745.9721 0.6515 0.0000 4.8000 0.0000 0.0000 0.0000 0.0000 0.0000 1.7900 4.8000 
2022 9 30 19 1.7900 306.5000 0.0000 0.0000 146.6203 745.9706 0.6514 0.0000 4.8000 0.0000 0.0000 0.0000 0.0000 0.0000 1.7900 4.8000 
2022 9 30 20 1.7900 201.5000 0.0000 0.0000 146.6094 745.9690 0.6512 0.0000 4.8000 0.0000 0.0000 0.0000 0.0000 0.0000 1.7900 4.8000 
2022 9 30 21 1.7800 176.8500 0.0000 0.0000 146.5986 745.9675 0.6510 0.0000 4.8000 0.0000 0.0000 0.0000 0.0000 0.0000 1.7800 4.8000 
2022 9 30 22 1.7800 99.1600 0.0000 0.0000 146.5877 745.9659 0.6508 0.0000 4.8000 0.0000 0.0000 0.0000 0.0000 0.0000 1.7800 4.8000 
2022 9 30 23 1.7700 83.4300 0.0000 0.0000 146.5768 745.9644 0.6507 0.0000 4.8000 0.0000 0.0000 0.0000 0.0000 0.0000 1.7700 4.8000 
2022 10 1 0 1.7700 69.2000 0.0000 0.0000 146.5659 745.9628 0.6505 0.0000 4.8000 0.0000 0.0000 0.0000 0.0000 0.0000 1.7700 4.8000 
2022 10 1 1 1.7700 54.4200 0.0000 0.0000 146.5550 745.9613 0.6503 0.0000 4.8000 0.0000 0.0000 0.0000 0.0000 0.0000 1.7700 4.8000 
2022 10 1 2 1.7800 23.3800 0.0000 0.0000 146.5441 745.9597 0.6501 0.0000 4.8000 0.0000 0.0000 0.0000 0.0000 0.0000 1.7800 4.8000 
2022 10 1 3 1.8100 18.4000 0.0000 0.0000 146.5333 745.9582 0.6500 0.0000 4.8000 0.0000 0.0000 0.0000 0.0000 0.0000 1.8100 4.8000 
2022 10 1 4 1.8700 17.4200 0.0000 0.0000 146.5228 745.9567 0.6498 0.0000 4.8000 0.0000 0.0000 0.0000 0.0000 0.0000 1.8700 4.8000 
2022 10 1 5 2.0200 17.0300 0.0000 0.0000 146.5128 745.9553 0.6496 0.0000 4.8000 0.0000 0.0000 0.0000 0.0000 0.0000 2.0200 4.8000 
2022 10 1 6 2.3100 25.9500 0.0000 0.0000 146.5038 745.9540 0.6495 0.0000 4.8000 0.0000 0.0000 0.0000 0.0000 0.0000 2.3100 4.8000 
2022 10 1 7 2.8200 48.9000 0.0000 0.0000 146.4967 745.9530 0.6494 0.0000 4.8000 0.0000 0.0000 0.0000 0.0000 0.0000 2.8200 4.8000 
2022 10 1 8 3.4600 79.6000 0.0000 0.0000 146.4919 745.9523 0.6493 0.0000 4.8000 0.0000 0.0000 0.0000 0.0000 0.0000 3.4600 4.8000 
2022 10 1 9 4.0600 119.5500 0.0000 0.0000 146.4892 745.9519 0.6492 0.0000 4.8000 0.0000 0.0000 0.0000 0.0000 0.0000 4.0600 4.8000 
2022 10 1 10 4.4900 116.2000 0.0000 0.0000 146.4881 745.9517 0.6492 0.0000 4.8000 0.0000 0.0000 0.0000 0.0000 0.0000 4.4900 4.8000 
2022 10 1 11 4.7300 97.9500 0.0000 0.0000 146.4878 745.9517 0.6492 0.0000 4.8000 0.0000 0.0000 0.0000 0.0000 0.0000 4.7300 4.8000 
2022 10 1 12 4.8400 80.5800 0.0000 0.0000 146.4880 745.9517 0.6492 0.0000 4.8000 0.0000 0.0000 0.0000 0.0000 0.0000 4.8400 4.8000 
2022 10 1 13 4.9200 72.0100 0.0000 0.0000 146.4884 745.9518 0.6492 0.0000 4.8000 0.0000 0.0000 0.0000 0.0000 0.0000 4.9200 4.8000 
2022 10 1 14 4.9800 72.8100 0.0000 0.0000 146.4891 745.9519 0.6492 0.0000 4.8000 0.0000 0.0000 0.0000 0.0000 0.0000 4.9800 4.8000 
2022 10 1 15 5.0100 75.9900 0.0000 0.0000 146.4898 745.9520 0.6492 0.0000 4.8000 0.0000 0.0000 0.0000 0.0000 0.0000 5.0100 4.8000 
2022 10 1 16 5.0000 149.9700 0.0000 0.0000 146.4905 745.9521 0.6493 0.0000 4.8000 0.0000 0.0000 0.0000 0.0000 0.0000 5.0000 4.8000 
2022 10 1 17 4.9300 184.2700 0.0000 0.0000 146.4910 745.9522 0.6493 0.0000 4.8000 0.0000 0.0000 0.0000 0.0000 0.0000 4.9300 4.8000 
2022 10 1 18 4.8400 213.0600 0.0000 0.0000 146.4911 745.9522 0.6493 0.0000 4.8000 0.0000 0.0000 0.0000 0.0000 0.0000 4.8400 4.8000 
2022 10 1 19 4.7400 196.2000 0.0000 0.0000 146.4909 745.9522 0.6493 0.0000 4.8000 0.0000 0.0000 0.0000 0.0000 0.0000 4.7400 4.8000 
2022 10 1 20 4.6500 157.6900 0.0000 0.0000 146.4904 745.9521 0.6493 0.0000 4.8000 0.0000 0.0000 0.0000 0.0000 0.0000 4.6500 4.8000 
2022 10 1 21 4.5700 120.0200 0.0000 0.0000 146.4896 745.9520 0.6492 0.0000 4.8000 0.0000 0.0000 0.0000 0.0000 0.0000 4.5700 4.8000 
2022 10 1 22 4.5000 84.2900 0.0000 0.0000 146.4885 745.9518 0.6492 0.0000 4.8000 0.0000 0.0000 0.0000 0.0000 0.0000 4.5000 4.8000 
2022 10 1 23 4.4500 70.8700 0.0000 0.0000 146.4872 745.9516 0.6492 0.0000 4.8000 0.0000 0.0000 0.0000 0.0000 0.0000 4.4500 4.8000 
2022 10 2 0 4.3900 70.3200 0.0000 0.0000 146.4857 745.9514 0.6492 0.0000 4.8000 0.0000 0.0000 0.0000 0.0000 0.0000 4.3900 4.8000 
2022 10 2 1 4.3500 63.9500 0.0000 0.0000 146.4841 745.9512 0.6492 0.0000 4.8000 0.0000 0.0000 0.0000 0.0000 0.0000 4.3500 4.8000 
2022 10 2 2 4.3100 68.0300 0.0000 0.0000 146.4824 745.9509 0.6491 0.0000 4.8000 0.0000 0.0000 0.0000 0.0000 0.0000 4.3100 4.8000 
2022 10 2 3 4.3000 64.9900 0.0000 0.0000 146.4806 745.9507 0.6491 0.0000 4.8000 0.0000 0.0000 0.0000 0.0000 0.0000 4.3000 4.8000 
2022 10 2 4 4.2900 65.3600 0.0000 0.0000 146.4787 745.9504 0.6491 0.0000 4.8000 0.0000 0.0000 0.0000 0.0000 0.0000 4.2900 4.8000 
2022 10 2 5 4.2800 65.2000 0.0000 0.0000 146.4769 745.9501 0.6490 0.0000 4.8000 0.0000 0.0000 0.0000 0.0000 0.0000 4.2800 4.8000 
2022 10 2 6 4.2700 127.7400 0.0000 0.0000 146.4749 745.9499 0.6490 0.0000 4.8000 0.0000 0.0000 0.0000 0.0000 0.0000 4.2700 4.8000 
2022 10 2 7 4.2600 93.3700 0.0000 0.0000 146.4730 745.9496 0.6490 0.0000 4.8000 0.0000 0.0000 0.0000 0.0000 0.0000 4.2600 4.8000 
2022 10 2 8 4.2500 212.7600 0.0000 0.0000 146.4710 745.9493 0.6489 0.0000 4.8000 0.0000 0.0000 0.0000 0.0000 0.0000 4.2500 4.8000 
2022 10 2 9 4.2500 232.8900 0.0000 0.0000 146.4690 745.9490 0.6489 0.0000 4.8000 0.0000 0.0000 0.0000 0.0000 0.0000 4.2500 4.8000 
2022 10 2 10 4.2400 233.2600 0.0000 0.0000 146.4670 745.9487 0.6489 0.0000 4.8000 0.0000 0.0000 0.0000 0.0000 0.0000 4.2400 4.8000 
2022 10 2 11 4.2300 253.5800 0.0000 0.0000 146.4650 745.9485 0.6488 0.0000 4.8000 0.0000 0.0000 0.0000 0.0000 0.0000 4.2300 4.8000 
2022 10 2 12 4.2400 287.3600 0.0000 0.0000 146.4630 745.9482 0.6488 0.0000 4.8000 0.0000 0.0000 0.0000 0.0000 0.0000 4.2400 4.8000 
2022 10 2 13 4.2300 254.1600 0.0000 0.0000 146.4609 745.9479 0.6488 0.0000 4.8000 0.0000 0.0000 0.0000 0.0000 0.0000 4.2300 4.8000 
2022 10 2 14 4.1900 224.5500 0.0000 0.0000 146.4587 745.9476 0.6487 0.0000 4.8000 0.0000 0.0000 0.0000 0.0000 0.0000 4.1900 4.8000 
2022 10 2 15 4.1700 107.4000 0.0000 0.0000 146.4564 745.9472 0.6487 0.0000 4.8000 0.0000 0.0000 0.0000 0.0000 0.0000 4.1700 4.8000 
2022 10 2 16 4.1500 220.4100 0.0000 0.0000 146.4541 745.9469 0.6487 0.0000 4.8000 0.0000 0.0000 0.0000 0.0000 0.0000 4.1500 4.8000 
2022 10 2 17 4.1300 297.9300 0.0000 0.0000 146.4517 745.9466 0.6486 0.0000 4.8000 0.0000 0.0000 0.0000 0.0000 0.0000 4.1300 4.8000 
2022 10 2 18 4.0900 331.6800 0.0000 0.0000 146.4491 745.9462 0.6486 0.0000 4.8000 0.0000 0.0000 0.0000 0.0000 0.0000 4.0900 4.8000 
2022 10 2 19 4.0600 318.4200 0.0000 0.0000 146.4465 745.9458 0.6485 0.0000 4.8000 0.0000 0.0000 0.0000 0.0000 0.0000 4.0600 4.8000 
2022 10 2 20 4.0100 253.0800 0.0000 0.0000 146.4436 745.9454 0.6485 0.0000 4.8000 0.0000 0.0000 0.0000 0.0000 0.0000 4.0100 4.8000 
2022 10 2 21 3.9700 178.6600 0.0000 0.0000 146.4406 745.9450 0.6484 0.0000 4.8000 0.0000 0.0000 0.0000 0.0000 0.0000 3.9700 4.8000 
2022 10 2 22 3.9100 165.3800 0.0000 0.0000 146.4374 745.9445 0.6484 0.0000 4.8000 0.0000 0.0000 0.0000 0.0000 0.0000 3.9100 4.8000 
2022 10 2 23 3.8700 194.7300 0.0000 0.0000 146.4341 745.9440 0.6483 0.0000 4.8000 0.0000 0.0000 0.0000 0.0000 0.0000 3.8700 4.8000 
2022 10 3 0 3.8200 179.9000 0.0000 0.0000 146.4306 745.9435 0.6483 0.0000 4.8000 0.0000 0.0000 0.0000 0.0000 0.0000 3.8200 4.8000 
2022 10 3 1 3.7700 171.6000 0.0000 0.0000 146.4268 745.9430 0.6482 0.0000 4.8000 0.0000 0.0000 0.0000 0.0000 0.0000 3.7700 4.8000 
2022 10 3 2 3.7100 100.4500 0.0000 0.0000 146.4229 745.9425 0.6482 0.0000 4.8000 0.0000 0.0000 0.0000 0.0000 0.0000 3.7100 4.8000 
2022 10 3 3 3.6800 104.5500 0.0000 0.0000 146.4189 745.9419 0.6481 0.0000 4.8000 0.0000 0.0000 0.0000 0.0000 0.0000 3.6800 4.8000 
2022 10 3 4 3.6700 140.4600 0.0000 0.0000 146.4148 745.9413 0.6480 0.0000 4.8000 0.0000 0.0000 0.0000 0.0000 0.0000 3.6700 4.8000 
2022 10 3 5 3.6500 212.7100 0.0000 0.0000 146.4107 745.9407 0.6480 0.0000 4.8000 0.0000 0.0000 0.0000 0.0000 0.0000 3.6500 4.8000 
2022 10 3 6 3.6200 305.1800 0.0000 0.0000 146.4064 745.9401 0.6479 0.0000 4.8000 0.0000 0.0000 0.0000 0.0000 0.0000 3.6200 4.8000 
2022 10 3 7 3.5900 323.5700 0.0000 0.0000 146.4021 745.9395 0.6478 0.0000 4.8000 0.0000 0.0000 0.0000 0.0000 0.0000 3.5900 4.8000 
2022 10 3 8 3.5600 275.9600 0.0000 0.0000 146.3976 745.9389 0.6477 0.0000 4.8000 0.0000 0.0000 0.0000 0.0000 0.0000 3.5600 4.8000 
2022 10 3 9 3.5500 212.7300 0.0000 0.0000 146.3931 745.9382 0.6477 0.0000 4.8000 0.0000 0.0000 0.0000 0.0000 0.0000 3.5500 4.8000 
2022 10 3 10 3.5200 156.7600 0.0000 0.0000 146.3885 745.9376 0.6476 0.0000 4.8000 0.0000 0.0000 0.0000 0.0000 0.0000 3.5200 4.8000 
2022 10 3 11 3.5000 126.7100 0.0000 0.0000 146.3838 745.9369 0.6475 0.0000 4.8000 0.0000 0.0000 0.0000 0.0000 0.0000 3.5000 4.8000 
2022 10 3 12 3.4800 137.5900 0.0000 0.0000 146.3791 745.9362 0.6474 0.0000 4.8000 0.0000 0.0000 0.0000 0.0000 0.0000 3.4800 4.8000 
2022 10 3 13 3.4500 154.3700 0.0000 0.0000 146.3742 745.9355 0.6474 0.0000 4.8000 0.0000 0.0000 0.0000 0.0000 0.0000 3.4500 4.8000 
2022 10 3 14 3.4300 196.1100 0.0000 0.0000 146.3693 745.9348 0.6473 0.0000 4.8000 0.0000 0.0000 0.0000 0.0000 0.0000 3.4300 4.8000 
2022 10 3 15 3.4100 238.2900 0.0000 0.0000 146.3643 745.9341 0.6472 0.0000 4.8000 0.0000 0.0000 0.0000 0.0000 0.0000 3.4100 4.8000 
2022 10 3 16 3.4000 332.4800 0.0000 0.0000 146.3592 745.9334 0.6471 0.0000 4.8000 0.0000 0.0000 0.0000 0.0000 0.0000 3.4000 4.8000 
2022 10 3 17 3.3900 367.0800 0.0000 0.0000 146.3542 745.9327 0.6470 0.0000 4.8000 0.0000 0.0000 0.0000 0.0000 0.0000 3.3900 4.8000 
2022 10 3 18 3.3800 373.7600 0.0000 0.0000 146.3491 745.9319 0.6470 0.0000 4.8000 0.0000 0.0000 0.0000 0.0000 0.0000 3.3800 4.8000 
2022 10 3 19 3.3600 364.8600 0.0000 0.0000 146.3439 745.9312 0.6469 0.0000 4.8000 0.0000 0.0000 0.0000 0.0000 0.0000 3.3600 4.8000 
2022 10 3 20 3.3500 326.4700 0.0000 0.0000 146.3386 745.9304 0.6468 0.0000 4.8000 0.0000 0.0000 0.0000 0.0000 0.0000 3.3500 4.8000 
2022 10 3 21 3.3400 319.0700 0.0000 0.0000 146.3334 745.9297 0.6467 0.0000 4.8000 0.0000 0.0000 0.0000 0.0000 0.0000 3.3400 4.8000 
2022 10 3 22 3.3200 297.8500 0.0000 0.0000 146.3281 745.9289 0.6466 0.0000 4.8000 0.0000 0.0000 0.0000 0.0000 0.0000 3.3200 4.8000 
2022 10 3 23 3.3200 211.7700 0.0000 0.0000 146.3227 745.9282 0.6465 0.0000 4.8000 0.0000 0.0000 0.0000 0.0000 0.0000 3.3200 4.8000 
2022 10 4 0 3.3000 193.6000 0.0000 0.0000 146.3173 745.9274 0.6464 0.0000 4.8000 0.0000 0.0000 0.0000 0.0000 0.0000 3.3000 4.8000 
2022 10 4 1 3.3000 193.0400 0.0000 0.0000 146.3119 745.9266 0.6464 0.0000 4.8000 0.0000 0.0000 0.0000 0.0000 0.0000 3.3000 4.8000 
2022 10 4 2 3.3100 173.9500 0.0000 0.0000 146.3066 745.9259 0.6463 0.0000 4.8000 0.0000 0.0000 0.0000 0.0000 0.0000 3.3100 4.8000 
2022 10 4 3 3.3200 192.6700 0.0000 0.0000 146.3012 745.9251 0.6462 0.0000 4.8000 0.0000 0.0000 0.0000 0.0000 0.0000 3.3200 4.8000 
2022 10 4 4 3.3100 202.5600 0.0000 0.0000 146.2959 745.9244 0.6461 0.0000 4.8000 0.0000 0.0000 0.0000 0.0000 0.0000 3.3100 4.8000 
2022 10 4 5 3.3000 252.2900 0.0000 0.0000 146.2905 745.9236 0.6460 0.0000 4.8000 0.0000 0.0000 0.0000 0.0000 0.0000 3.3000 4.8000 
2022 10 4 6 3.2900 299.2900 0.0000 0.0000 146.2850 745.9228 0.6459 0.0000 4.8000 0.0000 0.0000 0.0000 0.0000 0.0000 3.2900 4.8000 
2022 10 4 7 3.2700 308.4300 0.0000 0.0000 146.2795 745.9220 0.6458 0.0000 4.8000 0.0000 0.0000 0.0000 0.0000 0.0000 3.2700 4.8000 
2022 10 4 8 3.2600 303.3300 0.0000 0.0000 146.2740 745.9212 0.6457 0.0000 4.8000 0.0000 0.0000 0.0000 0.0000 0.0000 3.2600 4.8000 
2022 10 4 9 3.2500 266.3100 0.0000 0.0000 146.2684 745.9204 0.6456 0.0000 4.8000 0.0000 0.0000 0.0000 0.0000 0.0000 3.2500 4.8000 
2022 10 4 10 3.2400 223.4600 0.0000 0.0000 146.2628 745.9196 0.6456 0.0000 4.8000 0.0000 0.0000 0.0000 0.0000 0.0000 3.2400 4.8000 
2022 10 4 11 3.2400 171.5200 0.0000 0.0000 146.2572 745.9188 0.6455 0.0000 4.8000 0.0000 0.0000 0.0000 0.0000 0.0000 3.2400 4.8000 
2022 10 4 12 3.2300 159.6400 0.0000 0.0000 146.2515 745.9180 0.6454 0.0000 4.8000 0.0000 0.0000 0.0000 0.0000 0.0000 3.2300 4.8000 
2022 10 4 13 3.2300 148.3800 0.0000 0.0000 146.2459 745.9172 0.6453 0.0000 4.8000 0.0000 0.0000 0.0000 0.0000 0.0000 3.2300 4.8000 
2022 10 4 14 3.2300 152.6300 0.0000 0.0000 146.2402 745.9164 0.6452 0.0000 4.8000 0.0000 0.0000 0.0000 0.0000 0.0000 3.2300 4.8000 
2022 10 4 15 3.2300 187.8200 0.0000 0.0000 146.2346 745.9156 0.6451 0.0000 4.8000 0.0000 0.0000 0.0000 0.0000 0.0000 3.2300 4.8000 
2022 10 4 16 3.2300 211.9200 0.0000 0.0000 146.2289 745.9148 0.6450 0.0000 4.8000 0.0000 0.0000 0.0000 0.0000 0.0000 3.2300 4.8000 
2022 10 4 17 3.2300 236.0900 0.0000 0.0000 146.2233 745.9140 0.6449 0.0000 4.8000 0.0000 0.0000 0.0000 0.0000 0.0000 3.2300 4.8000 
2022 10 4 18 3.2400 212.0100 0.0000 0.0000 146.2177 745.9132 0.6448 0.0000 4.8000 0.0000 0.0000 0.0000 0.0000 0.0000 3.2400 4.8000 
2022 10 4 19 3.2500 178.5700 0.0000 0.0000 146.2121 745.9124 0.6447 0.0000 4.8000 0.0000 0.0000 0.0000 0.0000 0.0000 3.2500 4.8000 
2022 10 4 20 3.2500 159.3100 0.0000 0.0000 146.2065 745.9116 0.6446 0.0000 4.8000 0.0000 0.0000 0.0000 0.0000 0.0000 3.2500 4.8000 
2022 10 4 21 3.2600 161.8500 0.0000 0.0000 146.2009 745.9108 0.6445 0.0000 4.8000 0.0000 0.0000 0.0000 0.0000 0.0000 3.2600 4.8000 
2022 10 4 22 3.2800 141.6400 0.0000 0.0000 146.1955 745.9100 0.6445 0.0000 4.8000 0.0000 0.0000 0.0000 0.0000 0.0000 3.2800 4.8000 
2022 10 4 23 3.3000 45.8400 0.0000 0.0000 146.1901 745.9093 0.6444 0.0000 4.8000 0.0000 0.0000 0.0000 0.0000 0.0000 3.3000 4.8000 
2022 10 5 0 3.3300 87.4300 0.0000 0.0000 146.1848 745.9085 0.6443 0.0000 4.8000 0.0000 0.0000 0.0000 0.0000 0.0000 3.3300 4.8000 
2022 10 5 1 3.3700 56.7800 0.0000 0.0000 146.1796 745.9078 0.6442 0.0000 4.8000 0.0000 0.0000 0.0000 0.0000 0.0000 3.3700 4.8000 
2022 10 5 2 3.4200 48.3100 0.0000 0.0000 146.1747 745.9071 0.6441 0.0000 4.8000 0.0000 0.0000 0.0000 0.0000 0.0000 3.4200 4.8000 
2022 10 5 3 3.4800 44.0500 0.0000 0.0000 146.1699 745.9064 0.6440 0.0000 4.8000 0.0000 0.0000 0.0000 0.0000 0.0000 3.4800 4.8000 
2022 10 5 4 3.5300 42.4300 0.0000 0.0000 146.1653 745.9057 0.6440 0.0000 4.8000 0.0000 0.0000 0.0000 0.0000 0.0000 3.5300 4.8000 
2022 10 5 5 3.5600 97.9500 0.0000 0.0000 146.1609 745.9051 0.6439 0.0000 4.8000 0.0000 0.0000 0.0000 0.0000 0.0000 3.5600 4.8000 
2022 10 5 6 3.6000 156.5100 0.0000 0.0000 146.1566 745.9045 0.6438 0.0000 4.8000 0.0000 0.0000 0.0000 0.0000 0.0000 3.6000 4.8000 
2022 10 5 7 3.6400 163.2100 0.0000 0.0000 146.1524 745.9039 0.6438 0.0000 4.8000 0.0000 0.0000 0.0000 0.0000 0.0000 3.6400 4.8000 
2022 10 5 8 3.6900 110.0400 0.0000 0.0000 146.1484 745.9033 0.6437 0.0000 4.8000 0.0000 0.0000 0.0000 0.0000 0.0000 3.6900 4.8000 
2022 10 5 9 3.7100 100.8000 0.0000 0.0000 146.1445 745.9028 0.6436 0.0000 4.8000 0.0000 0.0000 0.0000 0.0000 0.0000 3.7100 4.8000 
2022 10 5 10 3.7600 57.5400 0.0000 0.0000 146.1407 745.9022 0.6436 0.0000 4.8000 0.0000 0.0000 0.0000 0.0000 0.0000 3.7600 4.8000 
2022 10 5 11 3.8000 40.8600 0.0000 0.0000 146.1371 745.9017 0.6435 0.0000 4.8000 0.0000 0.0000 0.0000 0.0000 0.0000 3.8000 4.8000 
2022 10 5 12 3.8700 24.7000 0.0000 0.0000 146.1338 745.9013 0.6435 0.0000 4.8000 0.0000 0.0000 0.0000 0.0000 0.0000 3.8700 4.8000 
2022 10 5 13 3.9700 18.0200 0.0000 0.0000 146.1308 745.9008 0.6434 0.0000 4.8000 0.0000 0.0000 0.0000 0.0000 0.0000 3.9700 4.8000 
2022 10 5 14 4.1300 20.4400 0.0000 0.0000 146.1284 745.9005 0.6434 0.0000 4.8000 0.0000 0.0000 0.0000 0.0000 0.0000 4.1300 4.8000 
2022 10 5 15 4.4300 37.6900 0.0000 0.0000 146.1270 745.9003 0.6433 0.0000 4.8000 0.0000 0.0000 0.0000 0.0000 0.0000 4.4300 4.8000 
2022 10 5 16 4.9500 26.9600 0.0000 0.0000 146.1276 745.9004 0.6434 0.0000 4.8000 0.0000 0.0000 0.0000 0.0000 0.0000 4.9500 4.8000 
2022 10 5 17 5.9000 21.1800 0.0000 0.0000 146.1315 745.9009 0.6434 0.0000 4.8000 0.0000 0.0000 0.0000 0.0000 0.0000 5.9000 4.8000 
2022 10 5 18 7.4800 16.7800 0.0000 0.0000 146.1412 745.9023 0.6436 0.0000 4.8000 0.0000 0.0000 0.0000 0.0000 0.0000 7.4800 4.8000 
2022 10 5 19 9.7400 11.5800 0.0000 0.0000 146.1590 745.9048 0.6439 0.0000 4.8000 0.0000 0.0000 0.0000 0.0000 0.0000 9.7400 4.8000 
2022 10 5 20 11.9900 18.3700 0.0000 0.0000 146.1849 745.9085 0.6443 0.0000 4.8000 0.0000 0.0000 0.0000 0.0000 0.0000 11.9900 4.8000 
2022 10 5 21 13.5200 21.8600 0.0000 0.0000 146.2162 745.9130 0.6448 0.0000 4.8000 0.0000 0.0000 0.0000 0.0000 0.0000 13.5200 4.8000 
2022 10 5 22 14.4600 2.0500 0.0000 0.0000 146.2510 745.9180 0.6454 0.0000 4.8000 0.0000 0.0000 0.0000 0.0000 0.0000 14.4600 4.8000 
2022 10 5 23 14.7100 1.0000 0.0000 0.0000 146.2867 745.9230 0.6459 0.0000 4.8000 0.0000 0.0000 0.0000 0.0000 0.0000 14.7100 4.8000 
2022 10 6 0 14.6300 0.4200 0.0000 0.0000 146.3221 745.9281 0.6465 0.0000 4.8000 0.0000 0.0000 0.0000 0.0000 0.0000 14.6300 4.8000 
2022 10 6 1 14.2500 0.0900 0.0000 0.0000 146.3561 745.9329 0.6471 0.0000 4.8000 0.0000 0.0000 0.0000 0.0000 0.0000 14.2500 4.8000 
2022 10 6 2 13.7300 0.0800 0.0000 0.0000 146.3883 745.9375 0.6476 0.0000 4.8000 0.0000 0.0000 0.0000 0.0000 0.0000 13.7300 4.8000 
2022 10 6 3 13.1800 0.0700 0.0000 0.0000 146.4184 745.9418 0.6481 0.0000 4.8000 0.0000 0.0000 0.0000 0.0000 0.0000 13.1800 4.8000 
2022 10 6 4 12.5900 0.6100 0.0000 0.0000 146.4465 745.9458 0.6485 0.0000 4.8000 0.0000 0.0000 0.0000 0.0000 0.0000 12.5900 4.8000 
2022 10 6 5 11.7900 21.7200 0.0000 0.0000 146.4716 745.9494 0.6490 0.0000 4.8000 0.0000 0.0000 0.0000 0.0000 0.0000 11.7900 4.8000 
2022 10 6 6 11.0600 53.6700 0.0000 0.0000 146.4942 745.9526 0.6493 0.0000 4.8000 0.0000 0.0000 0.0000 0.0000 0.0000 11.0600 4.8000 
2022 10 6 7 10.3400 62.8000 0.0000 0.0000 146.5141 745.9555 0.6496 0.0000 4.8000 0.0000 0.0000 0.0000 0.0000 0.0000 10.3400 4.8000 
2022 10 6 8 9.6500 45.2800 0.0000 0.0000 146.5316 745.9579 0.6499 0.0000 4.8000 0.0000 0.0000 0.0000 0.0000 0.0000 9.6500 4.8000 
2022 10 6 9 9.0200 40.1800 0.0000 0.0000 146.5468 745.9601 0.6502 0.0000 4.8000 0.0000 0.0000 0.0000 0.0000 0.0000 9.0200 4.8000 
2022 10 6 10 8.4100 9.3600 0.0000 0.0000 146.5598 745.9620 0.6504 0.0000 4.8000 0.0000 0.0000 0.0000 0.0000 0.0000 8.4100 4.8000 
2022 10 6 11 7.8700 5.9500 0.0000 0.0000 146.5708 745.9635 0.6506 0.0000 4.8000 0.0000 0.0000 0.0000 0.0000 0.0000 7.8700 4.8000 
2022 10 6 12 7.3800 4.6000 0.0000 0.0000 146.5801 745.9649 0.6507 0.0000 4.8000 0.0000 0.0000 0.0000 0.0000 0.0000 7.3800 4.8000 
2022 10 6 13 6.9700 4.2200 0.0000 0.0000 146.5879 745.9660 0.6508 0.0000 4.8000 0.0000 0.0000 0.0000 0.0000 0.0000 6.9700 4.8000 
2022 10 6 14 6.5900 15.6000 0.0000 0.0000 146.5944 745.9669 0.6509 0.0000 4.8000 0.0000 0.0000 0.0000 0.0000 0.0000 6.5900 4.8000 
2022 10 6 15 6.2500 19.1800 0.0000 0.0000 146.5996 745.9676 0.6510 0.0000 4.8000 0.0000 0.0000 0.0000 0.0000 0.0000 6.2500 4.8000 
2022 10 6 16 5.9500 25.5800 0.0000 0.0000 146.6037 745.9682 0.6511 0.0000 4.8000 0.0000 0.0000 0.0000 0.0000 0.0000 5.9500 4.8000 
2022 10 6 17 5.6900 42.8600 0.0000 0.0000 146.6069 745.9687 0.6512 0.0000 4.8000 0.0000 0.0000 0.0000 0.0000 0.0000 5.6900 4.8000 
2022 10 6 18 5.4500 47.0300 0.0000 0.0000 146.6093 745.9690 0.6512 0.0000 4.8000 0.0000 0.0000 0.0000 0.0000 0.0000 5.4500 4.8000 
2022 10 6 19 5.2500 46.6000 0.0000 0.0000 146.6109 745.9692 0.6512 0.0000 4.8000 0.0000 0.0000 0.0000 0.0000 0.0000 5.2500 4.8000 
2022 10 6 20 5.0600 42.9500 0.0000 0.0000 146.6118 745.9694 0.6512 0.0000 4.8000 0.0000 0.0000 0.0000 0.0000 0.0000 5.0600 4.8000 
2022 10 6 21 4.8900 37.9000 0.0000 0.0000 146.6121 745.9694 0.6512 0.0000 4.8000 0.0000 0.0000 0.0000 0.0000 0.0000 4.8900 4.8000 
2022 10 6 22 4.7200 27.9100 0.0000 0.0000 146.6119 745.9694 0.6512 0.0000 4.8000 0.0000 0.0000 0.0000 0.0000 0.0000 4.7200 4.8000 
2022 10 6 23 4.5800 18.2500 0.0000 0.0000 146.6111 745.9693 0.6512 0.0000 4.8000 0.0000 0.0000 0.0000 0.0000 0.0000 4.5800 4.8000 
2022 10 7 0 4.4500 5.0700 0.0000 0.0000 146.6098 745.9691 0.6512 0.0000 4.8000 0.0000 0.0000 0.0000 0.0000 0.0000 4.4500 4.8000 
2022 10 7 1 4.3400 1.4100 0.0000 0.0000 146.6081 745.9689 0.6512 0.0000 4.8000 0.0000 0.0000 0.0000 0.0000 0.0000 4.3400 4.8000 
2022 10 7 2 4.2200 0.4700 0.0000 0.0000 146.6061 745.9686 0.6511 0.0000 4.8000 0.0000 0.0000 0.0000 0.0000 0.0000 4.2200 4.8000 
2022 10 7 3 4.1300 0.1000 0.0000 0.0000 146.6036 745.9682 0.6511 0.0000 4.8000 0.0000 0.0000 0.0000 0.0000 0.0000 4.1300 4.8000 
2022 10 7 4 4.0400 0.8400 0.0000 0.0000 146.6009 745.9678 0.6511 0.0000 4.8000 0.0000 0.0000 0.0000 0.0000 0.0000 4.0400 4.8000 
2022 10 7 5 3.9600 6.2000 0.0000 0.0000 146.5979 745.9674 0.6510 0.0000 4.8000 0.0000 0.0000 0.0000 0.0000 0.0000 3.9600 4.8000 
2022 10 7 6 3.9000 52.1500 0.0000 0.0000 146.5946 745.9669 0.6510 0.0000 4.8000 0.0000 0.0000 0.0000 0.0000 0.0000 3.9000 4.8000 
2022 10 7 7 3.8400 53.4600 0.0000 0.0000 146.5912 745.9664 0.6509 0.0000 4.8000 0.0000 0.0000 0.0000 0.0000 0.0000 3.8400 4.8000 
2022 10 7 8 3.8000 50.7000 0.0000 0.0000 146.5876 745.9659 0.6508 0.0000 4.8000 0.0000 0.0000 0.0000 0.0000 0.0000 3.8000 4.8000 
2022 10 7 9 3.7700 41.6200 0.0000 0.0000 146.5839 745.9654 0.6508 0.0000 4.8000 0.0000 0.0000 0.0000 0.0000 0.0000 3.7700 4.8000 
2022 10 7 10 3.7500 22.0600 0.0000 0.0000 146.5801 745.9649 0.6507 0.0000 4.8000 0.0000 0.0000 0.0000 0.0000 0.0000 3.7500 4.8000 
2022 10 7 11 3.7300 14.6600 0.0000 0.0000 146.5762 745.9643 0.6507 0.0000 4.8000 0.0000 0.0000 0.0000 0.0000 0.0000 3.7300 4.8000 
2022 10 7 12 3.7500 14.7600 0.0000 0.0000 146.5725 745.9638 0.6506 0.0000 4.8000 0.0000 0.0000 0.0000 0.0000 0.0000 3.7500 4.8000 
2022 10 7 13 3.8100 20.9900 0.0000 0.0000 146.5689 745.9633 0.6505 0.0000 4.8000 0.0000 0.0000 0.0000 0.0000 0.0000 3.8100 4.8000 
2022 10 7 14 3.9100 19.3400 0.0000 0.0000 146.5657 745.9628 0.6505 0.0000 4.8000 0.0000 0.0000 0.0000 0.0000 0.0000 3.9100 4.8000 
2022 10 7 15 3.9900 24.8400 0.0000 0.0000 146.5628 745.9624 0.6504 0.0000 4.8000 0.0000 0.0000 0.0000 0.0000 0.0000 3.9900 4.8000 
2022 10 7 16 4.0600 36.4200 0.0000 0.0000 146.5601 745.9620 0.6504 0.0000 4.8000 0.0000 0.0000 0.0000 0.0000 0.0000 4.0600 4.8000 
2022 10 7 17 4.1100 55.8200 0.0000 0.0000 146.5576 745.9617 0.6504 0.0000 4.8000 0.0000 0.0000 0.0000 0.0000 0.0000 4.1100 4.8000 
2022 10 7 18 4.1400 53.6500 0.0000 0.0000 146.5553 745.9613 0.6503 0.0000 4.8000 0.0000 0.0000 0.0000 0.0000 0.0000 4.1400 4.8000 
2022 10 7 19 4.1700 41.8400 0.0000 0.0000 146.5530 745.9610 0.6503 0.0000 4.8000 0.0000 0.0000 0.0000 0.0000 0.0000 4.1700 4.8000 
2022 10 7 20 4.1800 53.6400 0.0000 0.0000 146.5508 745.9607 0.6502 0.0000 4.8000 0.0000 0.0000 0.0000 0.0000 0.0000 4.1800 4.8000 
2022 10 7 21 4.1900 54.9800 0.0000 0.0000 146.5486 745.9604 0.6502 0.0000 4.8000 0.0000 0.0000 0.0000 0.0000 0.0000 4.1900 4.8000 
2022 10 7 22 4.1800 53.6100 0.0000 0.0000 146.5463 745.9600 0.6502 0.0000 4.8000 0.0000 0.0000 0.0000 0.0000 0.0000 4.1800 4.8000 
2022 10 7 23 4.1600 48.2200 0.0000 0.0000 146.5440 745.9597 0.6501 0.0000 4.8000 0.0000 0.0000 0.0000 0.0000 0.0000 4.1600 4.8000 
2022 10 8 0 4.1300 48.6400 0.0000 0.0000 146.5416 745.9594 0.6501 0.0000 4.8000 0.0000 0.0000 0.0000 0.0000 0.0000 4.1300 4.8000 
2022 10 8 1 4.1000 48.9600 0.0000 0.0000 146.5391 745.9590 0.6501 0.0000 4.8000 0.0000 0.0000 0.0000 0.0000 0.0000 4.1000 4.8000 
2022 10 8 2 4.0500 49.1500 0.0000 0.0000 146.5364 745.9586 0.6500 0.0000 4.8000 0.0000 0.0000 0.0000 0.0000 0.0000 4.0500 4.8000 
2022 10 8 3 4.0100 49.1200 0.0000 0.0000 146.5336 745.9582 0.6500 0.0000 4.8000 0.0000 0.0000 0.0000 0.0000 0.0000 4.0100 4.8000 
2022 10 8 4 3.9600 49.4900 0.0000 0.0000 146.5305 745.9578 0.6499 0.0000 4.8000 0.0000 0.0000 0.0000 0.0000 0.0000 3.9600 4.8000 
2022 10 8 5 3.9100 50.1000 0.0000 0.0000 146.5273 745.9573 0.6499 0.0000 4.8000 0.0000 0.0000 0.0000 0.0000 0.0000 3.9100 4.8000 
2022 10 8 6 3.8500 64.2600 0.0000 0.0000 146.5239 745.9569 0.6498 0.0000 4.8000 0.0000 0.0000 0.0000 0.0000 0.0000 3.8500 4.8000 
2022 10 8 7 3.8000 71.4500 0.0000 0.0000 146.5203 745.9563 0.6497 0.0000 4.8000 0.0000 0.0000 0.0000 0.0000 0.0000 3.8000 4.8000 
2022 10 8 8 3.7500 71.4800 0.0000 0.0000 146.5165 745.9558 0.6497 0.0000 4.8000 0.0000 0.0000 0.0000 0.0000 0.0000 3.7500 4.8000 
2022 10 8 9 3.7100 55.0100 0.0000 0.0000 146.5126 745.9552 0.6496 0.0000 4.8000 0.0000 0.0000 0.0000 0.0000 0.0000 3.7100 4.8000 
2022 10 8 10 3.6600 49.0400 0.0000 0.0000 146.5085 745.9547 0.6496 0.0000 4.8000 0.0000 0.0000 0.0000 0.0000 0.0000 3.6600 4.8000 
2022 10 8 11 3.6200 39.7700 0.0000 0.0000 146.5042 745.9540 0.6495 0.0000 4.8000 0.0000 0.0000 0.0000 0.0000 0.0000 3.6200 4.8000 
2022 10 8 12 3.5700 37.7800 0.0000 0.0000 146.4998 745.9534 0.6494 0.0000 4.8000 0.0000 0.0000 0.0000 0.0000 0.0000 3.5700 4.8000 
2022 10 8 13 3.5300 32.3100 0.0000 0.0000 146.4952 745.9528 0.6493 0.0000 4.8000 0.0000 0.0000 0.0000 0.0000 0.0000 3.5300 4.8000 
2022 10 8 14 3.5000 32.2800 0.0000 0.0000 146.4906 745.9521 0.6493 0.0000 4.8000 0.0000 0.0000 0.0000 0.0000 0.0000 3.5000 4.8000 
2022 10 8 15 3.4600 45.2300 0.0000 0.0000 146.4857 745.9514 0.6492 0.0000 4.8000 0.0000 0.0000 0.0000 0.0000 0.0000 3.4600 4.8000 
2022 10 8 16 3.4200 49.0200 0.0000 0.0000 146.4808 745.9507 0.6491 0.0000 4.8000 0.0000 0.0000 0.0000 0.0000 0.0000 3.4200 4.8000 
2022 10 8 17 3.3900 54.9800 0.0000 0.0000 146.4757 745.9500 0.6490 0.0000 4.8000 0.0000 0.0000 0.0000 0.0000 0.0000 3.3900 4.8000 
2022 10 8 18 3.3600 51.4900 0.0000 0.0000 146.4705 745.9492 0.6489 0.0000 4.8000 0.0000 0.0000 0.0000 0.0000 0.0000 3.3600 4.8000 
2022 10 8 19 3.3400 49.7900 0.0000 0.0000 146.4653 745.9485 0.6488 0.0000 4.8000 0.0000 0.0000 0.0000 0.0000 0.0000 3.3400 4.8000 
2022 10 8 20 3.3100 50.2500 0.0000 0.0000 146.4599 745.9477 0.6488 0.0000 4.8000 0.0000 0.0000 0.0000 0.0000 0.0000 3.3100 4.8000 
2022 10 8 21 3.2900 61.8100 0.0000 0.0000 146.4545 745.9470 0.6487 0.0000 4.8000 0.0000 0.0000 0.0000 0.0000 0.0000 3.2900 4.8000 
2022 10 8 22 3.2600 67.7700 0.0000 0.0000 146.4489 745.9462 0.6486 0.0000 4.8000 0.0000 0.0000 0.0000 0.0000 0.0000 3.2600 4.8000 
2022 10 8 23 3.2300 101.8400 0.0000 0.0000 146.4433 745.9454 0.6485 0.0000 4.8000 0.0000 0.0000 0.0000 0.0000 0.0000 3.2300 4.8000 
2022 10 9 0 3.2100 101.4500 0.0000 0.0000 146.4375 745.9445 0.6484 0.0000 4.8000 0.0000 0.0000 0.0000 0.0000 0.0000 3.2100 4.8000 
2022 10 9 1 3.1700 102.2400 0.0000 0.0000 146.4317 745.9437 0.6483 0.0000 4.8000 0.0000 0.0000 0.0000 0.0000 0.0000 3.1700 4.8000 
2022 10 9 2 3.1400 102.7000 0.0000 0.0000 146.4257 745.9429 0.6482 0.0000 4.8000 0.0000 0.0000 0.0000 0.0000 0.0000 3.1400 4.8000 
2022 10 9 3 3.1100 102.7700 0.0000 0.0000 146.4196 745.9420 0.6481 0.0000 4.8000 0.0000 0.0000 0.0000 0.0000 0.0000 3.1100 4.8000 
2022 10 9 4 3.0900 102.2400 0.0000 0.0000 146.4135 745.9411 0.6480 0.0000 4.8000 0.0000 0.0000 0.0000 0.0000 0.0000 3.0900 4.8000 
2022 10 9 5 3.0500 102.7200 0.0000 0.0000 146.4072 745.9402 0.6479 0.0000 4.8000 0.0000 0.0000 0.0000 0.0000 0.0000 3.0500 4.8000 
2022 10 9 6 3.0200 99.4200 0.0000 0.0000 146.4007 745.9393 0.6478 0.0000 4.8000 0.0000 0.0000 0.0000 0.0000 0.0000 3.0200 4.8000 
2022 10 9 7 2.9900 103.4500 0.0000 0.0000 146.3942 745.9384 0.6477 0.0000 4.8000 0.0000 0.0000 0.0000 0.0000 0.0000 2.9900 4.8000 
2022 10 9 8 2.9600 104.4300 0.0000 0.0000 146.3876 745.9374 0.6476 0.0000 4.8000 0.0000 0.0000 0.0000 0.0000 0.0000 2.9600 4.8000 
2022 10 9 9 2.9300 101.2600 0.0000 0.0000 146.3809 745.9365 0.6475 0.0000 4.8000 0.0000 0.0000 0.0000 0.0000 0.0000 2.9300 4.8000 
2022 10 9 10 2.9000 91.5900 0.0000 0.0000 146.3740 745.9355 0.6474 0.0000 4.8000 0.0000 0.0000 0.0000 0.0000 0.0000 2.9000 4.8000 
2022 10 9 11 2.8700 60.8200 0.0000 0.0000 146.3671 745.9345 0.6473 0.0000 4.8000 0.0000 0.0000 0.0000 0.0000 0.0000 2.8700 4.8000 
2022 10 9 12 2.8400 52.2200 0.0000 0.0000 146.3600 745.9335 0.6471 0.0000 4.8000 0.0000 0.0000 0.0000 0.0000 0.0000 2.8400 4.8000 
2022 10 9 13 2.8100 57.1900 0.0000 0.0000 146.3529 745.9325 0.6470 0.0000 4.8000 0.0000 0.0000 0.0000 0.0000 0.0000 2.8100 4.8000 
2022 10 9 14 2.7800 84.2000 0.0000 0.0000 146.3456 745.9314 0.6469 0.0000 4.8000 0.0000 0.0000 0.0000 0.0000 0.0000 2.7800 4.8000 
2022 10 9 15 2.7500 100.5700 0.0000 0.0000 146.3382 745.9304 0.6468 0.0000 4.8000 0.0000 0.0000 0.0000 0.0000 0.0000 2.7500 4.8000 
2022 10 9 16 2.7300 103.3400 0.0000 0.0000 146.3308 745.9293 0.6467 0.0000 4.8000 0.0000 0.0000 0.0000 0.0000 0.0000 2.7300 4.8000 
2022 10 9 17 2.7000 103.9300 0.0000 0.0000 146.3232 745.9282 0.6465 0.0000 4.8000 0.0000 0.0000 0.0000 0.0000 0.0000 2.7000 4.8000 
2022 10 9 18 2.6800 104.3000 0.0000 0.0000 146.3156 745.9272 0.6464 0.0000 4.8000 0.0000 0.0000 0.0000 0.0000 0.0000 2.6800 4.8000 
2022 10 9 19 2.6500 100.5600 0.0000 0.0000 146.3078 745.9261 0.6463 0.0000 4.8000 0.0000 0.0000 0.0000 0.0000 0.0000 2.6500 4.8000 
2022 10 9 20 2.6300 96.1400 0.0000 0.0000 146.3000 745.9249 0.6462 0.0000 4.8000 0.0000 0.0000 0.0000 0.0000 0.0000 2.6300 4.8000 
2022 10 9 21 2.6100 94.0000 0.0000 0.0000 146.2921 745.9238 0.6460 0.0000 4.8000 0.0000 0.0000 0.0000 0.0000 0.0000 2.6100 4.8000 
2022 10 9 22 2.5900 62.7200 0.0000 0.0000 146.2842 745.9227 0.6459 0.0000 4.8000 0.0000 0.0000 0.0000 0.0000 0.0000 2.5900 4.8000 
2022 10 9 23 2.5700 72.3700 0.0000 0.0000 146.2762 745.9215 0.6458 0.0000 4.8000 0.0000 0.0000 0.0000 0.0000 0.0000 2.5700 4.8000 
2022 10 10 0 2.5600 71.7400 0.0000 0.0000 146.2681 745.9204 0.6456 0.0000 4.8000 0.0000 0.0000 0.0000 0.0000 0.0000 2.5600 4.8000 
2022 10 10 1 2.5500 69.5500 0.0000 0.0000 146.2600 745.9192 0.6455 0.0000 4.8000 0.0000 0.0000 0.0000 0.0000 0.0000 2.5500 4.8000 
2022 10 10 2 2.5400 71.7600 0.0000 0.0000 146.2519 745.9181 0.6454 0.0000 4.8000 0.0000 0.0000 0.0000 0.0000 0.0000 2.5400 4.8000 
2022 10 10 3 2.5400 81.6400 0.0000 0.0000 146.2437 745.9169 0.6452 0.0000 4.8000 0.0000 0.0000 0.0000 0.0000 0.0000 2.5400 4.8000 
2022 10 10 4 2.5200 102.5800 0.0000 0.0000 146.2355 745.9157 0.6451 0.0000 4.8000 0.0000 0.0000 0.0000 0.0000 0.0000 2.5200 4.8000 
2022 10 10 5 2.4900 133.4400 0.0000 0.0000 146.2272 745.9146 0.6450 0.0000 4.8000 0.0000 0.0000 0.0000 0.0000 0.0000 2.4900 4.8000 
2022 10 10 6 2.4800 162.5600 0.0000 0.0000 146.2188 745.9134 0.6448 0.0000 4.8000 0.0000 0.0000 0.0000 0.0000 0.0000 2.4800 4.8000 
2022 10 10 7 2.4300 173.7700 0.0000 0.0000 146.2103 745.9122 0.6447 0.0000 4.8000 0.0000 0.0000 0.0000 0.0000 0.0000 2.4300 4.8000 
2022 10 10 8 2.4100 178.8300 0.0000 0.0000 146.2017 745.9109 0.6446 0.0000 4.8000 0.0000 0.0000 0.0000 0.0000 0.0000 2.4100 4.8000 
2022 10 10 9 2.4100 167.0200 0.0000 0.0000 146.1931 745.9097 0.6444 0.0000 4.8000 0.0000 0.0000 0.0000 0.0000 0.0000 2.4100 4.8000 
2022 10 10 10 2.3900 161.4700 0.0000 0.0000 146.1844 745.9085 0.6443 0.0000 4.8000 0.0000 0.0000 0.0000 0.0000 0.0000 2.3900 4.8000 
2022 10 10 11 2.3900 136.1400 0.0000 0.0000 146.1757 745.9072 0.6441 0.0000 4.8000 0.0000 0.0000 0.0000 0.0000 0.0000 2.3900 4.8000 
2022 10 10 12 2.4100 132.9400 0.0000 0.0000 146.1671 745.9060 0.6440 0.0000 4.8000 0.0000 0.0000 0.0000 0.0000 0.0000 2.4100 4.8000 
2022 10 10 13 2.4300 133.0400 0.0000 0.0000 146.1586 745.9048 0.6439 0.0000 4.8000 0.0000 0.0000 0.0000 0.0000 0.0000 2.4300 4.8000 
2022 10 10 14 2.4500 141.3400 0.0000 0.0000 146.1502 745.9036 0.6437 0.0000 4.8000 0.0000 0.0000 0.0000 0.0000 0.0000 2.4500 4.8000 
2022 10 10 15 2.4700 160.4900 0.0000 0.0000 146.1418 745.9024 0.6436 0.0000 4.8000 0.0000 0.0000 0.0000 0.0000 0.0000 2.4700 4.8000 
2022 10 10 16 2.5000 165.5600 0.0000 0.0000 146.1335 745.9012 0.6434 0.0000 4.8000 0.0000 0.0000 0.0000 0.0000 0.0000 2.5000 4.8000 
2022 10 10 17 2.5300 168.6200 0.0000 0.0000 146.1253 745.9000 0.6433 0.0000 4.8000 0.0000 0.0000 0.0000 0.0000 0.0000 2.5300 4.8000 
2022 10 10 18 2.5400 162.6800 0.0000 0.0000 146.1172 745.8989 0.6432 0.0000 4.8000 0.0000 0.0000 0.0000 0.0000 0.0000 2.5400 4.8000 
2022 10 10 19 2.5500 160.5200 0.0000 0.0000 146.1091 745.8977 0.6431 0.0000 4.8000 0.0000 0.0000 0.0000 0.0000 0.0000 2.5500 4.8000 
2022 10 10 20 2.5600 160.1700 0.0000 0.0000 146.1010 745.8966 0.6429 0.0000 4.8000 0.0000 0.0000 0.0000 0.0000 0.0000 2.5600 4.8000 
2022 10 10 21 2.5600 157.6000 0.0000 0.0000 146.0929 745.8954 0.6428 0.0000 4.8000 0.0000 0.0000 0.0000 0.0000 0.0000 2.5600 4.8000 
2022 10 10 22 2.5600 126.3100 0.0000 0.0000 146.0849 745.8943 0.6427 0.0000 4.8000 0.0000 0.0000 0.0000 0.0000 0.0000 2.5600 4.8000 
2022 10 10 23 2.5600 125.2100 0.0000 0.0000 146.0768 745.8931 0.6425 0.0000 4.8000 0.0000 0.0000 0.0000 0.0000 0.0000 2.5600 4.8000 
2022 10 11 0 2.5500 119.9400 0.0000 0.0000 146.0687 745.8920 0.6424 0.0000 4.8000 0.0000 0.0000 0.0000 0.0000 0.0000 2.5500 4.8000 
2022 10 11 1 2.5400 111.4600 0.0000 0.0000 146.0606 745.8908 0.6423 0.0000 4.8000 0.0000 0.0000 0.0000 0.0000 0.0000 2.5400 4.8000 
2022 10 11 2 2.5300 113.5700 0.0000 0.0000 146.0524 745.8897 0.6421 0.0000 4.8000 0.0000 0.0000 0.0000 0.0000 0.0000 2.5300 4.8000 
2022 10 11 3 2.5200 124.1800 0.0000 0.0000 146.0442 745.8885 0.6420 0.0000 4.8000 0.0000 0.0000 0.0000 0.0000 0.0000 2.5200 4.8000 
2022 10 11 4 2.5100 135.4700 0.0000 0.0000 146.0360 745.8873 0.6419 0.0000 4.8000 0.0000 0.0000 0.0000 0.0000 0.0000 2.5100 4.8000 
2022 10 11 5 2.4900 162.6600 0.0000 0.0000 146.0276 745.8861 0.6417 0.0000 4.8000 0.0000 0.0000 0.0000 0.0000 0.0000 2.4900 4.8000 
2022 10 11 6 2.4800 183.1300 0.0000 0.0000 146.0193 745.8849 0.6416 0.0000 4.8000 0.0000 0.0000 0.0000 0.0000 0.0000 2.4800 4.8000 
2022 10 11 7 2.4700 189.7600 0.0000 0.0000 146.0109 745.8837 0.6415 0.0000 4.8000 0.0000 0.0000 0.0000 0.0000 0.0000 2.4700 4.8000 
2022 10 11 8 2.4500 210.0800 0.0000 0.0000 146.0024 745.8825 0.6413 0.0000 4.8000 0.0000 0.0000 0.0000 0.0000 0.0000 2.4500 4.8000 
2022 10 11 9 2.4400 217.8500 0.0000 0.0000 145.9939 745.8813 0.6412 0.0000 4.8000 0.0000 0.0000 0.0000 0.0000 0.0000 2.4400 4.8000 
2022 10 11 10 2.4200 214.9500 0.0000 0.0000 145.9854 745.8801 0.6410 0.0000 4.8000 0.0000 0.0000 0.0000 0.0000 0.0000 2.4200 4.8000 
2022 10 11 11 2.4000 187.4400 0.0000 0.0000 145.9767 745.8789 0.6409 0.0000 4.8000 0.0000 0.0000 0.0000 0.0000 0.0000 2.4000 4.8000 
2022 10 11 12 2.3900 184.0200 0.0000 0.0000 145.9681 745.8776 0.6408 0.0000 4.8000 0.0000 0.0000 0.0000 0.0000 0.0000 2.3900 4.8000 
2022 10 11 13 2.3700 182.3900 0.0000 0.0000 145.9593 745.8764 0.6406 0.0000 4.8000 0.0000 0.0000 0.0000 0.0000 0.0000 2.3700 4.8000 
2022 10 11 14 2.3500 181.7100 0.0000 0.0000 145.9505 745.8751 0.6405 0.0000 4.8000 0.0000 0.0000 0.0000 0.0000 0.0000 2.3500 4.8000 
2022 10 11 15 2.3400 185.6900 0.0000 0.0000 145.9416 745.8739 0.6403 0.0000 4.8000 0.0000 0.0000 0.0000 0.0000 0.0000 2.3400 4.8000 
2022 10 11 16 2.3300 189.7600 0.0000 0.0000 145.9327 745.8726 0.6402 0.0000 4.8000 0.0000 0.0000 0.0000 0.0000 0.0000 2.3300 4.8000 
2022 10 11 17 2.3200 194.2900 0.0000 0.0000 145.9238 745.8713 0.6400 0.0000 4.8000 0.0000 0.0000 0.0000 0.0000 0.0000 2.3200 4.8000 
2022 10 11 18 2.3100 189.3400 0.0000 0.0000 145.9149 745.8701 0.6399 0.0000 4.8000 0.0000 0.0000 0.0000 0.0000 0.0000 2.3100 4.8000 
2022 10 11 19 2.2900 185.5600 0.0000 0.0000 145.9058 745.8688 0.6397 0.0000 4.8000 0.0000 0.0000 0.0000 0.0000 0.0000 2.2900 4.8000 
2022 10 11 20 2.2800 183.9100 0.0000 0.0000 145.8967 745.8675 0.6396 0.0000 4.8000 0.0000 0.0000 0.0000 0.0000 0.0000 2.2800 4.8000 
2022 10 11 21 2.2600 169.1700 0.0000 0.0000 145.8876 745.8662 0.6394 0.0000 4.8000 0.0000 0.0000 0.0000 0.0000 0.0000 2.2600 4.8000 
2022 10 11 22 2.2500 158.2600 0.0000 0.0000 145.8784 745.8649 0.6393 0.0000 4.8000 0.0000 0.0000 0.0000 0.0000 0.0000 2.2500 4.8000 
2022 10 11 23 2.2300 209.0800 0.0000 0.0000 145.8692 745.8635 0.6391 0.0000 4.8000 0.0000 0.0000 0.0000 0.0000 0.0000 2.2300 4.8000 
2022 10 12 0 2.2200 194.2600 0.0000 0.0000 145.8599 745.8622 0.6390 0.0000 4.8000 0.0000 0.0000 0.0000 0.0000 0.0000 2.2200 4.8000 
2022 10 12 1 2.2000 209.5300 0.0000 0.0000 145.8505 745.8609 0.6388 0.0000 4.8000 0.0000 0.0000 0.0000 0.0000 0.0000 2.2000 4.8000 
2022 10 12 2 2.1900 201.3000 0.0000 0.0000 145.8411 745.8595 0.6387 0.0000 4.8000 0.0000 0.0000 0.0000 0.0000 0.0000 2.1900 4.8000 
2022 10 12 3 2.1700 208.1100 0.0000 0.0000 145.8317 745.8582 0.6385 0.0000 4.8000 0.0000 0.0000 0.0000 0.0000 0.0000 2.1700 4.8000 
2022 10 12 4 2.1500 186.0500 0.0000 0.0000 145.8221 745.8568 0.6384 0.0000 4.8000 0.0000 0.0000 0.0000 0.0000 0.0000 2.1500 4.8000 
2022 10 12 5 2.1400 188.4800 0.0000 0.0000 145.8125 745.8555 0.6382 0.0000 4.8000 0.0000 0.0000 0.0000 0.0000 0.0000 2.1400 4.8000 
2022 10 12 6 2.1200 209.5200 0.0000 0.0000 145.8029 745.8541 0.6381 0.0000 4.8000 0.0000 0.0000 0.0000 0.0000 0.0000 2.1200 4.8000 
2022 10 12 7 2.1100 213.0300 0.0000 0.0000 145.7932 745.8527 0.6379 0.0000 4.8000 0.0000 0.0000 0.0000 0.0000 0.0000 2.1100 4.8000 
2022 10 12 8 2.0900 218.9800 0.0000 0.0000 145.7835 745.8513 0.6378 0.0000 4.8000 0.0000 0.0000 0.0000 0.0000 0.0000 2.0900 4.8000 
2022 10 12 9 2.0800 233.6000 0.0000 0.0000 145.7737 745.8499 0.6376 0.0000 4.8000 0.0000 0.0000 0.0000 0.0000 0.0000 2.0800 4.8000 
2022 10 12 10 2.0500 211.0600 0.0000 0.0000 145.7638 745.8485 0.6374 0.0000 4.8000 0.0000 0.0000 0.0000 0.0000 0.0000 2.0500 4.8000 
2022 10 12 11 2.0400 201.2700 0.0000 0.0000 145.7538 745.8471 0.6373 0.0000 4.8000 0.0000 0.0000 0.0000 0.0000 0.0000 2.0400 4.8000 
2022 10 12 12 2.0300 195.1400 0.0000 0.0000 145.7439 745.8457 0.6371 0.0000 4.8000 0.0000 0.0000 0.0000 0.0000 0.0000 2.0300 4.8000 
2022 10 12 13 2.0100 192.6400 0.0000 0.0000 145.7338 745.8442 0.6369 0.0000 4.8000 0.0000 0.0000 0.0000 0.0000 0.0000 2.0100 4.8000 
2022 10 12 14 1.9900 194.1400 0.0000 0.0000 145.7237 745.8428 0.6368 0.0000 4.8000 0.0000 0.0000 0.0000 0.0000 0.0000 1.9900 4.8000 
2022 10 12 15 1.9800 193.5200 0.0000 0.0000 145.7135 745.8414 0.6366 0.0000 4.8000 0.0000 0.0000 0.0000 0.0000 0.0000 1.9800 4.8000 
2022 10 12 16 1.9700 212.2600 0.0000 0.0000 145.7034 745.8399 0.6364 0.0000 4.8000 0.0000 0.0000 0.0000 0.0000 0.0000 1.9700 4.8000 
2022 10 12 17 1.9500 213.9600 0.0000 0.0000 145.6931 745.8384 0.6363 0.0000 4.8000 0.0000 0.0000 0.0000 0.0000 0.0000 1.9500 4.8000 
2022 10 12 18 1.9400 210.9600 0.0000 0.0000 145.6828 745.8370 0.6361 0.0000 4.8000 0.0000 0.0000 0.0000 0.0000 0.0000 1.9400 4.8000 
2022 10 12 19 1.9300 192.8800 0.0000 0.0000 145.6725 745.8355 0.6359 0.0000 4.8000 0.0000 0.0000 0.0000 0.0000 0.0000 1.9300 4.8000 
2022 10 12 20 1.9200 191.7300 0.0000 0.0000 145.6621 745.8340 0.6358 0.0000 4.8000 0.0000 0.0000 0.0000 0.0000 0.0000 1.9200 4.8000 
2022 10 12 21 1.9000 188.9600 0.0000 0.0000 145.6517 745.8325 0.6356 0.0000 4.8000 0.0000 0.0000 0.0000 0.0000 0.0000 1.9000 4.8000 
2022 10 12 22 1.8900 159.1400 0.0000 0.0000 145.6412 745.8310 0.6354 0.0000 4.8000 0.0000 0.0000 0.0000 0.0000 0.0000 1.8900 4.8000 
2022 10 12 23 1.8700 179.3000 0.0000 0.0000 145.6306 745.8295 0.6353 0.0000 4.8000 0.0000 0.0000 0.0000 0.0000 0.0000 1.8700 4.8000 
2022 10 13 0 1.8600 168.1100 0.0000 0.0000 145.6201 745.8280 0.6351 0.0000 4.8000 0.0000 0.0000 0.0000 0.0000 0.0000 1.8600 4.8000 
2022 10 13 1 1.8500 169.5400 0.0000 0.0000 145.6094 745.8265 0.6349 0.0000 4.8000 0.0000 0.0000 0.0000 0.0000 0.0000 1.8500 4.8000 
2022 10 13 2 1.8400 179.7400 0.0000 0.0000 145.5988 745.8250 0.6347 0.0000 4.8000 0.0000 0.0000 0.0000 0.0000 0.0000 1.8400 4.8000 
2022 10 13 3 1.8300 181.1800 0.0000 0.0000 145.5881 745.8235 0.6346 0.0000 4.8000 0.0000 0.0000 0.0000 0.0000 0.0000 1.8300 4.8000 
2022 10 13 4 1.8400 194.6600 0.0000 0.0000 145.5774 745.8220 0.6344 0.0000 4.8000 0.0000 0.0000 0.0000 0.0000 0.0000 1.8400 4.8000 
2022 10 13 5 1.8400 216.5500 0.0000 0.0000 145.5668 745.8204 0.6342 0.0000 4.8000 0.0000 0.0000 0.0000 0.0000 0.0000 1.8400 4.8000 
2022 10 13 6 1.8500 251.2000 0.0000 0.0000 145.5562 745.8189 0.6341 0.0000 4.8000 0.0000 0.0000 0.0000 0.0000 0.0000 1.8500 4.8000 
2022 10 13 7 1.8600 269.5900 0.0000 0.0000 145.5456 745.8174 0.6339 0.0000 4.8000 0.0000 0.0000 0.0000 0.0000 0.0000 1.8600 4.8000 
2022 10 13 8 1.8700 268.6000 0.0000 0.0000 145.5350 745.8159 0.6337 0.0000 4.8000 0.0000 0.0000 0.0000 0.0000 0.0000 1.8700 4.8000 
2022 10 13 9 1.8700 266.3600 0.0000 0.0000 145.5245 745.8144 0.6335 0.0000 4.8000 0.0000 0.0000 0.0000 0.0000 0.0000 1.8700 4.8000 
2022 10 13 10 1.8700 264.9000 0.0000 0.0000 145.5139 745.8129 0.6334 0.0000 4.8000 0.0000 0.0000 0.0000 0.0000 0.0000 1.8700 4.8000 
2022 10 13 11 1.8700 260.9200 0.0000 0.0000 145.5034 745.8114 0.6332 0.0000 4.8000 0.0000 0.0000 0.0000 0.0000 0.0000 1.8700 4.8000 
2022 10 13 12 1.8700 257.7600 0.0000 0.0000 145.4928 745.8099 0.6330 0.0000 4.8000 0.0000 0.0000 0.0000 0.0000 0.0000 1.8700 4.8000 
2022 10 13 13 1.8600 245.6900 0.0000 0.0000 145.4822 745.8084 0.6328 0.0000 4.8000 0.0000 0.0000 0.0000 0.0000 0.0000 1.8600 4.8000 
2022 10 13 14 1.8600 236.4000 0.0000 0.0000 145.4717 745.8069 0.6327 0.0000 4.8000 0.0000 0.0000 0.0000 0.0000 0.0000 1.8600 4.8000 
2022 10 13 15 1.8500 234.6800 0.0000 0.0000 145.4610 745.8054 0.6325 0.0000 4.8000 0.0000 0.0000 0.0000 0.0000 0.0000 1.8500 4.8000 
2022 10 13 16 1.8400 261.7300 0.0000 0.0000 145.4504 745.8039 0.6323 0.0000 4.8000 0.0000 0.0000 0.0000 0.0000 0.0000 1.8400 4.8000 
2022 10 13 17 1.8300 270.7500 0.0000 0.0000 145.4397 745.8023 0.6322 0.0000 4.8000 0.0000 0.0000 0.0000 0.0000 0.0000 1.8300 4.8000 
2022 10 13 18 1.8200 268.1500 0.0000 0.0000 145.4290 745.8008 0.6320 0.0000 4.8000 0.0000 0.0000 0.0000 0.0000 0.0000 1.8200 4.8000 
2022 10 13 19 1.8100 263.5000 0.0000 0.0000 145.4182 745.7993 0.6318 0.0000 4.8000 0.0000 0.0000 0.0000 0.0000 0.0000 1.8100 4.8000 
2022 10 13 20 1.8000 246.4800 0.0000 0.0000 145.4074 745.7977 0.6316 0.0000 4.8000 0.0000 0.0000 0.0000 0.0000 0.0000 1.8000 4.8000 
2022 10 13 21 1.7900 220.6200 0.0000 0.0000 145.3966 745.7962 0.6315 0.0000 4.8000 0.0000 0.0000 0.0000 0.0000 0.0000 1.7900 4.8000 
2022 10 13 22 1.7700 200.5300 0.0000 0.0000 145.3857 745.7946 0.6313 0.0000 4.8000 0.0000 0.0000 0.0000 0.0000 0.0000 1.7700 4.8000 
2022 10 13 23 1.7600 208.8300 0.0000 0.0000 145.3747 745.7931 0.6311 0.0000 4.8000 0.0000 0.0000 0.0000 0.0000 0.0000 1.7600 4.8000 
2022 10 14 0 1.7500 197.2900 0.0000 0.0000 145.3637 745.7915 0.6309 0.0000 4.8000 0.0000 0.0000 0.0000 0.0000 0.0000 1.7500 4.8000 
2022 10 14 1 1.7300 197.2800 0.0000 0.0000 145.3527 745.7899 0.6307 0.0000 4.8000 0.0000 0.0000 0.0000 0.0000 0.0000 1.7300 4.8000 
2022 10 14 2 1.7100 200.3200 0.0000 0.0000 145.3416 745.7883 0.6306 0.0000 4.8000 0.0000 0.0000 0.0000 0.0000 0.0000 1.7100 4.8000 
2022 10 14 3 1.7000 197.5500 0.0000 0.0000 145.3304 745.7868 0.6304 0.0000 4.8000 0.0000 0.0000 0.0000 0.0000 0.0000 1.7000 4.8000 
2022 10 14 4 1.6900 199.2300 0.0000 0.0000 145.3192 745.7852 0.6302 0.0000 4.8000 0.0000 0.0000 0.0000 0.0000 0.0000 1.6900 4.8000 
2022 10 14 5 1.6700 200.2800 0.0000 0.0000 145.3079 745.7836 0.6300 0.0000 4.8000 0.0000 0.0000 0.0000 0.0000 0.0000 1.6700 4.8000 
2022 10 14 6 1.6600 228.2900 0.0000 0.0000 145.2966 745.7819 0.6298 0.0000 4.8000 0.0000 0.0000 0.0000 0.0000 0.0000 1.6600 4.8000 
2022 10 14 7 1.6500 231.4800 0.0000 0.0000 145.2853 745.7803 0.6296 0.0000 4.8000 0.0000 0.0000 0.0000 0.0000 0.0000 1.6500 4.8000 
2022 10 14 8 1.6400 267.1400 0.0000 0.0000 145.2739 745.7787 0.6295 0.0000 4.8000 0.0000 0.0000 0.0000 0.0000 0.0000 1.6400 4.8000 
2022 10 14 9 1.6200 268.3000 0.0000 0.0000 145.2625 745.7771 0.6293 0.0000 4.8000 0.0000 0.0000 0.0000 0.0000 0.0000 1.6200 4.8000 
2022 10 14 10 1.6100 258.6000 0.0000 0.0000 145.2510 745.7754 0.6291 0.0000 4.8000 0.0000 0.0000 0.0000 0.0000 0.0000 1.6100 4.8000 
2022 10 14 11 1.6000 227.2000 0.0000 0.0000 145.2395 745.7738 0.6289 0.0000 4.8000 0.0000 0.0000 0.0000 0.0000 0.0000 1.6000 4.8000 
2022 10 14 12 1.5800 221.0200 0.0000 0.0000 145.2279 745.7721 0.6287 0.0000 4.8000 0.0000 0.0000 0.0000 0.0000 0.0000 1.5800 4.8000 
2022 10 14 13 1.5700 207.6800 0.0000 0.0000 145.2162 745.7705 0.6285 0.0000 4.8000 0.0000 0.0000 0.0000 0.0000 0.0000 1.5700 4.8000 
2022 10 14 14 1.5600 188.1700 0.0000 0.0000 145.2046 745.7688 0.6283 0.0000 4.8000 0.0000 0.0000 0.0000 0.0000 0.0000 1.5600 4.8000 
2022 10 14 15 1.5600 201.9800 0.0000 0.0000 145.1929 745.7672 0.6281 0.0000 4.8000 0.0000 0.0000 0.0000 0.0000 0.0000 1.5600 4.8000 
2022 10 14 16 1.5500 213.1800 0.0000 0.0000 145.1812 745.7655 0.6279 0.0000 4.8000 0.0000 0.0000 0.0000 0.0000 0.0000 1.5500 4.8000 
2022 10 14 17 1.5400 245.8800 0.0000 0.0000 145.1695 745.7638 0.6278 0.0000 4.8000 0.0000 0.0000 0.0000 0.0000 0.0000 1.5400 4.8000 
2022 10 14 18 1.5400 248.4600 0.0000 0.0000 145.1577 745.7621 0.6276 0.0000 4.8000 0.0000 0.0000 0.0000 0.0000 0.0000 1.5400 4.8000 
2022 10 14 19 1.5300 224.9100 0.0000 0.0000 145.1460 745.7605 0.6274 0.0000 4.8000 0.0000 0.0000 0.0000 0.0000 0.0000 1.5300 4.8000 
2022 10 14 20 1.5300 205.4800 0.0000 0.0000 145.1342 745.7588 0.6272 0.0000 4.8000 0.0000 0.0000 0.0000 0.0000 0.0000 1.5300 4.8000 
2022 10 14 21 1.5300 203.1300 0.0000 0.0000 145.1224 745.7571 0.6270 0.0000 4.8000 0.0000 0.0000 0.0000 0.0000 0.0000 1.5300 4.8000 
2022 10 14 22 1.5400 188.8400 0.0000 0.0000 145.1107 745.7554 0.6268 0.0000 4.8000 0.0000 0.0000 0.0000 0.0000 0.0000 1.5400 4.8000 
2022 10 14 23 1.5800 192.0200 0.0000 0.0000 145.0991 745.7538 0.6266 0.0000 4.8000 0.0000 0.0000 0.0000 0.0000 0.0000 1.5800 4.8000 
2022 10 15 0 1.6900 173.8800 0.0000 0.0000 145.0879 745.7522 0.6264 0.0000 4.8000 0.0000 0.0000 0.0000 0.0000 0.0000 1.6900 4.8000 
2022 10 15 1 1.9400 164.3800 0.0000 0.0000 145.0776 745.7507 0.6263 0.0000 4.8000 0.0000 0.0000 0.0000 0.0000 0.0000 1.9400 4.8000 
2022 10 15 2 2.2900 149.2600 0.0000 0.0000 145.0686 745.7494 0.6261 0.0000 4.8000 0.0000 0.0000 0.0000 0.0000 0.0000 2.2900 4.8000 
2022 10 15 3 2.5800 144.2700 0.0000 0.0000 145.0606 745.7483 0.6260 0.0000 4.8000 0.0000 0.0000 0.0000 0.0000 0.0000 2.5800 4.8000 
2022 10 15 4 2.7200 137.5300 0.0000 0.0000 145.0531 745.7472 0.6259 0.0000 4.8000 0.0000 0.0000 0.0000 0.0000 0.0000 2.7200 4.8000 
2022 10 15 5 2.7800 148.4000 0.0000 0.0000 145.0458 745.7462 0.6257 0.0000 4.8000 0.0000 0.0000 0.0000 0.0000 0.0000 2.7800 4.8000 
2022 10 15 6 2.8000 159.3200 0.0000 0.0000 145.0386 745.7452 0.6256 0.0000 4.8000 0.0000 0.0000 0.0000 0.0000 0.0000 2.8000 4.8000 
2022 10 15 7 2.8100 186.4900 0.0000 0.0000 145.0315 745.7441 0.6255 0.0000 4.8000 0.0000 0.0000 0.0000 0.0000 0.0000 2.8100 4.8000 
2022 10 15 8 2.8100 199.1900 0.0000 0.0000 145.0243 745.7431 0.6254 0.0000 4.8000 0.0000 0.0000 0.0000 0.0000 0.0000 2.8100 4.8000 
2022 10 15 9 2.8000 185.0200 0.0000 0.0000 145.0171 745.7421 0.6253 0.0000 4.8000 0.0000 0.0000 0.0000 0.0000 0.0000 2.8000 4.8000 
2022 10 15 10 2.7700 160.5400 0.0000 0.0000 145.0098 745.7411 0.6252 0.0000 4.8000 0.0000 0.0000 0.0000 0.0000 0.0000 2.7700 4.8000 
2022 10 15 11 2.7200 153.9000 0.0000 0.0000 145.0023 745.7400 0.6250 0.0000 4.8000 0.0000 0.0000 0.0000 0.0000 0.0000 2.7200 4.8000 
2022 10 15 12 2.6600 144.7800 0.0000 0.0000 144.9946 745.7389 0.6249 0.0000 4.8000 0.0000 0.0000 0.0000 0.0000 0.0000 2.6600 4.8000 
2022 10 15 13 2.6000 126.4100 0.0000 0.0000 144.9867 745.7378 0.6248 0.0000 4.8000 0.0000 0.0000 0.0000 0.0000 0.0000 2.6000 4.8000 
2022 10 15 14 2.5500 127.4400 0.0000 0.0000 144.9786 745.7366 0.6247 0.0000 4.8000 0.0000 0.0000 0.0000 0.0000 0.0000 2.5500 4.8000 
2022 10 15 15 2.4900 141.7700 0.0000 0.0000 144.9703 745.7354 0.6245 0.0000 4.8000 0.0000 0.0000 0.0000 0.0000 0.0000 2.4900 4.8000 
2022 10 15 16 2.4500 169.3200 0.0000 0.0000 144.9618 745.7342 0.6244 0.0000 4.8000 0.0000 0.0000 0.0000 0.0000 0.0000 2.4500 4.8000 
2022 10 15 17 2.4500 185.0800 0.0000 0.0000 144.9533 745.7330 0.6242 0.0000 4.8000 0.0000 0.0000 0.0000 0.0000 0.0000 2.4500 4.8000 
2022 10 15 18 2.5500 190.4600 0.0000 0.0000 144.9452 745.7319 0.6241 0.0000 4.8000 0.0000 0.0000 0.0000 0.0000 0.0000 2.5500 4.8000 
2022 10 15 19 2.7300 157.9300 0.0000 0.0000 144.9378 745.7308 0.6240 0.0000 4.8000 0.0000 0.0000 0.0000 0.0000 0.0000 2.7300 4.8000 
2022 10 15 20 2.8700 143.2900 0.0000 0.0000 144.9308 745.7298 0.6239 0.0000 4.8000 0.0000 0.0000 0.0000 0.0000 0.0000 2.8700 4.8000 
2022 10 15 21 2.9500 144.4600 0.0000 0.0000 144.9242 745.7289 0.6238 0.0000 4.8000 0.0000 0.0000 0.0000 0.0000 0.0000 2.9500 4.8000 
2022 10 15 22 2.9800 136.9800 0.0000 0.0000 144.9176 745.7279 0.6237 0.0000 4.8000 0.0000 0.0000 0.0000 0.0000 0.0000 2.9800 4.8000 
2022 10 15 23 3.0000 81.8400 0.0000 0.0000 144.9111 745.7270 0.6236 0.0000 4.8000 0.0000 0.0000 0.0000 0.0000 0.0000 3.0000 4.8000 
2022 10 16 0 3.0100 72.4500 0.0000 0.0000 144.9047 745.7261 0.6234 0.0000 4.8000 0.0000 0.0000 0.0000 0.0000 0.0000 3.0100 4.8000 
2022 10 16 1 3.0100 70.4100 0.0000 0.0000 144.8983 745.7252 0.6233 0.0000 4.8000 0.0000 0.0000 0.0000 0.0000 0.0000 3.0100 4.8000 
2022 10 16 2 3.0000 74.0900 0.0000 0.0000 144.8918 745.7242 0.6232 0.0000 4.8000 0.0000 0.0000 0.0000 0.0000 0.0000 3.0000 4.8000 
2022 10 16 3 2.9900 84.4200 0.0000 0.0000 144.8853 745.7233 0.6231 0.0000 4.8000 0.0000 0.0000 0.0000 0.0000 0.0000 2.9900 4.8000 
2022 10 16 4 2.9600 80.6100 0.0000 0.0000 144.8786 745.7224 0.6230 0.0000 4.8000 0.0000 0.0000 0.0000 0.0000 0.0000 2.9600 4.8000 
2022 10 16 5 2.9200 76.1900 0.0000 0.0000 144.8719 745.7214 0.6229 0.0000 4.8000 0.0000 0.0000 0.0000 0.0000 0.0000 2.9200 4.8000 
2022 10 16 6 2.8800 81.0400 0.0000 0.0000 144.8650 745.7204 0.6228 0.0000 4.8000 0.0000 0.0000 0.0000 0.0000 0.0000 2.8800 4.8000 
2022 10 16 7 2.8600 93.2500 0.0000 0.0000 144.8580 745.7194 0.6227 0.0000 4.8000 0.0000 0.0000 0.0000 0.0000 0.0000 2.8600 4.8000 
2022 10 16 8 2.8500 90.7000 0.0000 0.0000 144.8509 745.7184 0.6226 0.0000 4.8000 0.0000 0.0000 0.0000 0.0000 0.0000 2.8500 4.8000 
2022 10 16 9 2.8400 80.3600 0.0000 0.0000 144.8439 745.7174 0.6225 0.0000 4.8000 0.0000 0.0000 0.0000 0.0000 0.0000 2.8400 4.8000 
2022 10 16 10 2.8500 89.8900 0.0000 0.0000 144.8369 745.7164 0.6223 0.0000 4.8000 0.0000 0.0000 0.0000 0.0000 0.0000 2.8500 4.8000 
2022 10 16 11 2.9100 114.0600 0.0000 0.0000 144.8301 745.7154 0.6222 0.0000 4.8000 0.0000 0.0000 0.0000 0.0000 0.0000 2.9100 4.8000 
2022 10 16 12 3.0100 117.9700 0.0000 0.0000 144.8236 745.7145 0.6221 0.0000 4.8000 0.0000 0.0000 0.0000 0.0000 0.0000 3.0100 4.8000 
2022 10 16 13 3.1200 113.5800 0.0000 0.0000 144.8176 745.7137 0.6220 0.0000 4.8000 0.0000 0.0000 0.0000 0.0000 0.0000 3.1200 4.8000 
2022 10 16 14 3.2100 100.1400 0.0000 0.0000 144.8119 745.7129 0.6219 0.0000 4.8000 0.0000 0.0000 0.0000 0.0000 0.0000 3.2100 4.8000 
2022 10 16 15 3.2700 120.3600 0.0000 0.0000 144.8063 745.7121 0.6218 0.0000 4.8000 0.0000 0.0000 0.0000 0.0000 0.0000 3.2700 4.8000 
2022 10 16 16 3.3200 131.0700 0.0000 0.0000 144.8010 745.7113 0.6218 0.0000 4.8000 0.0000 0.0000 0.0000 0.0000 0.0000 3.3200 4.8000 
2022 10 16 17 3.3600 181.6100 0.0000 0.0000 144.7958 745.7106 0.6217 0.0000 4.8000 0.0000 0.0000 0.0000 0.0000 0.0000 3.3600 4.8000 
2022 10 16 18 3.3800 195.9800 0.0000 0.0000 144.7907 745.7098 0.6216 0.0000 4.8000 0.0000 0.0000 0.0000 0.0000 0.0000 3.3800 4.8000 
2022 10 16 19 3.3900 181.2600 0.0000 0.0000 144.7856 745.7091 0.6215 0.0000 4.8000 0.0000 0.0000 0.0000 0.0000 0.0000 3.3900 4.8000 
2022 10 16 20 3.3700 150.1800 0.0000 0.0000 144.7805 745.7084 0.6214 0.0000 4.8000 0.0000 0.0000 0.0000 0.0000 0.0000 3.3700 4.8000 
2022 10 16 21 3.3600 140.8800 0.0000 0.0000 144.7753 745.7076 0.6213 0.0000 4.8000 0.0000 0.0000 0.0000 0.0000 0.0000 3.3600 4.8000 
2022 10 16 22 3.3300 139.4000 0.0000 0.0000 144.7700 745.7069 0.6213 0.0000 4.8000 0.0000 0.0000 0.0000 0.0000 0.0000 3.3300 4.8000 
2022 10 16 23 3.3000 137.1900 0.0000 0.0000 144.7646 745.7061 0.6212 0.0000 4.8000 0.0000 0.0000 0.0000 0.0000 0.0000 3.3000 4.8000 
2022 10 17 0 3.2600 122.0800 0.0000 0.0000 144.7591 745.7053 0.6211 0.0000 4.8000 0.0000 0.0000 0.0000 0.0000 0.0000 3.2600 4.8000 
2022 10 17 1 3.2200 109.4600 0.0000 0.0000 144.7534 745.7045 0.6210 0.0000 4.8000 0.0000 0.0000 0.0000 0.0000 0.0000 3.2200 4.8000 
2022 10 17 2 3.1900 92.8700 0.0000 0.0000 144.7476 745.7037 0.6209 0.0000 4.8000 0.0000 0.0000 0.0000 0.0000 0.0000 3.1900 4.8000 
2022 10 17 3 3.1600 89.2400 0.0000 0.0000 144.7417 745.7029 0.6208 0.0000 4.8000 0.0000 0.0000 0.0000 0.0000 0.0000 3.1600 4.8000 
2022 10 17 4 3.1200 112.3500 0.0000 0.0000 144.7356 745.7020 0.6207 0.0000 4.8000 0.0000 0.0000 0.0000 0.0000 0.0000 3.1200 4.8000 
2022 10 17 5 3.0800 133.9400 0.0000 0.0000 144.7294 745.7011 0.6206 0.0000 4.8000 0.0000 0.0000 0.0000 0.0000 0.0000 3.0800 4.8000 
2022 10 17 6 3.0400 159.2600 0.0000 0.0000 144.7231 745.7002 0.6205 0.0000 4.8000 0.0000 0.0000 0.0000 0.0000 0.0000 3.0400 4.8000 
2022 10 17 7 3.0100 183.1300 0.0000 0.0000 144.7167 745.6993 0.6204 0.0000 4.8000 0.0000 0.0000 0.0000 0.0000 0.0000 3.0100 4.8000 
2022 10 17 8 2.9700 161.8900 0.0000 0.0000 144.7101 745.6983 0.6203 0.0000 4.8000 0.0000 0.0000 0.0000 0.0000 0.0000 2.9700 4.8000 
2022 10 17 9 2.9300 137.1900 0.0000 0.0000 144.7033 745.6974 0.6202 0.0000 4.8000 0.0000 0.0000 0.0000 0.0000 0.0000 2.9300 4.8000 
2022 10 17 10 2.8700 137.8400 0.0000 0.0000 144.6964 745.6964 0.6201 0.0000 4.8000 0.0000 0.0000 0.0000 0.0000 0.0000 2.8700 4.8000 
2022 10 17 11 2.8400 125.3500 0.0000 0.0000 144.6893 745.6954 0.6199 0.0000 4.8000 0.0000 0.0000 0.0000 0.0000 0.0000 2.8400 4.8000 
2022 10 17 12 2.8100 125.7700 0.0000 0.0000 144.6822 745.6944 0.6198 0.0000 4.8000 0.0000 0.0000 0.0000 0.0000 0.0000 2.8100 4.8000 
2022 10 17 13 2.7900 131.8000 0.0000 0.0000 144.6749 745.6933 0.6197 0.0000 4.8000 0.0000 0.0000 0.0000 0.0000 0.0000 2.7900 4.8000 
2022 10 17 14 2.7800 146.5900 0.0000 0.0000 144.6677 745.6923 0.6196 0.0000 4.8000 0.0000 0.0000 0.0000 0.0000 0.0000 2.7800 4.8000 
2022 10 17 15 2.7800 173.6400 0.0000 0.0000 144.6604 745.6913 0.6195 0.0000 4.8000 0.0000 0.0000 0.0000 0.0000 0.0000 2.7800 4.8000 
2022 10 17 16 2.7700 185.5200 0.0000 0.0000 144.6531 745.6902 0.6194 0.0000 4.8000 0.0000 0.0000 0.0000 0.0000 0.0000 2.7700 4.8000 
2022 10 17 17 2.7800 186.2000 0.0000 0.0000 144.6458 745.6892 0.6192 0.0000 4.8000 0.0000 0.0000 0.0000 0.0000 0.0000 2.7800 4.8000 
2022 10 17 18 2.7900 187.5200 0.0000 0.0000 144.6386 745.6882 0.6191 0.0000 4.8000 0.0000 0.0000 0.0000 0.0000 0.0000 2.7900 4.8000 
2022 10 17 19 2.7900 190.5500 0.0000 0.0000 144.6313 745.6871 0.6190 0.0000 4.8000 0.0000 0.0000 0.0000 0.0000 0.0000 2.7900 4.8000 
2022 10 17 20 2.8000 165.8300 0.0000 0.0000 144.6241 745.6861 0.6189 0.0000 4.8000 0.0000 0.0000 0.0000 0.0000 0.0000 2.8000 4.8000 
2022 10 17 21 2.8100 163.6300 0.0000 0.0000 144.6170 745.6851 0.6188 0.0000 4.8000 0.0000 0.0000 0.0000 0.0000 0.0000 2.8100 4.8000 
2022 10 17 22 2.8100 145.8900 0.0000 0.0000 144.6098 745.6841 0.6186 0.0000 4.8000 0.0000 0.0000 0.0000 0.0000 0.0000 2.8100 4.8000 
2022 10 17 23 2.8000 141.6500 0.0000 0.0000 144.6026 745.6830 0.6185 0.0000 4.8000 0.0000 0.0000 0.0000 0.0000 0.0000 2.8000 4.8000 
2022 10 18 0 2.8000 135.8300 0.0000 0.0000 144.5954 745.6820 0.6184 0.0000 4.8000 0.0000 0.0000 0.0000 0.0000 0.0000 2.8000 4.8000 
2022 10 18 1 2.7900 140.4700 0.0000 0.0000 144.5882 745.6810 0.6183 0.0000 4.8000 0.0000 0.0000 0.0000 0.0000 0.0000 2.7900 4.8000 
2022 10 18 2 2.7900 140.0500 0.0000 0.0000 144.5809 745.6799 0.6182 0.0000 4.8000 0.0000 0.0000 0.0000 0.0000 0.0000 2.7900 4.8000 
2022 10 18 3 2.7800 140.0900 0.0000 0.0000 144.5737 745.6789 0.6181 0.0000 4.8000 0.0000 0.0000 0.0000 0.0000 0.0000 2.7800 4.8000 
2022 10 18 4 2.7700 144.1500 0.0000 0.0000 144.5664 745.6779 0.6179 0.0000 4.8000 0.0000 0.0000 0.0000 0.0000 0.0000 2.7700 4.8000 
2022 10 18 5 2.7700 150.2300 0.0000 0.0000 144.5591 745.6768 0.6178 0.0000 4.8000 0.0000 0.0000 0.0000 0.0000 0.0000 2.7700 4.8000 
2022 10 18 6 2.7700 181.4600 0.0000 0.0000 144.5518 745.6758 0.6177 0.0000 4.8000 0.0000 0.0000 0.0000 0.0000 0.0000 2.7700 4.8000 
2022 10 18 7 2.7700 224.2200 0.0000 0.0000 144.5444 745.6747 0.6176 0.0000 4.8000 0.0000 0.0000 0.0000 0.0000 0.0000 2.7700 4.8000 
2022 10 18 8 2.7800 204.1500 0.0000 0.0000 144.5372 745.6737 0.6175 0.0000 4.8000 0.0000 0.0000 0.0000 0.0000 0.0000 2.7800 4.8000 
2022 10 18 9 2.7800 193.5100 0.0000 0.0000 144.5299 745.6727 0.6173 0.0000 4.8000 0.0000 0.0000 0.0000 0.0000 0.0000 2.7800 4.8000 
2022 10 18 10 2.7900 180.3500 0.0000 0.0000 144.5227 745.6716 0.6172 0.0000 4.8000 0.0000 0.0000 0.0000 0.0000 0.0000 2.7900 4.8000 
2022 10 18 11 2.7900 134.4600 0.0000 0.0000 144.5154 745.6706 0.6171 0.0000 4.8000 0.0000 0.0000 0.0000 0.0000 0.0000 2.7900 4.8000 
2022 10 18 12 2.7900 143.2500 0.0000 0.0000 144.5082 745.6696 0.6170 0.0000 4.8000 0.0000 0.0000 0.0000 0.0000 0.0000 2.7900 4.8000 
2022 10 18 13 2.8000 126.1500 0.0000 0.0000 144.5010 745.6685 0.6169 0.0000 4.8000 0.0000 0.0000 0.0000 0.0000 0.0000 2.8000 4.8000 
2022 10 18 14 2.7900 139.8200 0.0000 0.0000 144.4938 745.6675 0.6168 0.0000 4.8000 0.0000 0.0000 0.0000 0.0000 0.0000 2.7900 4.8000 
2022 10 18 15 2.7900 159.1400 0.0000 0.0000 144.4865 745.6665 0.6166 0.0000 4.8000 0.0000 0.0000 0.0000 0.0000 0.0000 2.7900 4.8000 
2022 10 18 16 2.7800 189.0700 0.0000 0.0000 144.4792 745.6655 0.6165 0.0000 4.8000 0.0000 0.0000 0.0000 0.0000 0.0000 2.7800 4.8000 
2022 10 18 17 2.7600 203.0900 0.0000 0.0000 144.4719 745.6644 0.6164 0.0000 4.8000 0.0000 0.0000 0.0000 0.0000 0.0000 2.7600 4.8000 
2022 10 18 18 2.7400 195.7600 0.0000 0.0000 144.4645 745.6633 0.6163 0.0000 4.8000 0.0000 0.0000 0.0000 0.0000 0.0000 2.7400 4.8000 
2022 10 18 19 2.7200 189.7800 0.0000 0.0000 144.4570 745.6623 0.6162 0.0000 4.8000 0.0000 0.0000 0.0000 0.0000 0.0000 2.7200 4.8000 
2022 10 18 20 2.7000 166.3300 0.0000 0.0000 144.4494 745.6612 0.6160 0.0000 4.8000 0.0000 0.0000 0.0000 0.0000 0.0000 2.7000 4.8000 
2022 10 18 21 2.6800 163.6000 0.0000 0.0000 144.4418 745.6601 0.6159 0.0000 4.8000 0.0000 0.0000 0.0000 0.0000 0.0000 2.6800 4.8000 
2022 10 18 22 2.6600 154.2100 0.0000 0.0000 144.4341 745.6590 0.6158 0.0000 4.8000 0.0000 0.0000 0.0000 0.0000 0.0000 2.6600 4.8000 
2022 10 18 23 2.6400 132.4800 0.0000 0.0000 144.4263 745.6579 0.6157 0.0000 4.8000 0.0000 0.0000 0.0000 0.0000 0.0000 2.6400 4.8000 
2022 10 19 0 2.6100 125.9900 0.0000 0.0000 144.4184 745.6568 0.6155 0.0000 4.8000 0.0000 0.0000 0.0000 0.0000 0.0000 2.6100 4.8000 
2022 10 19 1 2.5900 122.2000 0.0000 0.0000 144.4105 745.6557 0.6154 0.0000 4.8000 0.0000 0.0000 0.0000 0.0000 0.0000 2.5900 4.8000 
2022 10 19 2 2.5700 125.9300 0.0000 0.0000 144.4025 745.6545 0.6153 0.0000 4.8000 0.0000 0.0000 0.0000 0.0000 0.0000 2.5700 4.8000 
2022 10 19 3 2.5400 134.0400 0.0000 0.0000 144.3943 745.6533 0.6151 0.0000 4.8000 0.0000 0.0000 0.0000 0.0000 0.0000 2.5400 4.8000 
2022 10 19 4 2.5200 149.5700 0.0000 0.0000 144.3861 745.6522 0.6150 0.0000 4.8000 0.0000 0.0000 0.0000 0.0000 0.0000 2.5200 4.8000 
2022 10 19 5 2.5000 162.9300 0.0000 0.0000 144.3778 745.6510 0.6149 0.0000 4.8000 0.0000 0.0000 0.0000 0.0000 0.0000 2.5000 4.8000 
2022 10 19 6 2.4800 192.5700 0.0000 0.0000 144.3695 745.6498 0.6147 0.0000 4.8000 0.0000 0.0000 0.0000 0.0000 0.0000 2.4800 4.8000 
2022 10 19 7 2.4600 207.3200 0.0000 0.0000 144.3611 745.6486 0.6146 0.0000 4.8000 0.0000 0.0000 0.0000 0.0000 0.0000 2.4600 4.8000 
2022 10 19 8 2.4400 202.6000 0.0000 0.0000 144.3526 745.6474 0.6145 0.0000 4.8000 0.0000 0.0000 0.0000 0.0000 0.0000 2.4400 4.8000 
2022 10 19 9 2.4200 188.9100 0.0000 0.0000 144.3440 745.6462 0.6143 0.0000 4.8000 0.0000 0.0000 0.0000 0.0000 0.0000 2.4200 4.8000 
2022 10 19 10 2.4000 175.4400 0.0000 0.0000 144.3354 745.6449 0.6142 0.0000 4.8000 0.0000 0.0000 0.0000 0.0000 0.0000 2.4000 4.8000 
2022 10 19 11 2.3800 154.7400 0.0000 0.0000 144.3266 745.6437 0.6140 0.0000 4.8000 0.0000 0.0000 0.0000 0.0000 0.0000 2.3800 4.8000 
2022 10 19 12 2.3600 150.2400 0.0000 0.0000 144.3179 745.6425 0.6139 0.0000 4.8000 0.0000 0.0000 0.0000 0.0000 0.0000 2.3600 4.8000 
2022 10 19 13 2.3400 144.4400 0.0000 0.0000 144.3090 745.6412 0.6138 0.0000 4.8000 0.0000 0.0000 0.0000 0.0000 0.0000 2.3400 4.8000 
2022 10 19 14 2.3300 153.3400 0.0000 0.0000 144.3001 745.6399 0.6136 0.0000 4.8000 0.0000 0.0000 0.0000 0.0000 0.0000 2.3300 4.8000 
2022 10 19 15 2.3100 171.2500 0.0000 0.0000 144.2911 745.6386 0.6135 0.0000 4.8000 0.0000 0.0000 0.0000 0.0000 0.0000 2.3100 4.8000 
2022 10 19 16 2.2900 186.9500 0.0000 0.0000 144.2821 745.6374 0.6133 0.0000 4.8000 0.0000 0.0000 0.0000 0.0000 0.0000 2.2900 4.8000 
2022 10 19 17 2.2700 183.5600 0.0000 0.0000 144.2730 745.6361 0.6132 0.0000 4.8000 0.0000 0.0000 0.0000 0.0000 0.0000 2.2700 4.8000 
2022 10 19 18 2.2500 175.2900 0.0000 0.0000 144.2638 745.6347 0.6130 0.0000 4.8000 0.0000 0.0000 0.0000 0.0000 0.0000 2.2500 4.8000 
2022 10 19 19 2.2300 163.3600 0.0000 0.0000 144.2546 745.6334 0.6129 0.0000 4.8000 0.0000 0.0000 0.0000 0.0000 0.0000 2.2300 4.8000 
2022 10 19 20 2.2200 151.6000 0.0000 0.0000 144.2453 745.6321 0.6127 0.0000 4.8000 0.0000 0.0000 0.0000 0.0000 0.0000 2.2200 4.8000 
2022 10 19 21 2.2000 149.1100 0.0000 0.0000 144.2359 745.6308 0.6126 0.0000 4.8000 0.0000 0.0000 0.0000 0.0000 0.0000 2.2000 4.8000 
2022 10 19 22 2.1800 133.0000 0.0000 0.0000 144.2265 745.6294 0.6124 0.0000 4.8000 0.0000 0.0000 0.0000 0.0000 0.0000 2.1800 4.8000 
2022 10 19 23 2.1600 128.4400 0.0000 0.0000 144.2170 745.6281 0.6123 0.0000 4.8000 0.0000 0.0000 0.0000 0.0000 0.0000 2.1600 4.8000 
2022 10 20 0 2.1400 116.2000 0.0000 0.0000 144.2074 745.6267 0.6121 0.0000 4.8000 0.0000 0.0000 0.0000 0.0000 0.0000 2.1400 4.8000 
2022 10 20 1 2.1300 80.4300 0.0000 0.0000 144.1978 745.6253 0.6119 0.0000 4.8000 0.0000 0.0000 0.0000 0.0000 0.0000 2.1300 4.8000 
2022 10 20 2 2.1000 79.0100 0.0000 0.0000 144.1881 745.6240 0.6118 0.0000 4.8000 0.0000 0.0000 0.0000 0.0000 0.0000 2.1000 4.8000 
2022 10 20 3 2.0800 74.8000 0.0000 0.0000 144.1783 745.6226 0.6116 0.0000 4.8000 0.0000 0.0000 0.0000 0.0000 0.0000 2.0800 4.8000 
2022 10 20 4 2.0600 113.3700 0.0000 0.0000 144.1684 745.6212 0.6115 0.0000 4.8000 0.0000 0.0000 0.0000 0.0000 0.0000 2.0600 4.8000 
2022 10 20 5 2.0500 151.6700 0.0000 0.0000 144.1585 745.6197 0.6113 0.0000 4.8000 0.0000 0.0000 0.0000 0.0000 0.0000 2.0500 4.8000 
2022 10 20 6 2.0300 173.5200 0.0000 0.0000 144.1486 745.6183 0.6111 0.0000 4.8000 0.0000 0.0000 0.0000 0.0000 0.0000 2.0300 4.8000 
2022 10 20 7 2.0100 187.5100 0.0000 0.0000 144.1385 745.6169 0.6110 0.0000 4.8000 0.0000 0.0000 0.0000 0.0000 0.0000 2.0100 4.8000 
2022 10 20 8 1.9900 174.2400 0.0000 0.0000 144.1284 745.6154 0.6108 0.0000 4.8000 0.0000 0.0000 0.0000 0.0000 0.0000 1.9900 4.8000 
2022 10 20 9 1.9800 173.9900 0.0000 0.0000 144.1182 745.6140 0.6106 0.0000 4.8000 0.0000 0.0000 0.0000 0.0000 0.0000 1.9800 4.8000 
2022 10 20 10 1.9600 161.0300 0.0000 0.0000 144.1080 745.6125 0.6105 0.0000 4.8000 0.0000 0.0000 0.0000 0.0000 0.0000 1.9600 4.8000 
2022 10 20 11 1.9400 137.9900 0.0000 0.0000 144.0977 745.6111 0.6103 0.0000 4.8000 0.0000 0.0000 0.0000 0.0000 0.0000 1.9400 4.8000 
2022 10 20 12 1.9300 134.9900 0.0000 0.0000 144.0874 745.6096 0.6101 0.0000 4.8000 0.0000 0.0000 0.0000 0.0000 0.0000 1.9300 4.8000 
2022 10 20 13 1.9100 135.1900 0.0000 0.0000 144.0770 745.6081 0.6100 0.0000 4.8000 0.0000 0.0000 0.0000 0.0000 0.0000 1.9100 4.8000 
2022 10 20 14 1.9000 139.6000 0.0000 0.0000 144.0665 745.6066 0.6098 0.0000 4.8000 0.0000 0.0000 0.0000 0.0000 0.0000 1.9000 4.8000 
2022 10 20 15 1.8800 150.1900 0.0000 0.0000 144.0560 745.6051 0.6096 0.0000 4.8000 0.0000 0.0000 0.0000 0.0000 0.0000 1.8800 4.8000 
2022 10 20 16 1.8700 170.5400 0.0000 0.0000 144.0455 745.6036 0.6095 0.0000 4.8000 0.0000 0.0000 0.0000 0.0000 0.0000 1.8700 4.8000 
2022 10 20 17 1.8600 178.9400 0.0000 0.0000 144.0349 745.6021 0.6093 0.0000 4.8000 0.0000 0.0000 0.0000 0.0000 0.0000 1.8600 4.8000 
2022 10 20 18 1.8400 183.6400 0.0000 0.0000 144.0242 745.6006 0.6091 0.0000 4.8000 0.0000 0.0000 0.0000 0.0000 0.0000 1.8400 4.8000 
2022 10 20 19 1.8300 159.7600 0.0000 0.0000 144.0136 745.5991 0.6089 0.0000 4.8000 0.0000 0.0000 0.0000 0.0000 0.0000 1.8300 4.8000 
2022 10 20 20 1.8200 142.4900 0.0000 0.0000 144.0028 745.5976 0.6088 0.0000 4.8000 0.0000 0.0000 0.0000 0.0000 0.0000 1.8200 4.8000 
2022 10 20 21 1.8100 133.6800 0.0000 0.0000 143.9921 745.5960 0.6086 0.0000 4.8000 0.0000 0.0000 0.0000 0.0000 0.0000 1.8100 4.8000 
2022 10 20 22 1.8000 124.9900 0.0000 0.0000 143.9813 745.5945 0.6084 0.0000 4.8000 0.0000 0.0000 0.0000 0.0000 0.0000 1.8000 4.8000 
2022 10 20 23 1.7900 132.9100 0.0000 0.0000 143.9704 745.5929 0.6082 0.0000 4.8000 0.0000 0.0000 0.0000 0.0000 0.0000 1.7900 4.8000 
2022 10 21 0 1.7800 121.1300 0.0000 0.0000 143.9596 745.5914 0.6081 0.0000 4.8000 0.0000 0.0000 0.0000 0.0000 0.0000 1.7800 4.8000 
2022 10 21 1 1.7700 117.7000 0.0000 0.0000 143.9486 745.5898 0.6079 0.0000 4.8000 0.0000 0.0000 0.0000 0.0000 0.0000 1.7700 4.8000 
2022 10 21 2 1.7600 114.0500 0.0000 0.0000 143.9377 745.5883 0.6077 0.0000 4.8000 0.0000 0.0000 0.0000 0.0000 0.0000 1.7600 4.8000 
2022 10 21 3 1.7400 120.1500 0.0000 0.0000 143.9267 745.5867 0.6075 0.0000 4.8000 0.0000 0.0000 0.0000 0.0000 0.0000 1.7400 4.8000 
2022 10 21 4 1.7300 134.8700 0.0000 0.0000 143.9156 745.5851 0.6074 0.0000 4.8000 0.0000 0.0000 0.0000 0.0000 0.0000 1.7300 4.8000 
2022 10 21 5 1.7200 155.8800 0.0000 0.0000 143.9045 745.5835 0.6072 0.0000 4.8000 0.0000 0.0000 0.0000 0.0000 0.0000 1.7200 4.8000 
2022 10 21 6 1.7100 179.8100 0.0000 0.0000 143.8934 745.5820 0.6070 0.0000 4.8000 0.0000 0.0000 0.0000 0.0000 0.0000 1.7100 4.8000 
2022 10 21 7 1.7000 193.8900 0.0000 0.0000 143.8823 745.5804 0.6068 0.0000 4.8000 0.0000 0.0000 0.0000 0.0000 0.0000 1.7000 4.8000 
2022 10 21 8 1.6900 195.9600 0.0000 0.0000 143.8711 745.5788 0.6066 0.0000 4.8000 0.0000 0.0000 0.0000 0.0000 0.0000 1.6900 4.8000 
2022 10 21 9 1.6800 182.9800 0.0000 0.0000 143.8598 745.5772 0.6064 0.0000 4.8000 0.0000 0.0000 0.0000 0.0000 0.0000 1.6800 4.8000 
2022 10 21 10 1.6700 179.1800 0.0000 0.0000 143.8486 745.5756 0.6063 0.0000 4.8000 0.0000 0.0000 0.0000 0.0000 0.0000 1.6700 4.8000 
2022 10 21 11 1.6600 168.8000 0.0000 0.0000 143.8373 745.5740 0.6061 0.0000 4.8000 0.0000 0.0000 0.0000 0.0000 0.0000 1.6600 4.8000 
2022 10 21 12 1.6500 165.8800 0.0000 0.0000 143.8259 745.5723 0.6059 0.0000 4.8000 0.0000 0.0000 0.0000 0.0000 0.0000 1.6500 4.8000 
2022 10 21 13 1.6500 162.9600 0.0000 0.0000 143.8146 745.5707 0.6057 0.0000 4.8000 0.0000 0.0000 0.0000 0.0000 0.0000 1.6500 4.8000 
2022 10 21 14 1.6400 159.7900 0.0000 0.0000 143.8032 745.5691 0.6055 0.0000 4.8000 0.0000 0.0000 0.0000 0.0000 0.0000 1.6400 4.8000 
2022 10 21 15 1.6300 164.4300 0.0000 0.0000 143.7918 745.5675 0.6053 0.0000 4.8000 0.0000 0.0000 0.0000 0.0000 0.0000 1.6300 4.8000 
2022 10 21 16 1.6200 173.7300 0.0000 0.0000 143.7803 745.5658 0.6051 0.0000 4.8000 0.0000 0.0000 0.0000 0.0000 0.0000 1.6200 4.8000 
2022 10 21 17 1.6100 176.2900 0.0000 0.0000 143.7689 745.5642 0.6050 0.0000 4.8000 0.0000 0.0000 0.0000 0.0000 0.0000 1.6100 4.8000 
2022 10 21 18 1.6000 161.5800 0.0000 0.0000 143.7573 745.5626 0.6048 0.0000 4.8000 0.0000 0.0000 0.0000 0.0000 0.0000 1.6000 4.8000 
2022 10 21 19 1.6000 150.1600 0.0000 0.0000 143.7458 745.5609 0.6046 0.0000 4.8000 0.0000 0.0000 0.0000 0.0000 0.0000 1.6000 4.8000 
2022 10 21 20 1.5900 152.4500 0.0000 0.0000 143.7343 745.5593 0.6044 0.0000 4.8000 0.0000 0.0000 0.0000 0.0000 0.0000 1.5900 4.8000 
2022 10 21 21 1.5800 154.1400 0.0000 0.0000 143.7227 745.5576 0.6042 0.0000 4.8000 0.0000 0.0000 0.0000 0.0000 0.0000 1.5800 4.8000 
2022 10 21 22 1.5800 144.4900 0.0000 0.0000 143.7111 745.5560 0.6040 0.0000 4.8000 0.0000 0.0000 0.0000 0.0000 0.0000 1.5800 4.8000 
2022 10 21 23 1.5700 149.1900 0.0000 0.0000 143.6995 745.5543 0.6038 0.0000 4.8000 0.0000 0.0000 0.0000 0.0000 0.0000 1.5700 4.8000 
2022 10 22 0 1.5600 134.2800 0.0000 0.0000 143.6878 745.5527 0.6036 0.0000 4.8000 0.0000 0.0000 0.0000 0.0000 0.0000 1.5600 4.8000 
2022 10 22 1 1.5500 130.5100 0.0000 0.0000 143.6761 745.5510 0.6035 0.0000 4.8000 0.0000 0.0000 0.0000 0.0000 0.0000 1.5500 4.8000 
2022 10 22 2 1.5400 134.0100 0.0000 0.0000 143.6644 745.5493 0.6033 0.0000 4.8000 0.0000 0.0000 0.0000 0.0000 0.0000 1.5400 4.8000 
2022 10 22 3 1.5400 134.2600 0.0000 0.0000 143.6526 745.5476 0.6031 0.0000 4.8000 0.0000 0.0000 0.0000 0.0000 0.0000 1.5400 4.8000 
2022 10 22 4 1.5300 136.4500 0.0000 0.0000 143.6408 745.5460 0.6029 0.0000 4.8000 0.0000 0.0000 0.0000 0.0000 0.0000 1.5300 4.8000 
2022 10 22 5 1.5200 135.3400 0.0000 0.0000 143.6290 745.5443 0.6027 0.0000 4.8000 0.0000 0.0000 0.0000 0.0000 0.0000 1.5200 4.8000 
2022 10 22 6 1.5100 142.5200 0.0000 0.0000 143.6172 745.5426 0.6025 0.0000 4.8000 0.0000 0.0000 0.0000 0.0000 0.0000 1.5100 4.8000 
2022 10 22 7 1.5000 146.7000 0.0000 0.0000 143.6053 745.5409 0.6023 0.0000 4.8000 0.0000 0.0000 0.0000 0.0000 0.0000 1.5000 4.8000 
2022 10 22 8 1.5000 148.0300 0.0000 0.0000 143.5934 745.5392 0.6021 0.0000 4.8000 0.0000 0.0000 0.0000 0.0000 0.0000 1.5000 4.8000 
2022 10 22 9 1.4900 145.8500 0.0000 0.0000 143.5815 745.5375 0.6019 0.0000 4.8000 0.0000 0.0000 0.0000 0.0000 0.0000 1.4900 4.8000 
2022 10 22 10 1.4800 137.8700 0.0000 0.0000 143.5696 745.5358 0.6017 0.0000 4.8000 0.0000 0.0000 0.0000 0.0000 0.0000 1.4800 4.8000 
2022 10 22 11 1.4700 134.5200 0.0000 0.0000 143.5576 745.5341 0.6015 0.0000 4.8000 0.0000 0.0000 0.0000 0.0000 0.0000 1.4700 4.8000 
2022 10 22 12 1.4600 126.2200 0.0000 0.0000 143.5456 745.5324 0.6013 0.0000 4.8000 0.0000 0.0000 0.0000 0.0000 0.0000 1.4600 4.8000 
2022 10 22 13 1.4600 119.6400 0.0000 0.0000 143.5335 745.5307 0.6011 0.0000 4.8000 0.0000 0.0000 0.0000 0.0000 0.0000 1.4600 4.8000 
2022 10 22 14 1.4600 121.6700 0.0000 0.0000 143.5215 745.5290 0.6009 0.0000 4.8000 0.0000 0.0000 0.0000 0.0000 0.0000 1.4600 4.8000 
2022 10 22 15 1.4600 141.4300 0.0000 0.0000 143.5095 745.5272 0.6007 0.0000 4.8000 0.0000 0.0000 0.0000 0.0000 0.0000 1.4600 4.8000 
2022 10 22 16 1.4700 161.3200 0.0000 0.0000 143.4975 745.5255 0.6005 0.0000 4.8000 0.0000 0.0000 0.0000 0.0000 0.0000 1.4700 4.8000 
2022 10 22 17 1.4700 180.8100 0.0000 0.0000 143.4855 745.5238 0.6003 0.0000 4.8000 0.0000 0.0000 0.0000 0.0000 0.0000 1.4700 4.8000 
2022 10 22 18 1.4900 184.9500 0.0000 0.0000 143.4736 745.5221 0.6002 0.0000 4.8000 0.0000 0.0000 0.0000 0.0000 0.0000 1.4900 4.8000 
2022 10 22 19 1.5100 165.1100 0.0000 0.0000 143.4617 745.5204 0.6000 0.0000 4.8000 0.0000 0.0000 0.0000 0.0000 0.0000 1.5100 4.8000 
2022 10 22 20 1.5400 146.1200 0.0000 0.0000 143.4500 745.5188 0.5998 0.0000 4.8000 0.0000 0.0000 0.0000 0.0000 0.0000 1.5400 4.8000 
2022 10 22 21 1.6000 145.5600 0.0000 0.0000 143.4385 745.5171 0.5996 0.0000 4.8000 0.0000 0.0000 0.0000 0.0000 0.0000 1.6000 4.8000 
2022 10 22 22 1.6700 137.9400 0.0000 0.0000 143.4272 745.5155 0.5994 0.0000 4.8000 0.0000 0.0000 0.0000 0.0000 0.0000 1.6700 4.8000 
2022 10 22 23 1.7600 118.5100 0.0000 0.0000 143.4163 745.5140 0.5992 0.0000 4.8000 0.0000 0.0000 0.0000 0.0000 0.0000 1.7600 4.8000 
2022 10 23 0 1.8600 106.1800 0.0000 0.0000 143.4057 745.5125 0.5991 0.0000 4.8000 0.0000 0.0000 0.0000 0.0000 0.0000 1.8600 4.8000 
2022 10 23 1 1.9600 99.9600 0.0000 0.0000 143.3955 745.5110 0.5989 0.0000 4.8000 0.0000 0.0000 0.0000 0.0000 0.0000 1.9600 4.8000 
2022 10 23 2 2.0600 96.1900 0.0000 0.0000 143.3856 745.5096 0.5987 0.0000 4.8000 0.0000 0.0000 0.0000 0.0000 0.0000 2.0600 4.8000 
2022 10 23 3 2.1600 98.5400 0.0000 0.0000 143.3761 745.5082 0.5986 0.0000 4.8000 0.0000 0.0000 0.0000 0.0000 0.0000 2.1600 4.8000 
2022 10 23 4 2.2600 94.6300 0.0000 0.0000 143.3670 745.5069 0.5984 0.0000 4.8000 0.0000 0.0000 0.0000 0.0000 0.0000 2.2600 4.8000 
2022 10 23 5 2.3400 112.0000 0.0000 0.0000 143.3581 745.5057 0.5983 0.0000 4.8000 0.0000 0.0000 0.0000 0.0000 0.0000 2.3400 4.8000 
2022 10 23 6 2.4300 117.5600 0.0000 0.0000 143.3496 745.5045 0.5981 0.0000 4.8000 0.0000 0.0000 0.0000 0.0000 0.0000 2.4300 4.8000 
2022 10 23 7 2.5000 126.0400 0.0000 0.0000 143.3413 745.5033 0.5980 0.0000 4.8000 0.0000 0.0000 0.0000 0.0000 0.0000 2.5000 4.8000 
2022 10 23 8 2.5700 122.9000 0.0000 0.0000 143.3333 745.5021 0.5979 0.0000 4.8000 0.0000 0.0000 0.0000 0.0000 0.0000 2.5700 4.8000 
2022 10 23 9 2.6200 102.9100 0.0000 0.0000 143.3254 745.5010 0.5977 0.0000 4.8000 0.0000 0.0000 0.0000 0.0000 0.0000 2.6200 4.8000 
2022 10 23 10 2.6700 99.9000 0.0000 0.0000 143.3177 745.4999 0.5976 0.0000 4.8000 0.0000 0.0000 0.0000 0.0000 0.0000 2.6700 4.8000 
2022 10 23 11 2.7100 89.3900 0.0000 0.0000 143.3102 745.4988 0.5975 0.0000 4.8000 0.0000 0.0000 0.0000 0.0000 0.0000 2.7100 4.8000 
2022 10 23 12 2.7200 81.6600 0.0000 0.0000 143.3027 745.4978 0.5974 0.0000 4.8000 0.0000 0.0000 0.0000 0.0000 0.0000 2.7200 4.8000 
2022 10 23 13 2.7500 83.9400 0.0000 0.0000 143.2954 745.4967 0.5973 0.0000 4.8000 0.0000 0.0000 0.0000 0.0000 0.0000 2.7500 4.8000 
2022 10 23 14 2.7700 85.6100 0.0000 0.0000 143.2880 745.4957 0.5971 0.0000 4.8000 0.0000 0.0000 0.0000 0.0000 0.0000 2.7700 4.8000 
2022 10 23 15 2.8000 95.2700 0.0000 0.0000 143.2808 745.4947 0.5970 0.0000 4.8000 0.0000 0.0000 0.0000 0.0000 0.0000 2.8000 4.8000 
2022 10 23 16 2.8400 111.0200 0.0000 0.0000 143.2738 745.4937 0.5969 0.0000 4.8000 0.0000 0.0000 0.0000 0.0000 0.0000 2.8400 4.8000 
2022 10 23 17 2.8800 119.9200 0.0000 0.0000 143.2669 745.4927 0.5968 0.0000 4.8000 0.0000 0.0000 0.0000 0.0000 0.0000 2.8800 4.8000 
2022 10 23 18 2.9500 123.6900 0.0000 0.0000 143.2602 745.4917 0.5967 0.0000 4.8000 0.0000 0.0000 0.0000 0.0000 0.0000 2.9500 4.8000 
2022 10 23 19 3.0500 110.0600 0.0000 0.0000 143.2539 745.4908 0.5966 0.0000 4.8000 0.0000 0.0000 0.0000 0.0000 0.0000 3.0500 4.8000 
2022 10 23 20 3.1600 93.3300 0.0000 0.0000 143.2480 745.4900 0.5965 0.0000 4.8000 0.0000 0.0000 0.0000 0.0000 0.0000 3.1600 4.8000 
2022 10 23 21 3.2800 86.2600 0.0000 0.0000 143.2425 745.4892 0.5964 0.0000 4.8000 0.0000 0.0000 0.0000 0.0000 0.0000 3.2800 4.8000 
2022 10 23 22 3.4300 78.5900 0.0000 0.0000 143.2376 745.4885 0.5963 0.0000 4.8000 0.0000 0.0000 0.0000 0.0000 0.0000 3.4300 4.8000 
2022 10 23 23 3.5800 56.4400 0.0000 0.0000 143.2332 745.4879 0.5962 0.0000 4.8000 0.0000 0.0000 0.0000 0.0000 0.0000 3.5800 4.8000 
2022 10 24 0 3.7100 53.2400 0.0000 0.0000 143.2293 745.4873 0.5962 0.0000 4.8000 0.0000 0.0000 0.0000 0.0000 0.0000 3.7100 4.8000 
2022 10 24 1 3.7900 40.7000 0.0000 0.0000 143.2257 745.4868 0.5961 0.0000 4.8000 0.0000 0.0000 0.0000 0.0000 0.0000 3.7900 4.8000 
2022 10 24 2 3.8400 26.8000 0.0000 0.0000 143.2222 745.4863 0.5961 0.0000 4.8000 0.0000 0.0000 0.0000 0.0000 0.0000 3.8400 4.8000 
2022 10 24 3 3.8600 40.6900 0.0000 0.0000 143.2188 745.4858 0.5960 0.0000 4.8000 0.0000 0.0000 0.0000 0.0000 0.0000 3.8600 4.8000 
2022 10 24 4 3.8600 55.9300 0.0000 0.0000 143.2154 745.4853 0.5960 0.0000 4.8000 0.0000 0.0000 0.0000 0.0000 0.0000 3.8600 4.8000 
2022 10 24 5 3.8300 73.1300 0.0000 0.0000 143.2119 745.4848 0.5959 0.0000 4.8000 0.0000 0.0000 0.0000 0.0000 0.0000 3.8300 4.8000 
2022 10 24 6 3.7800 110.6600 0.0000 0.0000 143.2083 745.4843 0.5958 0.0000 4.8000 0.0000 0.0000 0.0000 0.0000 0.0000 3.7800 4.8000 
2022 10 24 7 3.7300 126.7000 0.0000 0.0000 143.2044 745.4838 0.5958 0.0000 4.8000 0.0000 0.0000 0.0000 0.0000 0.0000 3.7300 4.8000 
2022 10 24 8 3.6700 120.1800 0.0000 0.0000 143.2003 745.4832 0.5957 0.0000 4.8000 0.0000 0.0000 0.0000 0.0000 0.0000 3.6700 4.8000 
2022 10 24 9 3.6000 112.1800 0.0000 0.0000 143.1960 745.4826 0.5956 0.0000 4.8000 0.0000 0.0000 0.0000 0.0000 0.0000 3.6000 4.8000 
2022 10 24 10 3.5400 87.2600 0.0000 0.0000 143.1915 745.4819 0.5956 0.0000 4.8000 0.0000 0.0000 0.0000 0.0000 0.0000 3.5400 4.8000 
2022 10 24 11 3.5000 72.9300 0.0000 0.0000 143.1868 745.4813 0.5955 0.0000 4.8000 0.0000 0.0000 0.0000 0.0000 0.0000 3.5000 4.8000 
2022 10 24 12 3.4700 72.6300 0.0000 0.0000 143.1820 745.4806 0.5954 0.0000 4.8000 0.0000 0.0000 0.0000 0.0000 0.0000 3.4700 4.8000 
2022 10 24 13 3.4200 73.0400 0.0000 0.0000 143.1771 745.4799 0.5953 0.0000 4.8000 0.0000 0.0000 0.0000 0.0000 0.0000 3.4200 4.8000 
2022 10 24 14 3.3900 81.5500 0.0000 0.0000 143.1720 745.4791 0.5952 0.0000 4.8000 0.0000 0.0000 0.0000 0.0000 0.0000 3.3900 4.8000 
2022 10 24 15 3.3400 88.3500 0.0000 0.0000 143.1667 745.4784 0.5952 0.0000 4.8000 0.0000 0.0000 0.0000 0.0000 0.0000 3.3400 4.8000 
2022 10 24 16 3.2800 114.1300 0.0000 0.0000 143.1613 745.4776 0.5951 0.0000 4.8000 0.0000 0.0000 0.0000 0.0000 0.0000 3.2800 4.8000 
2022 10 24 17 3.2200 123.8400 0.0000 0.0000 143.1556 745.4768 0.5950 0.0000 4.8000 0.0000 0.0000 0.0000 0.0000 0.0000 3.2200 4.8000 
2022 10 24 18 3.1700 130.7400 0.0000 0.0000 143.1497 745.4760 0.5949 0.0000 4.8000 0.0000 0.0000 0.0000 0.0000 0.0000 3.1700 4.8000 
2022 10 24 19 3.1200 111.0900 0.0000 0.0000 143.1436 745.4751 0.5948 0.0000 4.8000 0.0000 0.0000 0.0000 0.0000 0.0000 3.1200 4.8000 
2022 10 24 20 3.0600 92.6900 0.0000 0.0000 143.1374 745.4742 0.5947 0.0000 4.8000 0.0000 0.0000 0.0000 0.0000 0.0000 3.0600 4.8000 
2022 10 24 21 3.0200 91.7400 0.0000 0.0000 143.1310 745.4733 0.5946 0.0000 4.8000 0.0000 0.0000 0.0000 0.0000 0.0000 3.0200 4.8000 
2022 10 24 22 2.9800 83.6000 0.0000 0.0000 143.1244 745.4724 0.5945 0.0000 4.8000 0.0000 0.0000 0.0000 0.0000 0.0000 2.9800 4.8000 
2022 10 24 23 2.9500 61.0300 0.0000 0.0000 143.1178 745.4714 0.5944 0.0000 4.8000 0.0000 0.0000 0.0000 0.0000 0.0000 2.9500 4.8000 
2022 10 25 0 2.9300 54.2400 0.0000 0.0000 143.1110 745.4705 0.5943 0.0000 4.8000 0.0000 0.0000 0.0000 0.0000 0.0000 2.9300 4.8000 
2022 10 25 1 2.9200 60.5500 0.0000 0.0000 143.1043 745.4695 0.5941 0.0000 4.8000 0.0000 0.0000 0.0000 0.0000 0.0000 2.9200 4.8000 
2022 10 25 2 2.9000 60.2400 0.0000 0.0000 143.0974 745.4685 0.5940 0.0000 4.8000 0.0000 0.0000 0.0000 0.0000 0.0000 2.9000 4.8000 
2022 10 25 3 2.8800 72.2600 0.0000 0.0000 143.0905 745.4675 0.5939 0.0000 4.8000 0.0000 0.0000 0.0000 0.0000 0.0000 2.8800 4.8000 
2022 10 25 4 2.8600 75.7600 0.0000 0.0000 143.0835 745.4665 0.5938 0.0000 4.8000 0.0000 0.0000 0.0000 0.0000 0.0000 2.8600 4.8000 
2022 10 25 5 2.8500 92.5200 0.0000 0.0000 143.0765 745.4655 0.5937 0.0000 4.8000 0.0000 0.0000 0.0000 0.0000 0.0000 2.8500 4.8000 
2022 10 25 6 2.8300 121.1600 0.0000 0.0000 143.0694 745.4645 0.5936 0.0000 4.8000 0.0000 0.0000 0.0000 0.0000 0.0000 2.8300 4.8000 
2022 10 25 7 2.8300 131.5800 0.0000 0.0000 143.0623 745.4635 0.5935 0.0000 4.8000 0.0000 0.0000 0.0000 0.0000 0.0000 2.8300 4.8000 
2022 10 25 8 2.8300 131.0700 0.0000 0.0000 143.0552 745.4625 0.5933 0.0000 4.8000 0.0000 0.0000 0.0000 0.0000 0.0000 2.8300 4.8000 
2022 10 25 9 2.8300 113.2600 0.0000 0.0000 143.0481 745.4615 0.5932 0.0000 4.8000 0.0000 0.0000 0.0000 0.0000 0.0000 2.8300 4.8000 
2022 10 25 10 2.8300 107.0900 0.0000 0.0000 143.0410 745.4605 0.5931 0.0000 4.8000 0.0000 0.0000 0.0000 0.0000 0.0000 2.8300 4.8000 
2022 10 25 11 2.8200 100.1800 0.0000 0.0000 143.0339 745.4595 0.5930 0.0000 4.8000 0.0000 0.0000 0.0000 0.0000 0.0000 2.8200 4.8000 
2022 10 25 12 2.8100 84.3800 0.0000 0.0000 143.0268 745.4584 0.5929 0.0000 4.8000 0.0000 0.0000 0.0000 0.0000 0.0000 2.8100 4.8000 
2022 10 25 13 2.7900 85.7400 0.0000 0.0000 143.0195 745.4574 0.5928 0.0000 4.8000 0.0000 0.0000 0.0000 0.0000 0.0000 2.7900 4.8000 
2022 10 25 14 2.7700 103.6100 0.0000 0.0000 143.0122 745.4564 0.5926 0.0000 4.8000 0.0000 0.0000 0.0000 0.0000 0.0000 2.7700 4.8000 
2022 10 25 15 2.7500 120.0900 0.0000 0.0000 143.0048 745.4553 0.5925 0.0000 4.8000 0.0000 0.0000 0.0000 0.0000 0.0000 2.7500 4.8000 
2022 10 25 16 2.7400 154.7800 0.0000 0.0000 142.9974 745.4543 0.5924 0.0000 4.8000 0.0000 0.0000 0.0000 0.0000 0.0000 2.7400 4.8000 
2022 10 25 17 2.7200 177.6700 0.0000 0.0000 142.9899 745.4532 0.5923 0.0000 4.8000 0.0000 0.0000 0.0000 0.0000 0.0000 2.7200 4.8000 
2022 10 25 18 2.7000 184.2700 0.0000 0.0000 142.9824 745.4521 0.5922 0.0000 4.8000 0.0000 0.0000 0.0000 0.0000 0.0000 2.7000 4.8000 
2022 10 25 19 2.6800 154.0300 0.0000 0.0000 142.9747 745.4510 0.5920 0.0000 4.8000 0.0000 0.0000 0.0000 0.0000 0.0000 2.6800 4.8000 
2022 10 25 20 2.6500 131.2900 0.0000 0.0000 142.9670 745.4499 0.5919 0.0000 4.8000 0.0000 0.0000 0.0000 0.0000 0.0000 2.6500 4.8000 
2022 10 25 21 2.6200 121.4600 0.0000 0.0000 142.9591 745.4488 0.5918 0.0000 4.8000 0.0000 0.0000 0.0000 0.0000 0.0000 2.6200 4.8000 
2022 10 25 22 2.6100 116.2600 0.0000 0.0000 142.9513 745.4477 0.5917 0.0000 4.8000 0.0000 0.0000 0.0000 0.0000 0.0000 2.6100 4.8000 
2022 10 25 23 2.6000 98.6900 0.0000 0.0000 142.9433 745.4466 0.5915 0.0000 4.8000 0.0000 0.0000 0.0000 0.0000 0.0000 2.6000 4.8000 
2022 10 26 0 2.6000 94.2900 0.0000 0.0000 142.9354 745.4454 0.5914 0.0000 4.8000 0.0000 0.0000 0.0000 0.0000 0.0000 2.6000 4.8000 
2022 10 26 1 2.6200 91.3300 0.0000 0.0000 142.9276 745.4443 0.5913 0.0000 4.8000 0.0000 0.0000 0.0000 0.0000 0.0000 2.6200 4.8000 
2022 10 26 2 2.6800 89.6800 0.0000 0.0000 142.9199 745.4432 0.5911 0.0000 4.8000 0.0000 0.0000 0.0000 0.0000 0.0000 2.6800 4.8000 
2022 10 26 3 2.8500 97.6000 0.0000 0.0000 142.9129 745.4422 0.5910 0.0000 4.8000 0.0000 0.0000 0.0000 0.0000 0.0000 2.8500 4.8000 
2022 10 26 4 3.3800 108.9800 0.0000 0.0000 142.9078 745.4415 0.5909 0.0000 4.8000 0.0000 0.0000 0.0000 0.0000 0.0000 3.3800 4.8000 
2022 10 26 5 3.9600 129.2000 0.0000 0.0000 142.9048 745.4411 0.5909 0.0000 4.8000 0.0000 0.0000 0.0000 0.0000 0.0000 3.9600 4.8000 
2022 10 26 6 4.6700 156.7000 0.0000 0.0000 142.9043 745.4410 0.5909 0.0000 4.8000 0.0000 0.0000 0.0000 0.0000 0.0000 4.6700 4.8000 
2022 10 26 7 5.6000 163.5600 0.0000 0.0000 142.9072 745.4414 0.5909 0.0000 4.8000 0.0000 0.0000 0.0000 0.0000 0.0000 5.6000 4.8000 
2022 10 26 8 6.6600 151.4200 0.0000 0.0000 142.9139 745.4424 0.5910 0.0000 4.8000 0.0000 0.0000 0.0000 0.0000 0.0000 6.6600 4.8000 
2022 10 26 9 7.5800 134.7900 0.0000 0.0000 142.9239 745.4438 0.5912 0.0000 4.8000 0.0000 0.0000 0.0000 0.0000 0.0000 7.5800 4.8000 
2022 10 26 10 8.1600 119.9000 0.0000 0.0000 142.9360 745.4455 0.5914 0.0000 4.8000 0.0000 0.0000 0.0000 0.0000 0.0000 8.1600 4.8000 
2022 10 26 11 8.4300 117.1400 0.0000 0.0000 142.9491 745.4474 0.5916 0.0000 4.8000 0.0000 0.0000 0.0000 0.0000 0.0000 8.4300 4.8000 
2022 10 26 12 8.4600 117.2200 0.0000 0.0000 142.9622 745.4493 0.5918 0.0000 4.8000 0.0000 0.0000 0.0000 0.0000 0.0000 8.4600 4.8000 
2022 10 26 13 8.3500 120.4200 0.0000 0.0000 142.9750 745.4511 0.5920 0.0000 4.8000 0.0000 0.0000 0.0000 0.0000 0.0000 8.3500 4.8000 
2022 10 26 14 8.1200 130.0700 0.0000 0.0000 142.9870 745.4528 0.5922 0.0000 4.8000 0.0000 0.0000 0.0000 0.0000 0.0000 8.1200 4.8000 
2022 10 26 15 7.8100 144.2800 0.0000 0.0000 142.9978 745.4543 0.5924 0.0000 4.8000 0.0000 0.0000 0.0000 0.0000 0.0000 7.8100 4.8000 
2022 10 26 16 7.4600 144.4000 0.0000 0.0000 143.0074 745.4557 0.5926 0.0000 4.8000 0.0000 0.0000 0.0000 0.0000 0.0000 7.4600 4.8000 
2022 10 26 17 7.0900 140.8600 0.0000 0.0000 143.0156 745.4569 0.5927 0.0000 4.8000 0.0000 0.0000 0.0000 0.0000 0.0000 7.0900 4.8000 
2022 10 26 18 6.7300 140.5200 0.0000 0.0000 143.0226 745.4578 0.5928 0.0000 4.8000 0.0000 0.0000 0.0000 0.0000 0.0000 6.7300 4.8000 
2022 10 26 19 6.3800 128.8000 0.0000 0.0000 143.0283 745.4587 0.5929 0.0000 4.8000 0.0000 0.0000 0.0000 0.0000 0.0000 6.3800 4.8000 
2022 10 26 20 6.0600 111.7400 0.0000 0.0000 143.0328 745.4593 0.5930 0.0000 4.8000 0.0000 0.0000 0.0000 0.0000 0.0000 6.0600 4.8000 
2022 10 26 21 5.7600 99.5600 0.0000 0.0000 143.0363 745.4598 0.5930 0.0000 4.8000 0.0000 0.0000 0.0000 0.0000 0.0000 5.7600 4.8000 
2022 10 26 22 5.4600 91.1100 0.0000 0.0000 143.0386 745.4601 0.5931 0.0000 4.8000 0.0000 0.0000 0.0000 0.0000 0.0000 5.4600 4.8000 
2022 10 26 23 5.2100 92.2500 0.0000 0.0000 143.0401 745.4603 0.5931 0.0000 4.8000 0.0000 0.0000 0.0000 0.0000 0.0000 5.2100 4.8000 
2022 10 27 0 4.9800 96.4600 0.0000 0.0000 143.0408 745.4604 0.5931 0.0000 4.8000 0.0000 0.0000 0.0000 0.0000 0.0000 4.9800 4.8000 
2022 10 27 1 4.7800 98.5000 0.0000 0.0000 143.0407 745.4604 0.5931 0.0000 4.8000 0.0000 0.0000 0.0000 0.0000 0.0000 4.7800 4.8000 
2022 10 27 2 4.5900 96.3600 0.0000 0.0000 143.0399 745.4603 0.5931 0.0000 4.8000 0.0000 0.0000 0.0000 0.0000 0.0000 4.5900 4.8000 
2022 10 27 3 4.4100 98.7000 0.0000 0.0000 143.0385 745.4601 0.5931 0.0000 4.8000 0.0000 0.0000 0.0000 0.0000 0.0000 4.4100 4.8000 
2022 10 27 4 4.2700 109.7800 0.0000 0.0000 143.0366 745.4599 0.5930 0.0000 4.8000 0.0000 0.0000 0.0000 0.0000 0.0000 4.2700 4.8000 
2022 10 27 5 4.1400 124.4500 0.0000 0.0000 143.0342 745.4595 0.5930 0.0000 4.8000 0.0000 0.0000 0.0000 0.0000 0.0000 4.1400 4.8000 
2022 10 27 6 3.9900 161.5500 0.0000 0.0000 143.0313 745.4591 0.5930 0.0000 4.8000 0.0000 0.0000 0.0000 0.0000 0.0000 3.9900 4.8000 
2022 10 27 7 3.8600 142.8300 0.0000 0.0000 143.0279 745.4586 0.5929 0.0000 4.8000 0.0000 0.0000 0.0000 0.0000 0.0000 3.8600 4.8000 
2022 10 27 8 3.7500 135.2100 0.0000 0.0000 143.0242 745.4581 0.5928 0.0000 4.8000 0.0000 0.0000 0.0000 0.0000 0.0000 3.7500 4.8000 
2022 10 27 9 3.6500 130.7300 0.0000 0.0000 143.0200 745.4575 0.5928 0.0000 4.8000 0.0000 0.0000 0.0000 0.0000 0.0000 3.6500 4.8000 
2022 10 27 10 3.5500 119.3600 0.0000 0.0000 143.0155 745.4568 0.5927 0.0000 4.8000 0.0000 0.0000 0.0000 0.0000 0.0000 3.5500 4.8000 
2022 10 27 11 3.4600 108.3600 0.0000 0.0000 143.0107 745.4562 0.5926 0.0000 4.8000 0.0000 0.0000 0.0000 0.0000 0.0000 3.4600 4.8000 
2022 10 27 12 3.3800 101.4400 0.0000 0.0000 143.0056 745.4554 0.5925 0.0000 4.8000 0.0000 0.0000 0.0000 0.0000 0.0000 3.3800 4.8000 
2022 10 27 13 3.3000 106.3200 0.0000 0.0000 143.0002 745.4547 0.5925 0.0000 4.8000 0.0000 0.0000 0.0000 0.0000 0.0000 3.3000 4.8000 
2022 10 27 14 3.2200 120.2800 0.0000 0.0000 142.9945 745.4538 0.5924 0.0000 4.8000 0.0000 0.0000 0.0000 0.0000 0.0000 3.2200 4.8000 
2022 10 27 15 3.1400 128.8300 0.0000 0.0000 142.9885 745.4530 0.5923 0.0000 4.8000 0.0000 0.0000 0.0000 0.0000 0.0000 3.1400 4.8000 
2022 10 27 16 3.0700 124.8800 0.0000 0.0000 142.9823 745.4521 0.5922 0.0000 4.8000 0.0000 0.0000 0.0000 0.0000 0.0000 3.0700 4.8000 
2022 10 27 17 3.0100 126.5800 0.0000 0.0000 142.9759 745.4512 0.5921 0.0000 4.8000 0.0000 0.0000 0.0000 0.0000 0.0000 3.0100 4.8000 
2022 10 27 18 2.9700 127.9400 0.0000 0.0000 142.9693 745.4503 0.5919 0.0000 4.8000 0.0000 0.0000 0.0000 0.0000 0.0000 2.9700 4.8000 
2022 10 27 19 2.9100 125.3200 0.0000 0.0000 142.9625 745.4493 0.5918 0.0000 4.8000 0.0000 0.0000 0.0000 0.0000 0.0000 2.9100 4.8000 
2022 10 27 20 2.8500 128.3400 0.0000 0.0000 142.9554 745.4483 0.5917 0.0000 4.8000 0.0000 0.0000 0.0000 0.0000 0.0000 2.8500 4.8000 
2022 10 27 21 2.8100 118.7100 0.0000 0.0000 142.9483 745.4473 0.5916 0.0000 4.8000 0.0000 0.0000 0.0000 0.0000 0.0000 2.8100 4.8000 
2022 10 27 22 2.7800 101.7200 0.0000 0.0000 142.9410 745.4462 0.5915 0.0000 4.8000 0.0000 0.0000 0.0000 0.0000 0.0000 2.7800 4.8000 
2022 10 27 23 2.7500 91.1400 0.0000 0.0000 142.9336 745.4452 0.5914 0.0000 4.8000 0.0000 0.0000 0.0000 0.0000 0.0000 2.7500 4.8000 
2022 10 28 0 2.7200 91.4600 0.0000 0.0000 142.9261 745.4441 0.5912 0.0000 4.8000 0.0000 0.0000 0.0000 0.0000 0.0000 2.7200 4.8000 
2022 10 28 1 2.7000 91.1400 0.0000 0.0000 142.9186 745.4430 0.5911 0.0000 4.8000 0.0000 0.0000 0.0000 0.0000 0.0000 2.7000 4.8000 
2022 10 28 2 2.6800 91.0000 0.0000 0.0000 142.9109 745.4419 0.5910 0.0000 4.8000 0.0000 0.0000 0.0000 0.0000 0.0000 2.6800 4.8000 
2022 10 28 3 2.6500 92.2100 0.0000 0.0000 142.9032 745.4408 0.5909 0.0000 4.8000 0.0000 0.0000 0.0000 0.0000 0.0000 2.6500 4.8000 
2022 10 28 4 2.6300 100.1900 0.0000 0.0000 142.8954 745.4397 0.5907 0.0000 4.8000 0.0000 0.0000 0.0000 0.0000 0.0000 2.6300 4.8000 
2022 10 28 5 2.6100 106.6800 0.0000 0.0000 142.8875 745.4386 0.5906 0.0000 4.8000 0.0000 0.0000 0.0000 0.0000 0.0000 2.6100 4.8000 
2022 10 28 6 2.6000 118.6700 0.0000 0.0000 142.8796 745.4375 0.5905 0.0000 4.8000 0.0000 0.0000 0.0000 0.0000 0.0000 2.6000 4.8000 
2022 10 28 7 2.6000 122.1100 0.0000 0.0000 142.8717 745.4363 0.5904 0.0000 4.8000 0.0000 0.0000 0.0000 0.0000 0.0000 2.6000 4.8000 
2022 10 28 8 2.6100 123.5800 0.0000 0.0000 142.8638 745.4352 0.5902 0.0000 4.8000 0.0000 0.0000 0.0000 0.0000 0.0000 2.6100 4.8000 
2022 10 28 9 2.6300 111.6000 0.0000 0.0000 142.8560 745.4341 0.5901 0.0000 4.8000 0.0000 0.0000 0.0000 0.0000 0.0000 2.6300 4.8000 
2022 10 28 10 2.6500 105.3800 0.0000 0.0000 142.8482 745.4330 0.5900 0.0000 4.8000 0.0000 0.0000 0.0000 0.0000 0.0000 2.6500 4.8000 
2022 10 28 11 2.6800 100.3100 0.0000 0.0000 142.8406 745.4319 0.5899 0.0000 4.8000 0.0000 0.0000 0.0000 0.0000 0.0000 2.6800 4.8000 
2022 10 28 12 2.7100 89.2200 0.0000 0.0000 142.8331 745.4308 0.5897 0.0000 4.8000 0.0000 0.0000 0.0000 0.0000 0.0000 2.7100 4.8000 
2022 10 28 13 2.7200 92.5200 0.0000 0.0000 142.8256 745.4298 0.5896 0.0000 4.8000 0.0000 0.0000 0.0000 0.0000 0.0000 2.7200 4.8000 
2022 10 28 14 2.7500 96.5200 0.0000 0.0000 142.8182 745.4287 0.5895 0.0000 4.8000 0.0000 0.0000 0.0000 0.0000 0.0000 2.7500 4.8000 
2022 10 28 15 2.7600 105.8900 0.0000 0.0000 142.8109 745.4277 0.5894 0.0000 4.8000 0.0000 0.0000 0.0000 0.0000 0.0000 2.7600 4.8000 
2022 10 28 16 2.7900 108.7200 0.0000 0.0000 142.8036 745.4266 0.5893 0.0000 4.8000 0.0000 0.0000 0.0000 0.0000 0.0000 2.7900 4.8000 
2022 10 28 17 2.8100 117.8800 0.0000 0.0000 142.7965 745.4256 0.5891 0.0000 4.8000 0.0000 0.0000 0.0000 0.0000 0.0000 2.8100 4.8000 
2022 10 28 18 2.8200 124.8000 0.0000 0.0000 142.7893 745.4246 0.5890 0.0000 4.8000 0.0000 0.0000 0.0000 0.0000 0.0000 2.8200 4.8000 
2022 10 28 19 2.8300 111.7800 0.0000 0.0000 142.7822 745.4236 0.5889 0.0000 4.8000 0.0000 0.0000 0.0000 0.0000 0.0000 2.8300 4.8000 
2022 10 28 20 2.8500 102.3700 0.0000 0.0000 142.7752 745.4226 0.5888 0.0000 4.8000 0.0000 0.0000 0.0000 0.0000 0.0000 2.8500 4.8000 
2022 10 28 21 2.8700 94.5000 0.0000 0.0000 142.7683 745.4216 0.5887 0.0000 4.8000 0.0000 0.0000 0.0000 0.0000 0.0000 2.8700 4.8000 
2022 10 28 22 2.8900 85.8800 0.0000 0.0000 142.7614 745.4206 0.5886 0.0000 4.8000 0.0000 0.0000 0.0000 0.0000 0.0000 2.8900 4.8000 
2022 10 28 23 2.9100 92.7900 0.0000 0.0000 142.7546 745.4197 0.5885 0.0000 4.8000 0.0000 0.0000 0.0000 0.0000 0.0000 2.9100 4.8000 
2022 10 29 0 2.9100 92.2500 0.0000 0.0000 142.7478 745.4187 0.5883 0.0000 4.8000 0.0000 0.0000 0.0000 0.0000 0.0000 2.9100 4.8000 
2022 10 29 1 2.9000 89.9100 0.0000 0.0000 142.7410 745.4177 0.5882 0.0000 4.8000 0.0000 0.0000 0.0000 0.0000 0.0000 2.9000 4.8000 
2022 10 29 2 2.8800 89.7900 0.0000 0.0000 142.7340 745.4167 0.5881 0.0000 4.8000 0.0000 0.0000 0.0000 0.0000 0.0000 2.8800 4.8000 
2022 10 29 3 2.8700 87.8600 0.0000 0.0000 142.7271 745.4157 0.5880 0.0000 4.8000 0.0000 0.0000 0.0000 0.0000 0.0000 2.8700 4.8000 
2022 10 29 4 2.8600 86.1900 0.0000 0.0000 142.7201 745.4147 0.5879 0.0000 4.8000 0.0000 0.0000 0.0000 0.0000 0.0000 2.8600 4.8000 
2022 10 29 5 2.8600 90.8800 0.0000 0.0000 142.7131 745.4137 0.5878 0.0000 4.8000 0.0000 0.0000 0.0000 0.0000 0.0000 2.8600 4.8000 
2022 10 29 6 2.8700 100.7500 0.0000 0.0000 142.7062 745.4128 0.5877 0.0000 4.8000 0.0000 0.0000 0.0000 0.0000 0.0000 2.8700 4.8000 
2022 10 29 7 2.9000 114.2300 0.0000 0.0000 142.6993 745.4118 0.5876 0.0000 4.8000 0.0000 0.0000 0.0000 0.0000 0.0000 2.9000 4.8000 
2022 10 29 8 2.9200 108.5600 0.0000 0.0000 142.6926 745.4108 0.5874 0.0000 4.8000 0.0000 0.0000 0.0000 0.0000 0.0000 2.9200 4.8000 
2022 10 29 9 2.9600 98.4600 0.0000 0.0000 142.6859 745.4099 0.5873 0.0000 4.8000 0.0000 0.0000 0.0000 0.0000 0.0000 2.9600 4.8000 
2022 10 29 10 3.0000 89.2800 0.0000 0.0000 142.6795 745.4089 0.5872 0.0000 4.8000 0.0000 0.0000 0.0000 0.0000 0.0000 3.0000 4.8000 
2022 10 29 11 3.0600 87.0800 0.0000 0.0000 142.6732 745.4081 0.5871 0.0000 4.8000 0.0000 0.0000 0.0000 0.0000 0.0000 3.0600 4.8000 
2022 10 29 12 3.1300 83.6000 0.0000 0.0000 142.6672 745.4072 0.5870 0.0000 4.8000 0.0000 0.0000 0.0000 0.0000 0.0000 3.1300 4.8000 
2022 10 29 13 3.2000 86.7300 0.0000 0.0000 142.6614 745.4064 0.5869 0.0000 4.8000 0.0000 0.0000 0.0000 0.0000 0.0000 3.2000 4.8000 
2022 10 29 14 3.2900 92.3200 0.0000 0.0000 142.6560 745.4056 0.5868 0.0000 4.8000 0.0000 0.0000 0.0000 0.0000 0.0000 3.2900 4.8000 
2022 10 29 15 3.3800 109.4300 0.0000 0.0000 142.6509 745.4049 0.5868 0.0000 4.8000 0.0000 0.0000 0.0000 0.0000 0.0000 3.3800 4.8000 
2022 10 29 16 3.4700 120.6600 0.0000 0.0000 142.6461 745.4042 0.5867 0.0000 4.8000 0.0000 0.0000 0.0000 0.0000 0.0000 3.4700 4.8000 
2022 10 29 17 3.5500 139.1200 0.0000 0.0000 142.6416 745.4036 0.5866 0.0000 4.8000 0.0000 0.0000 0.0000 0.0000 0.0000 3.5500 4.8000 
2022 10 29 18 3.6000 137.4600 0.0000 0.0000 142.6373 745.4029 0.5865 0.0000 4.8000 0.0000 0.0000 0.0000 0.0000 0.0000 3.6000 4.8000 
2022 10 29 19 3.6400 120.6200 0.0000 0.0000 142.6331 745.4023 0.5865 0.0000 4.8000 0.0000 0.0000 0.0000 0.0000 0.0000 3.6400 4.8000 
2022 10 29 20 3.6700 109.8000 0.0000 0.0000 142.6290 745.4018 0.5864 0.0000 4.8000 0.0000 0.0000 0.0000 0.0000 0.0000 3.6700 4.8000 
2022 10 29 21 3.6800 103.6700 0.0000 0.0000 142.6250 745.4012 0.5863 0.0000 4.8000 0.0000 0.0000 0.0000 0.0000 0.0000 3.6800 4.8000 
2022 10 29 22 3.6600 97.1400 0.0000 0.0000 142.6209 745.4006 0.5863 0.0000 4.8000 0.0000 0.0000 0.0000 0.0000 0.0000 3.6600 4.8000 
2022 10 29 23 3.6400 103.0900 0.0000 0.0000 142.6167 745.4000 0.5862 0.0000 4.8000 0.0000 0.0000 0.0000 0.0000 0.0000 3.6400 4.8000 
2022 10 30 0 3.6100 100.9400 0.0000 0.0000 142.6124 745.3994 0.5861 0.0000 4.8000 0.0000 0.0000 0.0000 0.0000 0.0000 3.6100 4.8000 
2022 10 30 1 3.5600 100.6700 0.0000 0.0000 142.6080 745.3988 0.5861 0.0000 4.8000 0.0000 0.0000 0.0000 0.0000 0.0000 3.5600 4.8000 
2022 10 30 2 3.5100 100.3400 0.0000 0.0000 142.6033 745.3981 0.5860 0.0000 4.8000 0.0000 0.0000 0.0000 0.0000 0.0000 3.5100 4.8000 
2022 10 30 3 3.4500 98.4200 0.0000 0.0000 142.5985 745.3974 0.5859 0.0000 4.8000 0.0000 0.0000 0.0000 0.0000 0.0000 3.4500 4.8000 
2022 10 30 4 3.3900 98.5700 0.0000 0.0000 142.5934 745.3967 0.5858 0.0000 4.8000 0.0000 0.0000 0.0000 0.0000 0.0000 3.3900 4.8000 
2022 10 30 5 3.3200 99.0900 0.0000 0.0000 142.5881 745.3959 0.5857 0.0000 4.8000 0.0000 0.0000 0.0000 0.0000 0.0000 3.3200 4.8000 
2022 10 30 6 3.2700 100.8900 0.0000 0.0000 142.5826 745.3951 0.5857 0.0000 4.8000 0.0000 0.0000 0.0000 0.0000 0.0000 3.2700 4.8000 
2022 10 30 7 3.2100 109.9400 0.0000 0.0000 142.5768 745.3943 0.5856 0.0000 4.8000 0.0000 0.0000 0.0000 0.0000 0.0000 3.2100 4.8000 
2022 10 30 8 3.1400 113.2300 0.0000 0.0000 142.5709 745.3935 0.5855 0.0000 4.8000 0.0000 0.0000 0.0000 0.0000 0.0000 3.1400 4.8000 
2022 10 30 9 3.0600 105.2600 0.0000 0.0000 142.5646 745.3926 0.5854 0.0000 4.8000 0.0000 0.0000 0.0000 0.0000 0.0000 3.0600 4.8000 
2022 10 30 10 2.9800 103.0000 0.0000 0.0000 142.5580 745.3916 0.5853 0.0000 4.8000 0.0000 0.0000 0.0000 0.0000 0.0000 2.9800 4.8000 
2022 10 30 11 2.9100 103.1400 0.0000 0.0000 142.5512 745.3907 0.5851 0.0000 4.8000 0.0000 0.0000 0.0000 0.0000 0.0000 2.9100 4.8000 
2022 10 30 12 2.8400 103.1000 0.0000 0.0000 142.5442 745.3897 0.5850 0.0000 4.8000 0.0000 0.0000 0.0000 0.0000 0.0000 2.8400 4.8000 
2022 10 30 13 2.7700 105.8200 0.0000 0.0000 142.5369 745.3886 0.5849 0.0000 4.8000 0.0000 0.0000 0.0000 0.0000 0.0000 2.7700 4.8000 
2022 10 30 14 2.7000 110.1200 0.0000 0.0000 142.5293 745.3875 0.5848 0.0000 4.8000 0.0000 0.0000 0.0000 0.0000 0.0000 2.7000 4.8000 
2022 10 30 15 2.6500 125.4000 0.0000 0.0000 142.5216 745.3864 0.5847 0.0000 4.8000 0.0000 0.0000 0.0000 0.0000 0.0000 2.6500 4.8000 
2022 10 30 16 2.5900 139.7600 0.0000 0.0000 142.5136 745.3853 0.5845 0.0000 4.8000 0.0000 0.0000 0.0000 0.0000 0.0000 2.5900 4.8000 
2022 10 30 17 2.5400 155.8500 0.0000 0.0000 142.5055 745.3842 0.5844 0.0000 4.8000 0.0000 0.0000 0.0000 0.0000 0.0000 2.5400 4.8000 
2022 10 30 18 2.4900 170.0500 0.0000 0.0000 142.4972 745.3830 0.5843 0.0000 4.8000 0.0000 0.0000 0.0000 0.0000 0.0000 2.4900 4.8000 
2022 10 30 19 2.4400 164.6800 0.0000 0.0000 142.4887 745.3818 0.5841 0.0000 4.8000 0.0000 0.0000 0.0000 0.0000 0.0000 2.4400 4.8000 
2022 10 30 20 2.3900 147.2300 0.0000 0.0000 142.4800 745.3805 0.5840 0.0000 4.8000 0.0000 0.0000 0.0000 0.0000 0.0000 2.3900 4.8000 
2022 10 30 21 2.3500 138.8300 0.0000 0.0000 142.4712 745.3793 0.5838 0.0000 4.8000 0.0000 0.0000 0.0000 0.0000 0.0000 2.3500 4.8000 
2022 10 30 22 2.3000 126.8800 0.0000 0.0000 142.4622 745.3780 0.5837 0.0000 4.8000 0.0000 0.0000 0.0000 0.0000 0.0000 2.3000 4.8000 
2022 10 30 23 2.2600 109.1600 0.0000 0.0000 142.4530 745.3767 0.5835 0.0000 4.8000 0.0000 0.0000 0.0000 0.0000 0.0000 2.2600 4.8000 
2022 10 31 0 2.2200 129.2600 0.0000 0.0000 142.4437 745.3754 0.5834 0.0000 4.8000 0.0000 0.0000 0.0000 0.0000 0.0000 2.2200 4.8000 
2022 10 31 1 2.1800 118.9800 0.0000 0.0000 142.4343 745.3740 0.5832 0.0000 4.8000 0.0000 0.0000 0.0000 0.0000 0.0000 2.1800 4.8000 
2022 10 31 2 2.1400 116.2100 0.0000 0.0000 142.4247 745.3726 0.5831 0.0000 4.8000 0.0000 0.0000 0.0000 0.0000 0.0000 2.1400 4.8000 
2022 10 31 3 2.1100 114.5000 0.0000 0.0000 142.4150 745.3713 0.5829 0.0000 4.8000 0.0000 0.0000 0.0000 0.0000 0.0000 2.1100 4.8000 
2022 10 31 4 2.0700 114.9600 0.0000 0.0000 142.4052 745.3699 0.5828 0.0000 4.8000 0.0000 0.0000 0.0000 0.0000 0.0000 2.0700 4.8000 
2022 10 31 5 2.0400 123.5900 0.0000 0.0000 142.3953 745.3684 0.5826 0.0000 4.8000 0.0000 0.0000 0.0000 0.0000 0.0000 2.0400 4.8000 
2022 10 31 6 2.0100 144.6800 0.0000 0.0000 142.3852 745.3670 0.5824 0.0000 4.8000 0.0000 0.0000 0.0000 0.0000 0.0000 2.0100 4.8000 
2022 10 31 7 1.9800 166.2400 0.0000 0.0000 142.3751 745.3656 0.5823 0.0000 4.8000 0.0000 0.0000 0.0000 0.0000 0.0000 1.9800 4.8000 
2022 10 31 8 1.9600 167.5400 0.0000 0.0000 142.3649 745.3641 0.5821 0.0000 4.8000 0.0000 0.0000 0.0000 0.0000 0.0000 1.9600 4.8000 
2022 10 31 9 1.9300 153.4700 0.0000 0.0000 142.3545 745.3626 0.5819 0.0000 4.8000 0.0000 0.0000 0.0000 0.0000 0.0000 1.9300 4.8000 
2022 10 31 10 1.9000 143.5100 0.0000 0.0000 142.3441 745.3612 0.5818 0.0000 4.8000 0.0000 0.0000 0.0000 0.0000 0.0000 1.9000 4.8000 
2022 10 31 11 1.8800 142.1100 0.0000 0.0000 142.3336 745.3597 0.5816 0.0000 4.8000 0.0000 0.0000 0.0000 0.0000 0.0000 1.8800 4.8000 
2022 10 31 12 1.8600 142.1200 0.0000 0.0000 142.3230 745.3581 0.5814 0.0000 4.8000 0.0000 0.0000 0.0000 0.0000 0.0000 1.8600 4.8000 
2022 10 31 13 1.8400 146.1300 0.0000 0.0000 142.3123 745.3566 0.5813 0.0000 4.8000 0.0000 0.0000 0.0000 0.0000 0.0000 1.8400 4.8000 
2022 10 31 14 1.8200 155.1800 0.0000 0.0000 142.3016 745.3551 0.5811 0.0000 4.8000 0.0000 0.0000 0.0000 0.0000 0.0000 1.8200 4.8000 
2022 10 31 15 1.8100 168.6800 0.0000 0.0000 142.2908 745.3536 0.5809 0.0000 4.8000 0.0000 0.0000 0.0000 0.0000 0.0000 1.8100 4.8000 
2022 10 31 16 1.8000 172.2000 0.0000 0.0000 142.2800 745.3520 0.5807 0.0000 4.8000 0.0000 0.0000 0.0000 0.0000 0.0000 1.8000 4.8000 
2022 10 31 17 1.8000 181.3900 0.0000 0.0000 142.2692 745.3505 0.5806 0.0000 4.8000 0.0000 0.0000 0.0000 0.0000 0.0000 1.8000 4.8000 
2022 10 31 18 1.7900 182.1300 0.0000 0.0000 142.2584 745.3489 0.5804 0.0000 4.8000 0.0000 0.0000 0.0000 0.0000 0.0000 1.7900 4.8000 
2022 10 31 19 1.7900 168.0100 0.0000 0.0000 142.2476 745.3474 0.5802 0.0000 4.8000 0.0000 0.0000 0.0000 0.0000 0.0000 1.7900 4.8000 
2022 10 31 20 1.7800 147.1500 0.0000 0.0000 142.2367 745.3458 0.5800 0.0000 4.8000 0.0000 0.0000 0.0000 0.0000 0.0000 1.7800 4.8000 
2022 10 31 21 1.7900 136.9300 0.0000 0.0000 142.2259 745.3443 0.5798 0.0000 4.8000 0.0000 0.0000 0.0000 0.0000 0.0000 1.7900 4.8000 
2022 10 31 22 1.7900 120.4000 0.0000 0.0000 142.2150 745.3428 0.5797 0.0000 4.8000 0.0000 0.0000 0.0000 0.0000 0.0000 1.7900 4.8000 
2022 10 31 23 1.7900 103.8600 0.0000 0.0000 142.2042 745.3412 0.5795 0.0000 4.8000 0.0000 0.0000 0.0000 0.0000 0.0000 1.7900 4.8000 
2022 11 1 0 1.9621 72.4900 0.0000 0.0000 141.9590 745.3063 0.5755 0.0000 4.8000 0.0000 0.0000 0.0000 0.0000 0.0000 1.9621 4.8000 
2022 11 2 0 3.2254 71.1700 0.0000 0.0000 141.8230 745.2869 0.5733 0.0000 4.8000 0.0000 0.0000 0.0000 0.0000 0.0000 3.2254 4.8000 
2022 11 3 0 6.3800 86.5000 0.0000 0.0000 141.9595 745.3063 0.5755 0.0000 4.8000 0.0000 0.0000 0.0000 0.0000 0.0000 6.3800 4.8000 
2022 11 4 0 6.3879 72.6700 0.0000 0.0000 142.0967 745.3259 0.5777 0.0000 4.8000 0.0000 0.0000 0.0000 0.0000 0.0000 6.3879 4.8000 
2022 11 5 0 5.5133 47.6500 0.0000 0.0000 142.1583 745.3347 0.5787 0.0000 4.8000 0.0000 0.0000 0.0000 0.0000 0.0000 5.5133 4.8000 
2022 11 6 0 4.1008 35.7500 0.0000 0.0000 142.0979 745.3261 0.5778 0.0000 4.8000 0.0000 0.0000 0.0000 0.0000 0.0000 4.1008 4.8000 
2022 11 7 0 5.3375 43.8300 0.0000 0.0000 142.1443 745.3327 0.5785 0.0000 4.8000 0.0000 0.0000 0.0000 0.0000 0.0000 5.3375 4.8000 
2022 11 8 0 4.5938 51.0900 0.0000 0.0000 142.1265 745.3301 0.5782 0.0000 4.8000 0.0000 0.0000 0.0000 0.0000 0.0000 4.5938 4.8000 
2022 11 9 0 5.4158 42.5700 0.0000 0.0000 142.1797 745.3377 0.5791 0.0000 4.8000 0.0000 0.0000 0.0000 0.0000 0.0000 5.4158 4.8000 
2022 11 10 0 4.1704 27.4000 0.0000 0.0000 142.1253 745.3300 0.5782 0.0000 4.8000 0.0000 0.0000 0.0000 0.0000 0.0000 4.1704 4.8000 
2022 11 11 0 3.3613 2.0000 0.0000 0.0000 142.0010 745.3123 0.5762 0.0000 4.8000 0.0000 0.0000 0.0000 0.0000 0.0000 3.3613 4.8000 
2022 11 12 0 2.7333 2.3700 0.0000 0.0000 141.8224 745.2868 0.5733 0.0000 4.8000 0.0000 0.0000 0.0000 0.0000 0.0000 2.7333 4.8000 
2022 11 13 0 2.3004 29.9300 0.0000 0.0000 141.6065 745.2560 0.5698 0.0000 4.8000 0.0000 0.0000 0.0000 0.0000 0.0000 2.3004 4.8000 
2022 11 14 0 2.1288 53.6800 0.0000 0.0000 141.3757 745.2231 0.5660 0.0000 4.8000 0.0000 0.0000 0.0000 0.0000 0.0000 2.1288 4.8000 
2022 11 15 0 2.6479 53.7500 0.0000 0.0000 141.1897 745.1966 0.5630 0.0000 4.8000 0.0000 0.0000 0.0000 0.0000 0.0000 2.6479 4.8000 
2022 11 16 0 3.7425 27.6900 0.0000 0.0000 141.0984 745.1836 0.5615 0.0000 4.8000 0.0000 0.0000 0.0000 0.0000 0.0000 3.7425 4.8000 
2022 11 17 0 6.5379 48.9100 0.0000 0.0000 141.2485 745.2050 0.5639 0.0000 4.8000 0.0000 0.0000 0.0000 0.0000 0.0000 6.5379 4.8000 
2022 11 18 0 3.3729 113.7000 0.0000 0.0000 141.1252 745.1874 0.5619 0.0000 4.8000 0.0000 0.0000 0.0000 0.0000 0.0000 3.3729 4.8000 
2022 11 19 0 2.1079 167.1000 0.0000 0.0000 140.8926 745.1543 0.5581 0.0000 4.8000 0.0000 0.0000 0.0000 0.0000 0.0000 2.1079 4.8000 
2022 11 20 0 2.1733 162.8400 0.0000 0.0000 140.6657 745.1220 0.5545 0.0000 4.8000 0.0000 0.0000 0.0000 0.0000 0.0000 2.1733 4.8000 
2022 11 21 0 1.5512 209.5500 0.0000 0.0000 140.3850 745.0819 0.5499 0.0000 4.8000 0.0000 0.0000 0.0000 0.0000 0.0000 1.5512 4.8000 
2022 11 22 0 1.3100 174.4300 0.0000 0.0000 140.0835 745.0390 0.5450 0.0000 4.8000 0.0000 0.0000 0.0000 0.0000 0.0000 1.3100 4.8000 
2022 11 23 0 1.5571 149.8400 0.0000 0.0000 139.8033 744.9990 0.5404 0.0000 4.8000 0.0000 0.0000 0.0000 0.0000 0.0000 1.5571 4.8000 
2022 11 24 0 1.7129 172.1800 0.0000 0.0000 139.5365 744.9596 0.5361 0.0000 4.8000 0.0000 0.0000 0.0000 0.0000 0.0000 1.7129 4.8000 
2022 11 25 0 2.6575 200.3300 0.0000 0.0000 139.3514 744.9322 0.5331 0.0000 4.8000 0.0000 0.0000 0.0000 0.0000 0.0000 2.6575 4.8000 
2022 11 26 0 3.7642 196.0200 0.0000 0.0000 139.2619 744.9190 0.5316 0.0000 4.8000 0.0000 0.0000 0.0000 0.0000 0.0000 3.7642 4.8000 
2022 11 27 0 4.1054 146.0400 0.0000 0.0000 139.2019 744.9101 0.5306 0.0000 4.8000 0.0000 0.0000 0.0000 0.0000 0.0000 4.1054 4.8000 
2022 11 28 0 5.3750 195.3000 0.0000 0.0000 139.2516 744.9175 0.5314 0.0000 4.8000 0.0000 0.0000 0.0000 0.0000 0.0000 5.3750 4.8000 
2022 11 29 0 3.6438 362.5600 0.0000 0.0000 139.1517 744.9027 0.5298 0.0000 4.8000 0.0000 0.0000 0.0000 0.0000 0.0000 3.6438 4.8000 
2022 11 30 0 2.4571 364.6000 0.0000 0.0000 138.9493 744.8728 0.5265 0.0000 4.8000 0.0000 0.0000 0.0000 0.0000 0.0000 2.4571 4.8000 
2022 12 1 0 1.8679 349.6500 0.0000 0.0000 138.6959 744.8353 0.5224 0.0000 4.8000 0.0000 0.0000 0.0000 0.0000 0.0000 1.8679 4.8000 
2022 12 2 0 1.5621 324.9900 0.0000 0.0000 138.4162 744.7940 0.5178 0.0000 4.8000 0.0000 0.0000 0.0000 0.0000 0.0000 1.5621 4.8000 
2022 12 3 0 1.3217 268.8200 0.0000 0.0000 138.1157 744.7495 0.5130 0.0000 4.8000 0.0000 0.0000 0.0000 0.0000 0.0000 1.3217 4.8000 
2022 12 4 0 1.1979 271.5000 0.0000 0.0000 137.8044 744.7035 0.5079 0.0000 4.8000 0.0000 0.0000 0.0000 0.0000 0.0000 1.1979 4.8000 
2022 12 5 0 1.1058 290.7800 0.0000 0.0000 137.4853 744.6564 0.5027 0.0000 4.8000 0.0000 0.0000 0.0000 0.0000 0.0000 1.1058 4.8000 
2022 12 6 0 1.0967 346.8000 0.0000 0.0000 137.1653 744.6091 0.4975 0.0000 4.8000 0.0000 0.0000 0.0000 0.0000 0.0000 1.0967 4.8000 
2022 12 7 0 1.0721 334.1100 0.0000 0.0000 136.8432 744.5615 0.4922 0.0000 4.8000 0.0000 0.0000 0.0000 0.0000 0.0000 1.0721 4.8000 
2022 12 8 0 1.1329 399.0300 0.0000 0.0000 136.5264 744.5146 0.4871 0.0000 4.8000 0.0000 0.0000 0.0000 0.0000 0.0000 1.1329 4.8000 
2022 12 9 0 1.2246 418.6900 0.0000 0.0000 136.2175 744.4690 0.4821 0.0000 4.8000 0.0000 0.0000 0.0000 0.0000 0.0000 1.2246 4.8000 
2022 12 10 0 1.2233 362.9800 0.0000 0.0000 135.9084 744.4233 0.4770 0.0000 4.8000 0.0000 0.0000 0.0000 0.0000 0.0000 1.2233 4.8000 
2022 12 11 0 1.3033 338.6100 0.0000 0.0000 135.6063 744.3786 0.4721 0.0000 4.8000 0.0000 0.0000 0.0000 0.0000 0.0000 1.3033 4.8000 
2022 12 12 0 1.3117 446.1100 0.0000 0.0000 135.3049 744.3341 0.4672 0.0000 4.8000 0.0000 0.0000 0.0000 0.0000 0.0000 1.3117 4.8000 
2022 12 13 0 1.2500 458.6300 0.0000 0.0000 134.9982 744.2887 0.4622 0.0000 4.8000 0.0000 0.0000 0.0000 0.0000 0.0000 1.2500 4.8000 
2022 12 14 0 1.1846 451.4100 0.0000 0.0000 134.6858 744.2425 0.4571 0.0000 4.8000 0.0000 0.0000 0.0000 0.0000 0.0000 1.1846 4.8000 
2022 12 15 0 1.0929 396.6100 0.0000 0.0000 134.3655 744.1952 0.4519 0.0000 4.8000 0.0000 0.0000 0.0000 0.0000 0.0000 1.0929 4.8000 
2022 12 16 0 1.0121 413.8400 0.0000 0.0000 134.0383 744.1468 0.4466 0.0000 4.8000 0.0000 0.0000 0.0000 0.0000 0.0000 1.0121 4.8000 
2022 12 17 0 0.9746 254.6500 0.0000 0.0000 133.7078 744.0980 0.4412 0.0000 4.8000 0.0000 0.0000 0.0000 0.0000 0.0000 0.9746 4.8000 
2022 12 18 0 0.9921 206.4000 0.0000 0.0000 133.3788 744.0493 0.4359 0.0000 4.8000 0.0000 0.0000 0.0000 0.0000 0.0000 0.9921 4.8000 
2022 12 19 0 1.0450 211.4800 0.0000 0.0000 133.0543 744.0014 0.4306 0.0000 4.8000 0.0000 0.0000 0.0000 0.0000 0.0000 1.0450 4.8000 
2022 12 20 0 1.2358 205.2500 0.0000 0.0000 132.7464 743.9559 0.4256 0.0000 4.8000 0.0000 0.0000 0.0000 0.0000 0.0000 1.2358 4.8000 
2022 12 21 0 1.9242 223.3000 0.0000 0.0000 132.4979 743.9191 0.4215 0.0000 4.8000 0.0000 0.0000 0.0000 0.0000 0.0000 1.9242 4.8000 
2022 12 22 0 1.9638 201.9700 0.0000 0.0000 132.2529 743.8829 0.4175 0.0000 4.8000 0.0000 0.0000 0.0000 0.0000 0.0000 1.9638 4.8000 
2022 12 23 0 1.4892 193.2900 0.0000 0.0000 131.9668 743.8406 0.4129 0.0000 4.8000 0.0000 0.0000 0.0000 0.0000 0.0000 1.4892 4.8000 
2022 12 24 0 1.0917 142.3700 0.0000 0.0000 131.6464 743.7933 0.4077 0.0000 4.8000 0.0000 0.0000 0.0000 0.0000 0.0000 1.0917 4.8000 
2022 12 25 0 0.9225 129.4400 0.0000 0.0000 131.3114 743.7437 0.4022 0.0000 4.8000 0.0000 0.0000 0.0000 0.0000 0.0000 0.9225 4.8000 
2022 12 26 0 1.7188 111.7200 0.0000 0.0000 131.0452 743.7044 0.3979 0.0000 4.8000 0.0000 0.0000 0.0000 0.0000 0.0000 1.7188 4.8000 
2022 12 27 0 1.4692 141.3500 0.0000 0.0000 130.7574 743.6618 0.3932 0.0000 4.8000 0.0000 0.0000 0.0000 0.0000 0.0000 1.4692 4.8000 
2022 12 28 0 1.0908 122.1300 0.0000 0.0000 130.4369 743.6145 0.3880 0.0000 4.8000 0.0000 0.0000 0.0000 0.0000 0.0000 1.0908 4.8000 
2022 12 29 0 1.0600 96.2800 0.0000 0.0000 130.1138 743.5667 0.3827 0.0000 4.8000 0.0000 0.0000 0.0000 0.0000 0.0000 1.0600 4.8000 
2022 12 30 0 0.9783 100.4100 0.0000 0.0000 129.7836 743.5179 0.3773 0.0000 4.8000 0.0000 0.0000 0.0000 0.0000 0.0000 0.9783 4.8000 
2022 12 31 0 1.3271 116.2200 0.0000 0.0000 129.4835 743.4735 0.3725 0.0000 4.8000 0.0000 0.0000 0.0000 0.0000 0.0000 1.3271 4.8000 
2023 1 1 0 0.9057 129.1100 0.0000 0.0000 127.1283 743.1254 0.3341 0.0000 4.8000 0.0000 0.0000 0.0000 0.0000 0.0000 0.9057 4.8000 
2023 1 8 0 1.8606 100.5200 0.0000 0.0000 125.3505 742.8591 0.3052 0.0000 4.8000 0.0000 0.0000 0.0000 0.0000 0.0000 1.8606 4.8000 
2023 1 15 0 0.9271 134.9100 0.0000 0.0000 123.0082 742.5039 0.2671 0.0000 4.8000 0.0000 0.0000 0.0000 0.0000 0.0000 0.9271 4.8000 
2023 1 22 0 0.8157 153.5500 0.0000 0.0000 120.5985 742.1385 0.2278 0.0000 4.8000 0.0000 0.0000 0.0000 0.0000 0.0000 0.8157 4.8000 
2023 1 29 0 0.7575 114.0700 0.0000 0.0000 120.9271 742.1883 0.2332 0.0000 0.2142 0.0000 0.0000 0.0000 0.0000 0.0000 0.7575 0.2142 
2023 2 5 0 0.5585 118.2100 0.0000 0.0000 121.2648 742.2396 0.2387 0.0000 0.0000 0.0000 0.0000 0.0000 0.0000 0.0000 0.5585 0.0000 
2023 2 12 0 0.6312 114.5300 0.0000 0.0000 121.6466 742.2974 0.2449 0.0000 0.0000 0.0000 0.0000 0.0000 0.0000 0.0000 0.6312 0.0000 
2023 2 19 0 0.7652 103.9800 0.0000 0.0000 122.1094 742.3676 0.2524 0.0000 0.0000 0.0000 0.0000 0.0000 0.0000 0.0000 0.7652 0.0000 
2023 2 26 0 1.0073 119.9500 0.0000 0.0000 122.7186 742.4600 0.2623 0.0000 0.0000 0.0000 0.0000 0.0000 0.0000 0.0000 1.0073 0.0000 
2023 3 5 0 0.5127 132.3400 0.0000 0.0000 123.0287 742.5070 0.2674 0.0000 0.0000 0.0000 0.0000 0.0000 0.0000 0.0000 0.5127 0.0000 
2023 3 12 0 0.3826 107.4200 0.0000 0.0000 123.2601 742.5421 0.2712 0.0000 0.0000 0.0000 0.0000 0.0000 0.0000 0.0000 0.3826 0.0000 
2023 3 19 0 0.5884 96.2600 0.0000 0.0000 123.6159 742.5960 0.2770 0.0000 0.0000 0.0000 0.0000 0.0000 0.0000 0.0000 0.5884 0.0000 
2023 3 26 0 1.3589 108.2600 0.0000 0.0000 124.4378 742.7207 0.2903 0.0000 0.0000 0.0000 0.0000 0.0000 0.0000 0.0000 1.3589 0.0000 
2023 4 2 0 1.5697 122.8700 0.0000 0.0000 125.3872 742.8646 0.3058 0.0000 0.0000 0.0000 0.0000 0.0000 0.0000 0.0000 1.5697 0.0000 
2023 4 9 0 1.8458 99.8300 0.0000 0.0000 124.8099 742.7771 0.2964 0.0000 2.8002 0.0000 0.0000 0.0000 0.0000 0.0000 1.8458 2.8002 
2023 4 16 0 3.0554 111.6700 0.0000 0.0000 123.7548 742.6171 0.2792 0.0000 4.8000 0.0000 0.0000 0.0000 0.0000 0.0000 3.0554 4.8000 
2023 4 23 0 4.0204 113.0000 0.0000 0.0000 123.2833 742.5456 0.2715 0.0000 4.8000 0.0000 0.0000 0.0000 0.0000 0.0000 4.0204 4.8000 
2023 4 30 0 2.5414 107.2500 0.0000 0.0000 121.9173 742.3385 0.2493 0.0000 4.8000 0.0000 0.0000 0.0000 0.0000 0.0000 2.5414 4.8000 
2023 5 7 0 5.2835 92.5400 0.0000 0.0000 123.3328 742.5531 0.2723 0.0000 2.9430 0.0000 0.0000 0.0000 0.0000 0.0000 5.2835 2.9430 
2023 5 14 0 8.3078 74.1000 0.0000 0.0000 128.3574 743.3071 0.3541 0.0000 0.0000 0.0000 0.0000 0.0000 0.0000 0.0000 8.3078 0.0000 
2023 5 21 0 6.5032 64.0600 0.0000 0.0000 132.2905 743.8885 0.4181 0.0000 0.0000 0.0000 0.0000 0.0000 0.0000 0.0000 6.5032 0.0000 
2023 5 28 0 2.8825 63.7800 0.0000 0.0000 134.0339 744.1462 0.4465 0.0000 0.0000 0.0000 0.0000 0.0000 0.0000 0.0000 2.8825 0.0000 
2023 6 4 0 1.0086 82.2700 0.0000 0.0000 134.6439 744.2363 0.4564 0.0000 0.0000 0.0000 0.0000 0.0000 0.0000 0.0000 1.0086 0.0000 
2023 6 11 0 0.3670 98.3300 0.0000 0.0000 134.8658 744.2692 0.4601 0.0000 0.0000 0.0000 0.0000 0.0000 0.0000 0.0000 0.3670 0.0000 
2023 6 18 0 0.4708 116.6200 0.0000 0.0000 135.1506 744.3112 0.4647 0.0000 0.0000 0.0000 0.0000 0.0000 0.0000 0.0000 0.4708 0.0000 
2023 6 25 0 0.3199 95.2200 0.0000 0.0000 135.3440 744.3398 0.4678 0.0000 0.0000 0.0000 0.0000 0.0000 0.0000 0.0000 0.3199 0.0000 
2023 7 2 0 0.4446 73.6100 0.0000 0.0000 135.6129 744.3796 0.4722 0.0000 0.0000 0.0000 0.0000 0.0000 0.0000 0.0000 0.4446 0.0000 
2023 7 9 0 0.8027 80.1600 0.0000 0.0000 136.0984 744.4514 0.4801 0.0000 0.0000 0.0000 0.0000 0.0000 0.0000 0.0000 0.8027 0.0000 
2023 7 16 0 1.5740 59.1900 0.0000 0.0000 135.3916 744.3469 0.4686 0.0000 2.7426 0.0000 0.0000 0.0000 0.0000 0.0000 1.5740 2.7426 
2023 7 23 0 0.6660 68.8000 0.0000 0.0000 132.8914 743.9773 0.4279 0.0000 4.8000 0.0000 0.0000 0.0000 0.0000 0.0000 0.6660 4.8000 
2023 7 30 0 0.5654 61.4400 0.0000 0.0000 130.3303 743.5987 0.3862 0.0000 4.8000 0.0000 0.0000 0.0000 0.0000 0.0000 0.5654 4.8000 
2023 8 6 0 0.6634 40.3600 0.0000 0.0000 127.8285 743.2289 0.3455 0.0000 4.8000 0.0000 0.0000 0.0000 0.0000 0.0000 0.6634 4.8000 
2023 8 13 0 0.9380 78.8100 0.0000 0.0000 125.4928 742.8806 0.3075 0.0000 4.8000 0.0000 0.0000 0.0000 0.0000 0.0000 0.9380 4.8000 
2023 8 20 0 1.0707 90.9300 0.0000 0.0000 123.2373 742.5386 0.2708 0.0000 4.8000 0.0000 0.0000 0.0000 0.0000 0.0000 1.0707 4.8000 
2023 8 27 0 1.0129 94.6300 0.0000 0.0000 120.9468 742.1913 0.2335 0.0000 4.8000 0.0000 0.0000 0.0000 0.0000 0.0000 1.0129 4.8000 
